amount,amount_to_average_ratio,new_recipient,recipient_transaction_count,transaction_velocity,hour_of_day,day_of_week,historical_average,historical_std,recent_suspicious_call,recent_suspicious_message,device_changed,location_anomaly,voice_risk,message_risk,scenario_type,is_fraud
858.04,0.57,1,0,0.0978,14,1,1500.0,600.0,0,0,0,0,3,2,NORMAL,0
1394.59,0.93,0,34,0.1664,13,5,1500.0,600.0,0,0,0,0,13,7,NORMAL,0
1379.64,0.92,0,12,0.1866,17,2,1500.0,600.0,0,0,0,0,4,6,NORMAL,0
5744.62,3.83,1,0,0.3376,4,6,1500.0,600.0,1,1,1,0,64,64,SUSPICIOUS,1
13231.55,1.1,0,25,0.1612,9,0,12000.0,4800.0,0,0,0,0,7,9,NORMAL,0
15000.0,10.0,1,0,0.7627,11,1,1500.0,600.0,1,1,1,1,91,81,EXTREME,1
6947.94,4.63,1,0,0.4917,2,3,1500.0,600.0,1,0,0,0,75,7,SUSPICIOUS,1
1101.22,0.73,0,4,0.2091,19,2,1500.0,600.0,0,0,0,0,2,6,NORMAL,0
3667.84,0.73,0,33,0.1231,21,1,5000.0,2000.0,0,0,0,0,8,4,NORMAL,0
2093.85,0.42,0,29,0.2285,19,2,5000.0,2000.0,0,0,0,0,7,4,NORMAL,0
1064.14,0.71,0,11,0.1718,20,4,1500.0,600.0,0,0,0,0,2,12,NORMAL,0
7475.93,0.62,0,37,0.2208,7,5,12000.0,4800.0,0,0,0,0,3,8,NORMAL,0
2484.62,0.5,0,31,0.0407,15,4,5000.0,2000.0,0,0,0,0,5,3,NORMAL,0
55576.75,4.63,1,0,0.505,0,4,12000.0,4800.0,0,1,0,0,36,63,SUSPICIOUS,1
7449.36,1.49,0,17,0.2244,9,0,5000.0,2000.0,0,0,0,0,15,2,NORMAL,0
2845.67,0.95,0,32,0.2388,12,2,3000.0,1200.0,0,0,0,0,13,6,NORMAL,0
2099.81,0.7,0,27,0.249,18,3,3000.0,1200.0,0,0,0,0,14,3,NORMAL,0
1630.29,1.09,0,16,0.1636,7,0,1500.0,600.0,0,0,0,0,1,7,NORMAL,0
2973.06,0.59,1,0,0.09,22,1,5000.0,2000.0,0,0,0,0,4,15,NORMAL,0
6476.49,0.81,0,8,0.1784,18,3,8000.0,3200.0,0,0,0,0,13,14,NORMAL,0
1188.96,0.79,1,0,0.1929,10,1,1500.0,600.0,0,0,0,0,6,6,NORMAL,0
2842.01,0.95,0,17,0.2236,9,3,3000.0,1200.0,0,0,0,0,3,1,NORMAL,0
2316.87,1.54,0,17,0.0749,22,3,1500.0,600.0,0,0,0,0,6,12,NORMAL,0
1722.61,1.15,0,18,0.2346,21,2,1500.0,600.0,0,0,0,0,13,15,NORMAL,0
15000.0,10.0,1,0,0.8338,23,2,1500.0,600.0,1,1,0,0,81,71,EXTREME,1
36612.17,3.05,0,1,0.5405,1,4,12000.0,4800.0,1,1,1,0,50,76,SUSPICIOUS,1
55870.41,4.66,1,0,0.9259,18,4,12000.0,4800.0,1,1,1,0,90,78,EXTREME,1
10288.95,3.43,1,0,0.4582,19,2,3000.0,1200.0,0,1,0,0,2,79,SUSPICIOUS,1
896.59,0.6,0,34,0.0957,18,0,1500.0,600.0,0,0,0,0,7,11,NORMAL,0
5450.12,0.45,0,41,0.2466,7,5,12000.0,4800.0,0,0,0,0,9,3,NORMAL,0
8420.99,5.61,1,0,0.2622,4,4,1500.0,600.0,1,1,0,0,56,80,SUSPICIOUS,1
4679.52,0.94,0,5,0.0594,20,6,5000.0,2000.0,0,0,1,0,8,1,NORMAL,0
2046.2,0.41,0,30,0.1559,20,4,5000.0,2000.0,0,0,0,0,0,3,NORMAL,0
13228.7,4.41,0,3,0.421,14,1,3000.0,1200.0,1,0,0,1,58,1,SUSPICIOUS,1
2986.59,1.0,0,24,0.2038,20,4,3000.0,1200.0,0,0,0,0,4,7,NORMAL,0
16754.87,5.58,1,0,0.4946,23,6,3000.0,1200.0,0,0,0,1,7,46,SUSPICIOUS,1
26228.14,3.28,0,2,0.3399,3,1,8000.0,3200.0,0,1,0,0,47,57,SUSPICIOUS,1
12863.25,1.07,0,36,0.1095,7,0,12000.0,4800.0,0,0,0,0,8,5,NORMAL,0
709.44,0.47,0,29,0.1126,17,3,1500.0,600.0,0,0,0,0,3,12,NORMAL,0
1687.37,1.12,0,2,0.1492,13,2,1500.0,600.0,0,0,0,0,13,2,NORMAL,0
13739.15,1.14,0,9,0.1911,16,4,12000.0,4800.0,0,0,0,0,9,13,NORMAL,0
7505.38,0.63,0,28,0.1796,19,5,12000.0,4800.0,0,0,0,0,5,9,NORMAL,0
17520.99,3.5,1,0,0.432,23,3,5000.0,2000.0,0,1,0,0,48,50,SUSPICIOUS,1
11284.91,0.94,0,17,0.1813,14,6,12000.0,4800.0,0,0,1,0,6,4,NORMAL,0
37115.67,4.64,0,2,0.3658,3,5,8000.0,3200.0,0,0,0,1,15,49,SUSPICIOUS,1
1033.08,0.69,0,16,0.0769,21,0,1500.0,600.0,0,0,0,0,7,3,NORMAL,0
71491.48,5.96,1,0,0.58,19,4,12000.0,4800.0,0,1,0,1,16,75,SUSPICIOUS,1
1560.51,0.2,0,17,0.2164,15,6,8000.0,3200.0,0,0,0,0,15,7,NORMAL,0
5277.38,1.06,0,23,0.1071,9,1,5000.0,2000.0,0,0,0,0,4,7,NORMAL,0
2615.29,0.87,1,0,0.1256,21,3,3000.0,1200.0,0,0,0,0,1,6,NORMAL,0
9302.98,0.78,0,3,0.2199,19,3,12000.0,4800.0,0,0,0,0,0,11,NORMAL,0
6360.66,0.8,0,36,0.208,14,3,8000.0,3200.0,0,0,0,1,7,8,NORMAL,0
4696.39,0.94,0,27,0.1921,21,1,5000.0,2000.0,0,0,0,0,0,12,NORMAL,0
7124.44,4.75,1,0,0.3847,0,2,1500.0,600.0,0,1,0,0,48,61,SUSPICIOUS,1
6375.68,0.8,0,7,0.1388,8,2,8000.0,3200.0,0,0,0,0,7,2,NORMAL,0
1114.92,0.74,0,14,0.2162,11,1,1500.0,600.0,0,0,0,0,4,15,NORMAL,0
23160.82,7.72,1,0,0.605,11,1,3000.0,1200.0,1,1,0,0,99,89,EXTREME,1
17629.57,5.88,1,0,0.2103,4,4,3000.0,1200.0,0,1,1,0,12,52,SUSPICIOUS,1
2742.84,0.91,0,21,0.2186,10,6,3000.0,1200.0,0,0,0,0,1,11,NORMAL,0
1392.94,0.93,0,23,0.0427,20,6,1500.0,600.0,0,0,0,0,15,3,NORMAL,0
39804.64,4.98,1,0,0.4935,4,4,8000.0,3200.0,0,0,0,0,17,14,SUSPICIOUS,1
3372.43,0.67,0,17,0.2145,9,2,5000.0,2000.0,0,0,0,0,14,7,NORMAL,0
6144.68,0.77,0,33,0.2187,12,3,8000.0,3200.0,0,0,0,0,6,11,NORMAL,0
11088.36,0.92,0,19,0.1567,13,0,12000.0,4800.0,0,0,0,0,7,13,NORMAL,0
7322.11,0.92,0,33,0.1341,7,0,8000.0,3200.0,0,0,0,0,9,7,NORMAL,0
5953.89,0.5,0,37,0.1515,20,5,12000.0,4800.0,0,0,0,0,10,11,NORMAL,0
3724.19,0.74,0,14,0.1063,12,1,5000.0,2000.0,0,0,0,0,6,15,NORMAL,0
9716.14,0.81,0,8,0.2149,16,1,12000.0,4800.0,0,0,0,0,11,5,NORMAL,0
2853.04,0.95,0,5,0.1562,11,5,3000.0,1200.0,0,0,0,0,15,3,NORMAL,0
33404.0,4.18,1,0,0.5862,4,6,8000.0,3200.0,0,0,0,0,39,44,SUSPICIOUS,1
2536.09,0.85,0,38,0.2393,9,1,3000.0,1200.0,0,0,0,0,3,13,NORMAL,0
1294.87,0.43,0,26,0.1346,21,2,3000.0,1200.0,0,0,0,0,13,9,NORMAL,0
1313.38,0.88,0,15,0.1714,15,5,1500.0,600.0,0,0,0,0,2,5,NORMAL,0
2225.54,0.74,1,0,0.1346,22,2,3000.0,1200.0,0,0,0,0,1,7,NORMAL,0
7755.51,0.97,1,0,0.089,15,6,8000.0,3200.0,0,0,0,0,6,13,NORMAL,0
2355.73,0.79,0,11,0.055,12,6,3000.0,1200.0,0,0,0,0,9,9,NORMAL,0
4674.78,0.93,0,19,0.1451,22,3,5000.0,2000.0,0,0,0,0,2,1,NORMAL,0
10177.86,0.85,0,7,0.0881,7,6,12000.0,4800.0,0,0,0,0,8,1,NORMAL,0
7873.99,0.66,0,19,0.0781,20,5,12000.0,4800.0,0,0,0,0,15,2,NORMAL,0
24227.34,4.85,0,2,0.3647,19,2,5000.0,2000.0,0,0,1,1,12,17,SUSPICIOUS,1
5216.43,1.04,0,27,0.2216,7,5,5000.0,2000.0,0,0,0,0,14,13,NORMAL,0
11960.57,1.0,0,42,0.1328,8,1,12000.0,4800.0,0,0,0,0,8,4,NORMAL,0
11180.91,1.4,0,42,0.1679,14,5,8000.0,3200.0,0,0,0,0,5,9,NORMAL,0
4929.68,3.29,0,1,0.3846,1,5,1500.0,600.0,0,0,0,0,15,9,SUSPICIOUS,0
10213.21,1.28,0,37,0.0704,13,4,8000.0,3200.0,0,0,0,0,4,2,NORMAL,0
8547.18,1.07,0,34,0.0961,7,2,8000.0,3200.0,0,0,0,0,9,15,NORMAL,0
8098.17,1.01,0,37,0.2002,19,3,8000.0,3200.0,0,0,0,0,10,6,NORMAL,0
4354.25,0.54,0,28,0.0492,22,5,8000.0,3200.0,0,0,0,0,12,12,NORMAL,0
3015.41,1.01,0,4,0.0665,17,6,3000.0,1200.0,0,0,0,0,3,14,NORMAL,0
1214.65,0.81,0,28,0.2229,11,0,1500.0,600.0,0,0,0,0,15,8,NORMAL,0
1141.22,0.76,0,45,0.2205,19,2,1500.0,600.0,0,0,0,0,15,1,NORMAL,0
4945.15,0.99,0,7,0.1311,10,6,5000.0,2000.0,0,0,0,0,3,14,NORMAL,0
3991.45,2.66,0,2,0.3434,14,1,1500.0,600.0,1,1,1,1,61,51,SUSPICIOUS,1
3585.03,0.45,0,17,0.1445,11,1,8000.0,3200.0,0,0,0,0,14,8,NORMAL,0
7169.27,0.9,0,45,0.1548,9,3,8000.0,3200.0,0,0,0,0,11,9,NORMAL,0
20494.63,4.1,1,0,0.5997,19,0,5000.0,2000.0,1,1,0,0,71,58,SUSPICIOUS,1
49566.74,6.2,1,0,0.8527,21,6,8000.0,3200.0,1,1,0,0,81,89,EXTREME,1
2703.81,0.54,0,16,0.1675,18,1,5000.0,2000.0,0,0,0,0,6,8,NORMAL,0
14096.61,4.7,0,3,0.2158,19,0,3000.0,1200.0,0,1,1,0,43,58,SUSPICIOUS,1
8887.68,2.96,1,0,0.5886,4,6,3000.0,1200.0,1,0,0,0,65,9,SUSPICIOUS,1
6208.74,4.14,1,0,0.5017,3,6,1500.0,600.0,0,0,0,0,12,17,SUSPICIOUS,1
5138.41,3.43,1,0,0.3474,4,4,1500.0,600.0,1,0,0,0,75,3,SUSPICIOUS,1
6238.63,0.52,0,37,0.1089,14,5,12000.0,4800.0,0,0,0,0,2,14,NORMAL,0
7386.14,0.92,0,4,0.2387,16,3,8000.0,3200.0,0,0,0,0,3,3,NORMAL,0
5371.3,0.67,0,44,0.2394,20,4,8000.0,3200.0,0,0,0,0,4,13,NORMAL,0
15797.32,1.32,0,19,0.0469,18,1,12000.0,4800.0,0,0,0,0,14,14,NORMAL,0
1452.69,0.97,0,25,0.1543,18,0,1500.0,600.0,0,0,0,0,12,8,NORMAL,0
4850.64,0.61,1,0,0.0845,7,0,8000.0,3200.0,0,0,0,0,10,7,NORMAL,0
3140.31,1.05,1,0,0.2007,13,4,3000.0,1200.0,0,0,0,0,6,7,NORMAL,0
30119.09,2.51,0,1,0.595,4,6,12000.0,4800.0,0,1,0,1,36,62,SUSPICIOUS,1
4780.61,0.96,1,0,0.0957,11,5,5000.0,2000.0,0,0,0,0,13,3,NORMAL,0
5425.67,1.09,0,8,0.1349,14,4,5000.0,2000.0,0,0,0,0,1,9,NORMAL,0
761.3,0.51,0,27,0.1295,10,3,1500.0,600.0,0,0,0,0,14,2,NORMAL,0
1971.16,0.66,1,0,0.0978,17,3,3000.0,1200.0,0,0,0,0,9,14,NORMAL,0
16233.51,10.82,1,0,0.9207,17,5,1500.0,600.0,1,1,1,1,86,83,EXTREME,1
4595.86,0.92,0,27,0.1274,10,2,5000.0,2000.0,0,0,0,0,13,10,NORMAL,0
14711.62,4.9,1,0,0.2365,1,0,3000.0,1200.0,1,0,1,0,58,17,SUSPICIOUS,1
12681.55,1.06,0,9,0.1263,20,6,12000.0,4800.0,0,0,0,0,1,9,NORMAL,0
5980.78,0.5,0,11,0.1779,14,6,12000.0,4800.0,0,0,0,0,3,11,NORMAL,0
22546.75,4.51,0,3,0.5898,0,4,5000.0,2000.0,0,1,0,0,8,57,SUSPICIOUS,1
4206.84,0.84,0,13,0.2227,19,0,5000.0,2000.0,0,0,0,0,4,0,NORMAL,0
4658.22,0.58,0,23,0.0731,16,5,8000.0,3200.0,0,0,0,0,10,2,NORMAL,0
52777.2,4.4,1,0,0.4653,14,5,12000.0,4800.0,1,1,0,0,93,85,EXTREME,1
30118.64,10.04,1,0,0.4911,13,0,3000.0,1200.0,1,1,0,0,89,91,EXTREME,1
21816.69,4.36,1,0,0.7162,19,0,5000.0,2000.0,1,1,1,1,80,76,EXTREME,1
2911.85,0.97,0,20,0.1089,7,3,3000.0,1200.0,0,0,0,0,13,5,NORMAL,0
2456.9,0.82,0,44,0.2093,9,3,3000.0,1200.0,0,0,1,0,1,13,NORMAL,0
43030.37,8.61,1,0,0.8587,22,5,5000.0,2000.0,1,1,1,1,93,79,EXTREME,1
26874.93,5.37,1,0,1.1581,14,6,5000.0,2000.0,1,1,1,1,91,72,EXTREME,1
36488.4,4.56,1,0,0.3583,4,5,8000.0,3200.0,1,0,0,1,56,2,SUSPICIOUS,1
12421.02,1.04,0,24,0.1137,11,1,12000.0,4800.0,0,0,0,0,3,4,NORMAL,0
2215.11,0.74,0,43,0.0558,22,3,3000.0,1200.0,0,0,0,0,14,10,NORMAL,0
3192.3,1.06,0,32,0.1329,16,6,3000.0,1200.0,0,0,0,0,8,1,NORMAL,0
7146.36,0.89,0,5,0.1174,16,0,8000.0,3200.0,0,0,0,0,2,12,NORMAL,0
1419.49,0.95,0,38,0.1769,17,4,1500.0,600.0,0,0,0,0,15,4,NORMAL,0
4322.76,0.86,0,7,0.146,12,0,5000.0,2000.0,0,0,0,0,7,14,NORMAL,0
36667.34,3.06,1,0,0.3132,14,6,12000.0,4800.0,1,1,0,1,73,80,SUSPICIOUS,1
6679.31,4.45,1,0,0.3008,2,2,1500.0,600.0,0,0,0,0,44,9,SUSPICIOUS,1
4514.06,0.56,0,7,0.105,19,5,8000.0,3200.0,0,0,0,0,10,4,NORMAL,0
33925.02,2.83,1,0,0.4034,0,2,12000.0,4800.0,0,1,1,0,48,71,SUSPICIOUS,1
3228.84,1.08,1,0,0.2173,10,4,3000.0,1200.0,0,0,0,0,1,10,NORMAL,0
45822.23,3.82,1,0,0.5325,2,5,12000.0,4800.0,1,1,0,0,61,55,SUSPICIOUS,1
26552.08,3.32,1,0,0.5862,19,6,8000.0,3200.0,1,0,0,0,71,14,SUSPICIOUS,1
98636.14,8.22,1,0,1.173,6,6,12000.0,4800.0,1,1,0,1,99,74,EXTREME,1
5592.19,0.7,0,37,0.2362,10,2,8000.0,3200.0,0,0,0,0,2,5,NORMAL,0
2978.17,0.99,0,7,0.2387,14,6,3000.0,1200.0,0,0,0,0,14,11,NORMAL,0
34056.2,4.26,1,0,0.5978,23,1,8000.0,3200.0,0,0,1,1,41,20,SUSPICIOUS,1
5256.12,3.5,0,3,0.5324,19,3,1500.0,600.0,0,1,0,0,2,53,SUSPICIOUS,1
52166.4,4.35,1,0,0.3152,4,0,12000.0,4800.0,1,0,0,1,61,19,SUSPICIOUS,1
9071.13,1.13,0,3,0.1727,14,5,8000.0,3200.0,0,0,0,0,4,9,NORMAL,0
2673.77,0.89,0,13,0.1795,9,4,3000.0,1200.0,0,0,0,0,11,2,NORMAL,0
7632.21,0.64,0,26,0.2234,8,5,12000.0,4800.0,0,0,0,1,12,11,NORMAL,0
604.31,0.4,0,44,0.1719,17,1,1500.0,600.0,0,0,0,0,1,11,NORMAL,0
2817.98,0.94,0,45,0.1376,22,5,3000.0,1200.0,0,0,0,0,5,4,NORMAL,0
5013.76,0.63,1,0,0.0823,13,0,8000.0,3200.0,0,0,0,0,10,9,NORMAL,0
9195.55,0.77,0,4,0.1982,13,2,12000.0,4800.0,0,0,0,0,11,1,NORMAL,0
7946.55,5.3,1,0,0.36,19,3,1500.0,600.0,0,1,0,0,46,71,SUSPICIOUS,1
3337.04,0.67,0,29,0.0566,12,4,5000.0,2000.0,0,0,0,0,9,10,NORMAL,0
4520.57,0.9,0,40,0.1907,12,5,5000.0,2000.0,0,0,0,0,14,11,NORMAL,0
6929.93,1.39,0,29,0.0977,8,0,5000.0,2000.0,0,0,0,0,12,11,NORMAL,0
17504.29,5.83,1,0,0.443,19,0,3000.0,1200.0,1,0,0,0,50,11,SUSPICIOUS,1
15000.0,10.0,1,0,0.9432,11,2,1500.0,600.0,1,1,1,1,94,94,EXTREME,1
5042.4,1.01,0,43,0.0985,10,0,5000.0,2000.0,0,0,0,0,5,15,NORMAL,0
1026.83,0.68,0,18,0.1878,13,4,1500.0,600.0,0,0,0,0,9,15,NORMAL,0
1594.66,1.06,0,30,0.2494,17,5,1500.0,600.0,0,0,0,0,11,2,NORMAL,0
4881.23,0.98,0,42,0.0766,18,4,5000.0,2000.0,0,0,0,0,7,3,NORMAL,0
3199.32,1.07,0,3,0.1158,18,3,3000.0,1200.0,0,0,0,0,4,2,NORMAL,0
5850.11,0.73,0,28,0.2129,9,1,8000.0,3200.0,0,0,0,0,10,2,NORMAL,0
3433.34,0.69,0,37,0.1744,12,6,5000.0,2000.0,0,0,0,0,4,13,NORMAL,0
6470.04,4.31,1,0,0.2648,3,2,1500.0,600.0,0,0,1,0,16,2,SUSPICIOUS,1
11331.89,0.94,0,42,0.1036,9,4,12000.0,4800.0,0,0,0,0,5,4,NORMAL,0
15154.05,1.26,0,38,0.0487,7,0,12000.0,4800.0,0,0,0,0,1,8,NORMAL,0
5338.52,0.67,0,3,0.1446,16,5,8000.0,3200.0,0,0,0,0,9,15,NORMAL,0
28328.15,3.54,1,0,0.224,19,3,8000.0,3200.0,0,0,1,0,48,49,SUSPICIOUS,1
2650.1,0.53,0,10,0.1997,10,2,5000.0,2000.0,0,0,0,0,7,14,NORMAL,0
2882.86,0.96,1,0,0.1009,19,6,3000.0,1200.0,0,0,0,0,13,7,NORMAL,0
5218.29,1.04,0,22,0.0799,12,3,5000.0,2000.0,0,0,0,0,14,15,NORMAL,0
59.52,0.04,0,34,0.136,14,1,1500.0,600.0,0,0,0,0,11,1,NORMAL,0
4751.22,0.59,0,2,0.2179,20,1,8000.0,3200.0,0,0,0,0,8,11,NORMAL,0
10064.82,1.26,1,0,0.158,18,4,8000.0,3200.0,0,0,0,0,9,2,NORMAL,0
5909.58,0.49,0,41,0.1829,10,1,12000.0,4800.0,0,0,0,0,3,12,NORMAL,0
14523.82,1.21,0,11,0.0818,19,4,12000.0,4800.0,0,0,1,0,1,1,NORMAL,0
3928.28,0.49,0,11,0.1673,11,2,8000.0,3200.0,0,0,0,0,10,5,NORMAL,0
22890.18,4.58,1,0,0.4039,19,5,5000.0,2000.0,1,0,1,1,65,11,SUSPICIOUS,1
6395.08,0.8,0,42,0.0456,22,2,8000.0,3200.0,0,0,0,0,7,1,NORMAL,0
10382.69,0.87,0,26,0.071,14,0,12000.0,4800.0,0,0,1,0,3,6,NORMAL,0
21911.04,7.3,1,0,0.5631,16,6,3000.0,1200.0,1,1,0,0,99,85,EXTREME,1
1869.76,1.25,0,35,0.0835,17,5,1500.0,600.0,0,0,0,0,15,12,NORMAL,0
6486.55,0.54,0,24,0.1819,15,4,12000.0,4800.0,0,0,0,0,15,6,NORMAL,0
4060.27,0.81,0,21,0.2019,13,5,5000.0,2000.0,0,0,0,0,15,10,NORMAL,0
31511.58,6.3,1,0,0.8588,17,3,5000.0,2000.0,1,1,0,0,92,81,EXTREME,1
21682.66,4.34,1,0,1.1643,2,2,5000.0,2000.0,1,1,1,0,94,90,EXTREME,1
2991.24,1.0,0,19,0.2359,15,1,3000.0,1200.0,0,0,0,0,3,7,NORMAL,0
11042.98,0.92,0,16,0.051,20,2,12000.0,4800.0,0,0,0,0,15,3,NORMAL,0
8331.9,0.69,0,12,0.1255,22,3,12000.0,4800.0,0,0,0,0,6,9,NORMAL,0
1053.99,0.7,0,16,0.1524,8,1,1500.0,600.0,0,0,0,0,13,5,NORMAL,0
8499.2,1.06,0,13,0.2367,16,0,8000.0,3200.0,0,0,0,0,0,9,NORMAL,0
5374.5,1.07,0,43,0.1541,22,1,5000.0,2000.0,0,0,0,0,14,8,NORMAL,0
15176.75,5.06,1,0,0.4874,0,5,3000.0,1200.0,1,1,1,0,53,52,SUSPICIOUS,1
43155.72,5.39,1,0,0.2347,1,1,8000.0,3200.0,0,1,1,0,15,55,SUSPICIOUS,1
7414.6,0.93,0,23,0.1034,7,2,8000.0,3200.0,0,0,0,0,11,7,NORMAL,0
5184.12,1.04,0,45,0.1455,16,5,5000.0,2000.0,0,0,0,0,3,9,NORMAL,0
23476.37,7.83,1,0,0.764,19,2,3000.0,1200.0,1,1,0,0,93,92,EXTREME,1
12031.11,1.0,0,15,0.2,9,4,12000.0,4800.0,0,0,0,0,14,11,NORMAL,0
1024.05,0.68,0,34,0.0825,11,1,1500.0,600.0,0,0,0,0,10,14,NORMAL,0
94927.48,7.91,1,0,1.1191,14,6,12000.0,4800.0,1,1,1,0,81,84,EXTREME,1
32424.94,2.7,1,0,0.5228,0,3,12000.0,4800.0,0,0,1,0,35,18,SUSPICIOUS,0
13685.81,1.14,0,6,0.2471,22,0,12000.0,4800.0,0,0,0,0,9,13,NORMAL,0
30484.91,3.81,0,2,0.5478,14,3,8000.0,3200.0,1,1,1,0,69,62,SUSPICIOUS,1
34807.59,4.35,1,0,0.2891,0,6,8000.0,3200.0,1,1,0,0,54,74,SUSPICIOUS,1
2559.11,0.85,0,24,0.0726,13,5,3000.0,1200.0,0,0,0,0,3,1,NORMAL,0
5013.5,3.34,1,0,0.4376,19,4,1500.0,600.0,0,0,0,1,1,42,SUSPICIOUS,1
1624.1,1.08,0,20,0.0892,17,4,1500.0,600.0,0,0,0,0,10,7,NORMAL,0
39283.8,3.27,1,0,0.2244,2,5,12000.0,4800.0,0,1,0,0,17,62,SUSPICIOUS,1
9386.88,0.78,0,28,0.1257,16,3,12000.0,4800.0,0,0,0,0,5,15,NORMAL,0
31338.63,10.45,1,0,1.1318,17,3,3000.0,1200.0,1,1,0,1,93,87,EXTREME,1
28133.47,5.63,1,0,0.9174,14,6,5000.0,2000.0,1,1,0,0,91,72,EXTREME,1
1045.09,0.7,0,45,0.167,8,6,1500.0,600.0,0,0,0,0,2,6,NORMAL,0
4823.86,0.4,0,15,0.2226,17,2,12000.0,4800.0,0,0,0,0,0,6,NORMAL,0
1107.46,0.74,0,32,0.232,13,3,1500.0,600.0,0,0,0,0,7,10,NORMAL,0
12512.03,1.04,0,21,0.0949,22,3,12000.0,4800.0,0,0,0,0,3,15,NORMAL,0
11392.4,3.8,1,0,0.425,3,5,3000.0,1200.0,1,1,0,0,51,77,SUSPICIOUS,1
3050.29,1.02,0,16,0.1198,14,3,3000.0,1200.0,0,0,0,0,10,8,NORMAL,0
6951.61,0.87,0,24,0.0755,22,1,8000.0,3200.0,0,0,0,0,1,1,NORMAL,0
1021.06,0.68,0,28,0.0689,14,0,1500.0,600.0,0,0,0,0,4,0,NORMAL,0
6993.63,4.66,1,0,0.4466,19,5,1500.0,600.0,0,1,1,0,35,66,SUSPICIOUS,1
5017.3,1.0,0,20,0.0436,20,6,5000.0,2000.0,0,0,0,0,5,3,NORMAL,0
3568.41,1.19,0,35,0.093,18,2,3000.0,1200.0,0,0,0,0,12,2,NORMAL,0
8900.09,0.74,0,16,0.103,9,5,12000.0,4800.0,0,0,0,0,1,2,NORMAL,0
21571.22,2.7,1,0,0.2686,19,6,8000.0,3200.0,1,0,0,0,56,46,SUSPICIOUS,1
49971.01,4.16,1,0,0.2297,4,4,12000.0,4800.0,0,1,1,1,37,60,SUSPICIOUS,1
2702.87,0.9,0,27,0.2351,16,1,3000.0,1200.0,0,0,0,0,7,12,NORMAL,0
9108.71,1.14,0,10,0.206,9,4,8000.0,3200.0,0,0,0,0,11,1,NORMAL,0
15000.0,10.0,1,0,1.0152,19,3,1500.0,600.0,1,1,0,0,90,70,EXTREME,1
63398.62,7.92,1,0,0.6846,12,3,8000.0,3200.0,1,1,0,1,85,91,EXTREME,1
42405.94,3.53,1,0,0.2294,4,1,12000.0,4800.0,1,1,1,1,75,64,SUSPICIOUS,1
1095.98,0.73,0,30,0.1156,15,0,1500.0,600.0,0,0,0,0,4,2,NORMAL,0
11132.72,0.93,0,8,0.0455,18,4,12000.0,4800.0,0,0,0,1,2,10,NORMAL,0
9750.71,1.22,0,7,0.1922,14,4,8000.0,3200.0,0,0,0,0,5,12,NORMAL,0
39724.96,7.94,1,0,0.4506,13,2,5000.0,2000.0,1,1,1,1,93,79,EXTREME,1
3872.09,0.77,0,42,0.1441,13,3,5000.0,2000.0,0,0,0,0,3,4,NORMAL,0
4244.3,0.85,0,26,0.2089,17,3,5000.0,2000.0,0,0,0,0,10,13,NORMAL,0
14013.41,1.17,0,22,0.1667,13,3,12000.0,4800.0,0,0,0,0,10,5,NORMAL,0
5213.58,1.04,0,42,0.1431,14,2,5000.0,2000.0,0,0,0,0,12,8,NORMAL,0
17184.81,11.46,1,0,0.5598,17,1,1500.0,600.0,1,1,0,0,97,70,EXTREME,1
3067.61,1.02,0,20,0.2146,9,6,3000.0,1200.0,0,0,0,0,13,15,NORMAL,0
3748.47,0.75,0,29,0.2057,9,3,5000.0,2000.0,0,0,0,0,15,12,NORMAL,0
66793.29,8.35,1,0,1.0326,11,5,8000.0,3200.0,1,1,0,1,97,89,EXTREME,1
2602.24,0.87,0,24,0.0749,8,4,3000.0,1200.0,0,0,0,0,12,10,NORMAL,0
15000.0,10.0,1,0,0.5776,23,4,1500.0,600.0,1,1,0,1,97,88,EXTREME,1
5479.38,1.1,0,45,0.1636,11,2,5000.0,2000.0,0,0,0,0,0,15,NORMAL,0
1284.19,0.86,0,11,0.1131,17,3,1500.0,600.0,0,0,0,0,6,15,NORMAL,0
7796.0,0.97,0,21,0.0494,10,0,8000.0,3200.0,0,0,0,0,10,3,NORMAL,0
4164.89,1.39,0,37,0.0736,20,3,3000.0,1200.0,0,0,0,0,7,12,NORMAL,0
5265.3,0.66,0,41,0.2255,21,4,8000.0,3200.0,0,0,1,0,13,12,NORMAL,0
50093.02,10.02,1,0,1.047,2,4,5000.0,2000.0,1,1,0,1,83,95,EXTREME,1
4111.34,0.82,0,9,0.0951,22,4,5000.0,2000.0,0,0,0,0,10,12,NORMAL,0
5470.39,1.09,0,31,0.1696,16,4,5000.0,2000.0,0,0,0,0,2,4,NORMAL,0
1215.85,0.81,0,11,0.1473,20,4,1500.0,600.0,0,0,0,0,4,12,NORMAL,0
6134.83,0.51,0,43,0.2354,12,4,12000.0,4800.0,0,0,0,0,5,15,NORMAL,0
2974.59,0.37,0,24,0.2399,22,1,8000.0,3200.0,0,0,0,0,6,12,NORMAL,0
31455.76,3.93,1,0,0.4841,19,3,8000.0,3200.0,1,1,1,0,71,54,SUSPICIOUS,1
11287.43,0.94,0,31,0.1588,22,4,12000.0,4800.0,0,0,0,0,3,3,NORMAL,0
2599.71,0.52,0,4,0.1996,21,4,5000.0,2000.0,0,0,0,0,6,13,NORMAL,0
19145.01,6.38,1,0,1.1995,14,2,3000.0,1200.0,1,1,1,0,91,72,EXTREME,1
9703.72,3.23,1,0,0.4757,14,1,3000.0,1200.0,0,0,0,0,6,1,SUSPICIOUS,1
3923.59,1.31,0,20,0.1008,15,6,3000.0,1200.0,0,0,0,0,3,4,NORMAL,0
1717.29,1.14,0,43,0.0666,11,1,1500.0,600.0,0,0,0,0,4,10,NORMAL,0
63325.36,7.92,1,0,0.8619,8,5,8000.0,3200.0,1,1,1,0,93,82,EXTREME,1
1099.06,0.73,0,19,0.1859,18,3,1500.0,600.0,0,0,0,0,15,10,NORMAL,0
1402.85,0.94,0,31,0.1733,18,6,1500.0,600.0,0,0,0,0,2,12,NORMAL,0
12694.51,4.23,1,0,0.3134,2,4,3000.0,1200.0,0,0,1,0,10,1,SUSPICIOUS,1
20455.88,2.56,0,1,0.3765,0,3,8000.0,3200.0,0,0,1,0,43,9,SUSPICIOUS,1
4141.98,0.83,0,25,0.1795,12,0,5000.0,2000.0,0,0,0,0,12,9,NORMAL,0
6582.74,0.82,0,8,0.0402,22,0,8000.0,3200.0,0,0,0,0,4,7,NORMAL,0
7401.88,4.93,0,2,0.4776,19,0,1500.0,600.0,0,0,1,0,40,3,SUSPICIOUS,1
14899.76,2.98,0,1,0.4566,2,0,5000.0,2000.0,0,0,0,0,35,5,SUSPICIOUS,1
34077.46,11.36,1,0,0.8929,14,6,3000.0,1200.0,1,1,0,1,86,72,EXTREME,1
15000.0,10.0,1,0,0.7072,13,2,1500.0,600.0,1,1,1,1,84,77,EXTREME,1
10033.55,0.84,0,40,0.0998,7,6,12000.0,4800.0,0,0,0,0,9,6,NORMAL,0
28275.18,3.53,1,0,0.5592,3,3,8000.0,3200.0,1,1,1,0,50,78,SUSPICIOUS,1
17842.59,11.9,1,0,1.1471,4,3,1500.0,600.0,1,1,1,0,98,83,EXTREME,1
46724.68,5.84,0,1,0.4349,0,2,8000.0,3200.0,0,0,0,0,38,12,SUSPICIOUS,1
6997.14,0.58,0,29,0.1874,9,5,12000.0,4800.0,0,0,0,0,4,8,NORMAL,0
35383.52,11.79,1,0,0.5243,10,3,3000.0,1200.0,1,1,0,0,98,90,EXTREME,1
1221.61,0.81,0,29,0.1933,14,0,1500.0,600.0,0,0,0,0,7,2,NORMAL,0
13381.34,1.12,0,21,0.1799,12,0,12000.0,4800.0,0,0,0,0,0,4,NORMAL,0
6176.71,1.24,0,18,0.0751,11,5,5000.0,2000.0,0,0,0,1,8,3,NORMAL,0
7284.67,0.91,0,6,0.0952,9,3,8000.0,3200.0,0,0,0,0,14,11,NORMAL,0
11360.72,3.79,1,0,0.2412,1,1,3000.0,1200.0,0,0,1,0,0,40,SUSPICIOUS,1
10894.8,1.36,0,13,0.2355,8,4,8000.0,3200.0,0,0,0,0,13,7,NORMAL,0
17247.01,3.45,1,0,0.3491,0,1,5000.0,2000.0,1,0,1,0,68,12,SUSPICIOUS,1
5533.22,1.11,0,21,0.1087,21,0,5000.0,2000.0,0,0,0,0,11,6,NORMAL,0
10698.26,0.89,0,25,0.1643,22,6,12000.0,4800.0,0,0,0,0,6,7,NORMAL,0
1833.39,1.22,0,24,0.1735,7,2,1500.0,600.0,0,0,0,0,0,12,NORMAL,0
1604.18,1.07,0,17,0.1282,8,1,1500.0,600.0,0,0,1,0,8,2,NORMAL,0
5007.38,0.42,0,25,0.1363,9,4,12000.0,4800.0,0,0,0,0,3,4,NORMAL,0
14533.02,1.21,0,29,0.1791,11,1,12000.0,4800.0,0,0,0,0,9,8,NORMAL,0
76846.44,9.61,1,0,0.9883,10,3,8000.0,3200.0,1,1,1,1,88,77,EXTREME,1
14707.07,1.23,0,8,0.0745,21,2,12000.0,4800.0,0,0,0,0,13,3,NORMAL,0
2605.57,0.87,0,31,0.0957,10,0,3000.0,1200.0,0,0,0,0,5,9,NORMAL,0
636.23,0.42,0,22,0.0711,14,2,1500.0,600.0,0,0,0,0,12,1,NORMAL,0
2508.34,0.84,1,0,0.1249,21,4,3000.0,1200.0,0,0,0,0,7,3,NORMAL,0
15000.0,5.0,1,0,0.4493,7,1,3000.0,1200.0,1,1,1,0,86,82,EXTREME,1
1696.0,1.13,0,18,0.2327,9,0,1500.0,600.0,0,0,0,0,2,6,NORMAL,0
1469.1,0.49,1,0,0.2179,17,0,3000.0,1200.0,0,0,0,0,1,14,NORMAL,0
4597.5,0.57,0,27,0.1442,19,5,8000.0,3200.0,0,0,0,0,13,5,NORMAL,0
4859.59,0.97,0,11,0.0473,14,5,5000.0,2000.0,0,0,0,0,9,15,NORMAL,0
4210.54,2.81,1,0,0.3677,3,5,1500.0,600.0,0,0,0,0,17,12,SUSPICIOUS,1
4828.55,0.6,0,38,0.1455,19,2,8000.0,3200.0,0,0,0,0,5,0,NORMAL,0
4880.06,0.98,1,0,0.2482,18,6,5000.0,2000.0,0,0,0,0,7,5,NORMAL,0
3587.18,0.72,0,5,0.2005,14,4,5000.0,2000.0,0,0,0,0,12,11,NORMAL,0
1955.35,0.65,0,39,0.1068,18,4,3000.0,1200.0,0,0,0,0,0,11,NORMAL,0
9878.91,0.82,0,33,0.1538,12,3,12000.0,4800.0,0,0,0,0,1,2,NORMAL,0
886.78,0.59,0,2,0.1097,13,6,1500.0,600.0,0,0,0,0,4,10,NORMAL,0
6705.91,1.34,1,0,0.071,11,6,5000.0,2000.0,0,0,0,0,3,11,NORMAL,0
6870.53,0.86,0,23,0.1034,11,1,8000.0,3200.0,0,0,0,0,13,15,NORMAL,0
59129.54,4.93,0,2,0.2893,2,3,12000.0,4800.0,1,0,0,0,53,40,SUSPICIOUS,1
8502.71,1.06,0,38,0.0468,17,6,8000.0,3200.0,0,0,0,0,7,3,NORMAL,0
4999.48,3.33,0,1,0.4545,1,6,1500.0,600.0,0,0,0,0,20,10,SUSPICIOUS,1
1042.36,0.69,0,8,0.1913,8,3,1500.0,600.0,0,0,0,0,14,13,NORMAL,0
6249.9,0.78,0,24,0.1547,10,6,8000.0,3200.0,0,0,0,0,15,7,NORMAL,0
411.78,0.27,0,22,0.0948,10,0,1500.0,600.0,0,0,0,0,10,5,NORMAL,0
1891.86,1.26,0,7,0.111,22,5,1500.0,600.0,0,0,0,0,0,13,NORMAL,0
6301.93,0.79,0,8,0.1095,13,3,8000.0,3200.0,0,0,0,0,8,9,NORMAL,0
7953.11,0.99,0,33,0.0723,18,0,8000.0,3200.0,0,0,0,0,13,2,NORMAL,0
11133.75,0.93,0,8,0.0454,12,5,12000.0,4800.0,0,0,0,0,9,2,NORMAL,0
6544.16,0.82,0,44,0.0957,19,1,8000.0,3200.0,0,0,0,0,11,12,NORMAL,0
3055.57,0.61,0,18,0.0875,15,4,5000.0,2000.0,0,0,0,0,1,4,NORMAL,0
991.37,0.66,0,36,0.1269,14,4,1500.0,600.0,0,0,0,0,1,12,NORMAL,0
5933.24,0.49,0,32,0.1603,14,3,12000.0,4800.0,0,0,0,0,9,2,NORMAL,0
1032.54,0.69,0,35,0.2081,11,0,1500.0,600.0,0,0,0,0,14,5,NORMAL,0
1738.84,0.58,0,10,0.049,9,5,3000.0,1200.0,0,0,0,0,13,6,NORMAL,0
40831.23,3.4,0,1,0.2348,14,4,12000.0,4800.0,1,0,0,0,52,40,SUSPICIOUS,1
8910.66,1.11,0,11,0.0711,10,0,8000.0,3200.0,0,0,0,0,3,9,NORMAL,0
8107.27,1.01,0,43,0.142,22,0,8000.0,3200.0,0,0,0,0,5,8,NORMAL,0
11548.66,1.44,1,0,0.2268,17,5,8000.0,3200.0,0,0,0,0,7,1,NORMAL,0
12854.08,2.57,0,2,0.3244,19,6,5000.0,2000.0,0,0,1,0,3,7,SUSPICIOUS,1
5518.17,1.1,0,28,0.167,9,1,5000.0,2000.0,0,0,0,0,14,6,NORMAL,0
5048.76,0.63,0,25,0.2124,12,0,8000.0,3200.0,0,0,0,0,9,12,NORMAL,0
6051.6,0.5,1,0,0.0805,13,6,12000.0,4800.0,0,0,1,0,1,7,NORMAL,0
2501.79,0.5,0,19,0.1174,21,4,5000.0,2000.0,0,0,0,0,12,3,NORMAL,0
7925.94,0.99,0,13,0.2417,22,4,8000.0,3200.0,0,0,0,0,11,11,NORMAL,0
1031.01,0.69,0,26,0.0504,13,6,1500.0,600.0,0,0,0,0,7,7,NORMAL,0
5825.75,0.73,0,45,0.0419,11,5,8000.0,3200.0,0,0,0,0,5,0,NORMAL,0
4310.65,0.86,0,43,0.0978,19,6,5000.0,2000.0,0,0,0,0,11,14,NORMAL,0
7707.15,0.64,0,27,0.1627,7,4,12000.0,4800.0,0,0,0,0,11,9,NORMAL,0
15000.0,10.0,1,0,0.6212,10,6,1500.0,600.0,1,1,0,0,88,78,EXTREME,1
4737.82,0.95,0,35,0.2007,8,6,5000.0,2000.0,0,0,0,0,12,10,NORMAL,0
47929.13,5.99,1,0,0.3674,14,5,8000.0,3200.0,1,0,0,1,71,10,SUSPICIOUS,1
56809.17,4.73,1,0,0.5763,23,4,12000.0,4800.0,0,0,1,1,45,17,SUSPICIOUS,1
2486.32,0.83,0,37,0.2002,12,5,3000.0,1200.0,0,0,0,0,10,2,NORMAL,0
4910.4,0.98,0,23,0.1181,16,3,5000.0,2000.0,0,0,0,0,3,15,NORMAL,0
10822.51,0.9,0,6,0.1392,13,4,12000.0,4800.0,0,0,0,0,3,12,NORMAL,0
3249.76,1.08,0,14,0.112,21,1,3000.0,1200.0,0,0,0,0,10,5,NORMAL,0
1978.7,0.66,0,5,0.041,15,1,3000.0,1200.0,0,0,0,0,5,5,NORMAL,0
1379.91,0.92,0,29,0.173,19,3,1500.0,600.0,0,0,1,0,15,12,NORMAL,0
823.81,0.16,0,22,0.1989,13,0,5000.0,2000.0,0,0,0,0,0,7,NORMAL,0
2344.64,0.47,0,26,0.1457,16,1,5000.0,2000.0,0,0,0,0,2,1,NORMAL,0
12593.21,1.05,0,23,0.1311,11,2,12000.0,4800.0,0,0,0,0,15,11,NORMAL,0
12367.55,1.55,1,0,0.0871,11,1,8000.0,3200.0,0,0,0,0,0,5,NORMAL,0
670.87,0.45,0,42,0.0937,8,4,1500.0,600.0,0,0,0,1,1,3,NORMAL,0
1049.26,0.7,0,26,0.066,15,3,1500.0,600.0,0,0,0,0,4,6,NORMAL,0
5200.31,1.04,0,8,0.1791,15,4,5000.0,2000.0,0,0,0,0,4,13,NORMAL,0
34944.85,2.91,1,0,0.2425,3,4,12000.0,4800.0,1,0,0,0,51,6,SUSPICIOUS,1
2785.07,0.23,0,15,0.1845,22,2,12000.0,4800.0,0,0,1,0,7,0,NORMAL,0
976.16,0.65,0,44,0.1438,9,6,1500.0,600.0,0,0,0,0,2,3,NORMAL,0
95274.62,11.91,1,0,0.6368,14,0,8000.0,3200.0,1,1,0,0,83,75,EXTREME,1
26527.93,5.31,1,0,0.4954,1,6,5000.0,2000.0,0,0,0,1,1,48,SUSPICIOUS,1
55781.1,11.16,1,0,1.1641,8,5,5000.0,2000.0,1,1,0,1,82,81,EXTREME,1
7139.46,0.89,0,31,0.0971,19,5,8000.0,3200.0,0,0,0,0,15,13,NORMAL,0
1308.52,0.87,0,5,0.2461,12,0,1500.0,600.0,0,0,0,0,13,15,NORMAL,0
2916.03,0.97,0,24,0.1684,11,3,3000.0,1200.0,0,0,0,0,15,3,NORMAL,0
5123.47,3.42,1,0,0.4818,3,5,1500.0,600.0,0,1,1,0,16,79,SUSPICIOUS,1
3735.1,1.25,0,44,0.182,19,1,3000.0,1200.0,0,0,0,0,1,0,NORMAL,0
43852.39,5.48,0,1,0.5006,23,1,8000.0,3200.0,1,1,0,0,52,54,SUSPICIOUS,1
2311.14,0.77,1,0,0.1333,21,0,3000.0,1200.0,0,0,0,0,15,14,NORMAL,0
4288.88,2.86,1,0,0.4229,0,6,1500.0,600.0,1,0,1,0,73,20,SUSPICIOUS,1
2310.71,0.77,0,31,0.2396,18,6,3000.0,1200.0,0,0,0,0,1,7,NORMAL,0
12813.37,1.07,0,44,0.1163,21,0,12000.0,4800.0,0,0,1,0,3,7,NORMAL,0
3842.47,0.77,0,25,0.1874,8,1,5000.0,2000.0,0,0,0,0,15,4,NORMAL,0
22994.92,2.87,1,0,0.275,14,1,8000.0,3200.0,0,0,0,1,47,3,SUSPICIOUS,1
8170.76,0.68,0,30,0.1361,11,3,12000.0,4800.0,0,0,0,0,0,1,NORMAL,0
3509.01,0.29,0,34,0.204,12,5,12000.0,4800.0,0,0,0,0,5,4,NORMAL,0
67073.23,5.59,1,0,0.3539,3,2,12000.0,4800.0,1,0,0,1,56,14,SUSPICIOUS,1
11180.78,0.93,0,34,0.1028,17,5,12000.0,4800.0,0,0,0,0,6,6,NORMAL,0
3976.12,0.8,0,10,0.2461,12,4,5000.0,2000.0,0,0,0,0,10,3,NORMAL,0
10906.84,0.91,0,44,0.1891,16,6,12000.0,4800.0,0,0,0,1,13,0,NORMAL,0
3128.15,1.04,1,0,0.0519,15,6,3000.0,1200.0,0,0,0,0,5,9,NORMAL,0
15000.0,10.0,1,0,0.6361,17,0,1500.0,600.0,1,1,1,0,91,84,EXTREME,1
7575.58,0.63,0,43,0.1579,14,4,12000.0,4800.0,0,0,0,0,9,1,NORMAL,0
29402.08,5.88,1,0,0.4975,3,4,5000.0,2000.0,0,0,0,0,14,20,SUSPICIOUS,1
8998.88,0.75,0,40,0.0813,13,2,12000.0,4800.0,0,0,0,0,14,5,NORMAL,0
2686.4,0.9,0,9,0.1192,20,2,3000.0,1200.0,0,0,0,0,8,4,NORMAL,0
1368.08,0.91,0,11,0.0484,17,4,1500.0,600.0,0,0,0,0,1,9,NORMAL,0
5287.92,1.06,1,0,0.1886,14,1,5000.0,2000.0,0,0,0,0,2,5,NORMAL,0
953.97,0.64,0,15,0.1793,17,2,1500.0,600.0,0,0,0,0,9,6,NORMAL,0
7757.96,0.97,0,43,0.0418,18,3,8000.0,3200.0,0,0,0,0,7,7,NORMAL,0
4667.08,0.93,0,9,0.121,16,0,5000.0,2000.0,0,0,0,0,11,14,NORMAL,0
10863.28,3.62,1,0,0.2384,0,5,3000.0,1200.0,1,0,0,1,75,13,SUSPICIOUS,1
9373.95,1.17,0,6,0.1968,11,0,8000.0,3200.0,0,0,1,0,14,10,NORMAL,0
2216.52,0.74,0,37,0.0548,14,2,3000.0,1200.0,0,0,0,0,13,12,NORMAL,0
5454.81,1.09,1,0,0.1814,7,5,5000.0,2000.0,0,0,0,0,2,1,NORMAL,0
13120.67,1.09,0,45,0.1033,9,2,12000.0,4800.0,0,0,0,0,14,12,NORMAL,0
3535.56,0.44,0,16,0.0686,19,6,8000.0,3200.0,0,0,0,0,9,4,NORMAL,0
4601.21,0.92,0,2,0.1562,11,0,5000.0,2000.0,0,0,0,0,1,0,NORMAL,0
10711.78,0.89,0,21,0.0841,18,1,12000.0,4800.0,0,0,0,0,13,4,NORMAL,0
5294.46,1.06,0,13,0.1809,8,6,5000.0,2000.0,0,0,0,0,14,2,NORMAL,0
1342.7,0.9,0,39,0.1423,17,2,1500.0,600.0,0,0,0,0,4,7,NORMAL,0
4532.68,1.51,0,30,0.109,16,5,3000.0,1200.0,0,0,0,0,4,11,NORMAL,0
3886.62,1.3,1,0,0.0917,14,5,3000.0,1200.0,0,0,0,0,13,8,NORMAL,0
55115.43,11.02,1,0,0.7703,11,6,5000.0,2000.0,1,1,0,1,89,85,EXTREME,1
33442.9,2.79,1,0,0.5306,3,2,12000.0,4800.0,0,0,0,0,20,44,SUSPICIOUS,1
11970.82,1.0,0,39,0.0847,8,4,12000.0,4800.0,0,0,0,0,8,15,NORMAL,0
4117.11,0.51,0,39,0.194,16,1,8000.0,3200.0,0,0,0,0,14,2,NORMAL,0
16403.81,5.47,0,3,0.4737,2,3,3000.0,1200.0,1,0,0,0,71,4,SUSPICIOUS,1
21616.79,4.32,1,0,1.0092,7,0,5000.0,2000.0,1,1,1,0,88,81,EXTREME,1
135141.7,11.26,1,0,0.689,15,3,12000.0,4800.0,1,1,0,1,81,71,EXTREME,1
15860.48,1.32,0,19,0.2153,15,4,12000.0,4800.0,0,0,0,0,5,12,NORMAL,0
1295.9,0.86,0,26,0.2443,14,4,1500.0,600.0,0,0,0,0,12,11,NORMAL,0
8988.38,1.12,0,2,0.1454,11,3,8000.0,3200.0,0,0,0,0,5,7,NORMAL,0
2431.49,0.81,0,12,0.1161,10,5,3000.0,1200.0,0,0,0,0,7,13,NORMAL,0
38906.42,4.86,1,0,0.4363,14,0,8000.0,3200.0,0,1,1,0,43,50,SUSPICIOUS,1
8919.36,0.74,0,12,0.0942,12,4,12000.0,4800.0,0,0,0,0,12,0,NORMAL,0
5315.31,1.06,0,15,0.1343,22,6,5000.0,2000.0,0,0,0,0,15,5,NORMAL,0
31070.79,10.36,1,0,1.0564,5,4,3000.0,1200.0,1,1,1,0,96,78,EXTREME,1
2158.53,0.27,0,6,0.0883,19,1,8000.0,3200.0,0,0,0,0,3,0,NORMAL,0
9192.65,0.77,0,11,0.1672,12,3,12000.0,4800.0,0,0,0,0,1,3,NORMAL,0
15207.06,1.27,0,2,0.2284,20,4,12000.0,4800.0,0,0,0,0,13,11,NORMAL,0
6308.51,0.79,0,32,0.2058,19,2,8000.0,3200.0,0,0,0,0,3,13,NORMAL,0
2345.46,0.78,0,7,0.0995,20,2,3000.0,1200.0,0,0,0,0,6,0,NORMAL,0
9507.2,0.79,0,35,0.0415,13,5,12000.0,4800.0,0,0,0,0,10,13,NORMAL,0
12288.62,1.02,0,36,0.1289,18,4,12000.0,4800.0,0,0,0,0,8,12,NORMAL,0
9393.33,0.78,0,25,0.1574,22,2,12000.0,4800.0,0,0,0,0,9,11,NORMAL,0
1720.11,0.57,0,44,0.065,14,3,3000.0,1200.0,0,0,0,0,5,3,NORMAL,0
52034.15,10.41,1,0,0.8912,21,5,5000.0,2000.0,1,1,1,0,81,75,EXTREME,1
1020.91,0.68,0,32,0.2344,20,0,1500.0,600.0,0,0,0,0,2,8,NORMAL,0
7553.6,5.04,0,2,0.4456,4,5,1500.0,600.0,0,0,0,0,1,5,SUSPICIOUS,1
2661.96,0.89,0,35,0.1001,8,6,3000.0,1200.0,0,0,0,0,7,5,NORMAL,0
8872.14,5.91,1,0,0.3104,14,2,1500.0,600.0,0,1,1,0,12,73,SUSPICIOUS,1
2238.72,1.49,0,37,0.2322,18,2,1500.0,600.0,0,0,0,0,8,7,NORMAL,0
4585.79,0.57,0,18,0.0768,10,4,8000.0,3200.0,0,0,0,0,2,9,NORMAL,0
70181.79,5.85,0,3,0.3001,19,3,12000.0,4800.0,1,0,0,0,50,14,SUSPICIOUS,1
280.89,0.19,0,18,0.0542,14,5,1500.0,600.0,0,0,0,0,7,10,NORMAL,0
13474.52,1.12,1,0,0.2148,14,2,12000.0,4800.0,0,0,0,0,2,12,NORMAL,0
1146.49,0.76,0,13,0.1401,18,1,1500.0,600.0,0,0,0,0,8,5,NORMAL,0
12739.49,4.25,1,0,0.4942,4,1,3000.0,1200.0,1,0,1,1,50,11,SUSPICIOUS,1
15000.0,10.0,1,0,0.9307,19,0,1500.0,600.0,1,1,0,1,97,71,EXTREME,1
3785.7,0.76,0,38,0.2224,22,1,5000.0,2000.0,0,0,0,0,8,12,NORMAL,0
858.53,0.57,0,29,0.1404,8,4,1500.0,600.0,0,0,0,0,11,12,NORMAL,0
10304.54,1.29,0,35,0.1366,7,0,8000.0,3200.0,0,0,0,0,6,12,NORMAL,0
13007.04,1.08,0,13,0.1552,14,2,12000.0,4800.0,0,0,0,0,15,10,NORMAL,0
3503.67,1.17,0,25,0.1167,19,2,3000.0,1200.0,0,0,0,0,14,5,NORMAL,0
3091.25,1.03,0,19,0.2089,20,6,3000.0,1200.0,0,0,0,0,12,6,NORMAL,0
1703.21,0.57,0,2,0.0771,22,1,3000.0,1200.0,0,0,0,0,10,15,NORMAL,0
8626.44,0.72,1,0,0.0608,12,0,12000.0,4800.0,0,0,0,0,6,8,NORMAL,0
7778.75,0.97,0,18,0.1158,15,2,8000.0,3200.0,0,0,0,0,0,13,NORMAL,0
9479.02,0.79,0,38,0.1765,12,6,12000.0,4800.0,0,0,0,0,9,11,NORMAL,0
44909.71,5.61,1,0,0.3146,2,6,8000.0,3200.0,1,1,0,0,56,79,SUSPICIOUS,1
4165.34,2.78,1,0,0.3254,4,5,1500.0,600.0,1,1,0,0,60,68,SUSPICIOUS,1
51879.3,4.32,1,0,0.2669,0,1,12000.0,4800.0,0,0,1,0,8,2,SUSPICIOUS,1
1134.44,0.76,1,0,0.2245,8,0,1500.0,600.0,0,0,0,0,12,2,NORMAL,0
1028.54,0.69,0,26,0.105,14,5,1500.0,600.0,0,0,0,0,9,14,NORMAL,0
7800.0,2.6,1,0,0.5441,23,6,3000.0,1200.0,1,0,0,0,69,17,SUSPICIOUS,1
7387.93,0.62,0,40,0.1359,20,4,12000.0,4800.0,0,0,0,0,9,11,NORMAL,0
1397.3,0.93,0,25,0.1266,11,2,1500.0,600.0,0,0,0,0,0,0,NORMAL,0
1611.66,0.54,0,32,0.1524,22,6,3000.0,1200.0,0,0,1,0,15,9,NORMAL,0
22947.57,4.59,0,3,0.3495,14,4,5000.0,2000.0,1,1,0,1,50,64,SUSPICIOUS,1
5966.76,3.98,1,0,0.5058,4,2,1500.0,600.0,0,0,1,1,17,13,SUSPICIOUS,1
2021.74,0.67,0,42,0.1356,21,2,3000.0,1200.0,0,0,0,0,15,6,NORMAL,0
5974.62,0.5,1,0,0.2442,16,2,12000.0,4800.0,0,0,0,0,4,14,NORMAL,0
1589.68,0.53,1,0,0.0856,20,2,3000.0,1200.0,0,0,0,0,15,11,NORMAL,0
6443.49,1.29,1,0,0.1976,11,0,5000.0,2000.0,0,0,0,0,8,12,NORMAL,0
2708.26,0.9,0,18,0.2116,7,0,3000.0,1200.0,0,0,0,0,7,12,NORMAL,0
4795.69,3.2,1,0,0.2376,3,3,1500.0,600.0,1,0,0,1,54,5,SUSPICIOUS,0
9909.86,0.83,0,32,0.1741,13,2,12000.0,4800.0,0,0,0,0,1,6,NORMAL,0
29086.38,3.64,1,0,0.3104,1,3,8000.0,3200.0,0,0,0,0,0,18,SUSPICIOUS,1
10542.68,0.88,0,7,0.0922,22,0,12000.0,4800.0,0,0,0,0,10,1,NORMAL,0
10650.91,0.89,0,10,0.1424,17,4,12000.0,4800.0,0,0,0,1,11,14,NORMAL,0
7415.6,0.93,0,10,0.0926,8,3,8000.0,3200.0,0,0,0,0,14,9,NORMAL,0
5069.49,0.42,0,24,0.108,21,2,12000.0,4800.0,0,0,0,0,5,2,NORMAL,0
4463.58,0.89,0,31,0.0402,19,5,5000.0,2000.0,0,0,0,0,5,0,NORMAL,0
70923.51,5.91,1,0,0.9768,21,4,12000.0,4800.0,1,1,0,0,92,76,EXTREME,1
9648.05,0.8,0,20,0.1077,17,0,12000.0,4800.0,0,0,1,0,3,2,NORMAL,0
1327.81,0.44,0,14,0.0625,13,0,3000.0,1200.0,0,0,0,0,1,12,NORMAL,0
11855.59,0.99,0,25,0.0864,9,0,12000.0,4800.0,0,0,0,0,6,15,NORMAL,0
5861.7,0.73,0,5,0.1158,20,6,8000.0,3200.0,0,0,0,0,11,1,NORMAL,0
1472.6,0.98,0,21,0.0564,13,4,1500.0,600.0,0,0,0,0,3,3,NORMAL,0
3765.4,1.26,0,44,0.0922,12,4,3000.0,1200.0,0,0,0,0,13,3,NORMAL,0
9940.99,1.24,0,29,0.2254,12,6,8000.0,3200.0,0,0,0,0,5,12,NORMAL,0
9725.7,0.81,0,30,0.236,17,4,12000.0,4800.0,0,0,0,0,10,11,NORMAL,0
5258.24,1.05,0,38,0.1546,19,6,5000.0,2000.0,0,0,0,0,8,11,NORMAL,0
6103.97,0.76,1,0,0.0473,16,4,8000.0,3200.0,0,0,0,0,0,4,NORMAL,0
4498.2,0.9,0,15,0.2197,7,6,5000.0,2000.0,0,0,0,0,8,4,NORMAL,0
1406.99,0.47,0,25,0.2268,14,1,3000.0,1200.0,0,0,0,0,8,9,NORMAL,0
1951.17,0.65,0,22,0.2065,12,3,3000.0,1200.0,0,0,1,0,3,9,NORMAL,0
22197.37,2.77,1,0,0.5084,23,6,8000.0,3200.0,0,0,0,0,42,7,SUSPICIOUS,0
4901.2,0.61,1,0,0.1501,17,4,8000.0,3200.0,0,0,0,0,4,10,NORMAL,0
2262.14,1.51,0,27,0.2439,9,1,1500.0,600.0,0,0,0,0,13,9,NORMAL,0
23301.8,4.66,1,0,0.8572,1,4,5000.0,2000.0,1,1,1,0,92,78,EXTREME,1
15501.35,5.17,1,0,0.2792,14,5,3000.0,1200.0,1,0,1,1,70,16,SUSPICIOUS,1
5648.72,0.71,0,38,0.0588,20,3,8000.0,3200.0,0,0,0,0,11,11,NORMAL,0
1320.75,0.88,0,12,0.2474,21,4,1500.0,600.0,0,0,1,0,4,14,NORMAL,0
3411.95,1.14,0,11,0.1991,9,0,3000.0,1200.0,0,0,0,0,1,7,NORMAL,0
3371.03,0.67,1,0,0.1857,10,2,5000.0,2000.0,0,0,1,0,14,15,NORMAL,0
10095.03,0.84,0,36,0.1499,15,4,12000.0,4800.0,0,0,0,0,15,4,NORMAL,0
10341.6,1.29,0,44,0.1506,15,1,8000.0,3200.0,0,0,0,0,1,9,NORMAL,0
5134.69,1.03,1,0,0.1775,7,0,5000.0,2000.0,0,0,0,0,12,8,NORMAL,0
27624.94,5.52,1,0,0.547,14,1,5000.0,2000.0,0,0,0,0,16,3,SUSPICIOUS,1
8512.6,0.71,0,13,0.0818,21,4,12000.0,4800.0,0,0,0,0,0,1,NORMAL,0
2046.42,0.41,0,12,0.0439,18,2,5000.0,2000.0,0,0,0,0,9,7,NORMAL,0
5680.17,1.14,0,42,0.0941,19,6,5000.0,2000.0,0,0,0,0,0,8,NORMAL,0
74043.63,9.26,1,0,0.4702,12,4,8000.0,3200.0,1,1,0,0,99,90,EXTREME,1
9976.7,0.83,0,21,0.231,17,3,12000.0,4800.0,0,0,0,0,4,6,NORMAL,0
3015.5,1.01,0,21,0.1846,11,3,3000.0,1200.0,0,0,0,0,4,5,NORMAL,0
1417.57,0.95,0,11,0.1927,17,3,1500.0,600.0,0,0,0,0,13,9,NORMAL,0
15159.25,3.03,1,0,0.2526,0,6,5000.0,2000.0,0,1,0,0,19,76,SUSPICIOUS,1
3007.94,1.0,0,24,0.0567,22,1,3000.0,1200.0,0,0,0,0,15,11,NORMAL,0
5892.51,0.74,0,14,0.0875,20,6,8000.0,3200.0,0,0,0,0,0,8,NORMAL,0
3024.71,1.01,0,6,0.0772,21,6,3000.0,1200.0,0,0,0,0,15,10,NORMAL,0
8436.97,1.05,0,4,0.1677,19,5,8000.0,3200.0,0,0,0,0,10,12,NORMAL,0
10601.54,0.88,0,43,0.2239,8,4,12000.0,4800.0,0,0,0,0,3,14,NORMAL,0
2884.98,0.96,0,27,0.2466,8,4,3000.0,1200.0,0,0,0,0,12,1,NORMAL,0
50947.08,10.19,1,0,0.6287,5,3,5000.0,2000.0,1,1,0,0,89,89,EXTREME,1
23125.89,7.71,1,0,0.9169,2,5,3000.0,1200.0,1,1,1,0,96,73,EXTREME,1
9560.18,0.8,0,28,0.1079,7,1,12000.0,4800.0,0,0,0,0,14,6,NORMAL,0
24605.05,4.92,0,1,0.4873,1,0,5000.0,2000.0,1,0,0,0,63,2,SUSPICIOUS,1
55707.05,4.64,1,0,0.4201,0,6,12000.0,4800.0,1,0,1,1,56,49,SUSPICIOUS,1
748.07,0.5,0,21,0.1933,21,2,1500.0,600.0,0,0,0,0,5,3,NORMAL,0
1462.89,0.98,0,18,0.0426,22,6,1500.0,600.0,0,0,0,0,15,0,NORMAL,0
1768.14,0.59,0,32,0.1353,21,0,3000.0,1200.0,0,0,0,0,0,7,NORMAL,0
64445.1,5.37,1,0,0.2739,0,5,12000.0,4800.0,0,0,0,0,44,18,SUSPICIOUS,1
1754.22,1.17,1,0,0.1276,12,1,1500.0,600.0,0,0,0,0,9,5,NORMAL,0
6058.72,1.21,0,7,0.2014,17,2,5000.0,2000.0,0,0,0,0,12,2,NORMAL,0
1348.71,0.9,0,10,0.0656,15,2,1500.0,600.0,0,0,0,0,13,6,NORMAL,0
1375.14,0.92,0,42,0.1511,9,3,1500.0,600.0,0,0,0,0,9,13,NORMAL,0
12868.89,1.07,0,41,0.1143,11,4,12000.0,4800.0,0,0,0,0,15,15,NORMAL,0
10446.85,0.87,0,20,0.2456,7,0,12000.0,4800.0,0,0,0,0,0,14,NORMAL,0
31189.54,10.4,1,0,1.1992,13,0,3000.0,1200.0,1,1,0,0,90,81,EXTREME,1
7113.25,4.74,1,0,0.3018,1,2,1500.0,600.0,1,0,1,0,70,40,SUSPICIOUS,1
78361.39,9.8,1,0,0.8928,0,6,8000.0,3200.0,1,1,1,1,85,76,EXTREME,1
8930.96,1.12,0,4,0.1756,22,1,8000.0,3200.0,0,0,0,0,14,10,NORMAL,0
8134.31,5.42,1,0,0.49,23,4,1500.0,600.0,0,1,0,0,48,61,SUSPICIOUS,1
7123.62,1.42,1,0,0.0714,7,2,5000.0,2000.0,0,0,0,0,12,5,NORMAL,0
34907.47,2.91,0,2,0.4821,23,5,12000.0,4800.0,1,1,0,0,61,55,SUSPICIOUS,1
28645.6,5.73,1,0,0.6419,3,2,5000.0,2000.0,1,1,1,1,81,94,EXTREME,1
31047.26,2.59,1,0,0.4,3,2,12000.0,4800.0,0,1,1,0,16,60,SUSPICIOUS,0
9111.48,0.76,0,10,0.0831,8,3,12000.0,4800.0,0,0,1,0,12,3,NORMAL,0
7582.11,0.63,0,23,0.138,8,0,12000.0,4800.0,0,0,0,0,9,0,NORMAL,0
3145.24,1.05,0,14,0.1002,17,6,3000.0,1200.0,0,0,0,0,14,3,NORMAL,0
897.71,0.6,1,0,0.1708,10,1,1500.0,600.0,0,0,0,0,11,10,NORMAL,0
2936.36,0.59,0,12,0.055,17,4,5000.0,2000.0,0,0,0,0,14,1,NORMAL,0
549.87,0.37,0,5,0.0581,19,1,1500.0,600.0,0,0,0,0,14,11,NORMAL,0
6577.81,0.55,1,0,0.2338,21,4,12000.0,4800.0,0,0,0,0,4,2,NORMAL,0
6468.55,0.81,1,0,0.1052,21,3,8000.0,3200.0,0,0,0,0,7,7,NORMAL,0
28475.08,5.7,1,0,0.4798,23,6,5000.0,2000.0,0,0,1,1,10,41,SUSPICIOUS,1
61519.47,7.69,1,0,0.5366,11,4,8000.0,3200.0,1,1,0,0,98,74,EXTREME,1
965.41,0.64,0,43,0.0549,16,4,1500.0,600.0,0,0,0,0,14,12,NORMAL,0
3425.33,1.14,0,32,0.1206,17,1,3000.0,1200.0,0,0,0,0,13,13,NORMAL,0
3765.83,1.26,0,44,0.0564,22,0,3000.0,1200.0,0,0,0,0,14,10,NORMAL,0
2161.85,0.72,0,27,0.0546,10,5,3000.0,1200.0,0,0,0,0,12,10,NORMAL,0
1050.4,0.7,0,10,0.2263,7,6,1500.0,600.0,0,0,0,0,4,4,NORMAL,0
54273.12,4.52,1,0,0.4726,23,2,12000.0,4800.0,1,0,0,0,54,13,SUSPICIOUS,1
1807.69,1.21,0,41,0.2471,19,6,1500.0,600.0,0,0,0,0,4,9,NORMAL,0
1060.97,0.71,1,0,0.1576,18,0,1500.0,600.0,0,0,0,0,9,0,NORMAL,0
5695.55,0.71,0,26,0.1253,20,4,8000.0,3200.0,0,0,0,0,6,5,NORMAL,0
8065.86,1.01,0,25,0.2164,11,2,8000.0,3200.0,0,0,1,0,4,4,NORMAL,0
3710.63,1.24,0,33,0.1782,11,0,3000.0,1200.0,0,0,0,0,4,13,NORMAL,0
15587.63,1.3,0,41,0.0778,20,4,12000.0,4800.0,0,0,0,0,14,12,NORMAL,0
30312.06,2.53,1,0,0.4924,4,3,12000.0,4800.0,0,0,0,0,18,42,SUSPICIOUS,1
7887.0,0.99,0,7,0.0698,15,3,8000.0,3200.0,0,0,0,0,2,2,NORMAL,0
1681.35,1.12,0,36,0.2076,16,4,1500.0,600.0,0,0,0,1,1,10,NORMAL,0
3302.91,0.41,0,32,0.1605,17,3,8000.0,3200.0,0,0,0,0,11,9,NORMAL,0
6427.98,0.54,0,38,0.0947,22,4,12000.0,4800.0,0,0,0,0,5,1,NORMAL,0
31146.52,2.6,1,0,0.2507,1,6,12000.0,4800.0,0,1,1,0,8,57,SUSPICIOUS,0
8647.17,0.72,0,39,0.1952,21,2,12000.0,4800.0,0,0,0,0,5,8,NORMAL,0
15893.41,5.3,0,2,0.5936,2,4,3000.0,1200.0,0,0,0,1,4,13,SUSPICIOUS,1
7247.58,0.91,0,12,0.0843,18,0,8000.0,3200.0,0,0,0,0,8,3,NORMAL,0
9211.26,1.15,0,36,0.0891,19,3,8000.0,3200.0,0,0,0,0,8,4,NORMAL,0
4678.92,0.94,0,30,0.1202,17,4,5000.0,2000.0,0,0,0,0,1,3,NORMAL,0
3521.21,0.44,0,43,0.2203,17,2,8000.0,3200.0,0,0,0,0,8,3,NORMAL,0
41648.23,5.21,1,0,0.4937,3,4,8000.0,3200.0,0,0,0,0,46,40,SUSPICIOUS,1
5909.06,3.94,1,0,0.4742,23,1,1500.0,600.0,0,0,0,1,8,41,SUSPICIOUS,1
11587.65,0.97,0,15,0.2396,10,5,12000.0,4800.0,0,0,0,0,3,2,NORMAL,0
63734.4,5.31,1,0,0.2443,2,2,12000.0,4800.0,0,0,0,0,39,8,SUSPICIOUS,1
17003.39,3.4,0,2,0.5108,14,3,5000.0,2000.0,0,1,1,1,38,56,SUSPICIOUS,0
13908.17,4.64,1,0,0.3968,2,4,3000.0,1200.0,0,0,0,0,6,3,SUSPICIOUS,1
3933.02,2.62,1,0,0.491,19,0,1500.0,600.0,0,0,0,0,4,0,SUSPICIOUS,1
5510.65,1.1,0,38,0.0408,22,3,5000.0,2000.0,0,0,0,0,13,12,NORMAL,0
6585.68,4.39,1,0,0.5817,19,0,1500.0,600.0,1,1,0,0,57,59,SUSPICIOUS,1
1849.38,1.23,0,23,0.0569,21,6,1500.0,600.0,0,0,0,0,9,6,NORMAL,0
38500.55,4.81,1,0,0.356,1,5,8000.0,3200.0,0,1,0,1,15,80,SUSPICIOUS,1
4763.74,3.18,1,0,0.4372,19,3,1500.0,600.0,1,0,0,0,69,15,SUSPICIOUS,1
6465.76,0.81,0,3,0.0478,8,2,8000.0,3200.0,0,0,0,0,1,12,NORMAL,0
10640.14,0.89,0,45,0.2227,11,5,12000.0,4800.0,0,0,1,0,7,2,NORMAL,0
6223.9,4.15,0,1,0.2971,2,0,1500.0,600.0,0,0,0,1,38,3,SUSPICIOUS,1
11454.76,0.95,1,0,0.2117,10,3,12000.0,4800.0,0,0,0,0,7,2,NORMAL,0
7600.82,0.95,0,45,0.161,11,2,8000.0,3200.0,0,0,0,0,6,1,NORMAL,0
1581.66,1.05,0,28,0.0753,18,4,1500.0,600.0,0,0,0,0,5,14,NORMAL,0
15000.0,5.0,1,0,1.0779,19,3,3000.0,1200.0,1,1,0,1,85,70,EXTREME,1
716.48,0.48,0,7,0.1884,16,3,1500.0,600.0,0,0,0,0,15,4,NORMAL,0
12136.45,1.01,0,17,0.237,8,4,12000.0,4800.0,0,0,0,0,5,15,NORMAL,0
18587.44,3.72,1,0,0.2943,1,4,5000.0,2000.0,0,1,0,0,19,74,SUSPICIOUS,1
4172.44,1.39,0,14,0.0637,11,5,3000.0,1200.0,0,0,0,0,15,15,NORMAL,0
4033.64,2.69,1,0,0.2838,4,2,1500.0,600.0,0,0,0,1,14,43,SUSPICIOUS,0
6609.41,0.83,0,6,0.228,21,4,8000.0,3200.0,0,0,0,0,10,13,NORMAL,0
4598.78,0.92,0,9,0.1085,10,1,5000.0,2000.0,0,0,0,0,13,6,NORMAL,0
69445.9,8.68,1,0,0.4435,13,1,8000.0,3200.0,1,1,1,1,86,89,EXTREME,1
2681.66,0.89,0,14,0.1727,15,1,3000.0,1200.0,0,0,1,0,10,4,NORMAL,0
4760.64,0.95,0,31,0.1363,12,6,5000.0,2000.0,0,0,0,0,10,7,NORMAL,0
9111.13,0.76,0,38,0.2437,14,0,12000.0,4800.0,0,0,0,0,13,15,NORMAL,0
7149.28,0.89,0,19,0.043,20,5,8000.0,3200.0,0,0,0,0,7,7,NORMAL,0
8759.6,0.73,0,38,0.2286,20,0,12000.0,4800.0,0,0,0,0,1,15,NORMAL,0
34871.41,4.36,1,0,0.5192,1,3,8000.0,3200.0,0,0,0,0,40,40,SUSPICIOUS,1
15185.09,5.06,1,0,0.6366,20,0,3000.0,1200.0,1,1,0,1,80,85,EXTREME,1
86907.02,10.86,1,0,0.9978,0,3,8000.0,3200.0,1,1,1,0,94,94,EXTREME,1
15793.52,5.26,1,0,0.3857,0,6,3000.0,1200.0,0,0,0,0,12,10,SUSPICIOUS,1
4409.75,0.88,0,41,0.1539,13,6,5000.0,2000.0,0,0,0,0,2,10,NORMAL,0
28039.61,5.61,1,0,0.3462,0,2,5000.0,2000.0,1,0,0,1,70,17,SUSPICIOUS,1
6206.91,1.24,0,9,0.1763,13,6,5000.0,2000.0,0,0,0,0,7,10,NORMAL,0
6668.5,0.83,0,6,0.1183,21,3,8000.0,3200.0,0,0,0,0,3,15,NORMAL,0
5855.96,0.49,0,30,0.1704,9,1,12000.0,4800.0,0,0,0,0,14,2,NORMAL,0
1501.49,0.3,0,6,0.063,15,0,5000.0,2000.0,0,0,0,0,4,15,NORMAL,0
5289.14,3.53,0,3,0.5727,19,2,1500.0,600.0,0,0,1,0,36,44,SUSPICIOUS,1
13565.56,1.13,0,28,0.1615,17,3,12000.0,4800.0,0,0,0,0,14,14,NORMAL,0
5888.18,1.18,0,18,0.0876,18,2,5000.0,2000.0,0,0,0,0,1,4,NORMAL,0
26847.13,8.95,1,0,0.5286,17,2,3000.0,1200.0,1,1,0,0,85,75,EXTREME,1
3037.65,1.01,0,9,0.0486,17,4,3000.0,1200.0,0,0,0,0,4,14,NORMAL,0
9902.47,0.83,0,44,0.1066,18,1,12000.0,4800.0,0,0,0,0,11,14,NORMAL,0
2343.09,0.47,0,3,0.125,22,6,5000.0,2000.0,0,0,0,0,4,14,NORMAL,0
141657.7,11.8,1,0,0.665,22,2,12000.0,4800.0,1,1,0,0,95,79,EXTREME,1
8124.28,0.68,0,38,0.193,21,2,12000.0,4800.0,0,0,0,0,3,15,NORMAL,0
34908.8,2.91,1,0,0.447,3,3,12000.0,4800.0,1,1,0,1,55,52,SUSPICIOUS,0
2685.58,0.54,0,7,0.1531,21,5,5000.0,2000.0,0,0,0,0,2,12,NORMAL,0
51485.35,4.29,1,0,0.4667,14,1,12000.0,4800.0,0,1,1,0,13,63,SUSPICIOUS,1
6054.71,1.21,0,37,0.0584,21,5,5000.0,2000.0,0,0,0,0,13,14,NORMAL,0
78630.75,9.83,1,0,0.7314,18,4,8000.0,3200.0,1,1,1,0,82,74,EXTREME,1
11228.18,0.94,0,6,0.236,19,0,12000.0,4800.0,0,0,0,0,0,13,NORMAL,0
13336.05,4.45,1,0,0.5021,2,1,3000.0,1200.0,1,1,1,0,59,71,SUSPICIOUS,1
42764.4,3.56,1,0,0.3854,0,6,12000.0,4800.0,1,1,0,0,51,80,SUSPICIOUS,1
19800.24,3.96,1,0,0.4751,3,0,5000.0,2000.0,1,0,0,0,52,44,SUSPICIOUS,1
7713.51,0.96,0,18,0.1719,22,5,8000.0,3200.0,0,0,0,0,3,11,NORMAL,0
5811.5,1.16,0,5,0.0707,21,5,5000.0,2000.0,0,0,0,0,4,11,NORMAL,0
7782.81,0.97,0,24,0.0502,16,4,8000.0,3200.0,0,0,0,0,2,6,NORMAL,0
1415.62,0.94,0,12,0.1542,17,6,1500.0,600.0,0,0,0,0,9,8,NORMAL,0
990.98,0.66,0,24,0.2129,7,1,1500.0,600.0,0,0,0,0,9,11,NORMAL,0
1994.38,0.66,0,11,0.1457,13,6,3000.0,1200.0,0,0,0,0,3,13,NORMAL,0
2539.28,0.85,0,32,0.1131,18,1,3000.0,1200.0,0,0,0,0,14,10,NORMAL,0
1037.02,0.69,0,11,0.1845,16,1,1500.0,600.0,0,0,0,0,6,4,NORMAL,0
1648.41,1.1,1,0,0.2027,20,0,1500.0,600.0,0,0,1,0,6,3,NORMAL,0
9680.9,0.81,1,0,0.065,15,0,12000.0,4800.0,0,0,0,0,2,9,NORMAL,0
1016.94,0.68,0,15,0.1634,13,1,1500.0,600.0,0,0,0,0,11,0,NORMAL,0
5529.4,1.11,0,24,0.114,14,4,5000.0,2000.0,0,0,0,0,2,3,NORMAL,0
39113.92,3.26,1,0,0.3127,0,5,12000.0,4800.0,0,0,0,0,48,15,SUSPICIOUS,1
4699.45,3.13,1,0,0.3518,3,4,1500.0,600.0,0,0,1,1,42,10,SUSPICIOUS,1
2882.96,0.58,0,37,0.1916,9,2,5000.0,2000.0,0,0,0,0,15,3,NORMAL,0
3920.85,0.78,0,30,0.0874,20,2,5000.0,2000.0,0,0,0,0,13,6,NORMAL,0
92101.25,11.51,1,0,0.694,0,5,8000.0,3200.0,1,1,1,0,95,91,EXTREME,1
1123.77,0.75,0,27,0.1241,10,5,1500.0,600.0,0,0,0,0,5,2,NORMAL,0
3677.55,1.23,0,27,0.0658,20,5,3000.0,1200.0,0,0,0,0,15,8,NORMAL,0
12832.09,1.07,0,43,0.2381,18,3,12000.0,4800.0,0,0,0,0,12,15,NORMAL,0
7216.77,0.9,0,18,0.1428,14,5,8000.0,3200.0,0,0,0,0,4,0,NORMAL,0
509.35,0.34,0,3,0.2441,19,4,1500.0,600.0,0,0,0,0,10,4,NORMAL,0
899.39,0.6,0,35,0.2012,21,1,1500.0,600.0,0,0,0,0,9,15,NORMAL,0
3898.62,0.78,0,36,0.1548,8,3,5000.0,2000.0,0,0,0,0,3,12,NORMAL,0
5657.64,0.71,0,4,0.0771,16,5,8000.0,3200.0,0,0,0,0,5,15,NORMAL,0
7945.17,0.99,0,9,0.1595,22,5,8000.0,3200.0,0,0,0,0,15,15,NORMAL,0
1799.76,1.2,0,33,0.1641,19,4,1500.0,600.0,0,0,0,1,11,9,NORMAL,0
1621.74,1.08,0,25,0.1133,7,6,1500.0,600.0,0,0,0,0,10,12,NORMAL,0
36477.18,7.3,1,0,0.4452,7,1,5000.0,2000.0,1,1,1,1,87,90,EXTREME,1
1954.49,1.3,0,9,0.1109,7,4,1500.0,600.0,0,0,0,0,10,1,NORMAL,0
51619.91,4.3,1,0,0.2082,19,4,12000.0,4800.0,1,1,1,1,55,64,SUSPICIOUS,1
22801.59,2.85,1,0,0.3344,23,1,8000.0,3200.0,0,0,0,0,11,6,SUSPICIOUS,0
38991.36,3.25,1,0,0.3189,14,6,12000.0,4800.0,0,0,1,0,40,18,SUSPICIOUS,1
11273.78,0.94,0,15,0.1129,9,5,12000.0,4800.0,0,0,0,0,9,9,NORMAL,0
11850.3,3.95,1,0,0.4061,2,0,3000.0,1200.0,0,0,0,0,16,18,SUSPICIOUS,1
7029.07,0.88,0,42,0.1519,20,4,8000.0,3200.0,0,0,0,0,1,6,NORMAL,0
15337.55,5.11,0,2,0.3641,1,5,3000.0,1200.0,1,1,0,0,61,58,SUSPICIOUS,1
13050.44,1.09,0,17,0.0638,13,0,12000.0,4800.0,0,0,0,0,7,9,NORMAL,0
10271.93,1.28,0,4,0.0824,15,1,8000.0,3200.0,0,0,0,0,0,8,NORMAL,0
10793.73,0.9,0,4,0.2424,22,6,12000.0,4800.0,0,0,0,0,0,1,NORMAL,0
8245.75,0.69,0,6,0.2291,20,2,12000.0,4800.0,0,0,0,0,2,12,NORMAL,0
9978.43,3.33,1,0,0.4001,1,4,3000.0,1200.0,0,0,1,0,18,16,SUSPICIOUS,1
1093.54,0.73,0,22,0.1092,19,6,1500.0,600.0,0,0,0,0,7,13,NORMAL,0
35278.16,11.76,1,0,0.7516,8,6,3000.0,1200.0,1,1,1,1,98,71,EXTREME,1
1471.06,0.98,0,29,0.1397,14,2,1500.0,600.0,0,0,0,0,4,11,NORMAL,0
3532.87,0.71,1,0,0.243,8,6,5000.0,2000.0,0,0,0,0,1,7,NORMAL,0
6409.43,1.28,0,45,0.0656,14,6,5000.0,2000.0,0,0,1,0,14,12,NORMAL,0
4795.4,0.96,0,17,0.1025,12,3,5000.0,2000.0,0,0,0,0,10,13,NORMAL,0
15878.37,10.59,1,0,1.1524,15,5,1500.0,600.0,1,1,0,0,93,80,EXTREME,1
15892.81,10.6,1,0,0.9588,16,0,1500.0,600.0,1,1,0,0,91,83,EXTREME,1
5016.9,1.0,0,3,0.2,12,5,5000.0,2000.0,0,0,1,0,14,4,NORMAL,0
2971.51,0.59,0,7,0.0633,14,4,5000.0,2000.0,0,0,0,0,4,13,NORMAL,0
6285.25,0.79,0,10,0.0947,17,6,8000.0,3200.0,0,0,0,0,9,6,NORMAL,0
44538.92,5.57,0,3,0.2898,0,4,8000.0,3200.0,0,0,0,1,20,45,SUSPICIOUS,1
8022.72,2.67,1,0,0.4402,2,0,3000.0,1200.0,0,0,1,0,5,3,SUSPICIOUS,0
43163.21,5.4,1,0,0.2898,3,1,8000.0,3200.0,0,1,0,0,8,71,SUSPICIOUS,1
1298.56,0.43,0,20,0.1926,13,3,3000.0,1200.0,0,0,0,1,5,13,NORMAL,0
2297.74,0.46,0,30,0.2305,18,4,5000.0,2000.0,0,0,1,0,14,2,NORMAL,0
29551.99,5.91,1,0,0.2849,14,5,5000.0,2000.0,1,0,0,1,73,46,SUSPICIOUS,1
4051.3,1.35,0,24,0.2493,8,0,3000.0,1200.0,0,0,0,0,8,12,NORMAL,0
14814.17,2.96,0,1,0.4322,4,1,5000.0,2000.0,1,0,1,0,56,4,SUSPICIOUS,1
24673.68,4.93,1,0,0.4353,4,3,5000.0,2000.0,1,1,1,0,88,93,EXTREME,1
5065.4,1.01,0,18,0.1486,20,1,5000.0,2000.0,0,0,0,0,10,15,NORMAL,0
35406.22,4.43,1,0,0.5189,7,1,8000.0,3200.0,1,1,1,0,81,85,EXTREME,1
3647.22,0.46,0,33,0.0486,18,5,8000.0,3200.0,0,0,0,0,15,14,NORMAL,0
3582.6,1.19,0,7,0.0828,16,1,3000.0,1200.0,0,0,0,0,5,8,NORMAL,0
3132.76,1.04,0,2,0.1505,12,3,3000.0,1200.0,0,0,0,0,2,7,NORMAL,0
12954.34,2.59,1,0,0.4723,14,2,5000.0,2000.0,0,0,1,0,41,4,SUSPICIOUS,0
61059.55,7.63,1,0,1.1642,19,5,8000.0,3200.0,1,1,0,0,80,80,EXTREME,1
7447.6,0.93,0,38,0.0672,8,6,8000.0,3200.0,0,0,0,0,9,10,NORMAL,0
9325.53,0.78,0,26,0.0594,15,1,12000.0,4800.0,0,0,0,0,7,12,NORMAL,0
2432.45,0.81,0,27,0.0998,11,0,3000.0,1200.0,0,0,0,0,9,15,NORMAL,0
5578.0,1.12,0,40,0.0676,10,6,5000.0,2000.0,0,0,0,0,11,6,NORMAL,0
4488.86,0.56,0,40,0.1288,20,6,8000.0,3200.0,0,0,0,0,11,5,NORMAL,0
1394.71,0.93,0,31,0.1821,11,3,1500.0,600.0,0,0,0,0,2,9,NORMAL,0
51225.17,6.4,1,0,1.1873,21,2,8000.0,3200.0,1,1,1,0,87,86,EXTREME,1
6315.96,0.53,1,0,0.0495,10,4,12000.0,4800.0,0,0,0,0,13,13,NORMAL,0
64138.64,5.34,1,0,0.4342,0,0,12000.0,4800.0,0,1,0,1,14,51,SUSPICIOUS,1
9121.65,1.14,0,21,0.1059,21,6,8000.0,3200.0,0,0,0,0,14,8,NORMAL,0
17065.64,5.69,1,0,0.4626,19,2,3000.0,1200.0,1,1,0,1,83,83,EXTREME,1
1303.81,0.87,1,0,0.1777,21,5,1500.0,600.0,0,0,0,0,12,15,NORMAL,0
6351.02,0.53,0,45,0.2423,19,6,12000.0,4800.0,0,0,0,1,9,2,NORMAL,0
8033.83,5.36,1,0,0.2753,0,1,1500.0,600.0,0,0,0,0,44,13,SUSPICIOUS,1
12146.77,1.01,0,21,0.2016,11,3,12000.0,4800.0,0,0,0,0,13,0,NORMAL,0
46988.27,5.87,1,0,0.5439,3,1,8000.0,3200.0,1,0,1,0,60,40,SUSPICIOUS,1
4016.01,0.5,0,33,0.1948,16,0,8000.0,3200.0,0,0,0,0,15,12,NORMAL,0
9235.09,0.77,0,33,0.0887,8,4,12000.0,4800.0,0,0,0,0,0,13,NORMAL,0
28125.35,5.63,1,0,0.3893,19,4,5000.0,2000.0,0,1,1,0,11,67,SUSPICIOUS,1
12427.02,4.14,1,0,0.4031,23,4,3000.0,1200.0,0,1,0,0,14,58,SUSPICIOUS,1
10953.5,1.37,0,45,0.177,18,6,8000.0,3200.0,0,0,0,0,15,5,NORMAL,0
7252.05,4.83,1,0,0.2798,19,0,1500.0,600.0,0,1,0,0,15,53,SUSPICIOUS,1
3841.4,0.77,0,24,0.1822,12,6,5000.0,2000.0,0,0,0,0,1,2,NORMAL,0
2136.79,0.71,0,16,0.1421,17,6,3000.0,1200.0,0,0,0,0,11,1,NORMAL,0
2451.81,0.82,0,34,0.1669,10,5,3000.0,1200.0,0,0,0,0,1,14,NORMAL,0
17695.92,11.8,1,0,1.0253,19,6,1500.0,600.0,1,1,1,1,83,87,EXTREME,1
886.89,0.59,0,25,0.073,16,5,1500.0,600.0,0,0,0,0,14,15,NORMAL,0
5395.41,1.08,0,10,0.0658,13,3,5000.0,2000.0,0,0,0,0,13,0,NORMAL,0
4683.11,0.94,0,12,0.0579,18,5,5000.0,2000.0,0,0,0,0,13,11,NORMAL,0
16465.12,1.37,0,16,0.069,20,3,12000.0,4800.0,0,0,0,0,13,14,NORMAL,0
4075.51,0.82,0,30,0.0706,7,5,5000.0,2000.0,0,0,0,0,2,2,NORMAL,0
3381.14,1.13,0,27,0.1994,11,4,3000.0,1200.0,0,0,0,0,1,9,NORMAL,0
7080.28,0.59,0,22,0.2309,7,6,12000.0,4800.0,0,0,0,0,8,4,NORMAL,0
2082.17,0.69,0,41,0.2056,21,5,3000.0,1200.0,0,0,0,0,11,12,NORMAL,0
3944.09,2.63,1,0,0.49,2,4,1500.0,600.0,0,1,0,0,9,72,SUSPICIOUS,1
3985.52,1.33,1,0,0.227,15,1,3000.0,1200.0,0,0,0,0,9,13,NORMAL,0
1263.42,0.84,0,18,0.1717,18,0,1500.0,600.0,0,0,0,0,1,3,NORMAL,0
2026.28,1.35,0,17,0.2091,14,2,1500.0,600.0,0,0,0,0,9,9,NORMAL,0
58242.22,4.85,1,0,0.4079,3,0,12000.0,4800.0,1,1,0,1,72,63,SUSPICIOUS,1
9011.05,1.13,0,7,0.0594,20,1,8000.0,3200.0,0,0,0,0,15,6,NORMAL,0
13761.09,1.15,0,37,0.149,19,6,12000.0,4800.0,0,0,0,0,8,15,NORMAL,0
10066.86,1.26,0,28,0.213,11,4,8000.0,3200.0,0,0,0,0,4,15,NORMAL,0
6760.96,0.56,0,9,0.1858,21,3,12000.0,4800.0,0,0,0,0,1,5,NORMAL,0
1250.95,0.83,0,28,0.0632,18,4,1500.0,600.0,0,0,0,0,9,1,NORMAL,0
29842.85,5.97,1,0,0.3944,2,1,5000.0,2000.0,0,1,0,1,13,59,SUSPICIOUS,1
20058.4,2.51,1,0,0.227,0,3,8000.0,3200.0,1,1,0,0,54,61,SUSPICIOUS,1
11186.29,0.93,0,10,0.146,21,6,12000.0,4800.0,0,0,0,0,14,14,NORMAL,0
7949.01,5.3,1,0,0.3639,3,3,1500.0,600.0,0,0,0,0,37,14,SUSPICIOUS,1
14925.69,4.98,1,0,0.5185,4,4,3000.0,1200.0,0,1,0,0,20,52,SUSPICIOUS,1
1721.05,1.15,0,35,0.0798,22,4,1500.0,600.0,0,0,0,0,0,3,NORMAL,0
5193.55,3.46,1,0,0.5319,19,0,1500.0,600.0,0,1,1,0,19,77,SUSPICIOUS,1
5534.77,3.69,1,0,0.2096,23,3,1500.0,600.0,0,0,1,1,42,17,SUSPICIOUS,1
25945.33,5.19,1,0,0.5809,2,0,5000.0,2000.0,0,0,1,1,10,43,SUSPICIOUS,1
1629.29,0.54,0,22,0.0942,10,0,3000.0,1200.0,0,0,0,0,6,7,NORMAL,0
34241.4,4.28,1,0,0.5797,4,0,8000.0,3200.0,1,1,1,0,70,70,SUSPICIOUS,1
1210.1,0.81,0,39,0.1818,14,6,1500.0,600.0,0,0,0,0,4,9,NORMAL,0
10246.74,0.85,0,11,0.1184,12,6,12000.0,4800.0,0,0,0,0,7,13,NORMAL,0
1872.94,1.25,1,0,0.1376,16,5,1500.0,600.0,0,0,0,0,5,0,NORMAL,0
3191.3,0.64,0,45,0.1198,18,6,5000.0,2000.0,0,0,1,0,6,9,NORMAL,0
8283.11,0.69,1,0,0.0588,10,6,12000.0,4800.0,0,0,0,0,4,8,NORMAL,0
6230.73,0.52,0,22,0.2256,17,5,12000.0,4800.0,0,0,0,0,8,14,NORMAL,0
6302.52,1.26,0,31,0.2414,17,0,5000.0,2000.0,0,0,0,1,4,0,NORMAL,0
1653.68,1.1,0,28,0.1567,22,6,1500.0,600.0,0,0,0,0,12,2,NORMAL,0
1643.16,1.1,0,44,0.1335,10,2,1500.0,600.0,0,0,0,0,12,11,NORMAL,0
1153.19,0.77,0,25,0.2366,21,0,1500.0,600.0,0,0,0,0,7,0,NORMAL,0
2513.03,0.5,0,41,0.1713,14,1,5000.0,2000.0,0,0,1,0,15,11,NORMAL,0
5263.8,0.44,0,14,0.2467,19,0,12000.0,4800.0,0,0,0,0,8,15,NORMAL,0
14352.82,1.2,0,40,0.1587,9,4,12000.0,4800.0,0,0,0,0,4,2,NORMAL,0
16750.53,5.58,1,0,0.3097,0,5,3000.0,1200.0,0,1,0,1,19,75,SUSPICIOUS,1
37947.06,4.74,0,1,0.5415,23,3,8000.0,3200.0,0,1,0,0,13,73,SUSPICIOUS,1
16605.63,11.07,1,0,0.5796,8,3,1500.0,600.0,1,1,1,1,97,84,EXTREME,1
4954.89,0.99,1,0,0.1601,7,5,5000.0,2000.0,0,0,0,0,7,13,NORMAL,0
2360.49,0.79,0,21,0.0532,10,0,3000.0,1200.0,0,0,0,0,15,13,NORMAL,0
53620.3,10.72,1,0,0.5977,15,1,5000.0,2000.0,1,1,0,0,90,71,EXTREME,1
2844.06,0.95,0,40,0.1701,10,5,3000.0,1200.0,0,0,0,0,14,3,NORMAL,0
15000.0,10.0,1,0,1.1121,22,0,1500.0,600.0,1,1,0,0,84,71,EXTREME,1
4207.89,0.84,0,29,0.0538,8,4,5000.0,2000.0,0,0,0,0,1,9,NORMAL,0
7348.96,0.61,0,16,0.2216,7,3,12000.0,4800.0,0,0,0,0,12,14,NORMAL,0
13112.7,1.09,0,43,0.2369,7,3,12000.0,4800.0,0,0,0,1,10,6,NORMAL,0
1043.46,0.7,0,14,0.2299,11,5,1500.0,600.0,0,0,0,0,8,11,NORMAL,0
9829.04,1.23,0,10,0.2074,8,1,8000.0,3200.0,0,0,0,0,9,13,NORMAL,0
5216.35,1.04,0,36,0.2029,11,3,5000.0,2000.0,0,0,0,0,9,10,NORMAL,0
9797.2,0.82,0,45,0.0704,14,4,12000.0,4800.0,0,0,0,0,1,13,NORMAL,0
2430.58,0.81,0,23,0.0798,22,5,3000.0,1200.0,0,0,0,0,14,10,NORMAL,0
6558.28,1.31,0,28,0.109,10,3,5000.0,2000.0,0,0,0,1,1,15,NORMAL,0
2716.71,0.91,0,31,0.171,14,3,3000.0,1200.0,0,0,0,0,10,12,NORMAL,0
1799.03,1.2,0,6,0.1152,10,1,1500.0,600.0,0,0,0,0,9,14,NORMAL,0
4156.07,0.83,1,0,0.0462,13,2,5000.0,2000.0,0,0,0,0,5,7,NORMAL,0
4839.95,0.97,0,17,0.0775,7,1,5000.0,2000.0,0,0,1,0,8,3,NORMAL,0
7078.43,0.88,0,9,0.1111,13,2,8000.0,3200.0,0,0,0,0,14,7,NORMAL,0
17382.2,5.79,0,3,0.5527,1,0,3000.0,1200.0,0,0,0,0,43,6,SUSPICIOUS,1
22992.11,4.6,0,1,0.5684,3,6,5000.0,2000.0,0,0,0,0,44,43,SUSPICIOUS,1
2924.73,0.97,0,39,0.226,13,5,3000.0,1200.0,0,0,0,0,2,15,NORMAL,0
1577.72,0.53,0,43,0.1977,18,3,3000.0,1200.0,0,0,0,0,14,5,NORMAL,0
40038.2,5.0,1,0,0.3073,14,5,8000.0,3200.0,0,0,1,1,18,6,SUSPICIOUS,1
21501.6,7.17,1,0,0.6448,12,4,3000.0,1200.0,1,1,1,1,85,81,EXTREME,1
1555.19,1.04,0,35,0.1138,8,3,1500.0,600.0,0,0,0,0,10,13,NORMAL,0
3373.96,0.67,0,22,0.0973,7,1,5000.0,2000.0,0,0,0,0,14,7,NORMAL,0
5296.22,3.53,1,0,0.4187,1,6,1500.0,600.0,0,0,0,0,49,44,SUSPICIOUS,1
3408.14,0.68,0,23,0.0925,15,1,5000.0,2000.0,0,0,1,0,4,8,NORMAL,0
4598.74,0.92,0,27,0.2386,7,3,5000.0,2000.0,0,0,0,0,4,12,NORMAL,0
1659.3,0.55,0,35,0.1633,21,5,3000.0,1200.0,0,0,0,0,14,10,NORMAL,0
12002.33,4.0,0,2,0.2838,19,6,3000.0,1200.0,1,0,1,0,58,48,SUSPICIOUS,1
42691.24,5.34,0,2,0.2902,14,5,8000.0,3200.0,0,1,1,0,17,77,SUSPICIOUS,1
2782.37,0.93,0,23,0.1593,19,3,3000.0,1200.0,0,0,0,0,6,12,NORMAL,0
6887.62,0.86,0,38,0.242,16,0,8000.0,3200.0,0,0,0,0,5,3,NORMAL,0
9758.99,0.81,0,13,0.0818,19,2,12000.0,4800.0,0,0,0,0,6,7,NORMAL,0
5685.02,0.71,1,0,0.1489,12,2,8000.0,3200.0,0,0,0,0,13,12,NORMAL,0
6090.59,0.51,0,6,0.1217,13,1,12000.0,4800.0,0,0,0,0,6,9,NORMAL,0
5192.65,0.65,0,38,0.2372,13,4,8000.0,3200.0,0,0,0,0,14,8,NORMAL,0
10078.23,1.26,1,0,0.1238,14,4,8000.0,3200.0,0,0,0,0,10,15,NORMAL,0
5261.54,3.51,0,2,0.3387,4,3,1500.0,600.0,0,1,0,0,5,51,SUSPICIOUS,1
7405.37,0.93,0,44,0.0785,10,3,8000.0,3200.0,0,0,0,0,1,7,NORMAL,0
8597.55,0.72,0,6,0.1866,13,3,12000.0,4800.0,0,0,0,0,13,3,NORMAL,0
862.21,0.57,0,22,0.1261,12,2,1500.0,600.0,0,0,0,0,6,1,NORMAL,0
5377.4,0.67,0,27,0.2197,19,0,8000.0,3200.0,0,0,0,0,0,8,NORMAL,0
3301.2,0.66,0,31,0.1418,9,0,5000.0,2000.0,0,0,0,0,7,14,NORMAL,0
9291.19,3.1,1,0,0.2402,4,0,3000.0,1200.0,1,0,0,1,60,40,SUSPICIOUS,1
2575.09,0.86,0,45,0.1518,21,5,3000.0,1200.0,0,0,0,0,1,3,NORMAL,0
1399.08,0.93,0,5,0.2022,13,1,1500.0,600.0,0,0,0,1,11,7,NORMAL,0
1587.57,1.06,0,23,0.2123,9,1,1500.0,600.0,0,0,0,0,3,5,NORMAL,0
13883.01,1.16,0,22,0.1078,13,4,12000.0,4800.0,0,0,0,0,6,12,NORMAL,0
15000.0,5.0,1,0,0.6587,0,3,3000.0,1200.0,1,1,1,1,100,80,EXTREME,1
1642.77,0.55,1,0,0.2112,18,0,3000.0,1200.0,0,0,0,0,2,6,NORMAL,0
6279.0,0.78,0,8,0.1896,12,2,8000.0,3200.0,0,0,0,0,3,10,NORMAL,0
3845.13,1.28,0,42,0.2,17,6,3000.0,1200.0,0,0,0,0,15,2,NORMAL,0
7227.92,0.6,0,34,0.1745,14,4,12000.0,4800.0,0,0,1,0,0,7,NORMAL,0
1511.03,1.01,0,29,0.199,9,0,1500.0,600.0,0,0,0,0,4,11,NORMAL,0
9966.93,1.25,0,4,0.09,21,5,8000.0,3200.0,0,0,0,0,10,4,NORMAL,0
1159.96,0.77,0,28,0.1761,16,6,1500.0,600.0,0,0,0,0,0,7,NORMAL,0
2149.57,0.72,0,5,0.2304,14,6,3000.0,1200.0,0,0,0,0,7,12,NORMAL,0
747.32,0.5,1,0,0.1432,13,0,1500.0,600.0,0,0,0,0,4,6,NORMAL,0
127797.2,10.65,1,0,1.1455,7,4,12000.0,4800.0,1,1,0,1,82,83,EXTREME,1
17878.2,5.96,1,0,0.5411,7,2,3000.0,1200.0,1,1,1,0,89,88,EXTREME,1
4343.98,0.87,0,32,0.0568,18,3,5000.0,2000.0,0,0,0,0,12,5,NORMAL,0
13881.15,1.16,0,11,0.2121,22,0,12000.0,4800.0,0,0,0,0,12,13,NORMAL,0
3590.66,0.72,0,11,0.1561,12,2,5000.0,2000.0,0,0,0,0,12,14,NORMAL,0
55453.06,4.62,1,0,0.2547,19,1,12000.0,4800.0,0,1,0,0,47,72,SUSPICIOUS,1
45919.35,5.74,0,3,0.3493,19,2,8000.0,3200.0,0,0,0,1,18,42,SUSPICIOUS,1
36819.22,3.07,0,2,0.5085,23,4,12000.0,4800.0,0,0,0,0,20,1,SUSPICIOUS,0
2821.26,0.94,0,25,0.1725,7,5,3000.0,1200.0,0,0,0,0,4,8,NORMAL,0
1960.51,0.65,0,40,0.1615,12,0,3000.0,1200.0,0,0,0,0,3,2,NORMAL,0
4137.53,0.52,0,7,0.1489,13,3,8000.0,3200.0,0,0,0,0,5,13,NORMAL,0
111214.66,9.27,1,0,0.7062,9,5,12000.0,4800.0,1,1,0,0,93,94,EXTREME,1
956.96,0.64,0,38,0.2031,18,6,1500.0,600.0,0,0,0,0,4,8,NORMAL,0
3597.96,0.45,0,2,0.2473,22,0,8000.0,3200.0,0,0,0,0,3,2,NORMAL,0
8472.65,1.06,0,29,0.0758,18,1,8000.0,3200.0,0,0,0,0,4,6,NORMAL,0
1286.73,0.86,0,15,0.079,8,5,1500.0,600.0,0,0,0,0,5,6,NORMAL,0
60206.75,7.53,1,0,1.1304,3,6,8000.0,3200.0,1,1,1,1,100,75,EXTREME,1
5203.0,3.47,1,0,0.4343,19,3,1500.0,600.0,0,1,0,1,3,57,SUSPICIOUS,1
1110.53,0.74,1,0,0.1497,7,3,1500.0,600.0,0,0,0,0,8,15,NORMAL,0
29423.41,3.68,1,0,0.3372,23,6,8000.0,3200.0,1,0,0,0,58,12,SUSPICIOUS,1
26609.73,5.32,1,0,0.5482,14,5,5000.0,2000.0,0,0,0,0,4,47,SUSPICIOUS,1
11368.51,3.79,1,0,0.4636,19,4,3000.0,1200.0,0,1,0,0,47,80,SUSPICIOUS,1
7077.33,4.72,0,3,0.3302,19,1,1500.0,600.0,0,0,1,0,12,2,SUSPICIOUS,1
9132.61,1.14,0,8,0.1942,16,4,8000.0,3200.0,0,0,0,0,6,4,NORMAL,0
6636.26,0.55,1,0,0.1446,9,2,12000.0,4800.0,0,0,0,0,14,5,NORMAL,0
6093.97,0.76,0,17,0.0911,12,6,8000.0,3200.0,0,0,0,0,2,3,NORMAL,0
2587.9,0.86,0,22,0.2296,15,1,3000.0,1200.0,0,0,0,0,8,15,NORMAL,0
17188.73,5.73,1,0,0.3968,23,6,3000.0,1200.0,1,0,1,0,71,19,SUSPICIOUS,1
7140.99,0.89,0,37,0.2429,20,6,8000.0,3200.0,0,0,0,0,7,7,NORMAL,0
4217.98,2.81,1,0,0.5749,1,4,1500.0,600.0,1,0,0,0,55,18,SUSPICIOUS,1
32330.85,10.78,1,0,1.1839,10,6,3000.0,1200.0,1,1,0,0,91,95,EXTREME,1
14370.62,1.2,0,39,0.0866,19,0,12000.0,4800.0,0,0,0,0,14,10,NORMAL,0
2968.36,0.99,0,31,0.071,16,1,3000.0,1200.0,0,0,0,0,1,10,NORMAL,0
875.58,0.58,0,38,0.1404,13,3,1500.0,600.0,0,0,0,0,9,12,NORMAL,0
2321.08,0.77,0,15,0.2181,14,5,3000.0,1200.0,0,0,0,0,1,5,NORMAL,0
4320.81,0.86,0,44,0.2316,12,0,5000.0,2000.0,0,0,0,0,12,10,NORMAL,0
50308.57,10.06,1,0,0.7129,16,5,5000.0,2000.0,1,1,0,1,89,79,EXTREME,1
11789.08,0.98,0,10,0.1079,8,6,12000.0,4800.0,0,0,0,0,9,14,NORMAL,0
1023.46,0.13,0,20,0.2284,13,1,8000.0,3200.0,0,0,0,0,6,0,NORMAL,0
1384.98,0.92,0,11,0.1191,20,5,1500.0,600.0,0,0,0,0,5,1,NORMAL,0
2955.08,0.99,0,9,0.2459,17,4,3000.0,1200.0,0,0,0,0,13,4,NORMAL,0
794.06,0.53,0,27,0.1426,12,5,1500.0,600.0,0,0,0,0,12,2,NORMAL,0
5422.67,0.68,0,43,0.1335,7,0,8000.0,3200.0,0,0,0,0,3,2,NORMAL,0
69593.76,5.8,1,0,0.8695,18,3,12000.0,4800.0,1,1,0,0,88,92,EXTREME,1
2503.01,0.83,0,43,0.1876,16,4,3000.0,1200.0,0,0,0,0,4,3,NORMAL,0
8359.79,0.7,0,3,0.1227,22,0,12000.0,4800.0,0,0,0,0,3,6,NORMAL,0
2323.15,0.77,0,13,0.0411,21,6,3000.0,1200.0,0,0,1,0,10,3,NORMAL,0
2670.43,0.89,1,0,0.0939,8,0,3000.0,1200.0,0,0,0,0,3,9,NORMAL,0
47358.89,5.92,1,0,0.2993,0,4,8000.0,3200.0,0,0,1,0,9,14,SUSPICIOUS,1
4253.81,0.85,0,24,0.1673,13,5,5000.0,2000.0,0,0,0,0,3,1,NORMAL,0
4874.41,0.97,0,15,0.2411,13,4,5000.0,2000.0,0,0,0,0,11,8,NORMAL,0
2133.26,1.42,0,18,0.1202,12,3,1500.0,600.0,0,0,0,0,14,2,NORMAL,0
2453.62,0.82,0,6,0.1722,15,5,3000.0,1200.0,0,0,0,0,6,11,NORMAL,0
13168.11,1.1,0,28,0.2125,17,6,12000.0,4800.0,0,0,1,0,13,12,NORMAL,0
1727.93,1.15,0,36,0.0631,20,0,1500.0,600.0,0,0,0,0,10,2,NORMAL,0
15060.77,3.01,0,2,0.2039,14,1,5000.0,2000.0,0,0,1,0,41,3,SUSPICIOUS,1
22675.14,2.83,1,0,0.4289,4,4,8000.0,3200.0,0,0,1,0,41,5,SUSPICIOUS,1
9250.05,0.77,0,27,0.1401,11,2,12000.0,4800.0,0,0,0,0,0,4,NORMAL,0
9025.31,0.75,0,5,0.2329,18,5,12000.0,4800.0,0,0,0,0,7,13,NORMAL,0
4231.01,0.85,0,34,0.1002,20,4,5000.0,2000.0,0,0,0,0,7,9,NORMAL,0
19614.01,3.92,1,0,0.2361,1,0,5000.0,2000.0,0,0,1,0,2,43,SUSPICIOUS,1
3842.18,0.48,0,2,0.2421,20,5,8000.0,3200.0,0,0,0,0,4,15,NORMAL,0
10750.08,0.9,0,27,0.0429,13,6,12000.0,4800.0,0,0,0,0,0,13,NORMAL,0
2538.52,0.85,0,44,0.2397,8,4,3000.0,1200.0,0,0,0,0,14,5,NORMAL,0
11937.87,0.99,0,13,0.0558,11,4,12000.0,4800.0,0,0,0,0,11,1,NORMAL,0
5745.71,1.15,0,23,0.2319,14,6,5000.0,2000.0,0,0,0,0,3,9,NORMAL,0
2431.1,0.81,1,0,0.1725,19,1,3000.0,1200.0,0,0,0,0,9,1,NORMAL,0
5913.44,0.74,1,0,0.0412,21,2,8000.0,3200.0,0,0,0,0,9,11,NORMAL,0
11721.71,3.91,1,0,0.3723,3,0,3000.0,1200.0,0,1,1,0,44,71,SUSPICIOUS,1
3144.0,0.63,0,27,0.1186,18,3,5000.0,2000.0,0,0,0,0,5,8,NORMAL,0
5050.36,0.63,0,24,0.1969,7,2,8000.0,3200.0,0,0,0,0,6,3,NORMAL,0
31789.56,3.97,1,0,0.2126,3,3,8000.0,3200.0,0,1,0,0,8,71,SUSPICIOUS,1
10911.32,3.64,0,2,0.4007,14,1,3000.0,1200.0,0,0,1,0,41,4,SUSPICIOUS,1
15000.0,5.0,1,0,1.0639,13,4,3000.0,1200.0,1,1,1,1,80,83,EXTREME,1
7744.72,5.16,1,0,0.261,2,1,1500.0,600.0,0,0,0,0,42,7,SUSPICIOUS,1
2247.25,0.28,0,8,0.1872,12,1,8000.0,3200.0,0,0,0,0,4,7,NORMAL,0
2251.08,0.45,0,11,0.1295,13,0,5000.0,2000.0,0,0,0,0,1,12,NORMAL,0
9828.64,3.28,1,0,0.2245,14,5,3000.0,1200.0,0,1,0,0,42,57,SUSPICIOUS,1
1122.48,0.75,0,2,0.0509,17,1,1500.0,600.0,0,0,0,0,9,15,NORMAL,0
43829.76,5.48,1,0,1.1587,11,2,8000.0,3200.0,1,1,1,1,89,73,EXTREME,1
14431.7,1.2,0,10,0.1096,18,5,12000.0,4800.0,0,0,0,0,11,7,NORMAL,0
22442.47,2.81,1,0,0.4518,1,0,8000.0,3200.0,0,1,0,1,47,68,SUSPICIOUS,1
13843.44,1.15,0,21,0.1923,13,4,12000.0,4800.0,0,0,0,0,4,1,NORMAL,0
4290.01,0.86,0,37,0.2448,18,3,5000.0,2000.0,0,0,0,0,3,13,NORMAL,0
7939.75,0.66,0,12,0.1658,11,2,12000.0,4800.0,0,0,0,0,1,1,NORMAL,0
33860.73,4.23,1,0,0.4054,1,1,8000.0,3200.0,1,1,0,0,67,64,SUSPICIOUS,1
2378.26,0.79,1,0,0.1601,7,6,3000.0,1200.0,0,0,0,0,14,8,NORMAL,0
4362.55,0.87,0,12,0.087,14,2,5000.0,2000.0,0,0,0,0,1,4,NORMAL,0
10339.57,3.45,0,3,0.592,3,4,3000.0,1200.0,1,0,1,0,57,11,SUSPICIOUS,0
2566.09,0.51,0,28,0.2287,16,2,5000.0,2000.0,0,0,0,0,1,0,NORMAL,0
3035.48,0.61,0,3,0.1529,10,5,5000.0,2000.0,0,0,0,0,12,8,NORMAL,0
38658.68,3.22,1,0,0.3297,3,4,12000.0,4800.0,0,1,0,0,12,54,SUSPICIOUS,1
5897.18,0.74,1,0,0.0781,12,6,8000.0,3200.0,0,0,0,0,5,6,NORMAL,0
2222.96,0.74,0,3,0.1051,12,6,3000.0,1200.0,0,0,0,0,12,6,NORMAL,0
1963.72,0.65,0,43,0.2438,10,5,3000.0,1200.0,0,0,0,0,4,0,NORMAL,0
1604.85,1.07,0,2,0.2003,8,1,1500.0,600.0,0,0,0,0,7,2,NORMAL,0
12021.39,1.0,1,0,0.2429,10,4,12000.0,4800.0,0,0,0,0,10,2,NORMAL,0
14133.48,1.18,0,12,0.1046,22,1,12000.0,4800.0,0,0,0,0,7,1,NORMAL,0
11043.54,0.92,0,4,0.0616,16,0,12000.0,4800.0,0,0,1,0,13,4,NORMAL,0
11984.92,3.99,1,0,0.4621,3,5,3000.0,1200.0,0,0,1,0,42,47,SUSPICIOUS,1
3092.97,0.62,0,41,0.1101,18,0,5000.0,2000.0,0,0,0,0,1,4,NORMAL,0
8269.45,0.69,0,29,0.0715,16,4,12000.0,4800.0,0,0,0,0,9,11,NORMAL,0
74350.83,9.29,1,0,1.1463,22,6,8000.0,3200.0,1,1,1,0,82,95,EXTREME,1
3245.88,1.08,0,11,0.1073,19,3,3000.0,1200.0,0,0,0,0,15,2,NORMAL,0
5182.25,1.04,0,22,0.2489,12,6,5000.0,2000.0,0,0,0,0,12,11,NORMAL,0
7986.86,1.0,0,42,0.11,14,3,8000.0,3200.0,0,0,0,0,13,15,NORMAL,0
11870.46,0.99,0,26,0.0576,20,4,12000.0,4800.0,0,0,0,1,7,2,NORMAL,0
1196.11,0.8,0,32,0.2411,10,0,1500.0,600.0,0,0,0,0,11,11,NORMAL,0
1246.7,0.42,0,11,0.2154,20,1,3000.0,1200.0,0,0,0,0,6,7,NORMAL,0
1089.09,0.36,0,3,0.1862,20,2,3000.0,1200.0,0,0,0,0,1,3,NORMAL,0
131565.79,10.96,1,0,0.4241,11,1,12000.0,4800.0,1,1,1,0,82,77,EXTREME,1
6357.49,0.79,0,13,0.1387,11,5,8000.0,3200.0,0,0,0,0,9,15,NORMAL,0
5255.54,3.5,1,0,0.5525,0,4,1500.0,600.0,0,1,0,0,16,65,SUSPICIOUS,1
6246.37,0.78,0,18,0.233,16,5,8000.0,3200.0,0,0,0,0,7,13,NORMAL,0
1389.05,0.93,0,10,0.1961,19,4,1500.0,600.0,0,0,0,0,1,7,NORMAL,0
55413.5,4.62,1,0,0.477,19,2,12000.0,4800.0,0,0,1,0,12,5,SUSPICIOUS,1
44462.76,5.56,1,0,0.4867,2,2,8000.0,3200.0,1,1,0,1,99,94,EXTREME,1
4582.37,0.92,0,8,0.0537,7,6,5000.0,2000.0,0,0,0,0,9,6,NORMAL,0
5011.76,3.34,1,0,0.428,0,4,1500.0,600.0,0,1,1,0,15,60,SUSPICIOUS,0
4863.72,0.97,0,34,0.0809,19,5,5000.0,2000.0,0,0,0,0,11,4,NORMAL,0
45102.31,5.64,1,0,0.4009,2,0,8000.0,3200.0,1,0,1,1,59,42,SUSPICIOUS,1
8269.76,1.03,1,0,0.1715,14,1,8000.0,3200.0,0,0,0,0,4,5,NORMAL,0
11178.82,0.93,0,23,0.134,11,2,12000.0,4800.0,0,0,0,0,9,11,NORMAL,0
16688.16,11.13,1,0,1.0193,12,1,1500.0,600.0,1,1,0,0,86,89,EXTREME,1
10290.93,0.86,0,33,0.0605,7,1,12000.0,4800.0,0,0,0,0,9,2,NORMAL,0
2849.77,0.95,0,12,0.0543,18,2,3000.0,1200.0,0,0,0,0,2,2,NORMAL,0
29757.51,5.95,0,2,0.4601,2,0,5000.0,2000.0,0,1,0,0,15,58,SUSPICIOUS,1
2061.48,0.69,0,34,0.2174,17,2,3000.0,1200.0,0,0,0,0,2,13,NORMAL,0
1460.42,0.97,0,43,0.052,14,5,1500.0,600.0,0,0,0,0,0,4,NORMAL,0
3092.71,1.03,0,6,0.0868,21,5,3000.0,1200.0,0,0,0,0,2,11,NORMAL,0
3001.65,0.38,0,13,0.1937,19,6,8000.0,3200.0,0,0,0,0,13,6,NORMAL,0
4348.04,0.87,0,33,0.0847,22,0,5000.0,2000.0,0,0,1,0,8,14,NORMAL,0
7457.3,0.93,0,15,0.1072,8,4,8000.0,3200.0,0,0,0,0,12,1,NORMAL,0
47399.7,5.92,1,0,0.2846,0,6,8000.0,3200.0,0,1,1,1,8,51,SUSPICIOUS,1
8600.46,1.08,1,0,0.2235,21,6,8000.0,3200.0,0,0,0,0,13,6,NORMAL,0
1196.62,0.8,1,0,0.2293,17,6,1500.0,600.0,0,0,0,0,9,5,NORMAL,0
33313.98,4.16,1,0,0.2643,14,2,8000.0,3200.0,0,0,0,0,18,40,SUSPICIOUS,1
1912.11,0.64,1,0,0.1803,11,2,3000.0,1200.0,0,0,0,0,10,0,NORMAL,0
3089.88,1.03,0,22,0.0639,20,2,3000.0,1200.0,0,0,0,0,0,14,NORMAL,0
9693.01,1.21,0,39,0.0605,13,5,8000.0,3200.0,0,0,0,0,6,13,NORMAL,0
11033.95,0.92,0,24,0.0841,13,5,12000.0,4800.0,0,0,0,1,0,11,NORMAL,0
6068.51,1.21,0,9,0.1869,21,3,5000.0,2000.0,0,0,0,0,13,11,NORMAL,0
70910.95,5.91,1,0,0.5705,19,3,12000.0,4800.0,1,1,0,0,70,74,SUSPICIOUS,1
5230.2,0.65,0,41,0.237,10,0,8000.0,3200.0,0,0,0,0,3,2,NORMAL,0
38635.22,4.83,1,0,1.0,19,4,8000.0,3200.0,1,1,1,0,83,90,EXTREME,1
1518.11,1.01,0,28,0.0845,21,4,1500.0,600.0,0,0,0,0,12,3,NORMAL,0
1104.68,0.74,0,31,0.1267,19,0,1500.0,600.0,0,0,0,0,11,7,NORMAL,0
17879.44,3.58,0,2,0.4693,0,3,5000.0,2000.0,0,1,0,0,36,63,SUSPICIOUS,1
78477.21,6.54,1,0,0.5363,18,3,12000.0,4800.0,1,1,0,1,87,87,EXTREME,1
5159.31,0.64,0,38,0.1301,19,5,8000.0,3200.0,0,0,0,0,5,12,NORMAL,0
7978.11,1.0,0,10,0.1459,19,6,8000.0,3200.0,0,0,0,0,8,5,NORMAL,0
1402.02,0.93,1,0,0.0424,11,0,1500.0,600.0,0,0,1,0,2,12,NORMAL,0
10162.18,1.27,0,24,0.0792,14,2,8000.0,3200.0,0,0,0,0,6,7,NORMAL,0
5298.19,0.66,0,44,0.0509,9,1,8000.0,3200.0,0,0,0,0,0,3,NORMAL,0
1712.46,1.14,0,20,0.095,12,0,1500.0,600.0,0,0,0,0,2,15,NORMAL,0
2120.25,0.71,0,33,0.207,20,0,3000.0,1200.0,0,0,0,0,15,2,NORMAL,0
7017.81,1.4,0,30,0.2098,12,2,5000.0,2000.0,0,0,0,0,0,5,NORMAL,0
1163.99,0.78,0,23,0.2487,22,4,1500.0,600.0,0,0,0,0,0,5,NORMAL,0
1972.99,1.32,0,3,0.1526,11,1,1500.0,600.0,0,0,0,1,11,3,NORMAL,0
3964.96,1.32,0,10,0.0962,22,1,3000.0,1200.0,0,0,0,0,2,11,NORMAL,0
5550.42,0.69,0,33,0.1316,19,1,8000.0,3200.0,0,0,0,0,8,5,NORMAL,0
29332.75,5.87,1,0,0.5173,4,1,5000.0,2000.0,0,1,0,0,15,68,SUSPICIOUS,1
5284.81,1.06,0,40,0.1204,13,4,5000.0,2000.0,0,0,0,0,11,11,NORMAL,0
6459.63,0.81,0,4,0.2412,15,4,8000.0,3200.0,0,0,0,0,13,9,NORMAL,0
44794.64,3.73,1,0,0.272,23,3,12000.0,4800.0,0,1,0,0,11,53,SUSPICIOUS,1
14640.31,2.93,1,0,0.2044,23,1,5000.0,2000.0,1,0,1,0,55,17,SUSPICIOUS,1
8580.66,2.86,1,0,0.4432,1,4,3000.0,1200.0,0,0,1,0,13,13,SUSPICIOUS,1
5893.54,0.74,0,19,0.1285,10,3,8000.0,3200.0,0,0,0,0,5,10,NORMAL,0
1113.08,0.74,0,43,0.2045,7,3,1500.0,600.0,0,0,0,0,9,4,NORMAL,0
7541.87,0.63,0,4,0.1109,7,0,12000.0,4800.0,0,0,0,0,15,3,NORMAL,0
4850.07,0.97,0,24,0.1241,17,3,5000.0,2000.0,0,0,0,0,1,12,NORMAL,0
43762.82,5.47,0,1,0.5372,1,0,8000.0,3200.0,0,1,0,0,35,60,SUSPICIOUS,1
16084.59,5.36,1,0,0.5529,11,6,3000.0,1200.0,1,1,0,0,97,70,EXTREME,1
55332.77,11.07,1,0,0.4345,1,2,5000.0,2000.0,1,1,1,0,82,78,EXTREME,1
4069.08,0.51,0,12,0.2342,21,0,8000.0,3200.0,0,0,0,0,4,10,NORMAL,0
9242.07,1.16,0,44,0.0657,14,4,8000.0,3200.0,0,0,0,0,15,15,NORMAL,0
7964.2,1.0,0,18,0.2009,9,2,8000.0,3200.0,0,0,0,0,7,6,NORMAL,0
6055.59,0.76,1,0,0.0428,13,3,8000.0,3200.0,0,0,0,0,12,6,NORMAL,0
13466.25,1.12,0,34,0.2203,16,5,12000.0,4800.0,0,0,0,0,14,4,NORMAL,0
2183.36,0.73,0,25,0.121,21,6,3000.0,1200.0,0,0,0,0,6,12,NORMAL,0
1710.29,0.57,0,38,0.1762,11,3,3000.0,1200.0,0,0,0,0,3,3,NORMAL,0
2655.66,0.89,0,32,0.179,21,2,3000.0,1200.0,0,0,0,0,8,3,NORMAL,0
3263.12,0.41,0,27,0.1455,17,0,8000.0,3200.0,0,0,0,0,14,8,NORMAL,0
78848.1,9.86,1,0,0.7381,9,1,8000.0,3200.0,1,1,0,0,92,75,EXTREME,1
8865.93,1.11,0,8,0.183,14,0,8000.0,3200.0,0,0,0,0,7,3,NORMAL,0
16678.42,3.34,1,0,0.3102,14,3,5000.0,2000.0,0,0,0,1,49,8,SUSPICIOUS,1
4006.32,0.8,0,20,0.1941,10,1,5000.0,2000.0,0,0,0,0,15,9,NORMAL,0
10808.68,3.6,1,0,0.2749,19,1,3000.0,1200.0,0,0,1,0,15,41,SUSPICIOUS,1
858.22,0.57,0,2,0.1647,22,4,1500.0,600.0,0,0,0,0,0,15,NORMAL,0
1255.63,0.84,0,38,0.1828,16,6,1500.0,600.0,0,0,0,0,7,5,NORMAL,0
5349.16,3.57,1,0,0.381,23,4,1500.0,600.0,1,1,1,0,66,69,SUSPICIOUS,1
6326.57,1.27,0,44,0.22,22,0,5000.0,2000.0,0,0,0,0,8,0,NORMAL,0
14423.35,4.81,1,0,0.3991,3,4,3000.0,1200.0,0,0,1,0,13,45,SUSPICIOUS,1
1103.59,0.74,0,42,0.1825,21,4,1500.0,600.0,0,0,0,0,5,8,NORMAL,0
4744.14,0.95,0,28,0.2385,15,2,5000.0,2000.0,0,0,0,0,6,1,NORMAL,0
8479.69,0.71,0,31,0.159,18,2,12000.0,4800.0,0,0,0,0,3,0,NORMAL,0
75579.08,9.45,1,0,0.8185,9,4,8000.0,3200.0,1,1,1,0,97,91,EXTREME,1
1237.44,0.82,0,2,0.1353,13,2,1500.0,600.0,0,0,0,1,3,1,NORMAL,0
3995.41,0.8,0,2,0.0505,11,2,5000.0,2000.0,0,0,0,0,9,4,NORMAL,0
2380.14,0.79,0,14,0.1307,9,2,3000.0,1200.0,0,0,0,0,7,1,NORMAL,0
7534.73,0.94,0,8,0.2275,16,4,8000.0,3200.0,0,0,0,0,9,5,NORMAL,0
26576.65,5.32,1,0,0.5071,4,1,5000.0,2000.0,0,0,1,0,47,45,SUSPICIOUS,1
5747.84,0.72,0,26,0.2043,20,0,8000.0,3200.0,0,0,0,0,4,14,NORMAL,0
4232.48,0.85,0,29,0.138,20,3,5000.0,2000.0,0,0,0,0,0,0,NORMAL,0
26765.01,8.92,1,0,0.6419,7,4,3000.0,1200.0,1,1,1,0,96,81,EXTREME,1
2927.28,0.24,0,5,0.1986,19,1,12000.0,4800.0,0,0,0,0,12,0,NORMAL,0
12852.14,1.07,0,5,0.0578,15,6,12000.0,4800.0,0,0,0,0,3,10,NORMAL,0
50221.65,4.19,1,0,0.2243,0,5,12000.0,4800.0,0,1,1,0,44,71,SUSPICIOUS,1
2735.31,0.91,0,21,0.191,7,6,3000.0,1200.0,0,0,0,1,15,6,NORMAL,0
10461.99,0.87,0,35,0.0603,13,0,12000.0,4800.0,0,0,0,0,15,0,NORMAL,0
17112.53,11.41,1,0,0.6399,15,1,1500.0,600.0,1,1,1,0,87,87,EXTREME,1
3674.91,0.46,0,41,0.0659,11,5,8000.0,3200.0,0,0,0,0,0,5,NORMAL,0
9293.14,3.1,1,0,0.4187,19,3,3000.0,1200.0,0,0,0,0,41,15,SUSPICIOUS,1
15000.0,10.0,1,0,1.0508,4,0,1500.0,600.0,1,1,1,1,89,84,EXTREME,1
8612.84,0.72,0,43,0.1766,21,0,12000.0,4800.0,0,0,0,0,11,4,NORMAL,0
4616.95,0.92,1,0,0.0732,13,2,5000.0,2000.0,0,0,0,0,12,2,NORMAL,0
6130.25,0.51,0,10,0.0985,16,3,12000.0,4800.0,0,0,0,0,2,15,NORMAL,0
25824.93,8.61,1,0,1.1419,21,4,3000.0,1200.0,1,1,0,0,88,74,EXTREME,1
7774.74,0.65,0,41,0.2143,9,0,12000.0,4800.0,0,0,0,0,0,5,NORMAL,0
6169.47,0.77,0,32,0.108,14,6,8000.0,3200.0,0,0,0,0,7,3,NORMAL,0
8065.92,1.01,0,28,0.2337,8,4,8000.0,3200.0,0,0,1,0,8,3,NORMAL,0
5900.85,0.74,0,40,0.1726,7,1,8000.0,3200.0,0,0,0,0,10,3,NORMAL,0
9313.38,0.78,0,14,0.093,21,5,12000.0,4800.0,0,0,0,0,9,7,NORMAL,0
63964.23,5.33,1,0,0.4328,1,1,12000.0,4800.0,0,0,0,0,43,11,SUSPICIOUS,1
1332.12,0.89,0,45,0.1933,22,1,1500.0,600.0,0,0,0,0,6,15,NORMAL,0
6983.58,0.58,0,6,0.1322,19,6,12000.0,4800.0,0,0,0,0,2,2,NORMAL,0
179.49,0.12,0,16,0.0508,17,0,1500.0,600.0,0,0,0,0,7,9,NORMAL,0
22718.11,4.54,1,0,1.0972,9,0,5000.0,2000.0,1,1,1,0,97,88,EXTREME,1
51001.97,4.25,1,0,0.2227,1,4,12000.0,4800.0,1,0,1,0,51,1,SUSPICIOUS,1
1296.33,0.26,0,5,0.0693,17,6,5000.0,2000.0,0,0,0,0,1,7,NORMAL,0
7170.81,0.6,0,4,0.1126,9,3,12000.0,4800.0,0,0,0,0,2,15,NORMAL,0
1282.8,0.86,0,33,0.1466,18,3,1500.0,600.0,0,0,0,0,15,9,NORMAL,0
7725.15,2.58,1,0,0.5094,3,4,3000.0,1200.0,0,0,0,1,12,0,SUSPICIOUS,0
2004.0,0.67,0,29,0.1554,10,3,3000.0,1200.0,0,0,0,0,3,11,NORMAL,0
1039.32,0.69,0,7,0.1636,14,3,1500.0,600.0,0,0,0,0,1,0,NORMAL,0
1500.93,1.0,1,0,0.0666,12,2,1500.0,600.0,0,0,0,0,1,10,NORMAL,0
3421.45,1.14,0,10,0.1673,22,5,3000.0,1200.0,0,0,0,0,3,2,NORMAL,0
1973.73,0.66,0,24,0.2285,14,3,3000.0,1200.0,0,0,0,0,9,11,NORMAL,0
2279.64,0.76,0,19,0.107,10,0,3000.0,1200.0,0,0,0,0,11,13,NORMAL,0
4889.27,0.98,1,0,0.2315,14,2,5000.0,2000.0,0,0,0,0,6,3,NORMAL,0
15000.0,5.0,1,0,0.5881,14,5,3000.0,1200.0,1,1,1,0,94,73,EXTREME,1
17364.43,3.47,1,0,0.5309,1,0,5000.0,2000.0,1,0,0,0,74,41,SUSPICIOUS,1
1252.11,0.83,0,26,0.0787,20,4,1500.0,600.0,0,0,1,0,1,9,NORMAL,0
16920.65,11.28,1,0,1.0036,10,6,1500.0,600.0,1,1,0,1,88,95,EXTREME,1
999.05,0.67,0,41,0.1312,20,6,1500.0,600.0,0,0,0,0,1,3,NORMAL,0
4623.44,0.92,0,36,0.1373,15,1,5000.0,2000.0,0,0,0,0,12,14,NORMAL,0
17030.98,5.68,1,0,0.473,4,0,3000.0,1200.0,0,1,0,0,17,76,SUSPICIOUS,1
3310.26,0.66,0,18,0.2043,7,0,5000.0,2000.0,0,0,0,0,9,10,NORMAL,0
32956.28,4.12,1,0,0.3866,23,3,8000.0,3200.0,0,0,0,1,17,43,SUSPICIOUS,1
100939.0,8.41,1,0,1.1626,14,1,12000.0,4800.0,1,1,0,1,88,94,EXTREME,1
3138.46,0.39,0,42,0.0766,8,1,8000.0,3200.0,0,0,0,0,3,1,NORMAL,0
36236.94,4.53,1,0,0.4869,0,5,8000.0,3200.0,0,1,0,1,8,62,SUSPICIOUS,1
2700.49,0.9,0,6,0.1465,10,4,3000.0,1200.0,0,0,0,0,2,7,NORMAL,0
5905.36,0.74,1,0,0.1296,16,1,8000.0,3200.0,0,0,0,0,0,10,NORMAL,0
89433.1,11.18,1,0,0.6998,9,4,8000.0,3200.0,1,1,1,1,80,75,EXTREME,1
3510.76,1.17,0,3,0.0623,13,6,3000.0,1200.0,0,0,0,0,10,11,NORMAL,0
13147.72,1.1,1,0,0.1925,19,6,12000.0,4800.0,0,0,0,0,2,2,NORMAL,0
12169.08,1.01,0,38,0.1724,20,4,12000.0,4800.0,0,0,0,0,3,1,NORMAL,0
48522.73,4.04,1,0,0.5344,4,1,12000.0,4800.0,1,1,0,1,58,60,SUSPICIOUS,1
22680.18,7.56,1,0,1.1661,13,2,3000.0,1200.0,1,1,0,1,82,81,EXTREME,1
3566.87,0.71,0,40,0.0884,20,1,5000.0,2000.0,0,0,0,0,4,7,NORMAL,0
57967.91,4.83,1,0,0.5183,23,2,12000.0,4800.0,1,0,0,0,61,49,SUSPICIOUS,1
2163.21,0.72,0,31,0.0433,10,3,3000.0,1200.0,0,0,0,0,8,15,NORMAL,0
2048.45,1.37,0,3,0.1849,9,1,1500.0,600.0,0,0,0,0,12,13,NORMAL,0
6997.4,0.58,0,20,0.065,17,4,12000.0,4800.0,0,0,0,0,3,1,NORMAL,0
45498.88,5.69,1,0,0.4963,14,2,8000.0,3200.0,0,0,0,0,4,18,SUSPICIOUS,1
4549.35,3.03,1,0,0.4372,19,3,1500.0,600.0,0,1,1,0,46,77,SUSPICIOUS,1
2490.27,0.83,0,23,0.0501,20,2,3000.0,1200.0,0,0,0,0,10,12,NORMAL,0
15000.0,5.0,1,0,1.156,23,1,3000.0,1200.0,1,1,1,0,93,86,EXTREME,1
4815.46,0.96,1,0,0.0998,10,2,5000.0,2000.0,0,0,0,0,8,15,NORMAL,0
2763.74,0.55,0,18,0.2476,10,1,5000.0,2000.0,0,0,0,0,8,4,NORMAL,0
9434.24,0.79,0,3,0.1657,8,4,12000.0,4800.0,0,0,0,0,6,0,NORMAL,0
6491.15,1.3,0,38,0.1296,21,4,5000.0,2000.0,0,0,0,0,4,14,NORMAL,0
6083.13,4.06,1,0,0.3052,2,2,1500.0,600.0,0,0,0,1,3,2,SUSPICIOUS,1
1358.98,0.91,0,34,0.1104,21,5,1500.0,600.0,0,0,0,0,2,10,NORMAL,0
8644.93,5.76,0,2,0.2762,0,5,1500.0,600.0,0,1,0,1,7,64,SUSPICIOUS,1
2753.23,0.92,0,11,0.1417,12,5,3000.0,1200.0,0,0,0,0,15,9,NORMAL,0
1389.07,0.93,0,15,0.0407,9,3,1500.0,600.0,0,0,1,0,6,5,NORMAL,0
45972.19,3.83,1,0,0.4551,19,4,12000.0,4800.0,0,0,0,0,5,7,SUSPICIOUS,1
9434.23,1.18,0,27,0.1655,22,2,8000.0,3200.0,0,0,0,0,3,7,NORMAL,0
4102.41,0.82,0,30,0.1083,20,0,5000.0,2000.0,0,0,0,0,5,14,NORMAL,0
5871.24,1.17,0,10,0.2025,22,6,5000.0,2000.0,0,0,0,1,15,13,NORMAL,0
4221.41,0.84,0,28,0.0528,17,2,5000.0,2000.0,0,0,0,0,10,13,NORMAL,0
8481.24,1.06,0,5,0.0963,14,2,8000.0,3200.0,0,0,0,0,1,9,NORMAL,0
2960.05,0.99,0,42,0.0632,17,1,3000.0,1200.0,0,0,0,0,0,0,NORMAL,0
3760.3,0.75,0,37,0.0533,8,4,5000.0,2000.0,0,0,0,0,6,11,NORMAL,0
7432.77,0.62,0,16,0.1009,12,2,12000.0,4800.0,0,0,0,0,10,13,NORMAL,0
3939.39,2.63,1,0,0.5761,1,4,1500.0,600.0,1,1,1,1,66,58,SUSPICIOUS,1
1411.16,0.47,1,0,0.1975,19,5,3000.0,1200.0,0,0,0,0,12,4,NORMAL,0
4151.77,2.77,1,0,0.4814,14,0,1500.0,600.0,1,0,1,0,69,4,SUSPICIOUS,1
9287.71,1.16,0,40,0.2205,17,3,8000.0,3200.0,0,0,0,0,0,9,NORMAL,0
58770.5,11.75,1,0,0.861,12,2,5000.0,2000.0,1,1,1,0,93,72,EXTREME,1
4715.54,0.94,0,36,0.1464,19,0,5000.0,2000.0,0,0,0,0,15,12,NORMAL,0
978.73,0.65,0,38,0.2448,19,6,1500.0,600.0,0,0,0,0,7,14,NORMAL,0
3747.42,0.75,0,42,0.2449,10,4,5000.0,2000.0,0,0,0,0,5,6,NORMAL,0
8380.83,2.79,1,0,0.5352,3,0,3000.0,1200.0,0,1,0,1,8,61,SUSPICIOUS,1
11772.79,0.98,0,2,0.0963,13,6,12000.0,4800.0,0,0,0,0,15,15,NORMAL,0
4407.97,0.88,0,32,0.148,9,0,5000.0,2000.0,0,0,0,0,13,2,NORMAL,0
4004.2,1.33,0,9,0.0749,21,6,3000.0,1200.0,0,0,0,0,3,1,NORMAL,0
11741.72,0.98,0,37,0.1278,7,2,12000.0,4800.0,0,0,0,0,3,13,NORMAL,0
21643.4,4.33,1,0,0.3487,2,1,5000.0,2000.0,0,0,0,0,48,11,SUSPICIOUS,1
25897.28,3.24,1,0,0.4987,2,1,8000.0,3200.0,1,1,1,0,65,66,SUSPICIOUS,1
5387.16,3.59,1,0,0.4776,19,2,1500.0,600.0,1,1,1,0,74,50,SUSPICIOUS,1
2684.69,0.89,0,2,0.2349,15,2,3000.0,1200.0,0,0,0,0,13,9,NORMAL,0
4590.87,0.92,0,43,0.1785,9,4,5000.0,2000.0,0,0,0,0,4,3,NORMAL,0
5062.98,1.01,0,10,0.2073,19,2,5000.0,2000.0,0,0,0,1,8,15,NORMAL,0
1271.34,0.42,0,7,0.2352,11,1,3000.0,1200.0,0,0,0,0,5,15,NORMAL,0
4469.12,2.98,0,2,0.4659,23,2,1500.0,600.0,0,1,0,0,42,65,SUSPICIOUS,1
2246.02,0.28,0,35,0.1066,9,4,8000.0,3200.0,0,0,0,0,6,5,NORMAL,0
2148.5,0.72,0,37,0.1327,15,5,3000.0,1200.0,0,0,0,0,3,13,NORMAL,0
27469.02,5.49,0,2,0.4914,3,4,5000.0,2000.0,0,1,0,0,47,51,SUSPICIOUS,1
22609.93,7.54,1,0,0.8208,0,4,3000.0,1200.0,1,1,1,1,89,80,EXTREME,1
4136.83,0.83,0,2,0.1674,8,5,5000.0,2000.0,0,0,0,0,8,15,NORMAL,0
17298.04,3.46,1,0,0.4289,0,6,5000.0,2000.0,0,0,0,1,15,20,SUSPICIOUS,0
10787.93,0.9,0,4,0.1176,11,5,12000.0,4800.0,0,0,0,0,5,4,NORMAL,0
4044.25,2.7,1,0,0.2249,1,6,1500.0,600.0,0,0,1,0,47,0,SUSPICIOUS,0
2787.73,0.93,0,39,0.1916,18,4,3000.0,1200.0,0,0,0,0,0,12,NORMAL,0
15000.0,10.0,1,0,1.06,16,1,1500.0,600.0,1,1,1,1,88,72,EXTREME,1
38344.7,3.2,1,0,0.2692,0,2,12000.0,4800.0,1,1,0,0,57,69,SUSPICIOUS,1
8592.11,0.72,0,7,0.0644,9,1,12000.0,4800.0,0,0,0,0,2,5,NORMAL,0
7775.29,5.18,0,1,0.4552,19,0,1500.0,600.0,0,1,0,0,7,52,SUSPICIOUS,1
5260.07,1.05,1,0,0.1882,12,2,5000.0,2000.0,0,0,0,0,4,10,NORMAL,0
27962.45,5.59,1,0,0.318,19,2,5000.0,2000.0,1,1,0,0,57,62,SUSPICIOUS,1
2382.4,0.79,1,0,0.2153,19,1,3000.0,1200.0,0,0,0,0,6,13,NORMAL,0
3813.35,0.76,0,34,0.1558,15,0,5000.0,2000.0,0,0,0,0,6,8,NORMAL,0
1574.98,1.05,0,42,0.0791,11,3,1500.0,600.0,0,0,0,0,10,11,NORMAL,0
668.88,0.45,0,8,0.1722,7,1,1500.0,600.0,0,0,0,0,13,15,NORMAL,0
1631.37,1.09,0,24,0.1043,21,4,1500.0,600.0,0,0,0,0,5,0,NORMAL,0
54190.54,4.52,1,0,0.3597,3,2,12000.0,4800.0,0,1,1,0,19,65,SUSPICIOUS,1
3832.96,1.28,0,34,0.0626,20,6,3000.0,1200.0,0,0,0,0,8,12,NORMAL,0
3100.73,1.03,0,40,0.2427,13,4,3000.0,1200.0,0,0,0,0,4,4,NORMAL,0
1031.5,0.69,0,21,0.2065,11,6,1500.0,600.0,0,0,0,0,11,14,NORMAL,0
1999.66,0.67,0,13,0.1033,9,1,3000.0,1200.0,0,0,0,0,7,6,NORMAL,0
14689.49,4.9,0,2,0.202,2,2,3000.0,1200.0,1,0,0,0,70,6,SUSPICIOUS,1
6872.13,0.86,0,8,0.1214,17,6,8000.0,3200.0,0,0,0,0,4,12,NORMAL,0
8750.4,1.09,0,36,0.055,22,5,8000.0,3200.0,0,0,0,0,0,7,NORMAL,0
11375.89,3.79,1,0,0.5293,14,0,3000.0,1200.0,0,0,1,0,4,42,SUSPICIOUS,1
4876.37,0.98,0,13,0.1294,16,2,5000.0,2000.0,0,0,1,0,12,15,NORMAL,0
3179.94,0.4,0,27,0.1833,10,3,8000.0,3200.0,0,0,0,0,2,11,NORMAL,0
5424.13,0.68,0,2,0.0738,11,4,8000.0,3200.0,0,0,1,0,12,14,NORMAL,0
31828.8,3.98,1,0,0.37,1,4,8000.0,3200.0,0,1,0,0,14,70,SUSPICIOUS,1
4078.19,0.82,0,13,0.246,19,6,5000.0,2000.0,0,0,1,0,2,4,NORMAL,0
13058.62,1.09,0,34,0.2107,21,3,12000.0,4800.0,0,0,0,0,1,14,NORMAL,0
10079.93,1.26,0,5,0.2267,18,2,8000.0,3200.0,0,0,0,0,13,10,NORMAL,0
1553.3,1.04,0,13,0.1016,20,0,1500.0,600.0,0,0,0,0,14,10,NORMAL,0
1182.73,0.79,0,4,0.1516,19,1,1500.0,600.0,0,0,0,0,5,2,NORMAL,0
1917.57,0.64,0,29,0.2275,18,3,3000.0,1200.0,0,0,1,0,7,14,NORMAL,0
1321.2,0.88,0,42,0.2106,10,3,1500.0,600.0,0,0,0,0,2,10,NORMAL,0
31220.71,3.9,1,0,0.4987,1,6,8000.0,3200.0,0,0,1,0,3,18,SUSPICIOUS,1
11854.46,0.99,0,17,0.1858,8,2,12000.0,4800.0,0,0,0,0,15,6,NORMAL,0
2470.85,0.82,0,44,0.0496,19,1,3000.0,1200.0,0,0,1,0,9,8,NORMAL,0
6431.29,0.8,0,19,0.0961,17,0,8000.0,3200.0,0,0,1,0,7,7,NORMAL,0
1192.43,0.79,0,40,0.2137,20,5,1500.0,600.0,0,0,0,0,10,12,NORMAL,0
1665.18,0.33,0,24,0.2128,11,3,5000.0,2000.0,0,0,0,0,15,6,NORMAL,0
5011.33,0.63,0,4,0.1787,9,5,8000.0,3200.0,0,0,0,0,15,11,NORMAL,0
8191.77,0.68,0,20,0.1977,21,5,12000.0,4800.0,0,0,0,0,14,0,NORMAL,0
13453.44,1.12,0,29,0.1272,7,6,12000.0,4800.0,0,0,0,0,9,15,NORMAL,0
8467.41,0.71,0,40,0.2393,10,0,12000.0,4800.0,0,0,0,0,12,6,NORMAL,0
4721.69,0.94,0,12,0.201,19,4,5000.0,2000.0,0,0,0,0,13,11,NORMAL,0
9658.53,0.8,0,25,0.1724,17,4,12000.0,4800.0,0,0,0,0,12,7,NORMAL,0
5027.56,0.63,0,30,0.073,12,3,8000.0,3200.0,0,0,0,0,9,0,NORMAL,0
7337.32,0.92,0,45,0.2305,19,4,8000.0,3200.0,0,0,0,0,13,13,NORMAL,0
10144.33,0.85,0,41,0.1702,9,4,12000.0,4800.0,0,0,0,0,13,0,NORMAL,0
56270.8,4.69,1,0,0.5807,0,5,12000.0,4800.0,0,1,0,0,20,72,SUSPICIOUS,1
22986.45,7.66,1,0,0.9784,7,1,3000.0,1200.0,1,1,0,1,95,92,EXTREME,1
5595.18,1.12,1,0,0.0465,21,3,5000.0,2000.0,0,0,0,0,7,14,NORMAL,0
4044.6,0.51,0,9,0.2088,17,6,8000.0,3200.0,0,0,0,0,5,7,NORMAL,0
578.25,0.39,0,45,0.1821,22,6,1500.0,600.0,0,0,0,0,12,2,NORMAL,0
59614.27,4.97,1,0,1.0213,20,4,12000.0,4800.0,1,1,1,0,80,84,EXTREME,1
26704.09,5.34,0,3,0.5075,23,3,5000.0,2000.0,0,0,0,1,16,14,SUSPICIOUS,1
3240.94,1.08,0,39,0.1983,10,5,3000.0,1200.0,0,0,0,0,5,11,NORMAL,0
31093.27,10.36,1,0,0.5681,3,2,3000.0,1200.0,1,1,1,0,100,92,EXTREME,1
41070.07,5.13,0,2,0.3181,19,2,8000.0,3200.0,0,1,1,1,8,78,SUSPICIOUS,1
8572.88,0.71,0,16,0.2248,18,5,12000.0,4800.0,0,0,0,0,9,9,NORMAL,0
4431.08,0.89,0,30,0.1814,11,5,5000.0,2000.0,0,0,0,0,4,4,NORMAL,0
3481.53,0.7,0,3,0.2187,16,1,5000.0,2000.0,0,0,0,0,0,8,NORMAL,0
7703.12,0.64,0,41,0.229,18,5,12000.0,4800.0,0,0,0,0,4,10,NORMAL,0
2381.7,0.3,0,35,0.1412,22,3,8000.0,3200.0,0,0,0,0,0,2,NORMAL,0
3691.05,1.23,0,40,0.2034,10,5,3000.0,1200.0,0,0,0,0,6,11,NORMAL,0
1090.9,0.73,0,35,0.2286,13,2,1500.0,600.0,0,0,0,0,1,12,NORMAL,0
11735.77,0.98,1,0,0.1562,9,6,12000.0,4800.0,0,0,0,0,1,14,NORMAL,0
4039.61,0.81,0,13,0.1848,14,1,5000.0,2000.0,0,0,1,0,14,5,NORMAL,0
13728.53,1.14,0,14,0.194,9,1,12000.0,4800.0,0,0,0,0,9,1,NORMAL,0
4998.05,0.42,0,8,0.1528,8,2,12000.0,4800.0,0,0,0,0,2,6,NORMAL,0
7213.45,0.9,0,36,0.1638,22,2,8000.0,3200.0,0,0,0,0,0,13,NORMAL,0
41767.08,5.22,1,0,0.5223,19,0,8000.0,3200.0,1,0,0,0,61,15,SUSPICIOUS,1
34397.61,4.3,0,2,0.3057,3,2,8000.0,3200.0,1,1,0,0,70,80,SUSPICIOUS,1
3119.2,1.04,0,22,0.2276,22,3,3000.0,1200.0,0,0,0,0,5,5,NORMAL,0
23782.72,4.76,1,0,1.0896,10,5,5000.0,2000.0,1,1,1,1,97,75,EXTREME,1
1692.21,0.56,0,34,0.1041,22,0,3000.0,1200.0,0,0,0,0,9,6,NORMAL,0
2631.42,0.88,0,27,0.205,12,4,3000.0,1200.0,0,0,0,0,5,10,NORMAL,0
9814.39,0.82,0,19,0.088,15,3,12000.0,4800.0,0,0,0,0,9,11,NORMAL,0
1897.69,0.38,0,22,0.1344,20,4,5000.0,2000.0,0,0,1,0,12,13,NORMAL,0
1334.95,0.89,0,24,0.1756,11,3,1500.0,600.0,0,0,0,0,8,0,NORMAL,0
2965.41,0.59,0,25,0.045,20,6,5000.0,2000.0,0,0,0,0,12,10,NORMAL,0
13984.34,4.66,1,0,0.3096,1,1,3000.0,1200.0,1,0,0,0,65,18,SUSPICIOUS,1
1451.62,0.97,0,26,0.1844,22,1,1500.0,600.0,0,0,0,0,8,12,NORMAL,0
5307.0,1.06,0,25,0.132,16,0,5000.0,2000.0,0,0,0,0,15,4,NORMAL,0
4912.3,0.61,0,11,0.1639,13,4,8000.0,3200.0,0,0,0,0,2,14,NORMAL,0
22241.8,4.45,0,3,0.2087,1,6,5000.0,2000.0,0,0,0,0,10,11,SUSPICIOUS,1
1729.06,0.58,0,31,0.0878,18,2,3000.0,1200.0,0,0,0,0,6,8,NORMAL,0
4486.42,2.99,1,0,0.3709,19,6,1500.0,600.0,1,1,0,0,68,72,SUSPICIOUS,1
8788.89,5.86,0,2,0.5161,19,2,1500.0,600.0,1,0,0,0,75,44,SUSPICIOUS,1
6541.75,4.36,0,1,0.4296,19,4,1500.0,600.0,0,0,0,0,6,13,SUSPICIOUS,1
27610.65,9.2,1,0,0.4584,20,4,3000.0,1200.0,1,1,0,0,90,84,EXTREME,1
8386.98,1.05,0,27,0.1607,7,4,8000.0,3200.0,0,0,1,0,12,0,NORMAL,0
1238.6,0.41,0,16,0.1627,17,4,3000.0,1200.0,0,0,0,0,14,6,NORMAL,0
5540.68,1.11,0,38,0.072,11,1,5000.0,2000.0,0,0,0,0,9,5,NORMAL,0
1697.51,1.13,0,36,0.1132,9,2,1500.0,600.0,0,0,0,0,10,7,NORMAL,0
1720.72,0.57,0,19,0.0889,13,6,3000.0,1200.0,0,0,0,0,11,0,NORMAL,0
23447.08,2.93,0,1,0.3776,3,3,8000.0,3200.0,1,1,0,0,63,53,SUSPICIOUS,1
1194.4,0.8,1,0,0.0768,10,1,1500.0,600.0,0,0,0,0,6,3,NORMAL,0
4311.97,0.86,0,22,0.1272,13,0,5000.0,2000.0,0,0,0,0,11,15,NORMAL,0
6477.31,0.81,1,0,0.1198,20,3,8000.0,3200.0,0,0,0,0,3,11,NORMAL,0
1218.52,0.81,0,43,0.1031,9,5,1500.0,600.0,0,0,1,0,12,15,NORMAL,0
3357.81,0.67,1,0,0.218,12,4,5000.0,2000.0,0,0,0,0,0,4,NORMAL,0
3542.22,0.44,0,5,0.1652,13,6,8000.0,3200.0,0,0,0,0,9,11,NORMAL,0
9344.97,1.17,0,35,0.2427,12,2,8000.0,3200.0,0,0,1,0,3,5,NORMAL,0
72020.0,9.0,1,0,1.1272,8,4,8000.0,3200.0,1,1,0,1,90,70,EXTREME,1
5180.79,0.65,1,0,0.2231,20,0,8000.0,3200.0,0,0,0,1,12,5,NORMAL,0
2868.05,0.96,1,0,0.2475,10,3,3000.0,1200.0,0,0,0,0,14,13,NORMAL,0
2959.71,0.99,0,42,0.0402,22,3,3000.0,1200.0,0,0,0,0,8,4,NORMAL,0
10219.27,0.85,0,8,0.1403,13,1,12000.0,4800.0,0,0,0,0,7,4,NORMAL,0
1241.86,0.83,0,27,0.0993,10,1,1500.0,600.0,0,0,0,0,7,8,NORMAL,0
3787.49,0.76,0,31,0.1804,15,6,5000.0,2000.0,0,0,0,0,4,10,NORMAL,0
9423.61,0.79,0,4,0.1971,19,5,12000.0,4800.0,0,0,0,1,1,6,NORMAL,0
1874.49,1.25,0,17,0.074,17,0,1500.0,600.0,0,0,0,0,15,15,NORMAL,0
86943.06,7.25,1,0,1.1942,14,4,12000.0,4800.0,1,1,1,0,88,87,EXTREME,1
9919.7,0.83,0,23,0.2493,12,2,12000.0,4800.0,0,0,0,0,10,15,NORMAL,0
7257.07,4.84,1,0,0.4076,1,6,1500.0,600.0,0,0,1,0,36,4,SUSPICIOUS,1
1360.87,0.91,0,20,0.0665,18,2,1500.0,600.0,0,0,0,0,14,13,NORMAL,0
37669.72,3.14,0,3,0.278,3,6,12000.0,4800.0,1,0,0,0,57,49,SUSPICIOUS,1
82814.99,6.9,1,0,0.5843,16,1,12000.0,4800.0,1,1,1,1,91,75,EXTREME,1
9878.09,0.82,0,11,0.1536,20,6,12000.0,4800.0,0,0,1,0,6,8,NORMAL,0
7695.43,0.96,0,35,0.2441,22,3,8000.0,3200.0,0,0,0,0,10,4,NORMAL,0
827.28,0.55,0,37,0.1803,13,5,1500.0,600.0,0,0,0,0,2,1,NORMAL,0
7085.89,0.89,0,17,0.1222,12,5,8000.0,3200.0,0,0,0,0,13,12,NORMAL,0
5047.56,1.01,1,0,0.2423,15,1,5000.0,2000.0,0,0,0,0,12,3,NORMAL,0
2925.63,0.98,0,11,0.1812,17,0,3000.0,1200.0,0,0,0,0,3,9,NORMAL,0
7836.65,0.65,0,44,0.132,10,4,12000.0,4800.0,0,0,0,0,14,4,NORMAL,0
3473.94,0.69,0,4,0.1201,15,0,5000.0,2000.0,0,0,0,0,14,13,NORMAL,0
2841.4,0.36,0,16,0.1498,9,5,8000.0,3200.0,0,0,0,0,11,7,NORMAL,0
8295.82,1.04,0,42,0.0621,15,6,8000.0,3200.0,0,0,0,0,8,8,NORMAL,0
6842.6,1.37,0,7,0.0427,22,1,5000.0,2000.0,0,0,0,0,15,7,NORMAL,0
930.23,0.62,0,33,0.1577,19,4,1500.0,600.0,0,0,0,0,12,1,NORMAL,0
1687.86,1.13,0,9,0.243,14,2,1500.0,600.0,0,0,0,0,13,12,NORMAL,0
10716.69,1.34,0,38,0.2213,8,3,8000.0,3200.0,0,0,0,0,13,0,NORMAL,0
3668.36,0.73,1,0,0.2333,7,5,5000.0,2000.0,0,0,0,0,14,8,NORMAL,0
4117.56,0.82,0,17,0.0981,8,2,5000.0,2000.0,0,0,0,0,14,8,NORMAL,0
10961.22,0.91,0,37,0.1761,19,6,12000.0,4800.0,0,0,0,0,11,5,NORMAL,0
4834.62,0.97,0,36,0.1954,14,2,5000.0,2000.0,0,0,0,0,9,3,NORMAL,0
28761.88,3.6,1,0,0.2745,14,1,8000.0,3200.0,1,1,0,0,66,68,SUSPICIOUS,1
2278.68,0.76,0,9,0.0799,16,4,3000.0,1200.0,0,0,0,0,9,5,NORMAL,0
8480.32,2.83,1,0,0.5659,14,6,3000.0,1200.0,1,1,1,0,56,65,SUSPICIOUS,1
4600.15,0.92,0,7,0.108,14,3,5000.0,2000.0,0,0,0,0,1,7,NORMAL,0
12961.29,2.59,1,0,0.478,3,1,5000.0,2000.0,0,0,1,0,14,6,SUSPICIOUS,0
94394.24,7.87,1,0,0.7512,17,4,12000.0,4800.0,1,1,1,0,98,76,EXTREME,1
11331.3,0.94,0,38,0.2266,19,5,12000.0,4800.0,0,0,0,0,8,11,NORMAL,0
4213.42,0.84,0,17,0.1072,18,0,5000.0,2000.0,0,0,0,0,4,10,NORMAL,0
15853.35,5.28,1,0,0.2386,19,4,3000.0,1200.0,1,1,0,0,73,62,SUSPICIOUS,1
5855.83,0.49,0,16,0.1377,8,3,12000.0,4800.0,0,0,0,0,14,15,NORMAL,0
1917.94,0.64,1,0,0.1342,8,2,3000.0,1200.0,0,0,0,0,15,4,NORMAL,0
22470.69,4.49,0,3,0.211,19,3,5000.0,2000.0,0,0,0,0,4,6,SUSPICIOUS,1
1580.41,0.32,0,38,0.2077,20,1,5000.0,2000.0,0,0,0,0,10,0,NORMAL,0
8172.19,1.63,0,6,0.1689,20,5,5000.0,2000.0,0,0,0,0,5,6,NORMAL,0
16275.26,5.43,1,0,0.5715,1,2,3000.0,1200.0,1,1,0,0,60,64,SUSPICIOUS,1
40864.61,5.11,1,0,0.6746,3,2,8000.0,3200.0,1,1,0,0,91,75,EXTREME,1
7842.24,0.98,1,0,0.0947,13,1,8000.0,3200.0,0,0,0,0,11,2,NORMAL,0
12135.65,1.01,0,40,0.0528,8,5,12000.0,4800.0,0,0,0,0,11,3,NORMAL,0
49207.53,4.1,1,0,0.6615,9,0,12000.0,4800.0,1,1,1,1,98,88,EXTREME,1
3424.35,1.14,0,41,0.1446,13,2,3000.0,1200.0,0,0,0,0,3,4,NORMAL,0
39778.29,4.97,0,1,0.4029,19,0,8000.0,3200.0,0,0,0,0,17,3,SUSPICIOUS,1
3994.43,0.8,0,45,0.0779,12,0,5000.0,2000.0,0,0,0,0,15,6,NORMAL,0
28911.82,5.78,0,3,0.5327,19,0,5000.0,2000.0,0,1,1,0,2,63,SUSPICIOUS,1
11466.49,1.43,0,27,0.0487,8,3,8000.0,3200.0,0,0,0,0,3,2,NORMAL,0
102047.68,8.5,1,0,0.9618,16,3,12000.0,4800.0,1,1,1,1,97,90,EXTREME,1
7184.57,0.9,0,20,0.2383,20,3,8000.0,3200.0,0,0,0,1,13,12,NORMAL,0
1696.54,1.13,0,32,0.168,16,3,1500.0,600.0,0,0,0,0,9,1,NORMAL,0
1630.32,1.09,0,39,0.197,12,5,1500.0,600.0,0,0,0,0,10,1,NORMAL,0
3035.43,0.61,0,24,0.2425,8,6,5000.0,2000.0,0,0,0,0,13,5,NORMAL,0
8530.98,5.69,1,0,0.58,3,5,1500.0,600.0,0,1,0,1,48,76,SUSPICIOUS,1
4040.76,0.51,0,9,0.2341,7,1,8000.0,3200.0,0,0,0,0,10,5,NORMAL,0
3580.48,0.72,0,27,0.0494,11,4,5000.0,2000.0,0,0,0,0,7,8,NORMAL,0
12769.85,1.06,0,42,0.105,15,3,12000.0,4800.0,0,0,0,0,0,13,NORMAL,0
16075.61,5.36,1,0,0.4401,14,0,3000.0,1200.0,0,1,1,1,14,54,SUSPICIOUS,1
16973.28,5.66,1,0,0.2733,23,1,3000.0,1200.0,0,0,1,0,8,12,SUSPICIOUS,1
40982.97,3.42,0,2,0.5292,3,0,12000.0,4800.0,1,1,0,0,66,73,SUSPICIOUS,1
1575.15,1.05,0,4,0.2149,12,0,1500.0,600.0,0,0,0,0,2,7,NORMAL,0
3115.72,1.04,0,4,0.1792,13,6,3000.0,1200.0,0,0,1,1,6,10,NORMAL,0
11084.15,3.69,0,1,0.34,3,5,3000.0,1200.0,1,1,0,1,59,58,SUSPICIOUS,1
11026.83,3.68,1,0,0.2101,19,0,3000.0,1200.0,0,1,1,0,19,75,SUSPICIOUS,1
4216.85,0.84,1,0,0.1838,20,4,5000.0,2000.0,0,0,0,0,0,5,NORMAL,0
944.3,0.63,0,8,0.1837,7,3,1500.0,600.0,0,0,0,0,0,1,NORMAL,0
1021.81,0.68,0,42,0.0474,9,0,1500.0,600.0,0,0,0,0,15,12,NORMAL,0
6510.96,0.81,0,17,0.1834,15,2,8000.0,3200.0,0,0,0,0,14,15,NORMAL,0
4519.16,0.38,0,16,0.0703,12,3,12000.0,4800.0,0,0,0,1,8,5,NORMAL,0
4516.62,0.9,0,31,0.1262,14,3,5000.0,2000.0,0,0,0,0,4,11,NORMAL,0
8118.49,1.01,0,30,0.1332,19,3,8000.0,3200.0,0,0,0,0,11,10,NORMAL,0
13012.71,1.08,0,15,0.1896,13,6,12000.0,4800.0,0,0,0,0,11,14,NORMAL,0
3584.88,0.45,0,21,0.0848,11,3,8000.0,3200.0,0,0,0,0,3,14,NORMAL,0
7911.83,0.66,0,14,0.0856,12,5,12000.0,4800.0,0,0,0,0,12,13,NORMAL,0
3172.11,1.06,0,44,0.0762,11,5,3000.0,1200.0,0,0,0,0,12,6,NORMAL,0
2404.63,0.8,0,10,0.2002,22,2,3000.0,1200.0,0,0,0,0,1,3,NORMAL,0
1513.28,1.01,0,5,0.1096,9,2,1500.0,600.0,0,0,0,0,11,6,NORMAL,0
53627.14,10.73,1,0,0.6904,10,4,5000.0,2000.0,1,1,1,1,94,85,EXTREME,1
2700.93,0.54,0,37,0.0736,11,1,5000.0,2000.0,0,0,0,0,13,3,NORMAL,0
1909.0,0.64,0,42,0.1386,15,5,3000.0,1200.0,0,0,0,0,7,3,NORMAL,0
22717.93,2.84,1,0,0.5521,19,3,8000.0,3200.0,0,1,0,0,36,63,SUSPICIOUS,1
2801.28,0.93,0,3,0.2438,18,2,3000.0,1200.0,0,0,0,0,2,11,NORMAL,0
6500.64,1.3,0,11,0.0633,13,5,5000.0,2000.0,0,0,0,0,10,9,NORMAL,0
1739.6,1.16,0,33,0.0434,20,1,1500.0,600.0,0,0,0,0,11,8,NORMAL,0
12621.37,1.05,0,3,0.1428,12,0,12000.0,4800.0,0,0,0,0,7,9,NORMAL,0
13207.98,2.64,1,0,0.5039,19,5,5000.0,2000.0,1,1,1,0,70,79,SUSPICIOUS,1
19161.74,3.83,0,2,0.3554,4,5,5000.0,2000.0,1,0,0,0,58,13,SUSPICIOUS,1
3033.07,0.61,0,37,0.0805,16,2,5000.0,2000.0,0,0,0,0,2,14,NORMAL,0
4740.52,0.95,0,9,0.0448,11,6,5000.0,2000.0,0,0,0,0,3,7,NORMAL,0
2168.28,0.72,0,17,0.2036,9,0,3000.0,1200.0,0,0,0,0,0,10,NORMAL,0
2028.97,0.68,0,31,0.1725,17,6,3000.0,1200.0,0,0,0,0,3,3,NORMAL,0
1121.52,0.75,0,7,0.0408,14,1,1500.0,600.0,0,0,0,0,1,2,NORMAL,0
1933.19,0.64,0,14,0.1887,22,4,3000.0,1200.0,0,0,0,0,5,15,NORMAL,0
1695.39,1.13,0,34,0.0413,12,1,1500.0,600.0,0,0,0,0,8,4,NORMAL,0
2304.08,0.77,0,6,0.0795,17,6,3000.0,1200.0,0,0,0,0,7,5,NORMAL,0
23027.19,4.61,1,0,0.3142,14,2,5000.0,2000.0,0,1,1,1,7,56,SUSPICIOUS,1
1333.2,0.89,1,0,0.1123,8,4,1500.0,600.0,0,0,0,0,13,2,NORMAL,0
5083.1,0.64,1,0,0.1963,9,2,8000.0,3200.0,0,0,0,0,11,2,NORMAL,0
5656.98,1.13,0,32,0.1178,16,6,5000.0,2000.0,0,0,0,0,15,10,NORMAL,0
3096.51,1.03,0,4,0.1851,20,3,3000.0,1200.0,0,0,0,0,14,10,NORMAL,0
5823.61,0.73,0,31,0.135,11,5,8000.0,3200.0,0,0,0,0,12,13,NORMAL,0
19175.5,3.84,0,1,0.3598,0,3,5000.0,2000.0,0,1,1,1,5,51,SUSPICIOUS,1
24197.2,3.02,1,0,0.2087,14,1,8000.0,3200.0,1,1,0,0,70,52,SUSPICIOUS,1
6347.48,0.79,0,12,0.1423,8,2,8000.0,3200.0,0,0,0,0,3,2,NORMAL,0
75774.9,6.31,1,0,0.5881,15,6,12000.0,4800.0,1,1,1,0,86,83,EXTREME,1
3117.04,1.04,0,21,0.1837,20,4,3000.0,1200.0,0,0,0,0,3,4,NORMAL,0
1201.48,0.24,0,10,0.1176,22,0,5000.0,2000.0,0,0,0,0,0,14,NORMAL,0
4082.15,0.82,0,22,0.1731,22,6,5000.0,2000.0,0,0,0,0,8,10,NORMAL,0
16969.49,5.66,0,3,0.4289,3,5,3000.0,1200.0,1,0,0,0,50,7,SUSPICIOUS,1
1470.84,0.98,0,8,0.1207,11,4,1500.0,600.0,0,0,0,0,10,2,NORMAL,0
3229.5,0.65,1,0,0.1218,13,6,5000.0,2000.0,0,0,0,0,8,4,NORMAL,0
47781.48,5.97,1,0,0.9065,10,2,8000.0,3200.0,1,1,0,0,99,85,EXTREME,1
20982.21,4.2,1,0,0.5533,3,6,5000.0,2000.0,0,0,0,0,6,19,SUSPICIOUS,1
15000.0,10.0,1,0,0.556,16,2,1500.0,600.0,1,1,1,0,87,95,EXTREME,1
5315.43,3.54,1,0,0.3184,0,5,1500.0,600.0,0,1,0,0,13,69,SUSPICIOUS,1
7206.61,0.9,0,37,0.073,21,6,8000.0,3200.0,0,0,0,0,10,3,NORMAL,0
2336.49,0.78,0,31,0.0998,11,2,3000.0,1200.0,0,0,0,0,0,3,NORMAL,0
7615.85,0.95,0,22,0.2147,19,4,8000.0,3200.0,0,0,0,0,0,13,NORMAL,0
4093.78,0.82,0,4,0.1752,17,4,5000.0,2000.0,0,0,0,0,1,1,NORMAL,0
3917.04,0.49,1,0,0.0543,11,0,8000.0,3200.0,0,0,0,0,5,7,NORMAL,0
3988.18,0.8,0,28,0.1122,9,3,5000.0,2000.0,0,0,0,0,12,1,NORMAL,0
9270.24,1.16,0,37,0.2128,13,3,8000.0,3200.0,0,0,0,0,5,3,NORMAL,0
10012.29,3.34,1,0,0.4231,0,5,3000.0,1200.0,0,0,1,1,7,42,SUSPICIOUS,1
2309.93,0.77,0,22,0.1214,19,0,3000.0,1200.0,0,0,1,0,9,15,NORMAL,0
8878.22,1.11,0,4,0.082,8,1,8000.0,3200.0,0,0,1,0,7,15,NORMAL,0
9972.71,0.83,0,34,0.2287,12,3,12000.0,4800.0,0,0,0,0,6,4,NORMAL,0
5538.72,0.46,0,37,0.1186,19,1,12000.0,4800.0,0,0,0,0,6,8,NORMAL,0
5272.36,1.05,0,43,0.0999,7,3,5000.0,2000.0,0,0,0,0,12,6,NORMAL,0
948.88,0.63,0,15,0.082,16,6,1500.0,600.0,0,0,0,0,6,9,NORMAL,0
3394.08,1.13,0,18,0.0855,7,2,3000.0,1200.0,0,0,0,0,0,6,NORMAL,0
1874.53,0.62,0,26,0.1912,21,3,3000.0,1200.0,0,0,0,0,5,15,NORMAL,0
8315.58,2.77,1,0,0.2001,0,4,3000.0,1200.0,0,0,1,0,35,0,SUSPICIOUS,1
3028.79,1.01,1,0,0.1173,13,3,3000.0,1200.0,0,0,0,0,11,2,NORMAL,0
2070.19,0.41,0,9,0.1034,15,3,5000.0,2000.0,0,0,0,0,6,3,NORMAL,0
8371.53,5.58,0,1,0.2057,1,5,1500.0,600.0,1,0,1,0,72,8,SUSPICIOUS,1
7038.04,0.88,1,0,0.1853,13,0,8000.0,3200.0,0,0,1,0,12,12,NORMAL,0
6342.8,0.79,0,2,0.1611,8,5,8000.0,3200.0,0,0,0,0,2,8,NORMAL,0
1804.24,0.6,0,3,0.181,13,1,3000.0,1200.0,0,0,0,0,14,0,NORMAL,0
17437.85,1.45,0,29,0.1574,22,6,12000.0,4800.0,0,0,0,0,7,1,NORMAL,0
5230.76,1.05,0,32,0.1544,18,5,5000.0,2000.0,0,0,0,0,11,4,NORMAL,0
6844.93,0.86,0,27,0.1181,18,6,8000.0,3200.0,0,0,0,0,9,4,NORMAL,0
7894.24,0.99,0,28,0.1157,20,0,8000.0,3200.0,0,0,0,0,8,4,NORMAL,0
8230.76,1.03,0,36,0.221,12,0,8000.0,3200.0,0,0,0,0,10,4,NORMAL,0
3088.64,1.03,0,38,0.0693,13,6,3000.0,1200.0,0,0,0,0,12,2,NORMAL,0
100223.69,8.35,1,0,0.8157,18,0,12000.0,4800.0,1,1,0,1,88,87,EXTREME,1
2371.73,0.79,0,23,0.1427,17,5,3000.0,1200.0,0,0,0,0,11,12,NORMAL,0
2694.18,0.9,0,28,0.1844,10,1,3000.0,1200.0,0,0,0,0,14,4,NORMAL,0
3285.64,1.1,0,34,0.208,22,1,3000.0,1200.0,0,0,0,0,2,9,NORMAL,0
1993.33,0.66,0,8,0.2398,13,0,3000.0,1200.0,0,0,0,0,0,0,NORMAL,0
1645.75,1.1,1,0,0.135,10,3,1500.0,600.0,0,0,1,0,11,12,NORMAL,0
35509.89,7.1,1,0,0.5668,13,4,5000.0,2000.0,1,1,0,0,98,85,EXTREME,1
47356.38,5.92,1,0,0.3406,4,5,8000.0,3200.0,1,0,0,0,59,3,SUSPICIOUS,1
2560.69,0.51,0,45,0.143,7,3,5000.0,2000.0,0,0,0,0,1,15,NORMAL,0
22015.36,4.4,1,0,0.4897,1,3,5000.0,2000.0,1,1,1,0,56,70,SUSPICIOUS,1
26063.55,3.26,1,0,0.2041,2,4,8000.0,3200.0,0,0,1,1,0,14,SUSPICIOUS,1
46303.48,3.86,0,3,0.4897,4,4,12000.0,4800.0,1,1,1,1,68,68,SUSPICIOUS,1
2248.87,0.45,0,29,0.063,11,6,5000.0,2000.0,0,0,0,0,2,6,NORMAL,0
5143.01,0.64,0,43,0.2301,19,0,8000.0,3200.0,0,0,0,0,9,5,NORMAL,0
9890.24,0.82,0,16,0.1899,10,0,12000.0,4800.0,0,0,0,0,5,4,NORMAL,0
53636.37,4.47,1,0,0.3467,14,0,12000.0,4800.0,0,0,0,1,11,3,SUSPICIOUS,1
3513.62,0.44,0,29,0.0541,9,2,8000.0,3200.0,0,0,0,0,11,15,NORMAL,0
2952.82,0.98,0,12,0.0581,12,5,3000.0,1200.0,0,0,0,0,6,14,NORMAL,0
10354.88,0.86,0,6,0.2439,12,4,12000.0,4800.0,0,0,0,0,13,3,NORMAL,0
2053.4,0.68,0,27,0.0424,8,4,3000.0,1200.0,0,0,0,0,0,3,NORMAL,0
8406.57,0.7,1,0,0.2249,11,2,12000.0,4800.0,0,0,0,0,7,15,NORMAL,0
7586.54,0.95,0,15,0.0608,19,4,8000.0,3200.0,0,0,0,0,2,4,NORMAL,0
3609.75,1.2,0,6,0.1403,9,4,3000.0,1200.0,0,0,0,0,5,7,NORMAL,0
28908.15,5.78,0,2,0.2239,14,0,5000.0,2000.0,0,1,0,0,12,63,SUSPICIOUS,1
3735.41,1.25,0,10,0.1407,20,5,3000.0,1200.0,0,0,0,0,5,7,NORMAL,0
894.34,0.6,0,3,0.1276,9,5,1500.0,600.0,0,0,0,0,4,1,NORMAL,0
6331.96,0.79,0,23,0.1037,17,2,8000.0,3200.0,0,0,0,0,15,15,NORMAL,0
11599.08,0.97,0,45,0.1671,11,3,12000.0,4800.0,0,0,0,0,10,2,NORMAL,0
51713.9,4.31,1,0,0.3006,4,2,12000.0,4800.0,0,1,0,0,19,60,SUSPICIOUS,1
13443.16,4.48,1,0,0.3225,23,4,3000.0,1200.0,0,1,0,1,8,67,SUSPICIOUS,1
7694.57,0.64,0,10,0.2085,16,1,12000.0,4800.0,0,0,0,0,11,10,NORMAL,0
16468.62,1.37,0,20,0.1741,13,4,12000.0,4800.0,0,0,0,0,10,5,NORMAL,0
29825.35,5.97,1,0,0.7875,8,4,5000.0,2000.0,1,1,1,1,94,87,EXTREME,1
1276.43,0.85,0,26,0.2108,19,0,1500.0,600.0,0,0,0,0,2,6,NORMAL,0
3547.36,0.44,0,37,0.1626,15,4,8000.0,3200.0,0,0,0,0,13,6,NORMAL,0
8483.06,1.06,0,32,0.1318,17,0,8000.0,3200.0,0,0,0,0,4,5,NORMAL,0
1043.39,0.7,1,0,0.0548,10,4,1500.0,600.0,0,0,0,0,8,4,NORMAL,0
5672.6,0.71,0,44,0.159,7,0,8000.0,3200.0,0,0,0,0,10,8,NORMAL,0
2487.72,0.83,0,38,0.1979,18,6,3000.0,1200.0,0,0,1,0,7,4,NORMAL,0
2885.9,0.96,0,26,0.0827,7,1,3000.0,1200.0,0,0,0,0,2,8,NORMAL,0
2828.32,0.94,0,16,0.0908,12,1,3000.0,1200.0,0,0,0,0,7,8,NORMAL,0
37407.73,7.48,1,0,1.0887,12,3,5000.0,2000.0,1,1,1,1,86,77,EXTREME,1
3603.75,0.45,0,26,0.2186,19,0,8000.0,3200.0,0,0,0,0,8,6,NORMAL,0
11586.52,0.97,0,3,0.1448,19,6,12000.0,4800.0,0,0,0,0,14,6,NORMAL,0
10769.12,0.9,0,45,0.1193,19,1,12000.0,4800.0,0,0,0,0,6,10,NORMAL,0
55938.1,11.19,1,0,0.7036,15,0,5000.0,2000.0,1,1,0,1,98,77,EXTREME,1
1026.76,0.68,0,24,0.1155,7,3,1500.0,600.0,0,0,0,0,13,14,NORMAL,0
18594.03,3.72,1,0,0.5646,4,3,5000.0,2000.0,0,0,0,0,49,20,SUSPICIOUS,1
32301.66,10.77,1,0,1.1833,11,0,3000.0,1200.0,1,1,0,1,87,72,EXTREME,1
114750.03,9.56,1,0,0.4401,2,4,12000.0,4800.0,1,1,1,1,88,84,EXTREME,1
49824.86,6.23,1,0,1.1328,7,3,8000.0,3200.0,1,1,0,1,89,75,EXTREME,1
1243.17,0.83,0,38,0.1775,12,2,1500.0,600.0,0,0,0,0,15,13,NORMAL,0
13827.66,4.61,1,0,0.5091,4,6,3000.0,1200.0,0,1,0,0,17,69,SUSPICIOUS,1
1617.51,0.54,0,13,0.0916,7,2,3000.0,1200.0,0,0,0,1,5,8,NORMAL,0
7330.69,0.61,0,27,0.0683,8,3,12000.0,4800.0,0,0,0,0,4,4,NORMAL,0
4840.51,0.97,0,19,0.1371,21,1,5000.0,2000.0,0,0,0,0,3,7,NORMAL,0
4102.14,2.73,1,0,0.2002,19,4,1500.0,600.0,0,1,0,0,12,65,SUSPICIOUS,1
12055.47,1.0,0,40,0.1613,19,6,12000.0,4800.0,0,0,0,0,8,13,NORMAL,0
2394.39,0.8,0,15,0.0554,18,6,3000.0,1200.0,0,0,0,0,9,3,NORMAL,0
5408.66,0.68,0,3,0.1061,13,6,8000.0,3200.0,0,0,0,0,0,6,NORMAL,0
12224.37,4.07,1,0,0.5035,2,5,3000.0,1200.0,0,0,0,0,12,41,SUSPICIOUS,1
21018.58,4.2,1,0,0.3861,3,3,5000.0,2000.0,0,0,0,0,38,49,SUSPICIOUS,1
2894.76,0.58,0,24,0.1377,19,5,5000.0,2000.0,0,0,0,0,13,2,NORMAL,0
10140.75,0.85,0,4,0.2361,22,0,12000.0,4800.0,0,0,0,0,11,10,NORMAL,0
2185.07,0.73,1,0,0.0613,15,0,3000.0,1200.0,0,0,0,0,0,6,NORMAL,0
5284.02,0.66,0,41,0.1367,17,2,8000.0,3200.0,0,0,0,0,11,1,NORMAL,0
80543.52,10.07,1,0,0.7467,16,0,8000.0,3200.0,1,1,0,0,97,93,EXTREME,1
34390.74,11.46,1,0,0.7023,21,5,3000.0,1200.0,1,1,0,1,94,93,EXTREME,1
1375.24,0.46,0,14,0.0596,19,2,3000.0,1200.0,0,0,1,0,12,7,NORMAL,0
9542.18,3.18,1,0,0.367,2,3,3000.0,1200.0,1,0,1,1,51,6,SUSPICIOUS,0
6024.5,1.2,0,6,0.086,12,5,5000.0,2000.0,0,0,0,0,15,3,NORMAL,0
44671.93,8.93,1,0,1.1836,15,2,5000.0,2000.0,1,1,0,0,98,87,EXTREME,1
45260.98,9.05,1,0,0.6612,4,5,5000.0,2000.0,1,1,0,0,98,86,EXTREME,1
2099.68,0.7,0,3,0.1311,15,2,3000.0,1200.0,0,0,0,0,9,15,NORMAL,0
1018.26,0.68,0,21,0.2084,15,0,1500.0,600.0,0,0,0,0,4,7,NORMAL,0
3142.97,1.05,0,11,0.2345,18,3,3000.0,1200.0,0,0,0,0,12,13,NORMAL,0
1641.62,0.55,0,32,0.2392,9,6,3000.0,1200.0,0,0,0,0,10,1,NORMAL,0
3098.07,1.03,0,3,0.1101,18,0,3000.0,1200.0,0,0,0,0,9,7,NORMAL,0
69659.09,8.71,1,0,0.7243,7,2,8000.0,3200.0,1,1,0,1,87,89,EXTREME,1
5621.19,0.47,0,26,0.2192,10,0,12000.0,4800.0,0,0,0,0,2,0,NORMAL,0
1287.22,0.86,0,43,0.0719,8,0,1500.0,600.0,0,0,1,0,15,5,NORMAL,0
4517.38,0.9,0,24,0.1799,9,0,5000.0,2000.0,0,0,0,0,5,9,NORMAL,0
9631.76,0.8,1,0,0.0483,7,6,12000.0,4800.0,0,0,0,0,6,5,NORMAL,0
38882.46,4.86,1,0,0.8747,19,6,8000.0,3200.0,1,1,0,1,96,72,EXTREME,1
2016.17,1.34,0,18,0.0731,10,3,1500.0,600.0,0,0,1,0,7,9,NORMAL,0
1376.82,0.46,0,30,0.1153,16,2,3000.0,1200.0,0,0,0,0,12,13,NORMAL,0
24159.47,4.83,1,0,0.3845,2,0,5000.0,2000.0,1,0,1,0,72,4,SUSPICIOUS,1
3134.46,1.04,0,20,0.2018,17,4,3000.0,1200.0,0,0,0,0,7,15,NORMAL,0
118020.52,9.84,1,0,0.642,22,1,12000.0,4800.0,1,1,1,1,95,90,EXTREME,1
11123.4,3.71,1,0,0.5364,4,3,3000.0,1200.0,1,1,0,0,66,65,SUSPICIOUS,1
6218.85,0.78,0,22,0.1965,20,5,8000.0,3200.0,0,0,1,0,10,5,NORMAL,0
19776.52,3.96,1,0,0.5953,2,0,5000.0,2000.0,0,1,0,0,7,71,SUSPICIOUS,1
1461.62,0.49,0,2,0.1726,17,6,3000.0,1200.0,0,0,1,0,11,10,NORMAL,0
10163.73,0.85,0,11,0.1098,15,4,12000.0,4800.0,0,0,0,0,12,6,NORMAL,0
1607.58,1.07,0,39,0.1549,21,0,1500.0,600.0,0,0,1,0,9,10,NORMAL,0
1117.21,0.74,0,28,0.2351,14,2,1500.0,600.0,0,0,0,0,7,14,NORMAL,0
298.42,0.2,0,44,0.2299,15,3,1500.0,600.0,0,0,0,0,8,0,NORMAL,0
26691.44,3.34,1,0,0.2191,1,6,8000.0,3200.0,0,0,0,1,17,17,SUSPICIOUS,0
25955.77,5.19,1,0,0.3987,3,4,5000.0,2000.0,0,0,0,0,9,7,SUSPICIOUS,1
4498.69,0.9,0,43,0.0821,20,0,5000.0,2000.0,0,0,0,1,10,7,NORMAL,0
3060.16,1.02,0,18,0.0755,16,5,3000.0,1200.0,0,0,0,0,8,13,NORMAL,0
3444.38,1.15,0,20,0.105,9,0,3000.0,1200.0,0,0,0,1,4,3,NORMAL,0
8192.81,2.73,0,2,0.5861,1,6,3000.0,1200.0,0,1,0,1,42,74,SUSPICIOUS,1
8481.38,0.71,0,7,0.1148,9,2,12000.0,4800.0,0,0,0,0,5,12,NORMAL,0
2166.74,0.43,0,41,0.2089,9,0,5000.0,2000.0,0,0,0,0,5,4,NORMAL,0
12270.71,1.02,0,42,0.1138,17,6,12000.0,4800.0,0,0,0,0,12,13,NORMAL,0
1683.26,0.21,0,14,0.1704,22,6,8000.0,3200.0,0,0,0,0,2,7,NORMAL,0
67677.3,8.46,1,0,0.7663,10,5,8000.0,3200.0,1,1,0,1,91,76,EXTREME,1
1734.57,0.58,1,0,0.1146,18,5,3000.0,1200.0,0,0,0,1,10,13,NORMAL,0
2892.72,0.58,0,7,0.0682,10,4,5000.0,2000.0,0,0,0,0,3,4,NORMAL,0
12238.12,1.02,0,23,0.0651,8,6,12000.0,4800.0,0,0,0,0,10,7,NORMAL,0
13181.43,2.64,1,0,0.5756,2,5,5000.0,2000.0,1,0,1,0,59,8,SUSPICIOUS,1
45278.98,3.77,1,0,0.4955,14,0,12000.0,4800.0,1,0,0,0,53,45,SUSPICIOUS,1
6753.62,0.56,0,8,0.1161,10,2,12000.0,4800.0,0,0,0,0,10,10,NORMAL,0
3445.58,1.15,0,7,0.0886,15,2,3000.0,1200.0,0,0,0,0,2,9,NORMAL,0
8450.46,5.63,0,1,0.3248,14,0,1500.0,600.0,0,0,1,0,8,4,SUSPICIOUS,1
7256.5,0.6,1,0,0.2272,8,3,12000.0,4800.0,0,0,0,0,11,12,NORMAL,0
14579.2,1.21,0,17,0.0572,12,1,12000.0,4800.0,0,0,0,0,3,0,NORMAL,0
1259.92,0.42,0,45,0.147,20,0,3000.0,1200.0,0,0,0,0,8,6,NORMAL,0
10404.33,1.3,0,44,0.1216,16,2,8000.0,3200.0,0,0,0,0,4,12,NORMAL,0
11349.3,0.95,0,17,0.1694,10,5,12000.0,4800.0,0,0,0,0,13,8,NORMAL,0
5879.11,3.92,1,0,0.3012,2,4,1500.0,600.0,1,1,1,1,72,55,SUSPICIOUS,1
3037.84,1.01,0,6,0.1837,11,1,3000.0,1200.0,0,0,0,0,8,3,NORMAL,0
711.34,0.47,0,2,0.1268,17,1,1500.0,600.0,0,0,0,0,14,4,NORMAL,0
8311.21,5.54,1,0,0.3645,4,3,1500.0,600.0,0,1,0,0,20,64,SUSPICIOUS,1
12644.09,4.21,0,2,0.2196,0,3,3000.0,1200.0,0,0,0,0,38,1,SUSPICIOUS,1
4046.75,1.35,0,20,0.0695,15,1,3000.0,1200.0,0,0,0,0,13,0,NORMAL,0
2441.22,1.63,0,24,0.1037,14,3,1500.0,600.0,0,0,0,0,6,8,NORMAL,0
26418.33,5.28,1,0,0.5765,4,0,5000.0,2000.0,1,1,1,1,87,90,EXTREME,1
51407.3,4.28,0,1,0.3071,23,4,12000.0,4800.0,0,1,0,0,41,73,SUSPICIOUS,1
1154.75,0.77,1,0,0.241,10,1,1500.0,600.0,0,0,0,0,9,8,NORMAL,0
130161.62,10.85,1,0,0.8595,16,1,12000.0,4800.0,1,1,0,1,100,85,EXTREME,1
1948.2,1.3,0,37,0.1281,17,0,1500.0,600.0,0,0,0,0,15,6,NORMAL,0
27032.7,3.38,0,3,0.2798,14,5,8000.0,3200.0,0,1,1,0,19,62,SUSPICIOUS,1
16847.7,5.62,1,0,0.5431,23,3,3000.0,1200.0,0,1,0,0,17,54,SUSPICIOUS,1
1074.02,0.72,0,10,0.0886,8,1,1500.0,600.0,0,0,0,0,14,13,NORMAL,0
1477.51,0.99,0,37,0.1327,11,1,1500.0,600.0,0,0,0,0,6,6,NORMAL,0
1671.83,1.11,0,28,0.0653,15,5,1500.0,600.0,0,0,0,0,14,6,NORMAL,0
13012.68,1.08,0,18,0.2061,14,0,12000.0,4800.0,0,0,0,0,15,8,NORMAL,0
17114.74,11.41,1,0,0.7916,6,6,1500.0,600.0,1,1,1,0,93,80,EXTREME,1
1731.22,0.58,0,19,0.04,18,2,3000.0,1200.0,0,0,1,0,14,5,NORMAL,0
30897.18,2.57,1,0,0.2688,2,1,12000.0,4800.0,0,1,1,0,5,53,SUSPICIOUS,1
26317.5,3.29,1,0,0.2472,3,2,8000.0,3200.0,0,0,1,1,9,13,SUSPICIOUS,0
6025.8,0.75,0,12,0.1187,12,5,8000.0,3200.0,0,0,0,0,13,3,NORMAL,0
705.8,0.47,0,8,0.1313,12,2,1500.0,600.0,0,0,0,0,10,14,NORMAL,0
57741.7,4.81,1,0,0.3796,2,4,12000.0,4800.0,0,1,0,0,14,56,SUSPICIOUS,1
4780.42,3.19,1,0,0.509,19,0,1500.0,600.0,0,0,0,1,3,4,SUSPICIOUS,0
1141.11,0.76,0,27,0.231,11,0,1500.0,600.0,0,0,0,0,5,7,NORMAL,0
15000.0,10.0,1,0,0.8855,2,1,1500.0,600.0,1,1,1,0,97,87,EXTREME,1
1957.21,1.3,0,23,0.1553,12,0,1500.0,600.0,0,0,0,0,13,15,NORMAL,0
14837.14,4.95,1,0,0.2591,19,0,3000.0,1200.0,1,1,0,0,75,60,SUSPICIOUS,1
4299.92,0.86,1,0,0.2008,7,6,5000.0,2000.0,0,0,0,0,0,0,NORMAL,0
33404.65,2.78,1,0,0.3923,1,3,12000.0,4800.0,0,0,0,0,17,1,SUSPICIOUS,1
1802.71,0.6,0,22,0.1196,10,6,3000.0,1200.0,0,0,0,0,9,9,NORMAL,0
13803.66,4.6,1,0,0.3907,19,4,3000.0,1200.0,0,1,0,0,2,58,SUSPICIOUS,1
3900.16,0.78,0,4,0.1465,21,0,5000.0,2000.0,0,0,1,0,1,1,NORMAL,0
3070.11,1.02,0,42,0.1117,18,5,3000.0,1200.0,0,0,0,0,8,4,NORMAL,0
2255.99,0.75,0,19,0.1475,17,2,3000.0,1200.0,0,0,0,0,1,11,NORMAL,0
45763.67,3.81,1,0,0.4857,19,0,12000.0,4800.0,1,1,0,0,50,79,SUSPICIOUS,1
1691.84,1.13,0,42,0.2402,12,1,1500.0,600.0,0,0,0,0,2,1,NORMAL,0
8292.57,5.53,1,0,0.4114,0,2,1500.0,600.0,0,0,1,0,8,20,SUSPICIOUS,1
88349.06,11.04,1,0,0.5992,6,3,8000.0,3200.0,1,1,0,1,86,86,EXTREME,1
4001.03,1.33,0,6,0.0697,19,4,3000.0,1200.0,0,0,0,0,9,5,NORMAL,0
4337.18,0.87,0,12,0.0443,20,6,5000.0,2000.0,0,0,0,0,4,11,NORMAL,0
5520.47,0.69,0,21,0.2418,15,0,8000.0,3200.0,0,0,0,0,14,1,NORMAL,0
9299.56,1.16,0,25,0.1991,8,1,8000.0,3200.0,0,0,0,0,12,7,NORMAL,0
5654.71,0.47,0,20,0.0803,7,5,12000.0,4800.0,0,0,0,0,2,15,NORMAL,0
27603.97,5.52,1,0,0.584,0,6,5000.0,2000.0,0,1,0,0,41,75,SUSPICIOUS,1
3580.25,0.72,0,10,0.1378,8,5,5000.0,2000.0,0,0,0,0,10,1,NORMAL,0
2115.8,0.42,0,15,0.0839,18,1,5000.0,2000.0,0,0,0,0,8,10,NORMAL,0
2433.08,0.81,0,8,0.0589,21,4,3000.0,1200.0,0,0,0,0,14,3,NORMAL,0
17786.31,5.93,1,0,0.4731,21,1,3000.0,1200.0,1,1,1,0,95,76,EXTREME,1
2138.78,0.71,1,0,0.1254,8,5,3000.0,1200.0,0,0,0,0,2,2,NORMAL,0
6643.61,0.55,0,22,0.2482,10,3,12000.0,4800.0,0,0,1,0,13,0,NORMAL,0
1470.36,0.98,0,3,0.1631,17,6,1500.0,600.0,0,0,0,0,13,3,NORMAL,0
68821.71,5.74,1,0,0.3509,19,5,12000.0,4800.0,0,0,1,0,8,19,SUSPICIOUS,1
4872.48,0.61,0,41,0.1828,19,2,8000.0,3200.0,0,0,0,0,11,4,NORMAL,0
7328.55,0.61,1,0,0.0659,16,0,12000.0,4800.0,0,0,0,0,9,7,NORMAL,0
53522.61,10.7,1,0,0.8692,13,1,5000.0,2000.0,1,1,1,1,85,93,EXTREME,1
6215.06,0.52,0,6,0.0904,15,2,12000.0,4800.0,0,0,0,0,10,13,NORMAL,0
15000.0,10.0,1,0,1.0858,9,1,1500.0,600.0,1,1,1,0,96,87,EXTREME,1
4346.84,0.87,0,23,0.0899,19,3,5000.0,2000.0,0,0,0,0,13,1,NORMAL,0
3217.65,1.07,0,3,0.2372,13,6,3000.0,1200.0,0,0,0,0,1,6,NORMAL,0
13305.75,1.11,1,0,0.223,7,3,12000.0,4800.0,0,0,0,0,4,14,NORMAL,0
1427.6,0.48,1,0,0.0769,13,2,3000.0,1200.0,0,0,0,0,10,11,NORMAL,0
8249.93,0.69,0,38,0.0628,22,3,12000.0,4800.0,0,0,0,0,4,6,NORMAL,0
3097.68,0.62,0,4,0.0643,16,4,5000.0,2000.0,0,0,0,0,0,14,NORMAL,0
1797.03,0.6,0,44,0.2317,11,3,3000.0,1200.0,0,0,0,0,1,6,NORMAL,0
15000.0,10.0,1,0,0.9336,14,5,1500.0,600.0,1,1,0,0,80,89,EXTREME,1
9949.85,0.83,0,6,0.2087,16,4,12000.0,4800.0,0,0,0,0,5,0,NORMAL,0
4482.12,0.9,0,12,0.1246,20,6,5000.0,2000.0,0,0,0,0,12,9,NORMAL,0
14695.75,1.22,0,45,0.1824,21,0,12000.0,4800.0,0,0,0,0,9,4,NORMAL,0
9295.51,1.16,0,38,0.0921,17,4,8000.0,3200.0,0,0,1,0,3,9,NORMAL,0
5737.39,1.15,0,14,0.2402,13,0,5000.0,2000.0,0,0,0,0,5,7,NORMAL,0
8827.35,1.1,0,37,0.2417,8,3,8000.0,3200.0,0,0,0,0,0,15,NORMAL,0
8111.2,1.01,0,3,0.1748,12,5,8000.0,3200.0,0,0,0,0,6,9,NORMAL,0
12959.93,4.32,1,0,0.4681,23,5,3000.0,1200.0,1,1,0,0,68,75,SUSPICIOUS,1
53120.54,10.62,1,0,1.1178,13,5,5000.0,2000.0,1,1,0,0,83,74,EXTREME,1
3726.95,0.47,0,37,0.209,11,3,8000.0,3200.0,0,0,0,0,11,4,NORMAL,0
9555.27,0.8,0,26,0.1124,9,6,12000.0,4800.0,0,0,0,0,6,0,NORMAL,0
1378.8,0.92,0,45,0.2253,13,6,1500.0,600.0,0,0,0,0,10,10,NORMAL,0
27257.89,5.45,0,2,0.4166,3,4,5000.0,2000.0,0,0,0,1,9,8,SUSPICIOUS,1
1188.98,0.79,0,12,0.1405,14,0,1500.0,600.0,0,0,0,0,0,13,NORMAL,0
6713.05,0.84,1,0,0.0516,19,4,8000.0,3200.0,0,0,0,0,6,2,NORMAL,0
11916.17,0.99,0,3,0.0501,9,3,12000.0,4800.0,0,0,0,0,1,8,NORMAL,0
1251.68,0.83,0,22,0.0514,20,6,1500.0,600.0,0,0,0,0,5,6,NORMAL,0
37555.37,4.69,1,0,0.3473,4,2,8000.0,3200.0,1,1,1,1,66,78,SUSPICIOUS,1
5071.22,0.63,0,27,0.2002,20,5,8000.0,3200.0,0,0,0,0,4,4,NORMAL,0
7665.78,5.11,1,0,0.4502,19,3,1500.0,600.0,0,1,1,0,5,78,SUSPICIOUS,1
15000.0,10.0,1,0,0.8192,17,2,1500.0,600.0,1,1,1,0,82,76,EXTREME,1
1222.15,0.81,0,22,0.1152,12,1,1500.0,600.0,0,0,0,0,11,12,NORMAL,0
1904.05,1.27,0,15,0.2184,12,5,1500.0,600.0,0,0,0,1,3,2,NORMAL,0
1090.33,0.73,0,29,0.09,17,1,1500.0,600.0,0,0,0,0,14,15,NORMAL,0
9936.48,1.24,0,15,0.134,16,2,8000.0,3200.0,0,0,0,0,8,1,NORMAL,0
14071.1,1.17,0,11,0.2215,16,4,12000.0,4800.0,0,0,0,0,1,3,NORMAL,0
4991.66,3.33,1,0,0.3001,1,3,1500.0,600.0,0,0,0,0,41,14,SUSPICIOUS,1
2770.67,0.92,1,0,0.2151,9,3,3000.0,1200.0,0,0,0,0,5,3,NORMAL,0
24805.35,3.1,1,0,0.4938,19,6,8000.0,3200.0,0,1,0,1,19,67,SUSPICIOUS,1
9496.78,0.79,0,9,0.2181,12,4,12000.0,4800.0,0,0,1,0,10,13,NORMAL,0
5402.79,0.68,0,3,0.1435,20,3,8000.0,3200.0,0,0,0,0,3,14,NORMAL,0
5058.97,0.63,0,27,0.1488,11,6,8000.0,3200.0,0,0,0,0,0,11,NORMAL,0
3828.76,1.28,1,0,0.2165,12,1,3000.0,1200.0,0,0,0,0,11,10,NORMAL,0
6198.39,0.77,0,44,0.1169,17,4,8000.0,3200.0,0,0,0,0,14,3,NORMAL,0
2855.91,0.95,0,35,0.1768,12,0,3000.0,1200.0,0,0,0,0,4,10,NORMAL,0
70105.43,5.84,1,0,0.4137,4,1,12000.0,4800.0,1,1,0,0,73,74,SUSPICIOUS,1
33412.24,11.14,1,0,0.4302,10,6,3000.0,1200.0,1,1,0,1,81,89,EXTREME,1
11557.59,0.96,0,40,0.1905,15,4,12000.0,4800.0,0,0,0,0,9,4,NORMAL,0
14451.06,1.2,0,42,0.0539,9,2,12000.0,4800.0,0,0,0,0,11,14,NORMAL,0
7400.22,4.93,1,0,0.3428,2,1,1500.0,600.0,0,1,1,0,12,70,SUSPICIOUS,1
3061.0,1.02,1,0,0.1693,15,3,3000.0,1200.0,0,0,0,0,2,2,NORMAL,0
8166.66,1.02,0,36,0.1434,11,6,8000.0,3200.0,0,0,0,0,13,15,NORMAL,0
2393.01,0.8,0,38,0.0812,8,6,3000.0,1200.0,0,0,0,0,10,0,NORMAL,0
1960.51,0.65,0,19,0.2254,18,6,3000.0,1200.0,0,0,0,0,12,12,NORMAL,0
35937.42,4.49,1,0,0.2499,4,4,8000.0,3200.0,1,0,1,0,56,8,SUSPICIOUS,1
4037.91,0.5,0,27,0.0812,18,6,8000.0,3200.0,0,0,0,0,9,5,NORMAL,0
14677.02,4.89,1,0,0.5387,14,6,3000.0,1200.0,0,1,0,0,6,76,SUSPICIOUS,1
1546.05,0.52,0,45,0.1829,17,1,3000.0,1200.0,0,0,0,0,10,15,NORMAL,0
24695.02,3.09,1,0,0.3615,3,6,8000.0,3200.0,0,1,1,0,10,63,SUSPICIOUS,1
12278.76,1.02,0,27,0.1175,7,5,12000.0,4800.0,0,0,0,0,15,8,NORMAL,0
11814.97,0.98,0,41,0.1073,22,6,12000.0,4800.0,0,0,0,0,9,8,NORMAL,0
10752.74,0.9,0,45,0.2277,9,6,12000.0,4800.0,0,0,0,0,3,15,NORMAL,0
12976.2,4.33,1,0,0.4328,4,6,3000.0,1200.0,1,1,1,0,58,59,SUSPICIOUS,1
1129.83,0.75,0,22,0.0825,13,5,1500.0,600.0,0,0,0,0,5,11,NORMAL,0
6709.18,0.84,0,35,0.0604,20,3,8000.0,3200.0,0,0,1,0,10,1,NORMAL,0
2539.62,0.85,0,43,0.2085,16,6,3000.0,1200.0,0,0,0,0,2,1,NORMAL,0
71406.0,8.93,1,0,1.1584,3,5,8000.0,3200.0,1,1,1,1,98,86,EXTREME,1
2032.7,0.68,0,2,0.0971,11,1,3000.0,1200.0,0,0,0,0,11,12,NORMAL,0
22254.62,4.45,0,2,0.3664,23,6,5000.0,2000.0,0,1,0,0,16,68,SUSPICIOUS,1
1607.62,0.54,0,23,0.1471,15,4,3000.0,1200.0,0,0,0,0,10,13,NORMAL,0
5266.51,1.05,0,41,0.1005,11,2,5000.0,2000.0,0,0,0,0,3,2,NORMAL,0
5237.96,1.05,1,0,0.2358,7,0,5000.0,2000.0,0,0,0,0,1,4,NORMAL,0
13656.48,4.55,0,1,0.5834,2,5,3000.0,1200.0,0,0,1,1,3,10,SUSPICIOUS,1
4675.06,0.94,0,35,0.0829,20,4,5000.0,2000.0,0,0,0,0,5,3,NORMAL,0
7176.56,0.6,0,26,0.121,22,1,12000.0,4800.0,0,0,0,0,15,7,NORMAL,0
4565.85,0.57,0,20,0.1751,11,5,8000.0,3200.0,0,0,0,0,0,4,NORMAL,0
941.4,0.31,0,20,0.0839,9,4,3000.0,1200.0,0,0,0,0,6,5,NORMAL,0
1474.81,0.98,0,14,0.2156,11,1,1500.0,600.0,0,0,0,0,4,0,NORMAL,0
5730.07,3.82,1,0,0.2359,3,3,1500.0,600.0,0,1,0,1,45,75,SUSPICIOUS,1
15552.82,5.18,1,0,0.4825,19,1,3000.0,1200.0,0,1,1,0,11,60,SUSPICIOUS,1
6763.39,0.56,0,32,0.0685,11,6,12000.0,4800.0,0,0,0,0,1,10,NORMAL,0
4073.25,0.51,0,44,0.1563,10,3,8000.0,3200.0,0,0,0,0,1,5,NORMAL,0
43235.14,5.4,1,0,0.7657,6,1,8000.0,3200.0,1,1,0,1,94,95,EXTREME,1
57526.64,4.79,0,1,0.3303,2,1,12000.0,4800.0,1,0,0,0,71,6,SUSPICIOUS,1
1674.33,1.12,0,22,0.178,9,5,1500.0,600.0,0,0,0,0,9,7,NORMAL,0
944.8,0.31,0,25,0.1875,14,6,3000.0,1200.0,0,0,0,0,6,10,NORMAL,0
7635.35,0.95,0,43,0.1372,22,1,8000.0,3200.0,0,0,0,0,5,12,NORMAL,0
43970.22,3.66,0,3,0.5243,19,4,12000.0,4800.0,0,1,0,0,3,68,SUSPICIOUS,1
48429.43,4.04,1,0,0.2697,1,1,12000.0,4800.0,1,0,0,0,50,19,SUSPICIOUS,1
40125.41,5.02,1,0,0.4832,23,1,8000.0,3200.0,1,0,1,1,70,16,SUSPICIOUS,1
1592.62,1.06,0,25,0.1234,8,4,1500.0,600.0,0,0,1,0,6,5,NORMAL,0
11620.9,0.97,0,45,0.2258,21,2,12000.0,4800.0,0,0,0,0,6,11,NORMAL,0
1855.21,0.62,0,27,0.2341,8,1,3000.0,1200.0,0,0,0,0,0,8,NORMAL,0
5965.27,0.75,0,38,0.2196,17,0,8000.0,3200.0,0,0,0,0,14,2,NORMAL,0
2328.68,0.78,0,38,0.2287,9,0,3000.0,1200.0,0,0,0,0,4,5,NORMAL,0
13127.45,1.09,0,44,0.045,16,1,12000.0,4800.0,0,0,0,0,15,8,NORMAL,0
3238.84,1.08,1,0,0.2129,7,4,3000.0,1200.0,0,0,0,0,13,15,NORMAL,0
5380.84,0.67,1,0,0.2432,11,3,8000.0,3200.0,0,0,0,0,1,4,NORMAL,0
1606.12,0.54,0,45,0.234,21,3,3000.0,1200.0,0,0,0,0,14,4,NORMAL,0
2185.02,1.46,0,26,0.1246,11,1,1500.0,600.0,0,0,0,0,1,3,NORMAL,0
2874.72,0.96,0,44,0.1959,21,1,3000.0,1200.0,0,0,1,0,6,6,NORMAL,0
4044.76,0.51,0,15,0.1526,12,3,8000.0,3200.0,0,0,0,0,9,3,NORMAL,0
2126.42,0.71,0,20,0.0448,19,5,3000.0,1200.0,0,0,0,0,4,10,NORMAL,0
59279.35,11.86,1,0,0.5201,9,3,5000.0,2000.0,1,1,0,0,84,70,EXTREME,1
1634.87,0.33,0,24,0.1915,9,6,5000.0,2000.0,0,0,0,0,0,6,NORMAL,0
6016.04,1.2,0,39,0.1443,7,6,5000.0,2000.0,0,0,0,0,3,7,NORMAL,0
5607.41,1.12,0,24,0.1554,18,3,5000.0,2000.0,0,0,0,1,9,4,NORMAL,0
1670.71,1.11,0,11,0.0454,22,0,1500.0,600.0,0,0,0,0,13,3,NORMAL,0
3311.42,1.1,0,19,0.0527,8,3,3000.0,1200.0,0,0,0,0,2,13,NORMAL,0
6317.54,0.79,0,10,0.2206,10,2,8000.0,3200.0,0,0,0,0,10,8,NORMAL,0
1369.44,0.91,0,20,0.0468,8,0,1500.0,600.0,0,0,0,0,0,11,NORMAL,0
4966.23,0.62,0,42,0.1348,20,6,8000.0,3200.0,0,0,0,0,9,2,NORMAL,0
4791.86,0.96,0,29,0.2171,14,2,5000.0,2000.0,0,0,0,0,15,3,NORMAL,0
5187.86,0.65,0,9,0.0493,8,6,8000.0,3200.0,0,0,1,1,3,3,NORMAL,0
6535.83,0.82,0,8,0.1344,15,6,8000.0,3200.0,0,0,0,0,2,15,NORMAL,0
10730.26,0.89,1,0,0.0605,18,3,12000.0,4800.0,0,0,0,0,3,4,NORMAL,0
1257.86,0.84,0,5,0.1373,13,4,1500.0,600.0,0,0,0,0,1,13,NORMAL,0
5270.02,0.66,0,23,0.0567,8,6,8000.0,3200.0,0,0,0,0,9,11,NORMAL,0
4607.2,0.58,0,27,0.0767,13,0,8000.0,3200.0,0,0,0,0,0,13,NORMAL,0
12714.71,1.06,0,30,0.1294,20,4,12000.0,4800.0,0,0,1,0,8,15,NORMAL,0
5502.25,3.67,0,1,0.4428,2,6,1500.0,600.0,0,0,0,0,14,13,SUSPICIOUS,1
2829.08,0.94,1,0,0.1629,14,6,3000.0,1200.0,0,0,1,0,4,15,NORMAL,0
19552.23,3.91,1,0,0.3242,23,5,5000.0,2000.0,0,0,0,0,39,1,SUSPICIOUS,1
7578.32,0.95,0,18,0.0478,15,4,8000.0,3200.0,0,0,0,0,7,2,NORMAL,0
3951.36,0.79,0,22,0.0924,9,2,5000.0,2000.0,0,0,0,0,5,1,NORMAL,0
1811.31,1.21,0,21,0.1758,22,3,1500.0,600.0,0,0,0,0,15,7,NORMAL,0
48438.73,4.04,1,0,0.3658,4,0,12000.0,4800.0,1,0,1,0,59,4,SUSPICIOUS,1
6296.36,4.2,1,0,0.2993,2,6,1500.0,600.0,0,1,0,0,46,72,SUSPICIOUS,1
9646.25,0.8,0,9,0.2491,21,6,12000.0,4800.0,0,0,0,0,0,2,NORMAL,0
16775.96,5.59,0,3,0.2558,3,3,3000.0,1200.0,1,0,0,1,64,17,SUSPICIOUS,1
35515.04,4.44,1,0,0.5267,21,5,8000.0,3200.0,1,1,0,0,80,90,EXTREME,1
1013.18,0.68,0,36,0.2382,9,1,1500.0,600.0,0,0,0,0,11,14,NORMAL,0
1171.61,0.78,0,3,0.1935,16,5,1500.0,600.0,0,0,0,0,0,2,NORMAL,0
5425.87,1.09,0,10,0.0738,10,3,5000.0,2000.0,0,0,0,0,11,7,NORMAL,0
83884.73,6.99,1,0,1.146,17,1,12000.0,4800.0,1,1,1,0,81,95,EXTREME,1
5586.6,0.7,0,32,0.18,12,6,8000.0,3200.0,0,0,0,0,6,12,NORMAL,0
7222.57,0.9,1,0,0.1761,9,1,8000.0,3200.0,0,0,0,0,15,8,NORMAL,0
35671.29,4.46,1,0,0.3853,14,4,8000.0,3200.0,0,0,1,0,15,1,SUSPICIOUS,1
1741.6,0.58,0,18,0.23,9,6,3000.0,1200.0,0,0,0,0,13,3,NORMAL,0
8133.85,0.68,0,13,0.1424,14,2,12000.0,4800.0,0,0,0,0,12,11,NORMAL,0
9639.68,0.8,0,44,0.1807,19,1,12000.0,4800.0,0,0,0,0,9,1,NORMAL,0
3477.99,0.7,0,26,0.1206,14,5,5000.0,2000.0,0,0,1,0,8,13,NORMAL,0
15154.56,3.03,1,0,0.2612,23,0,5000.0,2000.0,0,0,0,1,45,11,SUSPICIOUS,1
5064.4,1.01,0,10,0.0401,14,2,5000.0,2000.0,0,0,0,0,12,7,NORMAL,0
1696.74,0.57,0,27,0.1407,21,4,3000.0,1200.0,0,0,1,0,2,13,NORMAL,0
1499.55,1.0,0,15,0.2497,10,4,1500.0,600.0,0,0,0,0,7,11,NORMAL,0
3051.26,1.02,0,15,0.1901,10,1,3000.0,1200.0,0,0,0,0,6,15,NORMAL,0
4821.6,0.96,0,17,0.0492,15,2,5000.0,2000.0,0,0,0,0,3,12,NORMAL,0
8527.55,5.69,1,0,0.5825,4,3,1500.0,600.0,0,0,1,1,42,13,SUSPICIOUS,1
14818.65,4.94,1,0,0.5151,14,3,3000.0,1200.0,0,0,0,0,15,15,SUSPICIOUS,1
7805.1,5.2,1,0,0.3035,0,4,1500.0,600.0,0,0,0,1,35,14,SUSPICIOUS,1
6069.78,1.21,1,0,0.0969,10,6,5000.0,2000.0,0,0,0,0,7,10,NORMAL,0
8948.49,1.12,0,36,0.1287,14,5,8000.0,3200.0,0,0,0,0,12,14,NORMAL,0
43118.71,3.59,0,1,0.3309,4,2,12000.0,4800.0,0,1,1,0,1,79,SUSPICIOUS,1
3694.64,1.23,1,0,0.1844,22,2,3000.0,1200.0,0,0,0,0,7,12,NORMAL,0
1386.22,0.92,1,0,0.0565,8,1,1500.0,600.0,0,0,0,0,12,6,NORMAL,0
15000.0,5.0,1,0,0.8634,10,2,3000.0,1200.0,1,1,1,1,99,71,EXTREME,1
6869.12,4.58,1,0,0.3205,2,2,1500.0,600.0,1,0,1,0,72,43,SUSPICIOUS,1
7726.37,0.97,0,19,0.205,20,3,8000.0,3200.0,0,0,0,0,15,13,NORMAL,0
4488.29,0.9,0,21,0.1061,18,3,5000.0,2000.0,0,0,0,1,14,10,NORMAL,0
8682.62,1.09,0,21,0.2013,14,1,8000.0,3200.0,0,0,0,0,0,13,NORMAL,0
6511.63,1.3,0,27,0.2239,11,6,5000.0,2000.0,0,0,0,0,5,13,NORMAL,0
1193.23,0.8,0,23,0.1668,18,1,1500.0,600.0,0,0,0,0,1,0,NORMAL,0
1732.78,0.58,0,9,0.0767,16,1,3000.0,1200.0,0,0,0,0,14,13,NORMAL,0
5230.48,0.65,0,10,0.2004,9,3,8000.0,3200.0,0,0,0,0,0,3,NORMAL,0
1280.86,0.85,1,0,0.2313,15,4,1500.0,600.0,0,0,1,0,12,1,NORMAL,0
12906.83,1.08,1,0,0.1397,19,3,12000.0,4800.0,0,0,0,0,15,4,NORMAL,0
7476.73,0.62,0,24,0.1333,7,6,12000.0,4800.0,0,0,0,0,8,14,NORMAL,0
27422.98,5.48,1,0,0.37,2,5,5000.0,2000.0,0,1,1,0,45,73,SUSPICIOUS,1
9838.57,1.23,0,29,0.1126,19,6,8000.0,3200.0,0,0,0,0,1,14,NORMAL,0
11369.21,3.79,1,0,0.4056,4,1,3000.0,1200.0,1,0,0,0,70,7,SUSPICIOUS,1
2885.08,0.58,0,19,0.0499,20,2,5000.0,2000.0,0,0,0,0,9,11,NORMAL,0
32876.89,10.96,1,0,1.0764,2,0,3000.0,1200.0,1,1,1,0,84,76,EXTREME,1
8580.5,1.07,0,36,0.1691,22,5,8000.0,3200.0,0,0,0,0,2,14,NORMAL,0
1936.95,0.65,0,20,0.1755,12,3,3000.0,1200.0,0,0,0,0,5,0,NORMAL,0
8371.3,0.7,0,12,0.2121,22,2,12000.0,4800.0,0,0,0,0,0,1,NORMAL,0
3748.14,0.47,0,4,0.0935,13,0,8000.0,3200.0,0,0,0,0,12,7,NORMAL,0
3013.41,1.0,0,16,0.1095,14,2,3000.0,1200.0,0,0,0,0,0,1,NORMAL,0
6452.19,4.3,1,0,0.3585,19,4,1500.0,600.0,0,0,0,0,39,11,SUSPICIOUS,1
28543.82,5.71,0,2,0.3048,0,6,5000.0,2000.0,1,0,0,0,69,2,SUSPICIOUS,1
39728.15,4.97,1,0,0.2062,23,1,8000.0,3200.0,0,1,0,0,3,69,SUSPICIOUS,1
4575.55,0.92,0,26,0.2088,20,4,5000.0,2000.0,0,0,0,0,4,1,NORMAL,0
5722.32,0.72,0,10,0.2159,10,2,8000.0,3200.0,0,0,0,0,14,4,NORMAL,0
1406.12,0.94,0,40,0.1535,19,5,1500.0,600.0,0,0,0,0,8,5,NORMAL,0
5505.59,0.46,0,39,0.1344,14,1,12000.0,4800.0,0,0,0,0,3,4,NORMAL,0
12237.43,1.02,0,27,0.2332,12,4,12000.0,4800.0,0,0,0,0,6,5,NORMAL,0
7486.38,4.99,1,0,0.2848,2,0,1500.0,600.0,0,1,1,1,42,54,SUSPICIOUS,1
1161.73,0.77,0,26,0.1369,19,0,1500.0,600.0,0,0,0,0,1,0,NORMAL,0
136276.84,11.36,1,0,0.9414,22,3,12000.0,4800.0,1,1,0,0,83,70,EXTREME,1
20944.11,6.98,1,0,1.0375,9,0,3000.0,1200.0,1,1,1,1,87,87,EXTREME,1
14232.11,4.74,1,0,0.4041,0,6,3000.0,1200.0,1,0,0,1,61,17,SUSPICIOUS,1
19651.69,3.93,0,2,0.5328,1,0,5000.0,2000.0,0,1,0,1,36,65,SUSPICIOUS,1
3365.88,0.67,0,39,0.1196,9,2,5000.0,2000.0,0,0,0,0,0,1,NORMAL,0
7050.73,0.88,0,7,0.0555,19,2,8000.0,3200.0,0,0,0,0,9,2,NORMAL,0
35682.76,11.89,1,0,0.4013,14,4,3000.0,1200.0,1,1,1,0,90,73,EXTREME,1
12470.37,1.04,0,41,0.1386,7,2,12000.0,4800.0,0,0,0,0,6,13,NORMAL,0
35914.72,2.99,1,0,0.427,14,1,12000.0,4800.0,1,0,1,0,64,16,SUSPICIOUS,1
97923.75,8.16,1,0,0.9082,3,3,12000.0,4800.0,1,1,0,0,96,91,EXTREME,1
12037.41,1.0,1,0,0.0464,20,1,12000.0,4800.0,0,0,0,0,11,14,NORMAL,0
4766.63,0.6,1,0,0.1649,11,0,8000.0,3200.0,0,0,0,0,2,4,NORMAL,0
3944.9,0.79,0,42,0.1496,12,3,5000.0,2000.0,0,0,0,0,0,9,NORMAL,0
1400.2,0.93,0,38,0.1174,11,0,1500.0,600.0,0,0,0,0,14,11,NORMAL,0
1811.76,1.21,0,31,0.1011,9,5,1500.0,600.0,0,0,0,0,4,15,NORMAL,0
1508.28,1.01,1,0,0.1813,11,2,1500.0,600.0,0,0,0,0,2,12,NORMAL,0
9208.55,3.07,1,0,0.391,1,3,3000.0,1200.0,1,0,1,1,51,11,SUSPICIOUS,0
5911.17,1.18,0,25,0.1421,8,2,5000.0,2000.0,0,0,1,0,13,4,NORMAL,0
16367.92,5.46,1,0,0.5322,0,5,3000.0,1200.0,1,1,0,0,75,61,SUSPICIOUS,1
10824.54,1.35,0,10,0.0985,22,1,8000.0,3200.0,0,0,0,0,5,10,NORMAL,0
12588.5,2.52,1,0,0.4081,2,1,5000.0,2000.0,0,0,0,1,14,48,SUSPICIOUS,0
13271.13,1.11,0,25,0.0413,9,0,12000.0,4800.0,0,0,0,0,11,1,NORMAL,0
1938.29,1.29,0,31,0.226,10,6,1500.0,600.0,0,0,0,0,2,10,NORMAL,0
1090.45,0.73,0,16,0.2389,21,0,1500.0,600.0,0,0,1,0,4,6,NORMAL,0
8207.28,1.03,0,45,0.0431,22,2,8000.0,3200.0,0,0,0,0,2,9,NORMAL,0
29080.13,5.82,1,0,0.9167,18,4,5000.0,2000.0,1,1,0,0,94,83,EXTREME,1
7118.32,0.89,0,40,0.094,22,6,8000.0,3200.0,0,0,0,0,3,13,NORMAL,0
12076.52,1.01,0,34,0.2344,22,1,12000.0,4800.0,0,0,0,0,9,2,NORMAL,0
1606.96,1.07,1,0,0.1098,11,2,1500.0,600.0,0,0,0,0,12,7,NORMAL,0
6692.7,1.34,0,25,0.1319,14,2,5000.0,2000.0,0,0,0,0,4,13,NORMAL,0
3617.82,0.72,0,29,0.0482,20,3,5000.0,2000.0,0,0,0,0,6,7,NORMAL,0
6703.23,1.34,0,34,0.081,16,1,5000.0,2000.0,0,0,0,0,10,7,NORMAL,0
4254.62,0.85,0,10,0.1534,17,2,5000.0,2000.0,0,0,0,0,1,14,NORMAL,0
996.57,0.66,0,30,0.1702,18,0,1500.0,600.0,0,0,0,0,11,12,NORMAL,0
1093.01,0.73,0,36,0.2368,17,0,1500.0,600.0,0,0,0,0,1,15,NORMAL,0
1486.08,0.99,0,40,0.0614,14,0,1500.0,600.0,0,0,0,0,2,3,NORMAL,0
5040.37,0.63,1,0,0.2471,7,1,8000.0,3200.0,0,0,0,0,10,9,NORMAL,0
6129.72,0.77,1,0,0.1876,12,5,8000.0,3200.0,0,0,0,0,0,12,NORMAL,0
2806.75,0.94,0,19,0.1867,9,5,3000.0,1200.0,0,0,0,0,5,0,NORMAL,0
12096.24,4.03,1,0,0.5176,23,6,3000.0,1200.0,0,1,0,0,0,66,SUSPICIOUS,1
1592.44,1.06,1,0,0.0633,13,6,1500.0,600.0,0,0,0,0,5,11,NORMAL,0
40904.45,3.41,1,0,0.4471,0,3,12000.0,4800.0,1,1,0,0,66,68,SUSPICIOUS,1
70077.47,8.76,1,0,0.4396,11,5,8000.0,3200.0,1,1,1,1,98,91,EXTREME,1
2924.82,0.97,0,6,0.0501,19,2,3000.0,1200.0,0,0,0,1,6,9,NORMAL,0
6890.45,0.57,0,19,0.1131,8,1,12000.0,4800.0,0,0,0,0,13,1,NORMAL,0
3859.32,0.77,1,0,0.154,10,1,5000.0,2000.0,0,0,0,0,10,5,NORMAL,0
2663.33,0.89,0,45,0.1591,11,0,3000.0,1200.0,0,0,0,0,11,12,NORMAL,0
8330.55,1.04,0,38,0.0427,7,3,8000.0,3200.0,0,0,0,0,13,1,NORMAL,0
5185.13,0.65,0,4,0.2034,14,3,8000.0,3200.0,0,0,0,0,8,4,NORMAL,0
2438.25,0.81,0,20,0.1044,18,6,3000.0,1200.0,0,0,1,0,7,0,NORMAL,0
41245.36,5.16,0,2,0.3312,3,1,8000.0,3200.0,0,1,0,0,0,53,SUSPICIOUS,1
16937.86,5.65,1,0,0.2423,4,1,3000.0,1200.0,1,1,0,1,75,76,SUSPICIOUS,1
2871.59,0.96,0,8,0.0546,8,4,3000.0,1200.0,0,0,0,0,1,13,NORMAL,0
7559.0,2.52,0,3,0.4223,14,4,3000.0,1200.0,0,0,1,0,35,47,SUSPICIOUS,1
2294.17,0.76,0,2,0.0991,17,3,3000.0,1200.0,0,0,0,0,10,14,NORMAL,0
8421.13,2.81,1,0,0.4374,14,2,3000.0,1200.0,0,1,0,0,37,55,SUSPICIOUS,1
1383.25,0.92,0,11,0.1361,18,4,1500.0,600.0,0,0,0,0,5,2,NORMAL,0
1303.04,0.87,0,10,0.0402,21,0,1500.0,600.0,0,0,0,0,2,11,NORMAL,0
30257.01,2.52,1,0,0.4802,2,0,12000.0,4800.0,0,0,1,0,19,5,SUSPICIOUS,1
1081.34,0.72,0,33,0.1918,18,4,1500.0,600.0,0,0,0,0,3,13,NORMAL,0
45531.9,5.69,1,0,0.6971,17,4,8000.0,3200.0,1,1,0,1,82,93,EXTREME,1
39327.49,4.92,1,0,0.4816,1,3,8000.0,3200.0,0,0,0,0,37,10,SUSPICIOUS,1
66039.36,5.5,1,0,0.5916,2,4,12000.0,4800.0,0,0,1,0,15,16,SUSPICIOUS,1
54649.31,10.93,1,0,0.9259,16,1,5000.0,2000.0,1,1,0,1,85,93,EXTREME,1
1201.33,0.8,0,15,0.1692,11,5,1500.0,600.0,0,0,0,0,7,4,NORMAL,0
4029.03,0.81,1,0,0.0985,15,5,5000.0,2000.0,0,0,0,0,6,4,NORMAL,0
694.27,0.46,1,0,0.2445,18,4,1500.0,600.0,0,0,0,0,6,0,NORMAL,0
1178.93,0.79,0,42,0.0837,8,2,1500.0,600.0,0,0,0,0,4,7,NORMAL,0
63873.73,7.98,1,0,1.0804,4,5,8000.0,3200.0,1,1,1,1,83,77,EXTREME,1
12785.05,4.26,1,0,0.5545,14,2,3000.0,1200.0,0,0,1,0,35,1,SUSPICIOUS,1
34437.67,11.48,1,0,0.752,14,2,3000.0,1200.0,1,1,1,0,92,88,EXTREME,1
2368.88,0.79,0,45,0.0448,12,4,3000.0,1200.0,0,0,0,0,2,13,NORMAL,0
1045.24,0.7,0,26,0.2217,8,6,1500.0,600.0,0,0,0,0,5,6,NORMAL,0
5564.87,1.11,0,36,0.2124,9,4,5000.0,2000.0,0,0,0,0,12,12,NORMAL,0
2263.86,0.75,0,28,0.1422,8,2,3000.0,1200.0,0,0,0,0,12,11,NORMAL,0
5639.71,0.7,0,4,0.1205,19,1,8000.0,3200.0,0,0,0,0,2,12,NORMAL,0
9061.79,0.76,0,18,0.1031,8,3,12000.0,4800.0,0,0,0,0,13,12,NORMAL,0
11196.2,0.93,0,16,0.1592,18,0,12000.0,4800.0,0,0,0,0,9,12,NORMAL,0
11546.07,3.85,1,0,0.5336,1,2,3000.0,1200.0,0,1,0,0,8,66,SUSPICIOUS,1
4210.7,0.84,0,37,0.186,15,5,5000.0,2000.0,0,0,0,0,4,3,NORMAL,0
956.84,0.64,0,33,0.2393,10,5,1500.0,600.0,0,0,0,0,13,4,NORMAL,0
1140.14,0.76,0,38,0.1834,15,1,1500.0,600.0,0,0,0,0,6,10,NORMAL,0
4626.38,0.93,0,13,0.2267,8,2,5000.0,2000.0,0,0,0,0,7,7,NORMAL,0
1406.18,0.94,0,17,0.0563,18,6,1500.0,600.0,0,0,1,0,15,12,NORMAL,0
2994.93,0.6,0,31,0.2035,19,5,5000.0,2000.0,0,0,0,0,8,15,NORMAL,0
9958.2,0.83,0,19,0.1916,17,1,12000.0,4800.0,0,0,0,0,11,7,NORMAL,0
3208.68,0.64,0,40,0.2032,19,6,5000.0,2000.0,0,0,0,0,2,13,NORMAL,0
4679.69,3.12,1,0,0.2089,0,4,1500.0,600.0,1,0,0,0,74,9,SUSPICIOUS,1
1660.6,0.55,0,40,0.0699,18,4,3000.0,1200.0,0,0,0,0,12,12,NORMAL,0
8230.6,5.49,1,0,0.3813,4,1,1500.0,600.0,1,0,1,1,72,8,SUSPICIOUS,1
1347.55,0.27,1,0,0.1802,15,5,5000.0,2000.0,0,0,0,0,6,7,NORMAL,0
7764.13,0.97,0,21,0.2031,16,1,8000.0,3200.0,0,0,0,0,1,14,NORMAL,0
7537.47,0.94,0,45,0.2298,7,4,8000.0,3200.0,0,0,0,0,3,15,NORMAL,0
2340.84,0.78,0,9,0.0567,21,0,3000.0,1200.0,0,0,0,0,8,10,NORMAL,0
5306.45,1.06,0,13,0.1309,21,2,5000.0,2000.0,0,0,1,0,8,15,NORMAL,0
2510.7,0.84,0,45,0.0453,20,6,3000.0,1200.0,0,0,0,0,10,4,NORMAL,0
10208.21,1.28,0,29,0.1241,17,3,8000.0,3200.0,0,0,0,0,6,6,NORMAL,0
7139.95,4.76,1,0,0.5053,23,6,1500.0,600.0,1,0,1,0,63,2,SUSPICIOUS,1
3908.6,0.78,0,44,0.2467,8,0,5000.0,2000.0,0,0,0,0,4,15,NORMAL,0
3340.82,1.11,1,0,0.0791,21,5,3000.0,1200.0,0,0,0,0,6,3,NORMAL,0
2181.33,0.73,0,9,0.2015,13,6,3000.0,1200.0,0,0,0,0,12,2,NORMAL,0
1404.35,0.94,0,14,0.1194,18,2,1500.0,600.0,0,0,0,0,4,12,NORMAL,0
109908.03,9.16,1,0,0.8605,20,6,12000.0,4800.0,1,1,1,1,95,95,EXTREME,1
6630.17,1.33,0,24,0.2137,13,1,5000.0,2000.0,0,0,0,0,4,5,NORMAL,0
10051.92,1.26,0,41,0.0799,12,0,8000.0,3200.0,0,0,0,0,9,11,NORMAL,0
2771.72,0.92,0,16,0.0671,20,3,3000.0,1200.0,0,0,0,0,2,11,NORMAL,0
706.26,0.47,0,37,0.245,8,4,1500.0,600.0,0,0,0,0,5,12,NORMAL,0
1356.29,0.9,0,12,0.2143,13,3,1500.0,600.0,0,0,1,0,1,3,NORMAL,0
4605.39,0.58,1,0,0.1754,14,4,8000.0,3200.0,0,0,0,0,5,2,NORMAL,0
5584.25,0.7,0,18,0.1522,15,6,8000.0,3200.0,0,0,0,0,12,15,NORMAL,0
14792.92,2.96,1,0,0.5879,3,5,5000.0,2000.0,0,0,1,1,4,16,SUSPICIOUS,1
3576.1,0.72,0,24,0.1576,11,5,5000.0,2000.0,0,0,0,0,5,5,NORMAL,0
15000.0,10.0,1,0,1.0568,19,2,1500.0,600.0,1,1,0,0,86,81,EXTREME,1
31994.79,10.66,1,0,0.9083,23,3,3000.0,1200.0,1,1,0,1,87,72,EXTREME,1
1143.74,0.76,0,45,0.2065,15,0,1500.0,600.0,0,0,0,0,7,0,NORMAL,0
69890.67,5.82,0,3,0.4247,2,0,12000.0,4800.0,0,1,1,0,2,64,SUSPICIOUS,1
7211.85,0.6,0,44,0.1239,22,5,12000.0,4800.0,0,0,0,0,11,12,NORMAL,0
9159.45,1.14,1,0,0.1069,9,6,8000.0,3200.0,0,0,0,0,5,2,NORMAL,0
13760.37,2.75,1,0,0.5673,23,2,5000.0,2000.0,0,0,0,0,36,45,SUSPICIOUS,0
10782.32,0.9,0,37,0.1443,12,0,12000.0,4800.0,0,0,0,1,15,0,NORMAL,0
2038.21,0.68,0,12,0.18,9,4,3000.0,1200.0,0,0,0,0,15,3,NORMAL,0
10728.55,3.58,0,3,0.2975,14,4,3000.0,1200.0,1,1,0,0,69,69,SUSPICIOUS,1
8169.51,0.68,0,6,0.0746,22,3,12000.0,4800.0,0,0,0,0,7,2,NORMAL,0
2951.11,0.98,0,43,0.1218,7,3,3000.0,1200.0,0,0,0,0,10,15,NORMAL,0
16326.93,5.44,0,3,0.474,4,1,3000.0,1200.0,0,0,1,1,40,12,SUSPICIOUS,1
13886.94,1.16,0,39,0.1738,12,1,12000.0,4800.0,0,0,1,0,3,4,NORMAL,0
1007.04,0.67,0,3,0.2027,22,6,1500.0,600.0,0,0,0,0,12,8,NORMAL,0
6276.59,0.78,0,20,0.1408,8,0,8000.0,3200.0,0,0,0,0,4,13,NORMAL,0
32367.47,6.47,1,0,0.9323,13,3,5000.0,2000.0,1,1,0,0,92,79,EXTREME,1
3079.37,0.62,0,7,0.1282,13,3,5000.0,2000.0,0,0,0,0,11,13,NORMAL,0
3415.28,0.68,1,0,0.1254,18,2,5000.0,2000.0,0,0,0,0,7,15,NORMAL,0
94403.3,11.8,1,0,0.852,19,1,8000.0,3200.0,1,1,1,0,94,84,EXTREME,1
14973.06,1.25,0,10,0.1596,19,1,12000.0,4800.0,0,0,1,0,10,6,NORMAL,0
6388.46,0.8,0,13,0.1173,10,1,8000.0,3200.0,0,0,0,0,5,14,NORMAL,0
6673.99,1.33,0,7,0.2192,16,4,5000.0,2000.0,0,0,0,0,10,12,NORMAL,0
47872.88,5.98,1,0,1.1779,8,6,8000.0,3200.0,1,1,1,0,89,93,EXTREME,1
7906.46,5.27,1,0,0.2485,3,6,1500.0,600.0,0,1,1,0,8,68,SUSPICIOUS,1
2498.75,0.5,0,18,0.0436,12,1,5000.0,2000.0,0,0,0,0,7,1,NORMAL,0
13857.11,4.62,1,0,0.5741,4,0,3000.0,1200.0,0,0,0,1,41,18,SUSPICIOUS,1
2655.94,0.89,0,32,0.2,22,2,3000.0,1200.0,0,0,0,0,9,11,NORMAL,0
2538.87,0.32,0,32,0.2081,11,6,8000.0,3200.0,0,0,0,0,4,1,NORMAL,0
42667.4,8.53,1,0,1.0786,12,0,5000.0,2000.0,1,1,0,0,84,93,EXTREME,1
1030.94,0.69,0,24,0.0624,10,1,1500.0,600.0,0,0,0,0,14,10,NORMAL,0
10205.54,0.85,0,27,0.08,17,5,12000.0,4800.0,0,0,0,0,15,0,NORMAL,0
1724.86,1.15,0,41,0.0859,9,2,1500.0,600.0,0,0,0,0,11,9,NORMAL,0
6362.69,0.8,0,7,0.0552,18,0,8000.0,3200.0,0,0,0,0,6,9,NORMAL,0
3693.74,0.46,0,44,0.1956,8,6,8000.0,3200.0,0,0,0,0,7,6,NORMAL,0
3873.13,0.77,0,43,0.0626,16,1,5000.0,2000.0,0,0,0,0,14,13,NORMAL,0
41880.07,5.24,1,0,0.2112,23,5,8000.0,3200.0,0,1,0,0,4,57,SUSPICIOUS,1
706.06,0.47,0,43,0.0588,22,3,1500.0,600.0,0,0,0,0,9,2,NORMAL,0
1556.47,1.04,0,22,0.0523,14,4,1500.0,600.0,0,0,0,0,11,1,NORMAL,0
8849.96,0.74,0,29,0.1221,12,3,12000.0,4800.0,0,0,0,0,10,5,NORMAL,0
14047.89,4.68,1,0,0.2545,2,2,3000.0,1200.0,0,0,1,1,41,40,SUSPICIOUS,1
5821.44,1.16,0,30,0.0542,10,5,5000.0,2000.0,0,0,0,0,13,14,NORMAL,0
43965.28,5.5,1,0,0.3914,23,6,8000.0,3200.0,0,0,1,0,7,1,SUSPICIOUS,1
3064.13,1.02,1,0,0.2377,12,1,3000.0,1200.0,0,0,0,1,8,15,NORMAL,0
48669.55,9.73,1,0,1.1606,4,0,5000.0,2000.0,1,1,1,1,84,87,EXTREME,1
15745.83,1.31,0,3,0.0591,12,1,12000.0,4800.0,0,0,0,0,4,9,NORMAL,0
9867.71,1.23,0,28,0.2324,15,5,8000.0,3200.0,0,0,0,0,14,3,NORMAL,0
7075.69,0.88,0,18,0.1269,12,2,8000.0,3200.0,0,0,0,0,1,12,NORMAL,0
11716.21,0.98,0,30,0.0724,22,5,12000.0,4800.0,0,0,0,0,4,10,NORMAL,0
2696.88,0.9,0,40,0.0484,17,3,3000.0,1200.0,0,0,0,0,12,9,NORMAL,0
1670.8,0.56,0,33,0.0923,13,3,3000.0,1200.0,0,0,0,0,2,5,NORMAL,0
4375.94,2.92,1,0,0.4054,3,5,1500.0,600.0,1,1,1,0,70,79,SUSPICIOUS,1
15000.0,10.0,1,0,0.4396,15,2,1500.0,600.0,1,1,0,1,81,95,EXTREME,1
11201.48,3.73,1,0,0.4478,4,5,3000.0,1200.0,1,0,0,1,73,47,SUSPICIOUS,1
17005.82,5.67,0,3,0.3018,3,4,3000.0,1200.0,0,1,1,1,45,58,SUSPICIOUS,1
3410.16,1.14,0,22,0.1839,15,4,3000.0,1200.0,0,0,0,0,12,6,NORMAL,0
1646.72,1.1,0,14,0.0825,16,2,1500.0,600.0,0,0,0,0,9,14,NORMAL,0
5547.97,1.11,0,35,0.1448,17,0,5000.0,2000.0,0,0,1,0,8,14,NORMAL,0
44553.99,8.91,1,0,0.702,16,5,5000.0,2000.0,1,1,0,0,91,72,EXTREME,1
2097.01,0.7,0,30,0.1443,12,3,3000.0,1200.0,0,0,0,0,13,6,NORMAL,0
3963.06,0.79,0,19,0.0788,22,3,5000.0,2000.0,0,0,0,0,10,5,NORMAL,0
3297.43,1.1,1,0,0.0569,19,2,3000.0,1200.0,0,0,0,0,2,4,NORMAL,0
42908.18,8.58,1,0,1.142,4,4,5000.0,2000.0,1,1,1,0,89,73,EXTREME,1
5867.01,0.73,0,11,0.1642,17,6,8000.0,3200.0,0,0,0,0,12,7,NORMAL,0
1728.45,0.58,0,13,0.2136,16,5,3000.0,1200.0,0,0,0,0,5,1,NORMAL,0
44940.1,8.99,1,0,0.4217,21,4,5000.0,2000.0,1,1,1,0,90,73,EXTREME,1
2773.79,0.92,0,4,0.0492,14,5,3000.0,1200.0,0,0,0,0,5,2,NORMAL,0
2409.83,0.8,1,0,0.2141,9,2,3000.0,1200.0,0,0,0,0,9,3,NORMAL,0
3539.05,0.44,0,36,0.1449,19,2,8000.0,3200.0,0,0,0,0,0,3,NORMAL,0
17087.52,3.42,1,0,0.3558,4,6,5000.0,2000.0,0,1,1,0,35,64,SUSPICIOUS,1
32382.84,4.05,1,0,0.2978,23,4,8000.0,3200.0,1,0,0,0,59,9,SUSPICIOUS,1
3063.85,0.61,0,9,0.1651,11,1,5000.0,2000.0,0,0,0,0,9,5,NORMAL,0
10294.73,1.29,0,13,0.0558,12,0,8000.0,3200.0,0,0,1,0,9,2,NORMAL,0
21808.21,4.36,0,1,0.3126,19,4,5000.0,2000.0,0,0,1,0,18,3,SUSPICIOUS,1
24295.88,3.04,0,3,0.4438,4,4,8000.0,3200.0,0,0,0,1,3,16,SUSPICIOUS,1
15000.0,10.0,1,0,0.7456,13,0,1500.0,600.0,1,1,1,1,85,92,EXTREME,1
1721.69,0.57,0,36,0.1107,19,1,3000.0,1200.0,0,0,0,0,3,0,NORMAL,0
3242.98,1.08,0,35,0.2288,7,2,3000.0,1200.0,0,0,0,0,5,13,NORMAL,0
7691.68,0.64,0,5,0.0525,19,4,12000.0,4800.0,0,0,0,0,13,5,NORMAL,0
16506.84,5.5,1,0,0.4223,3,6,3000.0,1200.0,1,0,1,0,59,6,SUSPICIOUS,1
568.21,0.38,0,42,0.0639,19,1,1500.0,600.0,0,0,0,0,12,14,NORMAL,0
29389.81,5.88,1,0,0.5893,3,1,5000.0,2000.0,0,1,0,1,5,54,SUSPICIOUS,1
10012.01,0.83,0,16,0.1134,12,3,12000.0,4800.0,0,0,0,0,2,15,NORMAL,0
581.01,0.39,0,32,0.1435,10,5,1500.0,600.0,0,0,0,0,1,13,NORMAL,0
6572.9,0.55,0,42,0.2288,10,6,12000.0,4800.0,0,0,0,0,8,7,NORMAL,0
6323.32,0.79,0,28,0.0645,10,2,8000.0,3200.0,0,0,0,0,13,7,NORMAL,0
6245.37,0.78,0,45,0.0435,11,5,8000.0,3200.0,0,0,0,0,12,12,NORMAL,0
34948.26,4.37,0,3,0.548,1,1,8000.0,3200.0,0,1,0,0,48,72,SUSPICIOUS,1
3086.37,1.03,0,16,0.1665,20,5,3000.0,1200.0,0,0,0,0,0,14,NORMAL,0
130718.7,10.89,1,0,0.418,8,5,12000.0,4800.0,1,1,0,0,95,74,EXTREME,1
71515.44,5.96,1,0,0.5058,14,3,12000.0,4800.0,0,1,0,0,35,78,SUSPICIOUS,1
8264.98,1.03,0,24,0.184,16,3,8000.0,3200.0,0,0,0,0,8,2,NORMAL,0
11066.17,0.92,0,21,0.0636,21,1,12000.0,4800.0,0,0,0,0,9,14,NORMAL,0
2457.97,0.82,0,39,0.1527,10,3,3000.0,1200.0,0,0,0,0,9,0,NORMAL,0
10480.12,0.87,0,42,0.1481,19,0,12000.0,4800.0,0,0,0,0,10,5,NORMAL,0
1843.65,1.23,0,10,0.2418,8,3,1500.0,600.0,0,0,0,0,12,9,NORMAL,0
1500.79,1.0,0,13,0.0968,15,2,1500.0,600.0,0,0,1,0,3,7,NORMAL,0
7344.24,0.61,0,44,0.2089,17,3,12000.0,4800.0,0,0,0,0,9,7,NORMAL,0
4346.85,0.87,0,8,0.1562,20,6,5000.0,2000.0,0,0,0,0,7,0,NORMAL,0
4667.72,0.93,0,5,0.0401,8,5,5000.0,2000.0,0,0,0,0,11,12,NORMAL,0
67321.39,5.61,0,2,0.458,0,2,12000.0,4800.0,0,1,1,0,41,76,SUSPICIOUS,1
111836.78,9.32,1,0,1.1178,9,3,12000.0,4800.0,1,1,1,0,94,88,EXTREME,1
1216.78,0.81,0,35,0.1391,20,5,1500.0,600.0,0,0,0,0,1,0,NORMAL,0
55831.12,6.98,1,0,0.9503,1,1,8000.0,3200.0,1,1,1,0,88,79,EXTREME,1
2226.96,0.74,0,4,0.1226,15,5,3000.0,1200.0,0,0,0,0,10,13,NORMAL,0
4067.43,0.81,0,4,0.1193,11,0,5000.0,2000.0,0,0,0,0,10,11,NORMAL,0
3758.92,0.47,0,29,0.2013,12,6,8000.0,3200.0,0,0,0,0,5,3,NORMAL,0
2374.56,0.79,0,43,0.1786,21,6,3000.0,1200.0,0,0,0,0,0,8,NORMAL,0
3068.91,0.38,0,20,0.1838,17,2,8000.0,3200.0,0,0,0,0,7,13,NORMAL,0
13110.96,4.37,1,0,0.3956,1,1,3000.0,1200.0,1,1,0,0,57,50,SUSPICIOUS,1
32366.98,2.7,1,0,0.3578,2,0,12000.0,4800.0,0,0,1,0,2,15,SUSPICIOUS,1
8857.31,1.11,0,29,0.2022,14,4,8000.0,3200.0,0,0,0,0,11,10,NORMAL,0
5691.95,1.14,0,39,0.1804,12,5,5000.0,2000.0,0,0,0,0,11,4,NORMAL,0
5762.78,0.72,0,34,0.1088,18,4,8000.0,3200.0,0,0,0,0,2,14,NORMAL,0
1249.4,0.83,0,42,0.0499,16,4,1500.0,600.0,0,0,0,0,2,8,NORMAL,0
5097.26,0.64,0,25,0.1741,18,6,8000.0,3200.0,0,0,0,0,4,9,NORMAL,0
14462.36,2.89,0,2,0.2476,4,5,5000.0,2000.0,0,1,1,0,18,56,SUSPICIOUS,1
5750.33,1.15,0,34,0.1522,14,1,5000.0,2000.0,0,0,0,0,3,6,NORMAL,0
7364.0,4.91,1,0,0.4577,2,3,1500.0,600.0,0,1,0,0,16,74,SUSPICIOUS,1
8810.52,0.73,1,0,0.2068,22,4,12000.0,4800.0,0,0,1,0,15,6,NORMAL,0
7621.52,0.95,0,45,0.0531,12,0,8000.0,3200.0,0,0,0,0,14,9,NORMAL,0
2409.9,0.8,0,16,0.1414,8,0,3000.0,1200.0,0,0,0,0,3,11,NORMAL,0
31168.65,6.23,1,0,0.7052,2,5,5000.0,2000.0,1,1,0,0,95,84,EXTREME,1
8670.58,0.72,0,39,0.2357,16,1,12000.0,4800.0,0,0,0,0,6,12,NORMAL,0
4293.05,0.86,0,42,0.2067,15,2,5000.0,2000.0,0,0,0,0,1,0,NORMAL,0
11560.53,0.96,0,23,0.1407,7,4,12000.0,4800.0,0,0,0,0,7,10,NORMAL,0
105067.29,8.76,1,0,0.9309,9,2,12000.0,4800.0,1,1,1,1,85,90,EXTREME,1
7253.12,0.6,0,21,0.17,21,4,12000.0,4800.0,0,0,0,0,11,14,NORMAL,0
26917.99,5.38,0,2,0.454,23,6,5000.0,2000.0,1,0,1,1,68,18,SUSPICIOUS,1
4874.53,0.61,0,31,0.1935,9,6,8000.0,3200.0,0,0,0,0,4,9,NORMAL,0
9580.17,0.8,0,30,0.2287,21,0,12000.0,4800.0,0,0,0,0,10,9,NORMAL,0
52435.41,10.49,1,0,1.0319,6,3,5000.0,2000.0,1,1,0,0,95,94,EXTREME,1
6367.1,0.8,0,8,0.0574,13,5,8000.0,3200.0,0,0,0,0,0,6,NORMAL,0
5539.43,0.69,0,9,0.2028,14,4,8000.0,3200.0,0,0,0,0,15,2,NORMAL,0
11409.9,0.95,1,0,0.2124,12,6,12000.0,4800.0,0,0,0,0,3,14,NORMAL,0
4784.52,0.96,0,29,0.2342,13,1,5000.0,2000.0,0,0,0,0,11,2,NORMAL,0
8804.35,0.73,0,3,0.1985,21,5,12000.0,4800.0,0,0,0,0,0,10,NORMAL,0
1166.7,0.78,0,9,0.0656,14,6,1500.0,600.0,0,0,0,0,2,0,NORMAL,0
3418.01,1.14,0,32,0.1045,17,2,3000.0,1200.0,0,0,0,0,3,7,NORMAL,0
1757.47,1.17,0,22,0.2135,10,6,1500.0,600.0,0,0,0,0,3,1,NORMAL,0
2267.22,0.76,0,31,0.0834,9,2,3000.0,1200.0,0,0,0,0,15,6,NORMAL,0
22208.25,2.78,1,0,0.4039,14,4,8000.0,3200.0,1,1,1,1,57,79,SUSPICIOUS,1
3812.98,0.76,0,29,0.059,16,3,5000.0,2000.0,0,0,0,0,7,2,NORMAL,0
3771.06,0.47,0,33,0.1593,18,2,8000.0,3200.0,0,0,0,0,3,3,NORMAL,0
11164.78,0.93,1,0,0.0681,14,3,12000.0,4800.0,0,0,0,0,15,5,NORMAL,0
54969.06,4.58,0,3,0.3513,0,2,12000.0,4800.0,0,0,0,0,9,45,SUSPICIOUS,1
15804.0,10.54,1,0,0.9464,2,0,1500.0,600.0,1,1,0,0,83,89,EXTREME,1
4531.58,0.91,0,15,0.1103,16,3,5000.0,2000.0,0,0,0,0,8,1,NORMAL,0
1534.77,1.02,0,37,0.1548,11,3,1500.0,600.0,0,0,0,0,6,0,NORMAL,0
2701.75,0.9,0,34,0.2232,15,5,3000.0,1200.0,0,0,0,0,8,8,NORMAL,0
15095.57,1.26,0,22,0.2068,7,4,12000.0,4800.0,0,0,0,0,13,1,NORMAL,0
12525.47,1.04,0,2,0.1596,12,4,12000.0,4800.0,0,0,0,0,8,14,NORMAL,0
4941.3,0.99,0,17,0.2145,17,4,5000.0,2000.0,0,0,0,0,14,4,NORMAL,0
28044.65,5.61,1,0,0.5871,1,6,5000.0,2000.0,1,0,0,0,59,8,SUSPICIOUS,1
1187.95,0.79,0,15,0.164,9,4,1500.0,600.0,0,0,0,0,15,6,NORMAL,0
5705.77,1.14,0,16,0.1938,13,3,5000.0,2000.0,0,0,0,0,9,15,NORMAL,0
15000.0,10.0,1,0,0.4067,0,4,1500.0,600.0,1,1,1,0,83,81,EXTREME,1
6686.82,0.84,0,13,0.1544,19,1,8000.0,3200.0,0,0,0,0,11,8,NORMAL,0
5773.71,1.15,1,0,0.218,14,0,5000.0,2000.0,0,0,0,0,1,11,NORMAL,0
1977.53,0.4,0,6,0.0441,22,5,5000.0,2000.0,0,0,0,0,8,3,NORMAL,0
5199.64,1.04,0,17,0.2164,9,0,5000.0,2000.0,0,0,0,0,15,9,NORMAL,0
2479.16,0.83,0,19,0.1542,21,0,3000.0,1200.0,0,0,0,0,15,4,NORMAL,0
47088.7,3.92,1,0,0.3493,19,6,12000.0,4800.0,0,0,1,0,44,40,SUSPICIOUS,1
2864.71,0.95,0,8,0.0627,8,0,3000.0,1200.0,0,0,0,0,6,9,NORMAL,0
9493.34,1.19,0,32,0.0425,19,3,8000.0,3200.0,0,0,0,0,5,1,NORMAL,0
1097.12,0.73,1,0,0.1104,14,3,1500.0,600.0,0,0,0,0,13,4,NORMAL,0
93339.92,11.67,1,0,0.8667,0,2,8000.0,3200.0,1,1,0,1,94,85,EXTREME,1
1893.56,1.26,0,10,0.11,7,0,1500.0,600.0,0,0,0,0,14,6,NORMAL,0
1676.48,1.12,0,12,0.0737,10,1,1500.0,600.0,0,0,0,0,12,1,NORMAL,0
790.07,0.53,0,33,0.0699,10,0,1500.0,600.0,0,0,0,0,8,10,NORMAL,0
4965.49,0.99,0,9,0.2497,10,4,5000.0,2000.0,0,0,0,1,5,2,NORMAL,0
2797.77,0.56,0,28,0.0513,11,6,5000.0,2000.0,0,0,0,0,7,9,NORMAL,0
2337.65,0.78,0,11,0.0595,19,0,3000.0,1200.0,0,0,0,0,4,10,NORMAL,0
4736.22,0.95,0,11,0.2404,7,4,5000.0,2000.0,0,0,0,0,8,9,NORMAL,0
7302.95,0.91,0,26,0.1696,13,5,8000.0,3200.0,0,0,0,0,5,13,NORMAL,0
1668.27,1.11,0,10,0.1388,9,5,1500.0,600.0,0,0,0,1,14,9,NORMAL,0
3791.56,1.26,0,24,0.2137,18,4,3000.0,1200.0,0,0,0,0,11,3,NORMAL,0
1459.2,0.97,0,9,0.1071,9,1,1500.0,600.0,0,0,0,0,13,12,NORMAL,0
125024.04,10.42,1,0,1.1079,8,3,12000.0,4800.0,1,1,0,0,97,83,EXTREME,1
9125.91,0.76,0,10,0.0849,19,0,12000.0,4800.0,0,0,0,0,0,8,NORMAL,0
10450.44,0.87,0,30,0.2124,9,4,12000.0,4800.0,0,0,0,0,3,1,NORMAL,0
8640.07,0.72,0,29,0.1032,8,3,12000.0,4800.0,0,0,0,0,6,12,NORMAL,0
2413.19,0.8,0,22,0.2457,15,4,3000.0,1200.0,0,0,0,0,8,13,NORMAL,0
6396.89,4.26,1,0,0.4296,14,2,1500.0,600.0,0,0,1,0,46,40,SUSPICIOUS,1
2573.31,0.86,0,33,0.1841,11,6,3000.0,1200.0,0,0,0,1,0,11,NORMAL,0
1251.6,0.42,0,2,0.0528,7,4,3000.0,1200.0,0,0,0,0,12,7,NORMAL,0
61019.97,7.63,1,0,0.875,19,0,8000.0,3200.0,1,1,0,0,80,86,EXTREME,1
14684.81,1.22,0,9,0.0929,19,6,12000.0,4800.0,0,0,0,0,0,0,NORMAL,0
892.69,0.6,0,42,0.072,14,1,1500.0,600.0,0,0,0,0,15,6,NORMAL,0
112632.4,9.39,1,0,1.1561,18,5,12000.0,4800.0,1,1,0,1,94,93,EXTREME,1
1625.41,1.08,0,23,0.103,9,6,1500.0,600.0,0,0,0,0,13,15,NORMAL,0
1237.84,0.83,1,0,0.2335,15,5,1500.0,600.0,0,0,0,0,7,7,NORMAL,0
17507.47,5.84,1,0,0.2384,1,2,3000.0,1200.0,1,1,0,0,73,63,SUSPICIOUS,1
15471.91,5.16,0,2,0.26,0,1,3000.0,1200.0,0,1,1,1,0,53,SUSPICIOUS,1
5594.36,0.7,0,30,0.1075,15,2,8000.0,3200.0,0,0,0,0,8,12,NORMAL,0
1233.5,0.82,1,0,0.1556,15,5,1500.0,600.0,0,0,0,0,0,4,NORMAL,0
938.76,0.63,0,11,0.2333,14,4,1500.0,600.0,0,0,0,0,14,9,NORMAL,0
23940.68,2.99,1,0,0.4003,1,3,8000.0,3200.0,1,0,1,0,55,14,SUSPICIOUS,1
3058.02,1.02,0,12,0.2397,14,2,3000.0,1200.0,0,0,1,0,14,0,NORMAL,0
7874.9,0.66,1,0,0.202,11,4,12000.0,4800.0,0,0,0,0,10,3,NORMAL,0
550.44,0.37,0,42,0.2447,18,4,1500.0,600.0,0,0,0,0,0,9,NORMAL,0
1021.69,0.68,0,5,0.1376,12,1,1500.0,600.0,0,0,0,1,1,8,NORMAL,0
1369.56,0.91,0,17,0.1497,21,0,1500.0,600.0,0,0,0,0,0,2,NORMAL,0
9605.29,3.2,0,3,0.494,14,0,3000.0,1200.0,0,1,0,0,43,56,SUSPICIOUS,1
32186.33,4.02,1,0,0.5823,4,2,8000.0,3200.0,0,0,0,0,37,9,SUSPICIOUS,1
4427.86,0.55,0,16,0.2189,16,3,8000.0,3200.0,0,0,0,0,0,3,NORMAL,0
972.61,0.65,0,42,0.2464,16,3,1500.0,600.0,0,0,0,0,4,8,NORMAL,0
4108.83,0.51,1,0,0.2498,12,1,8000.0,3200.0,0,0,0,0,10,3,NORMAL,0
9935.59,1.24,0,13,0.1228,7,4,8000.0,3200.0,0,0,0,0,12,13,NORMAL,0
3175.62,0.64,0,27,0.2401,11,2,5000.0,2000.0,0,0,0,0,2,14,NORMAL,0
11770.19,0.98,0,19,0.2059,16,3,12000.0,4800.0,0,0,0,0,14,2,NORMAL,0
11296.86,3.77,1,0,0.59,1,6,3000.0,1200.0,1,1,0,1,67,59,SUSPICIOUS,1
3843.02,0.77,0,15,0.1046,16,5,5000.0,2000.0,0,0,0,0,13,12,NORMAL,0
1449.91,0.48,1,0,0.206,20,6,3000.0,1200.0,0,0,0,0,8,11,NORMAL,0
2173.95,0.72,1,0,0.1239,15,6,3000.0,1200.0,0,0,0,0,9,2,NORMAL,0
50708.42,4.23,1,0,0.4202,2,3,12000.0,4800.0,1,1,1,0,62,54,SUSPICIOUS,1
3780.63,0.76,0,34,0.2093,9,4,5000.0,2000.0,0,0,0,0,8,13,NORMAL,0
9164.71,1.15,0,3,0.1129,10,6,8000.0,3200.0,0,0,0,0,3,1,NORMAL,0
17942.54,3.59,1,0,0.3116,2,1,5000.0,2000.0,0,0,1,0,3,1,SUSPICIOUS,1
6609.63,0.55,0,17,0.1443,10,5,12000.0,4800.0,0,0,0,0,12,1,NORMAL,0
1610.14,1.07,0,14,0.0621,21,4,1500.0,600.0,0,0,0,0,1,2,NORMAL,0
15000.0,10.0,1,0,1.1352,15,6,1500.0,600.0,1,1,1,0,83,77,EXTREME,1
1501.96,1.0,0,31,0.2,20,0,1500.0,600.0,0,0,0,0,3,12,NORMAL,0
5644.29,1.13,0,41,0.2453,8,5,5000.0,2000.0,0,0,0,0,8,3,NORMAL,0
43001.32,5.38,1,0,0.3459,0,5,8000.0,3200.0,0,0,1,0,48,10,SUSPICIOUS,1
2130.62,1.42,1,0,0.2338,21,4,1500.0,600.0,0,0,0,0,0,15,NORMAL,0
1043.38,0.7,0,31,0.0635,20,0,1500.0,600.0,0,0,0,0,13,0,NORMAL,0
12338.14,1.03,0,11,0.0673,13,5,12000.0,4800.0,0,0,0,0,12,8,NORMAL,0
38314.55,3.19,1,0,0.2907,19,3,12000.0,4800.0,0,0,1,0,41,0,SUSPICIOUS,1
4550.55,0.38,0,24,0.1378,8,0,12000.0,4800.0,0,0,0,0,5,8,NORMAL,0
17118.89,5.71,1,0,0.7162,5,1,3000.0,1200.0,1,1,0,0,83,82,EXTREME,1
7244.58,0.91,0,26,0.1558,21,2,8000.0,3200.0,0,0,1,0,12,15,NORMAL,0
13660.13,2.73,1,0,0.2474,23,5,5000.0,2000.0,0,0,0,0,4,43,SUSPICIOUS,0
3509.15,1.17,0,2,0.1409,7,1,3000.0,1200.0,0,0,1,0,6,11,NORMAL,0
62207.44,5.18,0,1,0.3128,3,5,12000.0,4800.0,0,0,0,0,3,7,SUSPICIOUS,1
3059.6,0.61,0,16,0.045,16,0,5000.0,2000.0,0,0,0,0,13,2,NORMAL,0
7991.93,2.66,1,0,0.5646,14,3,3000.0,1200.0,0,0,0,0,17,9,SUSPICIOUS,1
8169.01,0.68,0,16,0.1051,9,0,12000.0,4800.0,0,0,1,0,0,10,NORMAL,0
28461.47,5.69,1,0,0.5075,2,3,5000.0,2000.0,1,0,1,1,72,3,SUSPICIOUS,1
5375.5,1.08,0,9,0.0687,9,3,5000.0,2000.0,0,0,0,0,15,10,NORMAL,0
11553.68,0.96,0,38,0.1445,10,2,12000.0,4800.0,0,0,0,0,11,8,NORMAL,0
1900.21,1.27,0,40,0.137,14,5,1500.0,600.0,0,0,0,0,12,0,NORMAL,0
9846.48,1.23,0,25,0.2021,20,6,8000.0,3200.0,0,0,0,0,14,14,NORMAL,0
3486.75,0.44,0,31,0.0828,21,0,8000.0,3200.0,0,0,0,0,11,12,NORMAL,0
34883.64,4.36,1,0,0.292,0,1,8000.0,3200.0,1,1,0,0,55,54,SUSPICIOUS,1
5751.1,0.72,0,6,0.2165,17,5,8000.0,3200.0,0,0,0,0,14,5,NORMAL,0
3013.97,1.0,0,27,0.1839,19,1,3000.0,1200.0,0,0,0,0,14,5,NORMAL,0
6105.65,4.07,1,0,0.2544,19,5,1500.0,600.0,0,0,0,0,6,44,SUSPICIOUS,1
2604.66,0.52,0,37,0.243,19,3,5000.0,2000.0,0,0,0,0,13,4,NORMAL,0
11051.25,0.92,0,34,0.2155,8,3,12000.0,4800.0,0,0,0,0,0,8,NORMAL,0
36557.01,4.57,1,0,0.223,23,6,8000.0,3200.0,1,1,0,0,50,62,SUSPICIOUS,1
7236.38,0.6,0,32,0.082,20,5,12000.0,4800.0,0,0,0,0,2,10,NORMAL,0
26088.95,5.22,1,0,0.4727,23,3,5000.0,2000.0,1,1,0,0,65,69,SUSPICIOUS,1
5224.19,1.04,0,6,0.1632,7,1,5000.0,2000.0,0,0,0,0,8,4,NORMAL,0
6721.96,0.84,0,10,0.1356,13,1,8000.0,3200.0,0,0,0,0,1,5,NORMAL,0
4658.3,0.58,0,6,0.2155,18,5,8000.0,3200.0,0,0,0,0,15,13,NORMAL,0
1991.78,1.33,0,5,0.2037,12,4,1500.0,600.0,0,0,0,0,11,3,NORMAL,0
8814.89,1.1,0,16,0.0468,12,0,8000.0,3200.0,0,0,0,0,13,0,NORMAL,0
16492.33,5.5,1,0,1.1188,23,3,3000.0,1200.0,1,1,0,1,98,95,EXTREME,1
2681.35,0.54,0,27,0.0964,9,0,5000.0,2000.0,0,0,0,0,13,0,NORMAL,0
8588.35,5.73,0,1,0.36,3,3,1500.0,600.0,0,0,0,0,1,0,SUSPICIOUS,1
2559.37,0.85,0,28,0.2154,12,2,3000.0,1200.0,0,0,0,0,8,12,NORMAL,0
12536.81,1.57,0,19,0.2043,20,1,8000.0,3200.0,0,0,0,0,0,7,NORMAL,0
3462.8,0.43,0,22,0.0946,12,2,8000.0,3200.0,0,0,0,0,10,3,NORMAL,0
69587.17,5.8,1,0,0.7696,5,6,12000.0,4800.0,1,1,0,1,95,75,EXTREME,1
13376.19,1.11,0,26,0.0867,8,2,12000.0,4800.0,0,0,0,0,13,1,NORMAL,0
4804.65,0.6,0,43,0.1095,12,3,8000.0,3200.0,0,0,0,0,5,9,NORMAL,0
8873.29,1.11,0,42,0.1631,7,3,8000.0,3200.0,0,0,0,1,0,13,NORMAL,0
7022.55,0.88,0,28,0.2178,7,1,8000.0,3200.0,0,0,0,0,1,0,NORMAL,0
10657.3,0.89,0,12,0.165,12,1,12000.0,4800.0,0,0,0,0,2,11,NORMAL,0
2463.26,0.82,0,19,0.0944,8,4,3000.0,1200.0,0,0,0,0,7,5,NORMAL,0
2739.44,0.91,0,13,0.0414,12,1,3000.0,1200.0,0,0,1,0,11,2,NORMAL,0
5065.81,1.01,0,5,0.0638,14,2,5000.0,2000.0,0,0,0,0,9,10,NORMAL,0
848.37,0.57,0,27,0.162,16,5,1500.0,600.0,0,0,0,0,6,6,NORMAL,0
3423.77,1.14,0,17,0.1228,12,4,3000.0,1200.0,0,0,1,0,13,4,NORMAL,0
2693.01,0.54,0,36,0.25,14,0,5000.0,2000.0,0,0,0,0,4,8,NORMAL,0
7919.43,0.66,1,0,0.2038,19,2,12000.0,4800.0,0,0,0,0,4,1,NORMAL,0
7374.27,0.92,0,6,0.141,16,4,8000.0,3200.0,0,0,0,0,11,8,NORMAL,0
25103.07,3.14,0,2,0.4564,3,3,8000.0,3200.0,0,1,0,1,41,51,SUSPICIOUS,1
30426.56,3.8,1,0,0.2512,14,6,8000.0,3200.0,0,1,0,0,15,72,SUSPICIOUS,1
4204.98,0.53,0,11,0.1873,20,0,8000.0,3200.0,0,0,1,0,14,7,NORMAL,0
1981.61,0.66,0,36,0.2295,17,6,3000.0,1200.0,0,0,0,0,4,8,NORMAL,0
1503.15,1.0,1,0,0.1851,17,2,1500.0,600.0,0,0,0,0,0,10,NORMAL,0
4624.48,1.54,0,42,0.0621,14,5,3000.0,1200.0,0,0,0,0,1,14,NORMAL,0
3613.68,1.2,0,40,0.2445,18,5,3000.0,1200.0,0,0,0,0,8,4,NORMAL,0
5433.54,0.45,0,18,0.1719,17,5,12000.0,4800.0,0,0,0,0,3,5,NORMAL,0
3896.39,0.78,0,32,0.1435,20,3,5000.0,2000.0,0,0,0,0,12,6,NORMAL,0
2085.7,0.7,0,37,0.1303,10,2,3000.0,1200.0,0,0,0,0,1,5,NORMAL,0
4210.61,0.84,0,19,0.052,17,5,5000.0,2000.0,0,0,0,0,11,6,NORMAL,0
4593.43,0.92,0,32,0.0683,12,0,5000.0,2000.0,0,0,0,0,8,12,NORMAL,0
11305.33,3.77,0,3,0.55,23,0,3000.0,1200.0,0,1,1,0,12,50,SUSPICIOUS,1
15059.78,10.04,1,0,0.8266,11,5,1500.0,600.0,1,1,1,0,100,82,EXTREME,1
3547.57,0.71,0,37,0.1263,15,1,5000.0,2000.0,0,0,0,0,0,2,NORMAL,0
3310.98,1.1,0,19,0.0583,12,4,3000.0,1200.0,0,0,0,0,0,0,NORMAL,0
9211.91,1.15,0,30,0.0483,20,3,8000.0,3200.0,0,0,0,0,0,8,NORMAL,0
1703.19,1.14,0,25,0.1304,12,0,1500.0,600.0,0,0,0,1,15,9,NORMAL,0
1862.3,0.62,0,5,0.1948,9,4,3000.0,1200.0,0,0,0,0,7,7,NORMAL,0
11179.87,0.93,0,12,0.1026,21,0,12000.0,4800.0,0,0,0,1,2,7,NORMAL,0
1663.4,1.11,0,3,0.2357,11,3,1500.0,600.0,0,0,0,0,15,1,NORMAL,0
8598.21,5.73,1,0,0.5324,0,3,1500.0,600.0,0,1,0,0,4,53,SUSPICIOUS,1
5274.66,1.05,1,0,0.1602,14,3,5000.0,2000.0,0,0,0,0,5,6,NORMAL,0
38452.97,4.81,0,3,0.2445,3,6,8000.0,3200.0,0,0,1,0,35,19,SUSPICIOUS,1
5880.9,0.74,0,14,0.1902,19,2,8000.0,3200.0,0,0,0,0,8,9,NORMAL,0
3323.78,0.42,0,32,0.1783,19,4,8000.0,3200.0,0,0,0,0,11,15,NORMAL,0
5965.45,3.98,1,0,0.516,4,1,1500.0,600.0,0,0,0,0,1,13,SUSPICIOUS,1
4182.62,0.84,0,37,0.1327,9,6,5000.0,2000.0,0,0,0,0,15,6,NORMAL,0
906.64,0.6,0,20,0.1577,21,2,1500.0,600.0,0,0,0,0,8,8,NORMAL,0
2697.1,0.9,0,29,0.204,13,4,3000.0,1200.0,0,0,0,0,12,8,NORMAL,0
935.97,0.62,0,20,0.2023,18,5,1500.0,600.0,0,0,0,0,7,12,NORMAL,0
13511.63,1.13,0,19,0.1845,12,1,12000.0,4800.0,0,0,0,1,13,8,NORMAL,0
1453.19,0.97,0,16,0.1452,17,5,1500.0,600.0,0,0,0,0,10,15,NORMAL,0
865.44,0.58,0,19,0.0892,7,6,1500.0,600.0,0,0,0,0,1,7,NORMAL,0
8469.5,1.06,1,0,0.1426,20,5,8000.0,3200.0,0,0,0,0,3,9,NORMAL,0
14969.52,1.25,0,15,0.136,19,5,12000.0,4800.0,0,0,0,0,12,2,NORMAL,0
4967.59,0.99,0,18,0.2282,21,1,5000.0,2000.0,0,0,0,0,12,7,NORMAL,0
762.82,0.51,0,21,0.2253,9,4,1500.0,600.0,0,0,0,0,11,1,NORMAL,0
45886.08,5.74,1,0,0.5372,0,6,8000.0,3200.0,1,1,0,0,56,69,SUSPICIOUS,1
6502.06,0.81,1,0,0.245,18,3,8000.0,3200.0,0,0,0,0,13,1,NORMAL,0
2269.36,0.76,0,29,0.1643,14,1,3000.0,1200.0,0,0,0,0,0,12,NORMAL,0
7733.66,2.58,1,0,0.4803,1,4,3000.0,1200.0,0,0,0,0,5,13,SUSPICIOUS,0
26081.78,5.22,1,0,0.5084,19,4,5000.0,2000.0,0,1,0,0,13,72,SUSPICIOUS,1
1216.66,0.81,0,15,0.1603,13,2,1500.0,600.0,0,0,0,1,5,15,NORMAL,0
6032.37,1.21,0,42,0.1078,7,6,5000.0,2000.0,0,0,0,0,9,4,NORMAL,0
5641.91,0.71,1,0,0.1761,20,6,8000.0,3200.0,0,0,0,0,2,12,NORMAL,0
7236.05,0.9,0,13,0.2162,9,3,8000.0,3200.0,0,0,0,0,5,0,NORMAL,0
103810.01,8.65,1,0,1.0134,16,6,12000.0,4800.0,1,1,0,0,99,72,EXTREME,1
7263.56,0.61,0,33,0.0652,11,3,12000.0,4800.0,0,0,0,0,10,6,NORMAL,0
1304.47,0.87,0,2,0.1521,16,4,1500.0,600.0,0,0,0,0,8,5,NORMAL,0
476.72,0.32,0,39,0.1525,14,0,1500.0,600.0,0,0,0,0,7,10,NORMAL,0
6740.0,0.56,0,9,0.0993,20,3,12000.0,4800.0,0,0,0,0,0,12,NORMAL,0
2140.82,0.43,0,30,0.0799,18,2,5000.0,2000.0,0,0,0,0,5,8,NORMAL,0
24027.06,4.81,1,0,0.2217,2,6,5000.0,2000.0,0,1,1,0,2,74,SUSPICIOUS,1
1868.8,1.25,0,26,0.2403,15,5,1500.0,600.0,0,0,0,0,7,3,NORMAL,0
6846.66,0.57,0,5,0.0616,15,6,12000.0,4800.0,0,0,0,0,4,2,NORMAL,0
7145.05,0.89,0,9,0.14,11,3,8000.0,3200.0,0,0,0,0,9,1,NORMAL,0
15000.0,10.0,1,0,0.8315,16,5,1500.0,600.0,1,1,1,1,82,84,EXTREME,1
2933.15,0.98,0,28,0.1556,16,6,3000.0,1200.0,0,0,0,0,9,10,NORMAL,0
1819.1,1.21,0,35,0.1466,17,4,1500.0,600.0,0,0,0,0,5,14,NORMAL,0
10414.39,1.3,0,29,0.2368,10,5,8000.0,3200.0,0,0,0,0,12,3,NORMAL,0
6240.38,0.78,0,37,0.0469,11,6,8000.0,3200.0,0,0,0,0,0,7,NORMAL,0
1826.6,0.61,0,28,0.0809,15,2,3000.0,1200.0,0,0,0,0,8,6,NORMAL,0
14240.21,4.75,1,0,0.4088,19,0,3000.0,1200.0,0,0,0,0,35,9,SUSPICIOUS,1
2610.59,0.87,0,44,0.2242,13,3,3000.0,1200.0,0,0,0,0,0,2,NORMAL,0
2039.21,0.68,0,17,0.0419,15,4,3000.0,1200.0,0,0,0,0,14,12,NORMAL,0
5062.11,3.37,1,0,0.5044,0,1,1500.0,600.0,0,1,1,0,9,60,SUSPICIOUS,0
1689.71,1.13,0,16,0.1867,20,2,1500.0,600.0,0,0,0,0,2,14,NORMAL,0
3545.07,0.71,0,17,0.2235,15,6,5000.0,2000.0,0,0,0,0,4,3,NORMAL,0
8523.27,1.07,0,17,0.1487,15,5,8000.0,3200.0,0,0,0,0,12,13,NORMAL,0
2654.3,0.88,0,4,0.12,21,4,3000.0,1200.0,0,0,0,0,13,9,NORMAL,0
9978.08,0.83,0,33,0.2432,12,1,12000.0,4800.0,0,0,0,0,1,8,NORMAL,0
2493.25,0.83,0,28,0.1584,11,0,3000.0,1200.0,0,0,0,0,12,13,NORMAL,0
11716.77,0.98,0,13,0.0797,18,3,12000.0,4800.0,0,0,0,0,4,7,NORMAL,0
44224.52,5.53,1,0,0.4059,19,3,8000.0,3200.0,0,0,1,1,11,13,SUSPICIOUS,1
6111.39,1.22,0,5,0.1499,15,4,5000.0,2000.0,0,0,0,0,7,3,NORMAL,0
3371.37,1.12,0,40,0.0578,11,3,3000.0,1200.0,0,0,1,0,0,0,NORMAL,0
13369.23,2.67,0,3,0.3866,14,1,5000.0,2000.0,0,0,0,0,2,9,SUSPICIOUS,0
4791.88,0.96,0,38,0.0549,16,0,5000.0,2000.0,0,0,0,0,0,6,NORMAL,0
26092.23,5.22,1,0,0.9085,17,3,5000.0,2000.0,1,1,0,0,84,71,EXTREME,1
4949.47,0.99,0,26,0.1024,11,2,5000.0,2000.0,0,0,0,0,0,10,NORMAL,0
1939.85,0.65,1,0,0.0784,17,6,3000.0,1200.0,0,0,0,0,7,0,NORMAL,0
12067.08,1.51,0,8,0.1707,15,4,8000.0,3200.0,0,0,0,0,12,4,NORMAL,0
136436.83,11.37,1,0,1.1832,1,5,12000.0,4800.0,1,1,0,0,91,82,EXTREME,1
1474.4,0.98,0,25,0.0917,7,3,1500.0,600.0,0,0,0,0,13,13,NORMAL,0
8175.2,0.68,0,32,0.0721,16,6,12000.0,4800.0,0,0,0,0,0,9,NORMAL,0
5993.85,0.75,0,12,0.1068,9,5,8000.0,3200.0,0,0,0,0,6,15,NORMAL,0
5699.77,0.71,1,0,0.0509,22,3,8000.0,3200.0,0,0,0,0,6,5,NORMAL,0
4066.22,0.81,1,0,0.128,12,0,5000.0,2000.0,0,0,0,0,4,10,NORMAL,0
105371.54,8.78,1,0,0.4568,6,4,12000.0,4800.0,1,1,1,1,95,76,EXTREME,1
3883.24,0.78,0,20,0.2189,16,2,5000.0,2000.0,0,0,0,1,14,9,NORMAL,0
2438.23,0.49,0,3,0.1332,20,6,5000.0,2000.0,0,0,0,0,4,7,NORMAL,0
7382.1,4.92,1,0,0.3285,1,6,1500.0,600.0,0,0,0,0,37,17,SUSPICIOUS,1
6287.44,4.19,1,0,0.463,23,0,1500.0,600.0,1,1,1,0,59,56,SUSPICIOUS,1
13624.39,1.14,0,34,0.0403,18,4,12000.0,4800.0,0,0,0,0,2,3,NORMAL,0
3550.84,0.71,0,41,0.1224,18,1,5000.0,2000.0,0,0,1,0,3,12,NORMAL,0
20075.4,2.51,1,0,0.4351,0,5,8000.0,3200.0,1,1,0,0,54,57,SUSPICIOUS,1
11599.64,0.97,0,7,0.2089,7,5,12000.0,4800.0,0,0,0,0,6,12,NORMAL,0
1779.83,1.19,0,25,0.2322,19,5,1500.0,600.0,0,0,0,0,8,0,NORMAL,0
15000.0,10.0,1,0,0.6574,19,5,1500.0,600.0,1,1,0,1,90,72,EXTREME,1
4111.91,0.51,0,15,0.2221,14,2,8000.0,3200.0,0,0,0,0,13,4,NORMAL,0
11715.98,0.98,0,21,0.0954,7,4,12000.0,4800.0,0,0,0,0,1,13,NORMAL,0
14401.2,1.2,0,4,0.1653,8,5,12000.0,4800.0,0,0,0,0,3,2,NORMAL,0
4942.78,0.99,0,7,0.0593,11,6,5000.0,2000.0,0,0,0,0,12,12,NORMAL,0
3509.36,0.7,0,37,0.0499,12,6,5000.0,2000.0,0,0,0,0,12,7,NORMAL,0
10904.93,0.91,0,4,0.102,21,6,12000.0,4800.0,0,0,1,0,5,4,NORMAL,0
5765.63,0.72,0,32,0.1403,15,2,8000.0,3200.0,0,0,0,0,8,9,NORMAL,0
1069.44,0.71,0,45,0.2273,11,5,1500.0,600.0,0,0,0,0,6,2,NORMAL,0
7372.39,0.92,0,41,0.1602,14,4,8000.0,3200.0,0,0,0,0,8,13,NORMAL,0
1803.01,0.23,0,10,0.2233,12,1,8000.0,3200.0,0,0,0,0,10,12,NORMAL,0
1200.84,0.8,0,26,0.0555,16,0,1500.0,600.0,0,0,0,0,4,11,NORMAL,0
7178.22,0.9,1,0,0.2304,19,0,8000.0,3200.0,0,0,0,0,10,1,NORMAL,0
7053.05,0.88,0,2,0.1179,11,5,8000.0,3200.0,0,0,0,1,2,13,NORMAL,0
7996.33,0.67,0,2,0.2205,8,4,12000.0,4800.0,0,0,0,0,3,5,NORMAL,0
4501.6,3.0,1,0,0.4433,23,1,1500.0,600.0,0,0,0,0,14,18,SUSPICIOUS,1
1340.73,0.89,0,13,0.2435,8,0,1500.0,600.0,0,0,0,0,13,1,NORMAL,0
2579.09,0.52,0,33,0.2362,17,2,5000.0,2000.0,0,0,1,0,8,4,NORMAL,0
8836.36,0.74,0,20,0.1856,17,1,12000.0,4800.0,0,0,0,0,2,3,NORMAL,0
1193.01,0.8,0,40,0.1218,18,4,1500.0,600.0,0,0,0,0,6,9,NORMAL,0
4315.32,0.86,0,27,0.0729,12,4,5000.0,2000.0,0,0,0,0,11,4,NORMAL,0
877.27,0.58,0,28,0.1198,14,6,1500.0,600.0,0,0,0,0,13,3,NORMAL,0
5472.27,1.09,0,3,0.134,16,3,5000.0,2000.0,0,0,0,0,4,13,NORMAL,0
970.76,0.32,0,6,0.1169,18,0,3000.0,1200.0,0,0,0,0,2,11,NORMAL,0
1707.6,1.14,0,45,0.1924,9,3,1500.0,600.0,0,0,0,0,15,3,NORMAL,0
14359.05,1.2,0,5,0.1184,12,2,12000.0,4800.0,0,0,0,0,9,2,NORMAL,0
3798.36,0.76,0,18,0.0519,19,2,5000.0,2000.0,0,0,0,0,11,6,NORMAL,0
6671.63,0.83,0,22,0.1918,10,4,8000.0,3200.0,0,0,0,0,2,12,NORMAL,0
6162.74,1.23,0,27,0.162,20,2,5000.0,2000.0,0,0,0,0,12,3,NORMAL,0
5081.16,1.02,0,33,0.0954,21,3,5000.0,2000.0,0,0,0,0,0,11,NORMAL,0
2304.74,0.77,0,32,0.218,9,4,3000.0,1200.0,0,0,0,0,8,7,NORMAL,0
1194.95,0.8,0,12,0.0454,18,3,1500.0,600.0,0,0,0,0,15,7,NORMAL,0
14747.13,4.92,1,0,0.3916,2,1,3000.0,1200.0,1,0,1,0,60,42,SUSPICIOUS,1
1497.0,0.5,0,12,0.2113,21,3,3000.0,1200.0,0,0,0,0,5,8,NORMAL,0
26926.79,8.98,1,0,0.9673,7,5,3000.0,1200.0,1,1,0,1,97,80,EXTREME,1
4533.78,1.51,0,3,0.1608,15,5,3000.0,1200.0,0,0,0,0,0,2,NORMAL,0
3435.48,1.15,0,20,0.069,16,3,3000.0,1200.0,0,0,0,1,2,4,NORMAL,0
53209.56,6.65,1,0,0.6569,2,2,8000.0,3200.0,1,1,1,0,88,92,EXTREME,1
1039.76,0.69,0,30,0.108,9,1,1500.0,600.0,0,0,1,0,7,3,NORMAL,0
42080.87,5.26,0,1,0.4694,2,6,8000.0,3200.0,0,0,0,0,20,4,SUSPICIOUS,1
33072.14,4.13,1,0,0.2302,0,3,8000.0,3200.0,1,0,0,0,54,0,SUSPICIOUS,1
1404.53,0.47,0,5,0.09,8,2,3000.0,1200.0,0,0,0,0,10,5,NORMAL,0
27124.19,9.04,1,0,0.4679,1,5,3000.0,1200.0,1,1,0,0,95,95,EXTREME,1
1273.4,0.42,0,19,0.0439,20,3,3000.0,1200.0,0,0,0,0,11,5,NORMAL,0
22460.56,4.49,1,0,0.5704,2,0,5000.0,2000.0,0,0,0,0,7,6,SUSPICIOUS,1
3557.43,0.71,0,27,0.2254,15,3,5000.0,2000.0,0,0,0,0,2,9,NORMAL,0
14997.47,1.25,0,39,0.0839,13,4,12000.0,4800.0,0,0,0,0,15,8,NORMAL,0
5102.86,3.4,0,3,0.3709,23,6,1500.0,600.0,1,1,1,0,53,53,SUSPICIOUS,0
16288.37,3.26,1,0,0.289,4,3,5000.0,2000.0,0,1,0,0,41,75,SUSPICIOUS,1
63834.43,5.32,1,0,0.5468,1,2,12000.0,4800.0,0,0,1,1,17,7,SUSPICIOUS,1
976.67,0.65,0,30,0.1318,12,1,1500.0,600.0,0,0,0,0,6,9,NORMAL,0
2868.3,0.96,0,31,0.1968,22,0,3000.0,1200.0,0,0,0,0,4,4,NORMAL,0
11708.23,0.98,0,5,0.1093,16,0,12000.0,4800.0,0,0,0,0,12,1,NORMAL,0
28749.79,9.58,1,0,0.6043,20,2,3000.0,1200.0,1,1,1,0,92,79,EXTREME,1
2720.19,0.23,0,19,0.1222,17,4,12000.0,4800.0,0,0,0,0,13,14,NORMAL,0
4797.88,0.6,0,45,0.1537,7,6,8000.0,3200.0,0,0,0,0,14,4,NORMAL,0
1168.62,0.78,0,5,0.1605,11,3,1500.0,600.0,0,0,0,1,2,12,NORMAL,0
52649.7,6.58,1,0,1.1207,23,3,8000.0,3200.0,1,1,0,1,96,83,EXTREME,1
69774.92,5.81,1,0,0.5006,23,3,12000.0,4800.0,0,1,1,1,46,67,SUSPICIOUS,1
65521.59,8.19,1,0,0.6701,13,6,8000.0,3200.0,1,1,1,1,96,74,EXTREME,1
15000.0,10.0,1,0,0.6823,10,0,1500.0,600.0,1,1,0,0,84,75,EXTREME,1
5960.12,1.19,1,0,0.1476,22,2,5000.0,2000.0,0,0,0,0,0,4,NORMAL,0
1673.44,0.56,0,36,0.2496,7,4,3000.0,1200.0,0,0,0,0,7,10,NORMAL,0
1703.51,1.14,0,17,0.1257,8,4,1500.0,600.0,0,0,0,0,9,8,NORMAL,0
3334.91,0.42,1,0,0.0495,17,5,8000.0,3200.0,0,0,1,0,1,7,NORMAL,0
7462.38,1.49,0,15,0.0965,7,4,5000.0,2000.0,0,0,0,0,13,2,NORMAL,0
4083.58,0.51,0,38,0.2243,11,6,8000.0,3200.0,0,0,0,0,8,10,NORMAL,0
1726.75,1.15,0,26,0.168,7,2,1500.0,600.0,0,0,0,0,10,1,NORMAL,0
5551.8,0.69,0,33,0.1028,7,4,8000.0,3200.0,0,0,0,0,10,15,NORMAL,0
12044.52,1.0,0,3,0.2265,8,1,12000.0,4800.0,0,0,0,0,13,0,NORMAL,0
15074.93,3.01,0,1,0.5206,1,2,5000.0,2000.0,0,0,1,0,19,4,SUSPICIOUS,0
6210.38,4.14,0,1,0.2163,1,4,1500.0,600.0,0,1,0,0,14,74,SUSPICIOUS,1
6473.32,1.29,0,9,0.1778,9,4,5000.0,2000.0,0,0,0,0,13,8,NORMAL,0
2251.39,0.75,0,34,0.1496,11,6,3000.0,1200.0,0,0,0,0,10,12,NORMAL,0
3485.1,0.7,0,28,0.0734,14,1,5000.0,2000.0,0,0,0,0,13,0,NORMAL,0
4657.77,0.39,0,41,0.1989,12,3,12000.0,4800.0,0,0,0,0,13,15,NORMAL,0
1319.83,0.88,0,30,0.0804,7,3,1500.0,600.0,0,0,0,0,12,5,NORMAL,0
1647.72,1.1,0,35,0.2339,9,3,1500.0,600.0,0,0,0,0,4,9,NORMAL,0
3114.74,0.62,0,38,0.1056,7,3,5000.0,2000.0,0,0,0,0,4,7,NORMAL,0
1881.59,0.63,0,9,0.1346,7,1,3000.0,1200.0,0,0,0,0,5,7,NORMAL,0
1251.81,0.83,1,0,0.2106,20,2,1500.0,600.0,0,0,0,0,8,14,NORMAL,0
4974.27,0.99,0,30,0.162,15,0,5000.0,2000.0,0,0,0,0,14,13,NORMAL,0
52042.92,4.34,0,3,0.4163,0,6,12000.0,4800.0,0,0,0,1,48,44,SUSPICIOUS,1
1778.33,0.22,0,37,0.162,18,4,8000.0,3200.0,0,0,0,0,12,5,NORMAL,0
10887.22,0.91,0,34,0.1331,13,4,12000.0,4800.0,0,0,0,0,0,4,NORMAL,0
22219.66,2.78,1,0,0.3597,1,1,8000.0,3200.0,1,0,1,0,75,19,SUSPICIOUS,1
1677.87,1.12,0,36,0.061,19,6,1500.0,600.0,0,0,0,1,3,4,NORMAL,0
20197.2,2.52,1,0,0.4861,0,6,8000.0,3200.0,1,1,0,1,64,54,SUSPICIOUS,1
11162.36,0.93,0,37,0.1674,14,1,12000.0,4800.0,0,0,0,0,8,13,NORMAL,0
7188.1,0.9,0,17,0.1899,8,3,8000.0,3200.0,0,0,0,0,15,10,NORMAL,0
7704.14,0.64,0,16,0.2493,13,2,12000.0,4800.0,0,0,1,0,11,14,NORMAL,0
2071.29,0.69,0,12,0.2164,13,0,3000.0,1200.0,0,0,0,0,10,10,NORMAL,0
6905.96,1.38,0,4,0.1151,9,4,5000.0,2000.0,0,0,0,0,15,7,NORMAL,0
5914.17,1.18,0,21,0.1172,13,0,5000.0,2000.0,0,0,0,0,2,9,NORMAL,0
1301.72,0.87,0,8,0.198,14,5,1500.0,600.0,0,0,0,0,10,1,NORMAL,0
4212.98,0.53,0,42,0.1975,9,5,8000.0,3200.0,0,0,0,0,1,14,NORMAL,0
9279.17,1.16,0,11,0.0887,16,6,8000.0,3200.0,0,0,0,0,8,11,NORMAL,0
6007.54,0.75,0,38,0.2101,7,6,8000.0,3200.0,0,0,0,0,7,13,NORMAL,0
5585.47,1.12,0,6,0.1307,11,4,5000.0,2000.0,0,0,0,0,10,15,NORMAL,0
32846.5,10.95,1,0,0.6841,15,2,3000.0,1200.0,1,1,0,0,94,92,EXTREME,1
3003.09,1.0,0,16,0.0619,19,4,3000.0,1200.0,0,0,0,0,6,1,NORMAL,0
4115.81,0.82,0,44,0.1039,12,6,5000.0,2000.0,0,0,0,0,7,7,NORMAL,0
5499.27,1.1,1,0,0.1129,15,4,5000.0,2000.0,0,0,0,1,7,13,NORMAL,0
7759.36,0.97,0,21,0.1012,19,6,8000.0,3200.0,0,0,0,0,15,8,NORMAL,0
49720.42,9.94,1,0,0.8578,17,2,5000.0,2000.0,1,1,0,0,100,72,EXTREME,1
34825.99,2.9,1,0,0.2012,0,1,12000.0,4800.0,0,0,0,0,2,46,SUSPICIOUS,1
4498.69,0.9,0,8,0.0879,16,6,5000.0,2000.0,0,0,0,0,8,15,NORMAL,0
40716.11,3.39,1,0,0.4776,19,2,12000.0,4800.0,0,0,0,0,43,48,SUSPICIOUS,1
2802.11,0.93,0,3,0.2105,20,6,3000.0,1200.0,0,0,0,0,11,0,NORMAL,0
6345.05,0.79,0,13,0.0645,13,3,8000.0,3200.0,0,0,0,0,12,14,NORMAL,0
10899.62,1.36,0,28,0.1315,9,0,8000.0,3200.0,0,0,0,0,4,10,NORMAL,0
4250.85,0.85,0,4,0.0682,11,1,5000.0,2000.0,0,0,0,0,7,8,NORMAL,0
8473.13,5.65,1,0,0.3751,14,4,1500.0,600.0,1,1,0,1,61,79,SUSPICIOUS,1
37199.51,4.65,1,0,0.4543,4,6,8000.0,3200.0,1,1,1,1,52,79,SUSPICIOUS,1
2563.03,0.51,1,0,0.1038,19,2,5000.0,2000.0,0,0,0,0,13,9,NORMAL,0
15000.0,10.0,1,0,0.707,15,6,1500.0,600.0,1,1,1,0,84,82,EXTREME,1
3730.98,0.75,0,43,0.1201,17,2,5000.0,2000.0,0,0,0,0,5,5,NORMAL,0
52475.71,10.5,1,0,0.6389,1,0,5000.0,2000.0,1,1,0,0,86,95,EXTREME,1
1534.82,1.02,0,23,0.1121,13,6,1500.0,600.0,0,0,0,0,8,9,NORMAL,0
12403.91,1.03,0,11,0.0779,14,4,12000.0,4800.0,0,0,0,0,0,9,NORMAL,0
15000.0,5.0,1,0,1.1401,8,3,3000.0,1200.0,1,1,0,1,82,81,EXTREME,1
2836.47,0.95,0,7,0.064,21,4,3000.0,1200.0,0,0,0,0,14,10,NORMAL,0
5269.94,3.51,1,0,0.3142,19,3,1500.0,600.0,0,1,1,0,13,52,SUSPICIOUS,1
3223.16,0.64,0,5,0.061,22,1,5000.0,2000.0,0,0,0,0,2,9,NORMAL,0
533.17,0.36,0,18,0.0881,22,4,1500.0,600.0,0,0,0,0,13,5,NORMAL,0
1292.6,0.86,0,37,0.0563,21,0,1500.0,600.0,0,0,0,0,1,12,NORMAL,0
3207.1,0.64,0,31,0.2162,20,5,5000.0,2000.0,0,0,0,0,0,4,NORMAL,0
3123.02,1.04,0,6,0.1182,15,1,3000.0,1200.0,0,0,0,0,6,0,NORMAL,0
2997.33,1.0,1,0,0.2414,20,6,3000.0,1200.0,0,0,0,1,10,10,NORMAL,0
56620.5,11.32,1,0,0.5105,9,5,5000.0,2000.0,1,1,1,1,83,73,EXTREME,1
5531.43,0.69,0,4,0.0617,9,2,8000.0,3200.0,0,0,1,0,10,4,NORMAL,0
31883.62,3.99,1,0,0.5395,2,1,8000.0,3200.0,0,0,0,1,43,42,SUSPICIOUS,1
35480.65,2.96,1,0,0.2189,14,1,12000.0,4800.0,0,0,0,0,3,19,SUSPICIOUS,1
10188.27,3.4,1,0,0.2895,1,1,3000.0,1200.0,0,1,0,0,46,73,SUSPICIOUS,1
2457.2,0.82,0,40,0.0934,20,5,3000.0,1200.0,0,0,0,0,9,10,NORMAL,0
11573.42,0.96,0,21,0.168,20,6,12000.0,4800.0,0,0,0,0,0,5,NORMAL,0
4820.08,0.6,0,13,0.1965,18,1,8000.0,3200.0,0,0,0,0,13,14,NORMAL,0
2523.74,0.84,0,38,0.1555,18,1,3000.0,1200.0,0,0,0,0,15,7,NORMAL,0
1372.0,0.91,0,13,0.2494,19,2,1500.0,600.0,0,0,0,0,10,2,NORMAL,0
7225.48,0.9,0,25,0.2054,8,4,8000.0,3200.0,0,0,0,0,13,13,NORMAL,0
16335.57,3.27,1,0,0.4326,23,1,5000.0,2000.0,1,0,0,0,63,8,SUSPICIOUS,1
24171.16,4.83,1,0,0.4245,14,1,5000.0,2000.0,0,1,0,1,18,61,SUSPICIOUS,1
16713.01,5.57,1,0,0.596,19,4,3000.0,1200.0,0,0,1,0,41,45,SUSPICIOUS,1
7462.97,0.93,0,42,0.1549,14,2,8000.0,3200.0,0,0,0,0,8,6,NORMAL,0
10625.3,0.89,0,29,0.0917,7,3,12000.0,4800.0,0,0,0,0,3,12,NORMAL,0
16862.05,1.41,0,42,0.0896,9,3,12000.0,4800.0,0,0,0,0,3,11,NORMAL,0
10226.48,0.85,1,0,0.1227,13,5,12000.0,4800.0,0,0,1,1,14,2,NORMAL,0
3292.4,1.1,0,26,0.0524,12,6,3000.0,1200.0,0,0,0,0,0,3,NORMAL,0
46849.92,5.86,0,1,0.4224,2,3,8000.0,3200.0,0,0,0,0,18,48,SUSPICIOUS,1
5569.62,0.7,0,39,0.2013,21,3,8000.0,3200.0,0,0,0,0,5,10,NORMAL,0
143183.52,11.93,1,0,0.9063,12,6,12000.0,4800.0,1,1,0,1,89,81,EXTREME,1
3452.29,1.15,0,31,0.0691,16,0,3000.0,1200.0,0,0,0,0,6,12,NORMAL,0
8965.75,5.98,1,0,0.4568,14,5,1500.0,600.0,1,1,0,0,64,66,SUSPICIOUS,1
75643.39,9.46,1,0,0.8406,6,2,8000.0,3200.0,1,1,1,1,87,89,EXTREME,1
8350.85,1.04,0,24,0.2049,7,0,8000.0,3200.0,0,0,0,0,12,7,NORMAL,0
31423.27,2.62,0,1,0.2906,4,2,12000.0,4800.0,1,0,0,0,61,6,SUSPICIOUS,1
1661.05,1.11,0,38,0.1546,15,0,1500.0,600.0,0,0,0,0,1,2,NORMAL,0
3204.24,1.07,1,0,0.2487,9,0,3000.0,1200.0,0,0,0,0,12,0,NORMAL,0
10005.93,0.83,0,7,0.202,8,6,12000.0,4800.0,0,0,0,0,9,5,NORMAL,0
10418.62,0.87,0,28,0.2192,10,3,12000.0,4800.0,0,0,0,0,1,2,NORMAL,0
10565.77,3.52,1,0,0.5383,3,2,3000.0,1200.0,1,1,0,0,56,56,SUSPICIOUS,1
2286.97,0.76,0,6,0.1293,22,4,3000.0,1200.0,0,0,0,0,3,15,NORMAL,0
1668.75,1.11,0,36,0.1203,9,2,1500.0,600.0,0,0,0,0,15,3,NORMAL,0
23248.17,2.91,0,3,0.2391,4,6,8000.0,3200.0,0,1,0,1,4,69,SUSPICIOUS,1
12009.28,1.0,0,43,0.0585,9,0,12000.0,4800.0,0,0,0,0,4,14,NORMAL,0
1912.1,0.64,0,6,0.2022,13,3,3000.0,1200.0,0,0,0,0,15,11,NORMAL,0
9350.78,1.17,0,6,0.0902,9,0,8000.0,3200.0,0,0,0,0,15,9,NORMAL,0
23419.2,2.93,1,0,0.3145,3,5,8000.0,3200.0,1,0,1,1,57,43,SUSPICIOUS,0
10980.71,3.66,1,0,0.4654,2,3,3000.0,1200.0,1,1,1,0,70,62,SUSPICIOUS,1
2436.21,0.81,0,33,0.1953,9,0,3000.0,1200.0,0,0,0,0,4,11,NORMAL,0
8654.75,5.77,1,0,0.4171,4,4,1500.0,600.0,1,1,1,0,57,78,SUSPICIOUS,1
7265.03,0.61,0,5,0.0464,10,4,12000.0,4800.0,0,0,0,0,10,13,NORMAL,0
25829.8,3.23,1,0,0.4019,2,6,8000.0,3200.0,0,0,0,0,14,2,SUSPICIOUS,1
19589.14,3.92,1,0,0.3531,0,3,5000.0,2000.0,0,1,1,1,37,57,SUSPICIOUS,1
9613.56,1.2,0,28,0.2208,15,0,8000.0,3200.0,0,0,0,1,14,3,NORMAL,0
6945.45,0.87,0,40,0.0524,15,6,8000.0,3200.0,0,0,0,0,3,15,NORMAL,0
7174.59,0.9,0,14,0.1453,10,0,8000.0,3200.0,0,0,0,0,11,5,NORMAL,0
3297.39,1.1,0,37,0.0726,7,4,3000.0,1200.0,0,0,0,0,8,15,NORMAL,0
2002.75,0.67,0,40,0.1641,16,0,3000.0,1200.0,0,0,0,0,0,8,NORMAL,0
10271.69,0.86,0,40,0.2085,14,2,12000.0,4800.0,0,0,0,0,3,3,NORMAL,0
15912.51,10.61,1,0,1.1566,10,1,1500.0,600.0,1,1,0,0,90,94,EXTREME,1
2351.87,0.78,0,35,0.1643,7,6,3000.0,1200.0,0,0,0,0,13,9,NORMAL,0
4601.26,0.92,0,37,0.2459,21,4,5000.0,2000.0,0,0,0,0,7,0,NORMAL,0
475.28,0.32,1,0,0.103,16,6,1500.0,600.0,0,0,0,0,10,7,NORMAL,0
15759.75,5.25,1,0,0.5626,4,2,3000.0,1200.0,1,0,0,0,61,9,SUSPICIOUS,1
6786.79,0.57,1,0,0.0579,14,0,12000.0,4800.0,0,0,0,0,12,7,NORMAL,0
109677.64,9.14,1,0,1.1745,21,1,12000.0,4800.0,1,1,0,1,94,87,EXTREME,1
2568.31,0.86,1,0,0.213,21,2,3000.0,1200.0,0,0,0,1,7,12,NORMAL,0
5494.48,1.1,0,24,0.2321,18,4,5000.0,2000.0,0,0,0,0,9,0,NORMAL,0
15309.52,1.28,0,2,0.2152,20,4,12000.0,4800.0,0,0,0,0,1,9,NORMAL,0
8333.9,0.69,0,29,0.0431,9,5,12000.0,4800.0,0,0,0,0,1,12,NORMAL,0
12249.64,4.08,1,0,0.3776,0,0,3000.0,1200.0,0,0,0,0,44,45,SUSPICIOUS,1
11948.21,1.0,1,0,0.1634,8,1,12000.0,4800.0,0,0,0,0,11,7,NORMAL,0
1308.47,0.44,0,27,0.1694,12,5,3000.0,1200.0,0,0,0,0,12,9,NORMAL,0
44071.08,5.51,1,0,0.5211,0,4,8000.0,3200.0,0,0,0,1,46,49,SUSPICIOUS,1
3893.12,0.78,0,4,0.0975,21,5,5000.0,2000.0,0,0,0,0,4,9,NORMAL,0
3144.88,1.05,0,27,0.1661,17,4,3000.0,1200.0,0,0,0,0,10,10,NORMAL,0
9833.83,0.82,0,26,0.0766,22,4,12000.0,4800.0,0,0,0,0,12,0,NORMAL,0
6058.83,0.76,1,0,0.2493,13,1,8000.0,3200.0,0,0,0,0,4,10,NORMAL,0
1538.96,0.51,0,7,0.1077,11,4,3000.0,1200.0,0,0,1,1,12,7,NORMAL,0
2013.99,0.67,0,27,0.0786,9,3,3000.0,1200.0,0,0,0,0,5,3,NORMAL,0
11763.84,0.98,0,10,0.0456,9,3,12000.0,4800.0,0,0,0,0,14,5,NORMAL,0
2791.26,0.93,0,27,0.1203,13,3,3000.0,1200.0,0,0,0,0,0,12,NORMAL,0
4460.07,0.89,0,15,0.0654,14,4,5000.0,2000.0,0,0,0,0,5,1,NORMAL,0
1528.67,0.31,1,0,0.0718,20,0,5000.0,2000.0,0,0,0,0,1,3,NORMAL,0
2683.86,0.89,0,16,0.1428,22,0,3000.0,1200.0,0,0,0,1,1,0,NORMAL,0
8442.22,0.7,0,29,0.0609,11,1,12000.0,4800.0,0,0,0,0,10,12,NORMAL,0
7458.21,0.93,1,0,0.1954,18,4,8000.0,3200.0,0,0,0,0,9,0,NORMAL,0
125941.96,10.5,1,0,0.5141,0,2,12000.0,4800.0,1,1,0,1,91,93,EXTREME,1
2470.13,0.82,1,0,0.1209,21,3,3000.0,1200.0,0,0,0,0,2,9,NORMAL,0
27162.67,5.43,1,0,0.5129,1,4,5000.0,2000.0,1,1,0,1,57,79,SUSPICIOUS,1
1104.83,0.74,0,33,0.1299,20,5,1500.0,600.0,0,0,0,0,13,10,NORMAL,0
7006.88,0.88,0,28,0.054,7,6,8000.0,3200.0,0,0,0,0,5,2,NORMAL,0
35328.32,4.42,1,0,0.2297,0,1,8000.0,3200.0,0,0,0,0,39,12,SUSPICIOUS,1
20673.13,2.58,1,0,0.3911,14,1,8000.0,3200.0,0,1,1,0,43,71,SUSPICIOUS,1
4081.56,1.36,1,0,0.069,16,5,3000.0,1200.0,0,0,0,0,11,13,NORMAL,0
5251.85,3.5,1,0,0.3246,0,0,1500.0,600.0,1,1,0,1,50,61,SUSPICIOUS,1
10169.5,0.85,0,11,0.2235,9,1,12000.0,4800.0,0,0,0,0,4,8,NORMAL,0
129739.84,10.81,1,0,0.704,6,1,12000.0,4800.0,1,1,0,0,95,94,EXTREME,1
6327.17,4.22,1,0,0.5206,19,3,1500.0,600.0,0,0,0,0,39,10,SUSPICIOUS,1
2772.27,0.92,1,0,0.0607,15,5,3000.0,1200.0,0,0,0,0,0,12,NORMAL,0
7376.82,0.92,0,13,0.1305,14,6,8000.0,3200.0,0,0,0,0,11,2,NORMAL,0
3546.63,0.71,0,24,0.0863,14,3,5000.0,2000.0,0,0,0,0,11,12,NORMAL,0
5936.54,0.49,0,28,0.0946,21,4,12000.0,4800.0,0,0,0,0,9,13,NORMAL,0
42095.12,3.51,1,0,0.2481,4,3,12000.0,4800.0,0,1,0,0,10,66,SUSPICIOUS,1
5765.73,0.72,0,36,0.235,10,1,8000.0,3200.0,0,0,0,0,1,13,NORMAL,0
39906.93,4.99,1,0,0.5779,23,5,8000.0,3200.0,1,1,1,0,63,53,SUSPICIOUS,1
1752.16,0.58,1,0,0.1609,16,3,3000.0,1200.0,0,0,0,0,11,0,NORMAL,0
3262.69,0.65,0,31,0.1555,7,2,5000.0,2000.0,0,0,0,0,11,15,NORMAL,0
2726.54,0.91,0,35,0.1012,8,3,3000.0,1200.0,0,0,0,0,0,6,NORMAL,0
1555.65,0.52,1,0,0.1351,11,6,3000.0,1200.0,0,0,0,0,7,6,NORMAL,0
3240.01,1.08,0,38,0.1867,15,2,3000.0,1200.0,0,0,0,0,2,12,NORMAL,0
32752.05,4.09,1,0,0.5577,20,1,8000.0,3200.0,1,1,0,0,84,95,EXTREME,1
2323.98,0.77,1,0,0.0541,11,6,3000.0,1200.0,0,0,0,0,4,0,NORMAL,0
9749.04,0.81,0,19,0.0666,15,6,12000.0,4800.0,0,0,0,0,6,6,NORMAL,0
6146.61,0.77,0,26,0.0448,12,5,8000.0,3200.0,0,0,0,0,12,15,NORMAL,0
2898.28,0.97,0,23,0.1744,15,4,3000.0,1200.0,0,0,0,0,9,13,NORMAL,0
1068.54,0.71,0,25,0.2326,15,4,1500.0,600.0,0,0,0,0,1,3,NORMAL,0
10743.19,0.9,0,7,0.2307,13,2,12000.0,4800.0,0,0,0,0,1,0,NORMAL,0
5879.1,1.18,0,32,0.1124,8,4,5000.0,2000.0,0,0,0,0,1,6,NORMAL,0
109336.54,9.11,1,0,0.9826,1,2,12000.0,4800.0,1,1,1,1,88,90,EXTREME,1
3996.35,0.8,0,24,0.1252,17,0,5000.0,2000.0,0,0,0,0,6,10,NORMAL,0
5190.81,3.46,1,0,0.3909,19,2,1500.0,600.0,0,1,0,1,38,79,SUSPICIOUS,1
7240.7,0.91,0,22,0.1201,21,0,8000.0,3200.0,0,0,0,0,15,14,NORMAL,0
9706.99,0.81,1,0,0.2266,10,3,12000.0,4800.0,0,0,0,0,6,15,NORMAL,0
1354.54,0.9,0,26,0.1291,20,0,1500.0,600.0,0,0,0,0,2,15,NORMAL,0
2514.32,0.5,0,35,0.0824,13,1,5000.0,2000.0,0,0,0,0,13,2,NORMAL,0
2249.66,0.45,0,23,0.2436,13,2,5000.0,2000.0,0,0,0,0,6,8,NORMAL,0
7521.64,0.63,0,22,0.1323,11,4,12000.0,4800.0,0,0,0,0,11,7,NORMAL,0
2935.21,0.98,0,39,0.2018,12,2,3000.0,1200.0,0,0,0,0,5,12,NORMAL,0
8109.95,1.01,0,32,0.1104,8,0,8000.0,3200.0,0,0,0,0,10,8,NORMAL,0
8421.6,1.05,0,15,0.0409,13,0,8000.0,3200.0,0,0,0,0,4,10,NORMAL,0
5087.0,0.64,0,26,0.1303,14,2,8000.0,3200.0,0,0,0,0,10,2,NORMAL,0
1311.63,0.87,0,10,0.2237,18,2,1500.0,600.0,0,0,0,1,13,3,NORMAL,0
9051.55,0.75,0,14,0.2377,7,4,12000.0,4800.0,0,0,0,0,15,4,NORMAL,0
6552.54,0.82,0,16,0.1567,12,3,8000.0,3200.0,0,0,0,0,15,15,NORMAL,0
1125.04,0.75,0,34,0.1014,17,1,1500.0,600.0,0,0,0,0,15,12,NORMAL,0
15000.0,10.0,1,0,1.1259,4,0,1500.0,600.0,1,1,0,1,81,74,EXTREME,1
2751.97,0.92,0,20,0.1427,8,2,3000.0,1200.0,0,0,0,0,15,14,NORMAL,0
65037.18,5.42,0,2,0.5739,19,0,12000.0,4800.0,1,1,0,0,74,65,SUSPICIOUS,1
2779.78,0.56,1,0,0.168,19,4,5000.0,2000.0,0,0,0,0,7,6,NORMAL,0
1457.84,0.97,0,25,0.072,16,1,1500.0,600.0,0,0,0,0,12,11,NORMAL,0
34972.51,11.66,1,0,0.5458,2,4,3000.0,1200.0,1,1,1,0,82,94,EXTREME,1
15000.0,10.0,1,0,0.6895,9,3,1500.0,600.0,1,1,1,1,87,83,EXTREME,1
42080.54,5.26,1,0,0.233,23,0,8000.0,3200.0,0,1,0,0,3,65,SUSPICIOUS,1
4301.21,0.54,1,0,0.1458,11,3,8000.0,3200.0,0,0,0,0,11,6,NORMAL,0
2865.02,0.57,0,37,0.2329,13,1,5000.0,2000.0,0,0,0,0,10,9,NORMAL,0
4622.01,0.92,0,7,0.166,10,2,5000.0,2000.0,0,0,0,0,12,15,NORMAL,0
26789.05,3.35,0,3,0.5697,14,6,8000.0,3200.0,1,0,0,1,50,0,SUSPICIOUS,0
4631.26,0.58,0,44,0.1256,18,1,8000.0,3200.0,0,0,0,0,4,9,NORMAL,0
8357.03,0.7,0,33,0.1807,16,0,12000.0,4800.0,0,0,0,0,1,1,NORMAL,0
2017.66,0.67,1,0,0.1221,8,0,3000.0,1200.0,0,0,0,0,9,12,NORMAL,0
15026.34,1.25,1,0,0.2008,15,1,12000.0,4800.0,0,0,0,0,4,15,NORMAL,0
3171.17,1.06,0,43,0.1862,13,1,3000.0,1200.0,0,0,0,0,10,13,NORMAL,0
36751.64,4.59,0,1,0.5247,1,0,8000.0,3200.0,0,1,0,0,37,73,SUSPICIOUS,1
1803.83,1.2,0,35,0.0639,7,6,1500.0,600.0,0,0,0,0,9,1,NORMAL,0
2441.19,0.81,0,19,0.0535,12,4,3000.0,1200.0,0,0,1,0,1,7,NORMAL,0
2304.04,0.77,0,28,0.1292,14,6,3000.0,1200.0,0,0,0,0,13,12,NORMAL,0
1575.41,1.05,0,7,0.0695,11,5,1500.0,600.0,0,0,0,0,13,2,NORMAL,0
6870.14,0.57,0,31,0.2278,15,6,12000.0,4800.0,0,0,0,0,14,0,NORMAL,0
3410.3,1.14,1,0,0.2139,9,0,3000.0,1200.0,0,0,0,0,11,6,NORMAL,0
1048.44,0.7,0,29,0.1444,13,4,1500.0,600.0,0,0,0,0,14,9,NORMAL,0
6049.61,0.5,0,21,0.0694,20,4,12000.0,4800.0,0,0,0,0,7,15,NORMAL,0
3579.78,0.72,0,8,0.1252,22,3,5000.0,2000.0,0,0,0,0,15,3,NORMAL,0
27796.85,9.27,1,0,0.8342,6,3,3000.0,1200.0,1,1,0,0,87,83,EXTREME,1
3919.95,0.78,1,0,0.193,19,6,5000.0,2000.0,0,0,0,0,5,14,NORMAL,0
2271.11,0.76,0,29,0.1313,7,4,3000.0,1200.0,0,0,0,0,6,14,NORMAL,0
95328.67,11.92,1,0,0.6599,5,4,8000.0,3200.0,1,1,0,0,100,89,EXTREME,1
8014.62,0.67,1,0,0.1012,14,6,12000.0,4800.0,0,0,0,0,10,3,NORMAL,0
62737.42,7.84,1,0,0.5218,10,4,8000.0,3200.0,1,1,1,0,95,82,EXTREME,1
2789.64,0.93,0,25,0.2415,7,2,3000.0,1200.0,0,0,0,0,0,2,NORMAL,0
14683.97,2.94,1,0,0.5568,14,2,5000.0,2000.0,1,0,0,1,72,44,SUSPICIOUS,1
6317.02,1.26,0,24,0.2083,21,0,5000.0,2000.0,0,0,0,0,3,9,NORMAL,0
3662.2,0.73,0,2,0.1909,12,2,5000.0,2000.0,0,0,0,0,8,5,NORMAL,0
54373.17,6.8,1,0,0.7704,1,5,8000.0,3200.0,1,1,1,1,87,90,EXTREME,1
2228.2,0.74,1,0,0.0614,11,2,3000.0,1200.0,0,0,0,0,0,2,NORMAL,0
997.74,0.67,0,12,0.16,7,3,1500.0,600.0,0,0,0,0,11,4,NORMAL,0
21793.78,7.26,1,0,0.5687,3,5,3000.0,1200.0,1,1,1,0,97,70,EXTREME,1
7857.91,5.24,1,0,0.2782,2,6,1500.0,600.0,0,0,0,1,46,20,SUSPICIOUS,1
13775.7,1.15,0,17,0.1386,16,0,12000.0,4800.0,0,0,0,0,10,15,NORMAL,0
17838.82,3.57,0,3,0.347,14,5,5000.0,2000.0,0,1,0,0,15,64,SUSPICIOUS,1
2369.75,0.79,0,21,0.0932,18,1,3000.0,1200.0,0,0,0,0,8,10,NORMAL,0
3460.26,0.43,0,36,0.1792,20,2,8000.0,3200.0,0,0,0,0,6,8,NORMAL,0
61139.19,5.09,1,0,0.5759,23,5,12000.0,4800.0,1,0,0,1,62,13,SUSPICIOUS,1
85111.7,10.64,1,0,0.8141,7,1,8000.0,3200.0,1,1,0,0,80,91,EXTREME,1
11092.18,0.92,0,34,0.2292,16,1,12000.0,4800.0,0,0,0,0,5,13,NORMAL,0
2473.71,0.82,0,43,0.0929,14,6,3000.0,1200.0,0,0,0,0,13,10,NORMAL,0
1536.87,1.02,0,21,0.107,8,2,1500.0,600.0,0,0,0,0,1,5,NORMAL,0
2360.29,0.79,0,2,0.0507,13,2,3000.0,1200.0,0,0,0,0,5,6,NORMAL,0
26363.74,3.3,1,0,0.5628,23,2,8000.0,3200.0,0,0,1,0,11,0,SUSPICIOUS,1
11018.37,3.67,0,1,0.3417,2,5,3000.0,1200.0,0,1,1,1,0,61,SUSPICIOUS,1
13653.39,1.14,1,0,0.084,14,0,12000.0,4800.0,0,0,0,0,4,14,NORMAL,0
2385.73,0.8,0,33,0.1703,17,1,3000.0,1200.0,0,0,0,0,2,3,NORMAL,0
22581.83,4.52,1,0,0.5476,14,2,5000.0,2000.0,1,0,0,0,64,4,SUSPICIOUS,1
89991.08,11.25,1,0,1.0449,11,0,8000.0,3200.0,1,1,1,1,81,86,EXTREME,1
3138.59,1.05,0,45,0.1135,16,2,3000.0,1200.0,0,0,0,0,2,8,NORMAL,0
7940.48,5.29,0,3,0.2323,3,2,1500.0,600.0,1,0,1,0,65,9,SUSPICIOUS,1
3016.14,1.01,0,4,0.234,20,1,3000.0,1200.0,0,0,0,0,15,5,NORMAL,0
10138.14,1.27,0,30,0.0925,10,6,8000.0,3200.0,0,0,0,0,4,2,NORMAL,0
3071.8,0.61,0,12,0.1998,15,0,5000.0,2000.0,0,0,1,0,5,13,NORMAL,0
6433.61,4.29,0,2,0.3569,0,4,1500.0,600.0,0,1,1,0,1,54,SUSPICIOUS,1
1698.4,0.57,1,0,0.2173,17,0,3000.0,1200.0,0,0,0,0,13,15,NORMAL,0
7489.45,4.99,1,0,0.5286,2,6,1500.0,600.0,1,0,0,0,61,46,SUSPICIOUS,1
2915.93,0.97,0,16,0.2138,8,2,3000.0,1200.0,0,0,0,0,11,2,NORMAL,0
1653.55,1.1,0,40,0.2113,19,2,1500.0,600.0,0,0,0,0,11,1,NORMAL,0
1916.29,0.64,0,17,0.0625,15,1,3000.0,1200.0,0,0,0,0,15,11,NORMAL,0
6625.13,0.83,0,41,0.0534,17,2,8000.0,3200.0,0,0,0,0,0,9,NORMAL,0
1480.62,0.99,0,14,0.1758,14,3,1500.0,600.0,0,0,0,0,11,7,NORMAL,0
7349.8,4.9,0,3,0.5925,19,3,1500.0,600.0,0,1,1,0,41,66,SUSPICIOUS,1
4772.39,0.6,0,26,0.2297,17,6,8000.0,3200.0,0,0,0,0,2,14,NORMAL,0
1592.97,1.06,0,11,0.1839,9,5,1500.0,600.0,0,0,0,0,1,15,NORMAL,0
3114.51,1.04,1,0,0.1555,19,4,3000.0,1200.0,0,0,0,0,2,10,NORMAL,0
41784.39,5.22,1,0,0.2108,2,4,8000.0,3200.0,1,1,0,0,63,68,SUSPICIOUS,1
6637.6,0.55,0,7,0.1184,13,0,12000.0,4800.0,0,0,0,1,8,8,NORMAL,0
3053.65,1.02,1,0,0.203,19,5,3000.0,1200.0,0,0,0,0,7,15,NORMAL,0
15320.15,5.11,1,0,0.3385,0,1,3000.0,1200.0,1,1,1,0,67,65,SUSPICIOUS,1
5179.05,3.45,1,0,0.4875,3,2,1500.0,600.0,1,0,0,0,64,9,SUSPICIOUS,1
17762.25,5.92,1,0,0.7392,16,0,3000.0,1200.0,1,1,0,0,81,72,EXTREME,1
3696.02,1.23,0,6,0.0502,17,0,3000.0,1200.0,0,0,0,0,7,7,NORMAL,0
8485.88,0.71,0,11,0.0406,14,4,12000.0,4800.0,0,0,0,0,5,11,NORMAL,0
61089.75,5.09,1,0,0.2307,14,4,12000.0,4800.0,1,1,0,1,75,66,SUSPICIOUS,1
10789.69,0.9,0,45,0.0581,22,1,12000.0,4800.0,0,0,0,0,12,0,NORMAL,0
4723.94,0.94,0,29,0.1412,8,0,5000.0,2000.0,0,0,0,0,0,11,NORMAL,0
1736.33,1.16,0,32,0.2318,21,0,1500.0,600.0,0,0,0,0,13,7,NORMAL,0
1120.42,0.75,0,44,0.152,17,0,1500.0,600.0,0,0,0,0,5,6,NORMAL,0
7764.93,5.18,0,3,0.5014,4,6,1500.0,600.0,0,1,0,0,11,63,SUSPICIOUS,1
12940.42,1.08,0,23,0.1218,10,4,12000.0,4800.0,0,0,0,0,5,14,NORMAL,0
32492.12,4.06,1,0,0.2465,14,6,8000.0,3200.0,1,1,0,1,62,62,SUSPICIOUS,1
41417.55,5.18,1,0,0.5105,3,0,8000.0,3200.0,1,0,1,0,66,46,SUSPICIOUS,1
6575.46,0.55,0,20,0.2129,8,1,12000.0,4800.0,0,0,0,0,4,6,NORMAL,0
24176.3,4.84,0,2,0.3188,14,3,5000.0,2000.0,1,1,1,0,62,53,SUSPICIOUS,1
1180.66,0.79,1,0,0.136,10,5,1500.0,600.0,0,0,0,0,9,5,NORMAL,0
2114.51,0.7,0,16,0.0637,19,4,3000.0,1200.0,0,0,0,0,13,6,NORMAL,0
5577.23,0.7,1,0,0.0926,17,3,8000.0,3200.0,0,0,0,0,12,15,NORMAL,0
13550.5,1.13,0,16,0.0406,15,4,12000.0,4800.0,0,0,0,0,7,15,NORMAL,0
2689.81,0.9,0,16,0.1849,9,6,3000.0,1200.0,0,0,0,0,11,5,NORMAL,0
10347.92,0.86,0,43,0.0752,8,3,12000.0,4800.0,0,0,0,0,10,7,NORMAL,0
5211.05,1.04,1,0,0.196,11,4,5000.0,2000.0,0,0,0,0,3,2,NORMAL,0
8375.32,0.7,0,32,0.0661,13,0,12000.0,4800.0,0,0,0,0,2,3,NORMAL,0
7526.23,0.94,0,32,0.1103,21,4,8000.0,3200.0,0,0,0,0,8,15,NORMAL,0
10830.55,1.35,0,5,0.1063,11,0,8000.0,3200.0,0,0,0,0,15,3,NORMAL,0
9381.29,1.17,0,28,0.1147,10,4,8000.0,3200.0,0,0,0,0,3,0,NORMAL,0
4684.45,0.94,0,17,0.0599,20,1,5000.0,2000.0,0,0,0,0,3,5,NORMAL,0
27074.05,5.41,1,0,0.2712,14,0,5000.0,2000.0,1,0,0,0,54,6,SUSPICIOUS,1
15000.0,10.0,1,0,1.0713,6,4,1500.0,600.0,1,1,0,0,98,90,EXTREME,1
34851.24,4.36,0,3,0.2189,3,5,8000.0,3200.0,0,1,1,0,15,71,SUSPICIOUS,1
2615.02,0.87,0,16,0.2085,13,3,3000.0,1200.0,0,0,0,0,3,7,NORMAL,0
13548.74,1.13,0,39,0.0477,8,2,12000.0,4800.0,0,0,0,0,1,7,NORMAL,0
6135.06,1.23,0,25,0.1483,17,4,5000.0,2000.0,0,0,0,0,7,10,NORMAL,0
1006.52,0.34,0,39,0.1551,10,1,3000.0,1200.0,0,0,0,0,15,8,NORMAL,0
2817.16,0.94,0,22,0.2032,17,0,3000.0,1200.0,0,0,0,0,14,8,NORMAL,0
2158.57,0.72,0,6,0.1722,15,6,3000.0,1200.0,0,0,0,0,15,13,NORMAL,0
1465.08,0.98,0,13,0.1884,19,6,1500.0,600.0,0,0,0,0,1,3,NORMAL,0
7919.13,0.66,0,24,0.0942,13,5,12000.0,4800.0,0,0,0,0,8,10,NORMAL,0
3999.34,1.33,0,40,0.0909,22,4,3000.0,1200.0,0,0,0,0,12,10,NORMAL,0
11852.36,0.99,0,44,0.1042,21,1,12000.0,4800.0,0,0,0,0,8,1,NORMAL,0
131159.39,10.93,1,0,0.9621,14,3,12000.0,4800.0,1,1,0,1,100,94,EXTREME,1
1202.0,0.8,0,34,0.0535,13,1,1500.0,600.0,0,0,0,0,15,6,NORMAL,0
2644.38,0.33,0,9,0.1406,14,5,8000.0,3200.0,0,0,0,0,9,0,NORMAL,0
27610.95,9.2,1,0,0.9171,23,6,3000.0,1200.0,1,1,0,0,88,73,EXTREME,1
2309.78,0.77,0,5,0.1265,14,1,3000.0,1200.0,0,0,0,0,7,13,NORMAL,0
1235.21,0.82,0,8,0.1763,16,2,1500.0,600.0,0,0,0,0,8,5,NORMAL,0
6380.81,1.28,0,44,0.0465,15,1,5000.0,2000.0,0,0,0,0,11,0,NORMAL,0
54466.39,6.81,1,0,1.1156,2,0,8000.0,3200.0,1,1,0,0,96,83,EXTREME,1
4066.28,0.51,0,2,0.1687,16,0,8000.0,3200.0,0,0,0,0,9,15,NORMAL,0
11977.7,1.0,0,14,0.1382,17,2,12000.0,4800.0,0,0,0,0,4,9,NORMAL,0
8735.18,0.73,1,0,0.231,12,3,12000.0,4800.0,0,0,1,0,2,2,NORMAL,0
8066.65,1.01,0,19,0.0781,12,0,8000.0,3200.0,0,0,0,0,5,7,NORMAL,0
4830.01,0.6,0,29,0.166,12,4,8000.0,3200.0,0,0,0,0,11,7,NORMAL,0
10796.04,0.9,0,6,0.1713,13,4,12000.0,4800.0,0,0,0,0,0,7,NORMAL,0
4151.17,0.83,0,11,0.1018,19,3,5000.0,2000.0,0,0,0,0,5,6,NORMAL,0
24304.55,4.86,1,0,0.292,3,2,5000.0,2000.0,1,1,0,0,58,73,SUSPICIOUS,1
3526.09,0.71,0,34,0.1313,18,6,5000.0,2000.0,0,0,0,0,9,5,NORMAL,0
2504.17,0.83,0,41,0.2384,17,2,3000.0,1200.0,0,0,0,0,0,14,NORMAL,0
1067.98,0.71,0,24,0.0742,18,4,1500.0,600.0,0,0,0,0,8,15,NORMAL,0
1623.54,0.54,0,40,0.2235,20,2,3000.0,1200.0,0,0,0,0,10,6,NORMAL,0
4555.69,0.57,0,4,0.0943,10,6,8000.0,3200.0,0,0,1,0,6,0,NORMAL,0
10852.25,0.9,0,10,0.1556,21,1,12000.0,4800.0,0,0,0,0,8,9,NORMAL,0
74685.57,9.34,1,0,0.8131,13,3,8000.0,3200.0,1,1,0,0,94,88,EXTREME,1
33049.67,4.13,1,0,0.9606,14,5,8000.0,3200.0,1,1,0,0,100,70,EXTREME,1
36358.78,4.54,1,0,0.3043,19,0,8000.0,3200.0,0,0,0,0,48,8,SUSPICIOUS,1
6146.75,0.77,0,27,0.1409,18,3,8000.0,3200.0,0,0,1,0,13,10,NORMAL,0
60574.8,5.05,1,0,0.208,1,3,12000.0,4800.0,1,1,1,0,53,51,SUSPICIOUS,1
3339.18,0.67,0,42,0.2465,17,0,5000.0,2000.0,0,0,0,1,8,10,NORMAL,0
6935.6,1.39,0,28,0.2199,14,3,5000.0,2000.0,0,0,1,0,10,9,NORMAL,0
28271.72,5.65,0,2,0.2288,2,2,5000.0,2000.0,0,0,0,0,3,42,SUSPICIOUS,1
2937.71,0.98,0,33,0.1298,12,6,3000.0,1200.0,0,0,0,0,12,9,NORMAL,0
6356.97,0.79,0,17,0.1486,16,4,8000.0,3200.0,0,0,0,0,7,13,NORMAL,0
7209.52,0.9,0,34,0.1137,7,5,8000.0,3200.0,0,0,0,0,2,0,NORMAL,0
3124.41,1.04,0,38,0.1192,17,0,3000.0,1200.0,0,0,0,0,6,0,NORMAL,0
12997.3,1.08,0,11,0.2304,22,3,12000.0,4800.0,0,0,0,0,11,12,NORMAL,0
2238.67,0.75,0,28,0.0708,13,5,3000.0,1200.0,0,0,0,0,13,6,NORMAL,0
2471.74,0.82,0,18,0.1246,19,5,3000.0,1200.0,0,0,0,0,7,7,NORMAL,0
2844.98,0.95,0,25,0.1323,20,0,3000.0,1200.0,0,0,0,0,15,1,NORMAL,0
1447.6,0.97,0,21,0.0988,18,3,1500.0,600.0,0,0,0,0,14,13,NORMAL,0
2696.13,0.9,0,27,0.1333,17,5,3000.0,1200.0,0,0,0,0,1,15,NORMAL,0
9724.39,1.22,0,25,0.1688,16,5,8000.0,3200.0,0,0,0,0,7,9,NORMAL,0
2886.48,0.96,0,14,0.1337,21,6,3000.0,1200.0,0,0,0,0,8,0,NORMAL,0
30900.22,3.86,1,0,0.3901,0,2,8000.0,3200.0,0,0,0,0,0,15,SUSPICIOUS,1
4562.87,0.91,0,24,0.0819,9,0,5000.0,2000.0,0,0,0,0,10,15,NORMAL,0
3156.84,1.05,1,0,0.1636,8,5,3000.0,1200.0,0,0,0,0,1,8,NORMAL,0
5204.62,1.04,0,34,0.0715,16,5,5000.0,2000.0,0,0,0,0,8,10,NORMAL,0
5659.22,1.13,0,29,0.1167,17,1,5000.0,2000.0,0,0,0,0,6,4,NORMAL,0
1213.79,0.81,0,44,0.2002,8,2,1500.0,600.0,0,0,0,0,14,0,NORMAL,0
1882.43,1.25,1,0,0.1945,16,4,1500.0,600.0,0,0,0,0,11,13,NORMAL,0
9921.05,0.83,0,39,0.1945,17,0,12000.0,4800.0,0,0,0,0,2,3,NORMAL,0
2365.59,0.79,0,30,0.2054,15,3,3000.0,1200.0,0,0,0,0,13,2,NORMAL,0
6219.93,0.78,0,7,0.1473,20,4,8000.0,3200.0,0,0,0,0,15,0,NORMAL,0
47287.57,3.94,1,0,0.5434,14,4,12000.0,4800.0,0,1,0,0,19,63,SUSPICIOUS,1
3797.96,0.76,0,39,0.1187,9,2,5000.0,2000.0,0,0,0,1,5,7,NORMAL,0
3533.38,1.18,0,13,0.1442,16,6,3000.0,1200.0,0,0,0,0,0,10,NORMAL,0
14042.99,4.68,1,0,0.5659,1,2,3000.0,1200.0,0,0,0,0,39,45,SUSPICIOUS,1
3969.6,0.79,0,30,0.2222,13,4,5000.0,2000.0,0,0,0,0,2,8,NORMAL,0
3992.34,0.8,0,31,0.1028,16,6,5000.0,2000.0,0,0,0,0,4,0,NORMAL,0
14304.45,2.86,0,3,0.5495,2,5,5000.0,2000.0,1,1,0,0,67,54,SUSPICIOUS,1
12480.97,1.04,0,45,0.1869,20,3,12000.0,4800.0,0,0,0,0,9,15,NORMAL,0
17632.49,11.75,1,0,1.1349,2,4,1500.0,600.0,1,1,1,0,86,70,EXTREME,1
10309.13,3.44,0,2,0.509,1,2,3000.0,1200.0,1,0,0,1,74,17,SUSPICIOUS,1
15000.0,10.0,1,0,0.8819,10,4,1500.0,600.0,1,1,0,0,99,71,EXTREME,1
1484.49,0.99,0,37,0.2456,17,2,1500.0,600.0,0,0,0,0,3,12,NORMAL,0
2419.39,0.81,0,15,0.2379,10,4,3000.0,1200.0,0,0,0,0,7,9,NORMAL,0
1656.63,1.1,0,4,0.1938,13,4,1500.0,600.0,0,0,0,0,2,8,NORMAL,0
28885.86,9.63,1,0,1.1856,5,2,3000.0,1200.0,1,1,0,0,85,73,EXTREME,1
12510.75,1.04,0,17,0.2454,8,6,12000.0,4800.0,0,0,0,0,3,5,NORMAL,0
45328.88,5.67,1,0,0.5961,4,5,8000.0,3200.0,0,1,0,0,47,61,SUSPICIOUS,1
16414.24,5.47,0,2,0.2894,3,0,3000.0,1200.0,0,1,0,0,9,68,SUSPICIOUS,1
712.42,0.47,0,41,0.25,20,2,1500.0,600.0,0,0,0,0,9,10,NORMAL,0
5242.33,0.66,0,21,0.1084,16,0,8000.0,3200.0,0,0,0,0,5,3,NORMAL,0
73622.46,6.14,1,0,0.5222,13,2,12000.0,4800.0,1,1,0,0,82,89,EXTREME,1
1729.56,1.15,0,8,0.2327,19,5,1500.0,600.0,0,0,1,0,12,2,NORMAL,0
8720.57,0.73,0,12,0.1795,11,6,12000.0,4800.0,0,0,0,0,3,12,NORMAL,0
68852.32,5.74,1,0,0.2335,19,2,12000.0,4800.0,0,1,0,0,12,64,SUSPICIOUS,1
9092.06,1.14,0,3,0.1511,15,3,8000.0,3200.0,0,0,1,0,2,0,NORMAL,0
1966.97,0.66,0,42,0.173,18,3,3000.0,1200.0,0,0,0,0,4,4,NORMAL,0
3772.23,1.26,0,3,0.0498,21,6,3000.0,1200.0,0,0,0,0,8,10,NORMAL,0
3784.16,0.76,0,37,0.1372,10,1,5000.0,2000.0,0,0,0,0,11,2,NORMAL,0
1183.99,0.79,0,34,0.2258,7,5,1500.0,600.0,0,0,1,0,4,12,NORMAL,0
1887.49,0.38,0,13,0.2062,12,2,5000.0,2000.0,0,0,0,0,0,13,NORMAL,0
5584.71,0.7,0,27,0.1854,17,0,8000.0,3200.0,0,0,0,0,0,8,NORMAL,0
9788.07,0.82,0,29,0.1223,15,1,12000.0,4800.0,0,0,0,0,1,3,NORMAL,0
20049.77,4.01,1,0,0.4059,19,4,5000.0,2000.0,1,1,1,0,67,64,SUSPICIOUS,1
15253.05,1.27,0,17,0.0556,19,5,12000.0,4800.0,0,0,0,0,1,13,NORMAL,0
3300.02,1.1,0,3,0.2258,10,6,3000.0,1200.0,0,0,1,0,6,12,NORMAL,0
41637.96,3.47,0,1,0.5015,0,1,12000.0,4800.0,0,1,0,0,48,56,SUSPICIOUS,0
3946.17,0.79,0,37,0.0754,16,2,5000.0,2000.0,0,0,0,0,2,3,NORMAL,0
1275.86,0.85,0,16,0.1046,11,4,1500.0,600.0,0,0,0,0,7,11,NORMAL,0
6578.37,0.82,0,42,0.0518,17,5,8000.0,3200.0,0,0,0,0,7,4,NORMAL,0
15693.94,10.46,1,0,0.6047,16,6,1500.0,600.0,1,1,0,0,96,82,EXTREME,1
6023.51,0.75,0,23,0.1198,11,4,8000.0,3200.0,0,0,0,0,5,11,NORMAL,0
10968.67,0.91,0,12,0.1504,12,5,12000.0,4800.0,0,0,0,0,0,3,NORMAL,0
4854.3,0.97,0,29,0.2286,17,3,5000.0,2000.0,0,0,0,0,9,13,NORMAL,0
34066.69,4.26,1,0,0.3597,23,6,8000.0,3200.0,1,0,0,0,65,8,SUSPICIOUS,1
29372.24,3.67,1,0,0.343,3,0,8000.0,3200.0,0,0,0,1,10,10,SUSPICIOUS,1
3128.0,0.26,0,33,0.0977,21,2,12000.0,4800.0,0,0,0,0,2,2,NORMAL,0
85034.08,7.09,1,0,1.1099,5,3,12000.0,4800.0,1,1,0,0,94,80,EXTREME,1
1081.89,0.72,0,41,0.1435,15,2,1500.0,600.0,0,0,0,0,7,8,NORMAL,0
4174.5,0.83,1,0,0.1152,20,2,5000.0,2000.0,0,0,0,0,3,12,NORMAL,0
3395.84,1.13,0,2,0.2318,8,4,3000.0,1200.0,0,0,0,0,6,11,NORMAL,0
1646.31,1.1,0,27,0.2047,8,0,1500.0,600.0,0,0,0,0,10,15,NORMAL,0
3978.59,0.8,0,35,0.099,13,2,5000.0,2000.0,0,0,0,0,5,15,NORMAL,0
56394.04,4.7,0,2,0.462,0,0,12000.0,4800.0,0,0,1,1,16,8,SUSPICIOUS,1
1922.56,0.38,0,6,0.2161,17,6,5000.0,2000.0,0,0,0,0,7,14,NORMAL,0
10536.96,0.88,0,33,0.0619,18,2,12000.0,4800.0,0,0,0,1,8,8,NORMAL,0
13650.59,4.55,0,1,0.446,14,3,3000.0,1200.0,0,0,0,1,12,4,SUSPICIOUS,1
3878.28,0.78,0,27,0.2343,16,4,5000.0,2000.0,0,0,0,0,2,3,NORMAL,0
9460.85,0.79,0,24,0.1258,11,6,12000.0,4800.0,0,0,0,0,11,1,NORMAL,0
29472.37,5.89,1,0,0.5399,3,4,5000.0,2000.0,0,0,1,0,36,14,SUSPICIOUS,1
2101.98,0.7,1,0,0.0733,12,3,3000.0,1200.0,0,0,0,0,8,6,NORMAL,0
5824.65,0.73,0,19,0.1006,19,0,8000.0,3200.0,0,0,0,0,14,0,NORMAL,0
15000.0,10.0,1,0,1.115,22,4,1500.0,600.0,1,1,0,0,83,89,EXTREME,1
4238.39,0.85,0,11,0.1602,15,2,5000.0,2000.0,0,0,0,0,3,9,NORMAL,0
2780.24,0.93,0,29,0.2327,12,4,3000.0,1200.0,0,0,0,0,7,10,NORMAL,0
32458.36,4.06,1,0,0.5121,0,3,8000.0,3200.0,1,1,1,0,55,79,SUSPICIOUS,1
1820.89,0.61,0,21,0.0868,20,4,3000.0,1200.0,0,0,0,0,15,15,NORMAL,0
13146.96,1.1,0,11,0.1924,15,6,12000.0,4800.0,0,0,0,0,1,15,NORMAL,0
2476.63,0.83,0,9,0.1126,18,4,3000.0,1200.0,0,0,0,0,14,14,NORMAL,0
859.52,0.57,0,23,0.1751,21,3,1500.0,600.0,0,0,0,0,7,9,NORMAL,0
1215.03,0.81,0,44,0.0951,22,1,1500.0,600.0,0,0,0,0,5,11,NORMAL,0
13009.51,1.08,0,18,0.0618,17,2,12000.0,4800.0,0,0,0,0,15,9,NORMAL,0
5366.56,1.07,0,41,0.1797,11,1,5000.0,2000.0,0,0,0,0,4,11,NORMAL,0
8128.45,5.42,1,0,0.4328,23,3,1500.0,600.0,0,0,0,1,9,11,SUSPICIOUS,1
6289.12,0.79,0,11,0.2054,15,5,8000.0,3200.0,0,0,0,0,3,6,NORMAL,0
490.46,0.1,0,21,0.0438,10,2,5000.0,2000.0,0,0,0,0,12,14,NORMAL,0
7942.36,0.99,0,33,0.1913,14,2,8000.0,3200.0,0,0,0,0,3,11,NORMAL,0
15000.0,10.0,1,0,0.5734,9,2,1500.0,600.0,1,1,1,1,92,71,EXTREME,1
5259.41,0.44,0,8,0.0441,21,2,12000.0,4800.0,0,0,0,0,0,1,NORMAL,0
1501.72,1.0,0,31,0.1603,15,4,1500.0,600.0,0,0,0,0,1,15,NORMAL,0
1954.66,0.65,0,22,0.1059,10,3,3000.0,1200.0,0,0,0,0,4,3,NORMAL,0
2662.02,0.89,0,39,0.1291,19,5,3000.0,1200.0,0,0,0,0,7,11,NORMAL,0
3390.26,0.42,0,25,0.2246,18,5,8000.0,3200.0,0,0,0,0,13,1,NORMAL,0
2605.45,0.87,0,15,0.0967,9,1,3000.0,1200.0,0,0,0,0,7,11,NORMAL,0
9720.94,0.81,1,0,0.0971,8,4,12000.0,4800.0,0,0,0,0,14,9,NORMAL,0
11490.2,0.96,0,27,0.2187,14,2,12000.0,4800.0,0,0,0,0,15,13,NORMAL,0
17408.33,11.61,1,0,0.6144,0,1,1500.0,600.0,1,1,1,0,80,91,EXTREME,1
2584.12,0.86,0,42,0.1318,18,4,3000.0,1200.0,0,0,0,0,4,12,NORMAL,0
4947.92,0.99,0,44,0.1272,22,6,5000.0,2000.0,0,0,0,0,8,2,NORMAL,0
15769.94,1.31,0,39,0.0618,11,5,12000.0,4800.0,0,0,0,0,4,6,NORMAL,0
23465.9,4.69,1,0,0.5467,14,0,5000.0,2000.0,0,1,0,0,18,74,SUSPICIOUS,1
52400.48,10.48,1,0,1.0921,12,6,5000.0,2000.0,1,1,0,0,90,84,EXTREME,1
3647.79,0.73,0,25,0.187,12,2,5000.0,2000.0,0,0,0,0,10,8,NORMAL,0
3024.13,0.25,1,0,0.2022,17,0,12000.0,4800.0,0,0,0,0,6,12,NORMAL,0
1591.79,1.06,0,11,0.0522,10,5,1500.0,600.0,0,0,0,0,6,14,NORMAL,0
76887.19,6.41,1,0,0.4798,8,6,12000.0,4800.0,1,1,1,0,95,72,EXTREME,1
7792.96,2.6,1,0,0.4648,3,1,3000.0,1200.0,1,0,1,0,52,3,SUSPICIOUS,1
4053.19,0.51,1,0,0.0403,22,6,8000.0,3200.0,0,0,0,0,12,9,NORMAL,0
11759.71,0.98,1,0,0.1286,22,3,12000.0,4800.0,0,0,0,0,3,7,NORMAL,0
11029.74,0.92,0,32,0.1284,22,5,12000.0,4800.0,0,0,0,0,2,13,NORMAL,0
2556.42,0.85,1,0,0.1546,19,4,3000.0,1200.0,0,0,0,0,1,9,NORMAL,0
8367.43,0.7,0,16,0.2261,12,3,12000.0,4800.0,0,0,0,0,9,10,NORMAL,0
7808.97,0.98,0,8,0.1637,9,3,8000.0,3200.0,0,0,0,0,1,10,NORMAL,0
3626.32,1.21,0,3,0.1212,15,6,3000.0,1200.0,0,0,0,0,1,15,NORMAL,0
2289.52,0.76,0,44,0.2496,21,5,3000.0,1200.0,0,0,0,0,1,3,NORMAL,0
22276.43,4.46,1,0,0.3588,2,4,5000.0,2000.0,0,1,1,0,35,51,SUSPICIOUS,1
3354.94,1.12,1,0,0.0923,19,5,3000.0,1200.0,0,0,0,0,4,10,NORMAL,0
1069.95,0.71,0,9,0.1289,7,4,1500.0,600.0,0,0,0,0,14,11,NORMAL,0
1262.2,0.42,0,40,0.0887,18,4,3000.0,1200.0,0,0,0,0,7,9,NORMAL,0
1287.12,0.86,1,0,0.116,14,6,1500.0,600.0,0,0,0,0,10,2,NORMAL,0
619.42,0.12,0,15,0.202,18,0,5000.0,2000.0,0,0,0,0,0,5,NORMAL,0
15000.0,10.0,1,0,0.8345,6,0,1500.0,600.0,1,1,1,0,98,80,EXTREME,1
11974.25,1.0,0,38,0.1614,14,2,12000.0,4800.0,0,0,0,0,14,3,NORMAL,0
39579.25,4.95,1,0,0.3382,19,0,8000.0,3200.0,0,1,0,0,9,56,SUSPICIOUS,1
1671.38,1.11,0,27,0.0932,14,6,1500.0,600.0,0,0,0,0,10,6,NORMAL,0
4498.49,0.9,0,37,0.1352,19,3,5000.0,2000.0,0,0,0,1,14,13,NORMAL,0
16427.71,3.29,1,0,0.5817,19,5,5000.0,2000.0,0,0,0,0,7,20,SUSPICIOUS,1
2481.22,0.83,0,39,0.2062,21,2,3000.0,1200.0,0,0,0,0,15,8,NORMAL,0
942.09,0.63,0,19,0.2284,8,4,1500.0,600.0,0,0,0,0,9,14,NORMAL,0
6592.36,4.39,0,2,0.2078,23,6,1500.0,600.0,1,1,0,0,65,78,SUSPICIOUS,1
3312.05,0.66,0,21,0.2086,20,6,5000.0,2000.0,0,0,0,0,3,3,NORMAL,0
49851.57,4.15,1,0,0.3798,4,5,12000.0,4800.0,0,0,0,0,13,49,SUSPICIOUS,1
15994.07,5.33,1,0,0.9465,6,2,3000.0,1200.0,1,1,1,0,96,80,EXTREME,1
807.65,0.54,0,39,0.0422,15,5,1500.0,600.0,0,0,0,1,12,11,NORMAL,0
10701.7,1.34,0,39,0.1931,12,6,8000.0,3200.0,0,0,0,0,13,2,NORMAL,0
7342.21,0.92,0,32,0.0471,21,3,8000.0,3200.0,0,0,0,0,14,14,NORMAL,0
13479.78,4.49,0,2,0.2577,3,3,3000.0,1200.0,0,0,1,0,46,14,SUSPICIOUS,1
1225.45,0.82,0,17,0.2476,10,1,1500.0,600.0,0,0,0,0,13,5,NORMAL,0
5752.54,0.72,0,43,0.2324,16,1,8000.0,3200.0,0,0,0,0,5,7,NORMAL,0
1033.65,0.34,1,0,0.0701,14,2,3000.0,1200.0,0,0,1,0,8,12,NORMAL,0
1237.02,0.82,0,26,0.1589,15,5,1500.0,600.0,0,0,0,0,7,0,NORMAL,0
2498.91,0.83,0,30,0.1529,19,2,3000.0,1200.0,0,0,0,0,4,9,NORMAL,0
2822.98,0.94,0,5,0.0469,19,6,3000.0,1200.0,0,0,0,0,8,8,NORMAL,0
5699.23,1.14,0,32,0.2038,17,1,5000.0,2000.0,0,0,0,0,3,3,NORMAL,0
13119.3,1.09,0,18,0.075,18,2,12000.0,4800.0,0,0,0,0,4,0,NORMAL,0
5884.73,0.74,0,21,0.2438,18,2,8000.0,3200.0,0,0,0,0,0,15,NORMAL,0
7171.38,0.9,0,42,0.2417,19,0,8000.0,3200.0,0,0,0,0,5,1,NORMAL,0
9272.23,3.09,1,0,0.2301,19,0,3000.0,1200.0,0,0,0,0,2,10,SUSPICIOUS,0
9782.85,0.82,0,44,0.0677,22,4,12000.0,4800.0,0,0,0,0,15,5,NORMAL,0
3453.82,1.15,0,6,0.0928,12,6,3000.0,1200.0,0,0,0,0,9,11,NORMAL,0
1062.56,0.71,0,44,0.1613,16,2,1500.0,600.0,0,0,1,0,3,13,NORMAL,0
1709.86,0.57,0,34,0.0414,7,0,3000.0,1200.0,0,0,0,0,10,2,NORMAL,0
6035.55,0.75,0,45,0.0567,7,1,8000.0,3200.0,0,0,0,0,5,0,NORMAL,0
3399.38,0.68,0,19,0.054,15,4,5000.0,2000.0,0,0,0,0,15,4,NORMAL,0
1893.67,1.26,0,19,0.1252,11,6,1500.0,600.0,0,0,0,1,14,10,NORMAL,0
1005.57,0.67,0,27,0.183,21,2,1500.0,600.0,0,0,0,0,8,5,NORMAL,0
7387.3,0.92,1,0,0.1523,17,2,8000.0,3200.0,0,0,1,0,6,6,NORMAL,0
139425.33,11.62,1,0,0.5134,7,5,12000.0,4800.0,1,1,1,0,97,76,EXTREME,1
5987.78,3.99,0,2,0.3342,2,1,1500.0,600.0,1,1,1,0,66,74,SUSPICIOUS,1
9998.31,0.83,0,2,0.0601,8,5,12000.0,4800.0,0,0,0,0,3,13,NORMAL,0
4525.64,0.57,0,3,0.1697,18,0,8000.0,3200.0,0,0,0,0,4,1,NORMAL,0
7521.51,0.63,0,24,0.0665,14,5,12000.0,4800.0,0,0,0,0,4,14,NORMAL,0
57192.7,4.77,1,0,0.3906,23,4,12000.0,4800.0,0,1,0,0,41,80,SUSPICIOUS,1
4155.96,2.77,0,3,0.4584,1,2,1500.0,600.0,0,0,1,0,0,14,SUSPICIOUS,1
8973.32,5.98,0,1,0.3196,19,6,1500.0,600.0,1,0,1,1,61,48,SUSPICIOUS,1
6817.51,0.57,0,6,0.0773,22,5,12000.0,4800.0,0,0,0,0,14,7,NORMAL,0
9055.82,1.13,0,18,0.1024,16,1,8000.0,3200.0,0,0,0,0,10,9,NORMAL,0
24614.15,3.08,0,2,0.3448,1,2,8000.0,3200.0,0,1,0,0,9,73,SUSPICIOUS,1
1259.12,0.42,0,38,0.0498,14,2,3000.0,1200.0,0,0,0,0,0,9,NORMAL,0
4967.72,0.62,0,42,0.0464,8,4,8000.0,3200.0,0,0,0,0,9,0,NORMAL,0
20951.26,4.19,1,0,0.251,2,3,5000.0,2000.0,0,1,0,0,43,56,SUSPICIOUS,1
2103.35,0.7,0,40,0.0885,9,5,3000.0,1200.0,0,0,0,0,8,1,NORMAL,0
3225.4,1.08,0,8,0.2383,10,6,3000.0,1200.0,0,0,0,0,14,5,NORMAL,0
5107.78,3.41,0,2,0.3684,0,0,1500.0,600.0,0,1,0,1,16,79,SUSPICIOUS,1
5604.9,1.12,0,19,0.1342,16,1,5000.0,2000.0,0,0,0,0,5,7,NORMAL,0
44658.27,8.93,1,0,0.9475,22,3,5000.0,2000.0,1,1,0,0,95,95,EXTREME,1
3753.07,1.25,0,3,0.2058,12,3,3000.0,1200.0,0,0,0,0,5,9,NORMAL,0
29084.52,3.64,1,0,0.2811,0,4,8000.0,3200.0,1,1,0,0,75,59,SUSPICIOUS,1
3999.41,0.8,0,30,0.1457,14,6,5000.0,2000.0,0,0,0,0,10,10,NORMAL,0
2041.24,0.41,0,17,0.0662,22,4,5000.0,2000.0,0,0,0,0,4,1,NORMAL,0
4462.75,0.89,0,19,0.2387,14,4,5000.0,2000.0,0,0,0,0,6,9,NORMAL,0
8710.65,1.09,0,19,0.1071,13,5,8000.0,3200.0,0,0,0,0,5,11,NORMAL,0
1075.55,0.36,0,14,0.0921,10,1,3000.0,1200.0,0,0,0,0,7,0,NORMAL,0
4146.42,0.83,0,45,0.0837,12,1,5000.0,2000.0,0,0,0,0,13,9,NORMAL,0
2807.83,0.56,0,18,0.0445,18,1,5000.0,2000.0,0,0,0,0,14,5,NORMAL,0
958.08,0.64,0,6,0.1239,11,1,1500.0,600.0,0,0,0,1,4,10,NORMAL,0
1048.89,0.7,0,24,0.1081,22,0,1500.0,600.0,0,0,0,0,8,1,NORMAL,0
29060.31,5.81,1,0,0.2285,2,2,5000.0,2000.0,0,1,0,0,2,54,SUSPICIOUS,1
41579.45,5.2,1,0,0.2365,3,6,8000.0,3200.0,0,0,0,1,11,11,SUSPICIOUS,1
23196.71,4.64,1,0,0.5048,1,4,5000.0,2000.0,0,1,0,0,15,71,SUSPICIOUS,1
7435.82,0.93,0,27,0.1308,14,1,8000.0,3200.0,0,0,0,1,4,8,NORMAL,0
7353.2,0.92,0,28,0.0682,9,5,8000.0,3200.0,0,0,0,0,11,13,NORMAL,0
1723.31,1.15,0,6,0.1057,16,1,1500.0,600.0,0,0,0,0,1,10,NORMAL,0
8623.11,0.72,0,44,0.1769,21,3,12000.0,4800.0,0,0,0,0,2,9,NORMAL,0
6864.81,0.86,1,0,0.236,8,5,8000.0,3200.0,0,0,1,0,1,3,NORMAL,0
3315.56,0.41,0,5,0.1939,11,3,8000.0,3200.0,0,0,1,0,3,6,NORMAL,0
5707.92,0.71,0,26,0.237,10,3,8000.0,3200.0,0,0,0,0,15,11,NORMAL,0
5493.06,1.1,0,40,0.0496,18,5,5000.0,2000.0,0,0,0,0,1,12,NORMAL,0
12138.02,1.01,0,12,0.1198,12,4,12000.0,4800.0,0,0,0,0,1,0,NORMAL,0
2056.68,0.26,0,2,0.192,10,5,8000.0,3200.0,0,0,0,0,9,14,NORMAL,0
4081.55,1.36,0,20,0.0437,14,5,3000.0,1200.0,0,0,1,0,0,7,NORMAL,0
7114.26,0.89,0,35,0.1996,18,0,8000.0,3200.0,0,0,0,0,8,11,NORMAL,0
2682.14,0.89,0,7,0.0946,22,2,3000.0,1200.0,0,0,0,0,1,13,NORMAL,0
5585.06,0.7,0,6,0.2224,17,6,8000.0,3200.0,0,0,0,0,15,3,NORMAL,0
5991.28,0.75,1,0,0.1805,18,6,8000.0,3200.0,0,0,0,0,12,6,NORMAL,0
1329.69,0.89,0,42,0.1777,13,4,1500.0,600.0,0,0,0,0,4,0,NORMAL,0
65065.57,5.42,1,0,0.3325,3,1,12000.0,4800.0,0,1,1,1,15,55,SUSPICIOUS,1
33863.61,4.23,1,0,0.2433,2,6,8000.0,3200.0,1,1,0,1,58,70,SUSPICIOUS,1
1494.49,1.0,0,44,0.0521,18,6,1500.0,600.0,0,0,0,0,9,10,NORMAL,0
17676.28,3.54,0,3,0.5974,0,5,5000.0,2000.0,1,0,0,0,70,18,SUSPICIOUS,1
4005.7,0.5,0,34,0.1404,16,3,8000.0,3200.0,0,0,0,0,3,12,NORMAL,0
29949.23,5.99,1,0,0.5758,21,0,5000.0,2000.0,1,1,0,1,80,70,EXTREME,1
5777.58,1.16,0,21,0.1699,14,0,5000.0,2000.0,0,0,0,0,15,8,NORMAL,0
13440.17,1.12,0,28,0.106,15,3,12000.0,4800.0,0,0,0,0,12,4,NORMAL,0
11271.88,3.76,1,0,0.5194,2,1,3000.0,1200.0,1,0,0,1,63,20,SUSPICIOUS,1
17995.48,6.0,1,0,0.5037,9,0,3000.0,1200.0,1,1,0,0,91,82,EXTREME,1
15000.0,10.0,1,0,0.4631,11,4,1500.0,600.0,1,1,1,1,98,93,EXTREME,1
13028.37,1.09,0,12,0.2022,7,2,12000.0,4800.0,0,0,0,0,2,13,NORMAL,0
63643.6,5.3,0,1,0.4316,19,4,12000.0,4800.0,1,1,1,0,52,79,SUSPICIOUS,1
1890.54,0.63,0,22,0.0695,19,4,3000.0,1200.0,0,0,0,0,10,9,NORMAL,0
2811.45,0.94,0,18,0.1858,11,2,3000.0,1200.0,0,0,0,0,12,6,NORMAL,0
47021.15,5.88,1,0,0.4614,11,0,8000.0,3200.0,1,1,0,0,87,72,EXTREME,1
51030.35,4.25,1,0,0.522,21,3,12000.0,4800.0,1,1,0,0,100,88,EXTREME,1
1231.79,0.82,0,17,0.1806,20,0,1500.0,600.0,0,0,1,0,12,2,NORMAL,0
8335.13,5.56,1,0,0.4977,1,6,1500.0,600.0,1,1,0,0,74,60,SUSPICIOUS,1
36006.61,3.0,1,0,0.3945,3,2,12000.0,4800.0,0,0,1,1,37,45,SUSPICIOUS,1
1130.65,0.75,0,37,0.173,16,0,1500.0,600.0,0,0,0,0,10,2,NORMAL,0
2926.95,0.59,0,30,0.2235,7,2,5000.0,2000.0,0,0,1,0,9,14,NORMAL,0
15000.0,10.0,1,0,0.6199,1,6,1500.0,600.0,1,1,1,0,92,84,EXTREME,1
2705.82,0.23,0,15,0.0545,13,0,12000.0,4800.0,0,0,0,0,8,11,NORMAL,0
3316.2,0.66,0,11,0.1361,22,4,5000.0,2000.0,0,0,0,0,8,1,NORMAL,0
17155.07,5.72,1,0,1.1945,14,2,3000.0,1200.0,1,1,0,0,88,89,EXTREME,1
10330.76,0.86,0,40,0.2379,14,4,12000.0,4800.0,0,0,0,0,3,7,NORMAL,0
14309.1,1.19,0,13,0.2113,19,2,12000.0,4800.0,0,0,0,1,2,0,NORMAL,0
1735.46,0.58,0,30,0.1136,9,5,3000.0,1200.0,0,0,0,0,1,11,NORMAL,0
8419.69,2.81,0,1,0.2107,14,5,3000.0,1200.0,1,0,1,0,61,5,SUSPICIOUS,1
5277.14,0.66,0,3,0.0529,21,2,8000.0,3200.0,0,0,0,0,12,14,NORMAL,0
6050.94,0.76,0,42,0.1626,15,4,8000.0,3200.0,0,0,0,0,8,2,NORMAL,0
3301.02,1.1,0,8,0.0453,8,3,3000.0,1200.0,0,0,0,0,14,0,NORMAL,0
14365.34,4.79,1,0,0.563,3,6,3000.0,1200.0,0,0,1,0,37,46,SUSPICIOUS,1
7329.17,0.92,0,29,0.2148,8,2,8000.0,3200.0,0,0,0,0,0,5,NORMAL,0
4533.36,0.91,1,0,0.2441,18,2,5000.0,2000.0,0,0,0,0,13,14,NORMAL,0
42727.6,3.56,1,0,0.3629,23,2,12000.0,4800.0,0,0,0,0,7,46,SUSPICIOUS,1
2128.83,0.71,0,25,0.0912,7,6,3000.0,1200.0,0,0,0,0,1,9,NORMAL,0
11132.57,0.93,0,42,0.1249,18,1,12000.0,4800.0,0,0,0,0,12,3,NORMAL,0
3642.65,0.46,0,31,0.0855,16,6,8000.0,3200.0,0,0,0,0,13,4,NORMAL,0
2390.62,0.8,0,14,0.2065,18,6,3000.0,1200.0,0,0,0,0,12,10,NORMAL,0
13736.85,1.14,0,32,0.1784,19,4,12000.0,4800.0,0,0,0,0,14,2,NORMAL,0
2700.34,0.9,0,14,0.2061,22,4,3000.0,1200.0,0,0,0,0,12,14,NORMAL,0
3851.04,0.77,0,43,0.0613,14,6,5000.0,2000.0,0,0,0,0,10,14,NORMAL,0
1090.6,0.73,0,23,0.0451,13,2,1500.0,600.0,0,0,0,0,8,12,NORMAL,0
8743.4,0.73,0,40,0.1341,10,2,12000.0,4800.0,0,0,0,0,10,11,NORMAL,0
2621.8,0.87,0,17,0.0926,11,3,3000.0,1200.0,0,0,0,0,3,12,NORMAL,0
11302.22,3.77,1,0,0.5335,0,2,3000.0,1200.0,0,0,1,0,46,43,SUSPICIOUS,1
1052.5,0.7,0,5,0.0575,17,3,1500.0,600.0,0,0,0,0,2,13,NORMAL,0
1386.37,0.46,0,18,0.2433,9,1,3000.0,1200.0,0,0,1,0,2,7,NORMAL,0
12186.16,1.02,0,43,0.2004,16,5,12000.0,4800.0,0,0,0,0,12,1,NORMAL,0
65813.29,5.48,1,0,0.2787,3,0,12000.0,4800.0,1,1,0,0,51,71,SUSPICIOUS,1
9914.75,1.24,0,17,0.1719,20,6,8000.0,3200.0,0,0,0,0,11,10,NORMAL,0
2940.28,0.98,0,6,0.2021,11,1,3000.0,1200.0,0,0,0,0,0,13,NORMAL,0
5061.5,0.63,0,9,0.1409,9,5,8000.0,3200.0,0,0,0,0,7,0,NORMAL,0
1146.39,0.76,0,29,0.1676,20,4,1500.0,600.0,0,0,0,0,6,10,NORMAL,0
845.1,0.56,0,31,0.1313,7,6,1500.0,600.0,0,0,0,0,7,4,NORMAL,0
1449.66,0.97,0,16,0.1783,17,1,1500.0,600.0,0,0,0,0,4,12,NORMAL,0
11495.61,3.83,1,0,0.3844,4,4,3000.0,1200.0,0,1,0,0,18,50,SUSPICIOUS,1
14084.96,1.17,0,18,0.0942,15,6,12000.0,4800.0,0,0,0,0,7,13,NORMAL,0
34204.28,4.28,0,1,0.2298,3,1,8000.0,3200.0,1,1,1,0,51,73,SUSPICIOUS,1
22384.84,2.8,1,0,0.481,0,6,8000.0,3200.0,0,0,0,0,12,5,SUSPICIOUS,0
1479.08,0.99,0,24,0.1612,11,0,1500.0,600.0,0,0,0,0,8,12,NORMAL,0
5915.4,3.94,0,2,0.3581,0,1,1500.0,600.0,1,0,0,1,55,44,SUSPICIOUS,1
43417.95,3.62,1,0,0.4358,19,3,12000.0,4800.0,0,0,1,0,14,18,SUSPICIOUS,1
4011.01,0.5,0,22,0.2004,9,4,8000.0,3200.0,0,0,0,0,4,8,NORMAL,0
15000.0,10.0,1,0,0.7836,6,3,1500.0,600.0,1,1,1,0,94,70,EXTREME,1
3340.42,1.11,0,27,0.2411,21,6,3000.0,1200.0,0,0,0,0,13,3,NORMAL,0
11761.46,0.98,0,12,0.0831,7,6,12000.0,4800.0,0,0,0,0,0,1,NORMAL,0
968.28,0.65,0,34,0.1869,12,5,1500.0,600.0,0,0,0,0,8,4,NORMAL,0
3197.96,1.07,0,4,0.2265,13,0,3000.0,1200.0,0,0,0,0,5,14,NORMAL,0
4235.35,0.85,0,20,0.1544,11,1,5000.0,2000.0,0,0,0,0,0,15,NORMAL,0
6807.76,0.85,0,37,0.1019,22,2,8000.0,3200.0,0,0,0,0,2,13,NORMAL,0
115025.96,9.59,1,0,1.0096,6,5,12000.0,4800.0,1,1,1,0,92,80,EXTREME,1
6277.72,1.26,0,7,0.1837,7,0,5000.0,2000.0,0,0,1,0,11,2,NORMAL,0
3513.33,0.7,0,18,0.1891,11,3,5000.0,2000.0,0,0,0,1,5,6,NORMAL,0
5882.72,0.74,1,0,0.1349,11,1,8000.0,3200.0,0,0,0,0,10,1,NORMAL,0
1946.12,0.65,1,0,0.2299,15,5,3000.0,1200.0,0,0,0,0,4,8,NORMAL,0
3357.64,1.12,0,29,0.2012,11,6,3000.0,1200.0,0,0,0,0,0,3,NORMAL,0
1830.92,0.61,0,29,0.1686,22,5,3000.0,1200.0,0,0,0,0,9,0,NORMAL,0
2559.36,0.51,0,18,0.0535,7,3,5000.0,2000.0,0,0,0,0,3,13,NORMAL,0
1194.72,0.8,1,0,0.1548,16,6,1500.0,600.0,0,0,0,0,10,0,NORMAL,0
6321.46,4.21,1,0,0.432,14,6,1500.0,600.0,0,0,1,1,16,48,SUSPICIOUS,1
1417.28,0.94,0,3,0.1774,20,4,1500.0,600.0,0,0,0,0,13,3,NORMAL,0
1256.55,0.84,0,12,0.1888,18,1,1500.0,600.0,0,0,0,0,7,5,NORMAL,0
137803.05,11.48,1,0,0.6595,17,1,12000.0,4800.0,1,1,1,1,94,90,EXTREME,1
4861.35,0.97,0,5,0.2405,16,3,5000.0,2000.0,0,0,0,0,12,5,NORMAL,0
2108.17,0.7,0,4,0.202,9,0,3000.0,1200.0,0,0,0,0,10,5,NORMAL,0
4928.81,0.62,0,31,0.1335,12,3,8000.0,3200.0,0,0,0,0,1,7,NORMAL,0
9666.25,0.81,0,17,0.0442,18,6,12000.0,4800.0,0,0,0,0,0,15,NORMAL,0
7946.18,5.3,0,2,0.5307,2,1,1500.0,600.0,0,1,0,0,7,61,SUSPICIOUS,1
3108.99,0.62,0,13,0.0495,18,4,5000.0,2000.0,0,0,0,0,13,14,NORMAL,0
6769.32,0.56,0,7,0.0625,13,6,12000.0,4800.0,0,0,1,0,14,7,NORMAL,0
4927.06,0.99,0,11,0.1329,15,2,5000.0,2000.0,0,0,0,1,3,2,NORMAL,0
14239.93,1.19,0,24,0.2433,21,0,12000.0,4800.0,0,0,0,0,3,11,NORMAL,0
1604.09,0.53,0,15,0.0823,19,0,3000.0,1200.0,0,0,0,0,0,6,NORMAL,0
1662.71,1.11,0,34,0.1735,14,0,1500.0,600.0,0,0,0,0,15,8,NORMAL,0
1825.15,1.22,0,38,0.1669,22,4,1500.0,600.0,0,0,0,0,4,14,NORMAL,0
5465.77,1.09,0,5,0.2316,14,1,5000.0,2000.0,0,0,0,0,15,11,NORMAL,0
4111.83,0.82,0,37,0.2208,19,4,5000.0,2000.0,0,0,0,0,3,8,NORMAL,0
31085.92,3.89,1,0,0.4847,0,5,8000.0,3200.0,1,1,0,0,50,58,SUSPICIOUS,1
51273.35,10.25,1,0,0.6501,21,5,5000.0,2000.0,1,1,1,1,88,95,EXTREME,1
1683.93,1.12,0,39,0.2302,12,5,1500.0,600.0,0,0,0,0,13,4,NORMAL,0
31392.37,6.28,1,0,0.5858,14,6,5000.0,2000.0,1,1,1,1,91,88,EXTREME,1
29979.43,6.0,1,0,0.8638,16,1,5000.0,2000.0,1,1,1,0,99,86,EXTREME,1
13799.63,1.15,0,31,0.2106,20,2,12000.0,4800.0,0,0,0,0,10,14,NORMAL,0
6436.22,0.8,0,44,0.2471,9,3,8000.0,3200.0,0,0,0,0,15,9,NORMAL,0
24350.83,4.87,1,0,0.5821,3,0,5000.0,2000.0,0,0,0,0,20,14,SUSPICIOUS,1
19591.27,6.53,1,0,0.4204,20,0,3000.0,1200.0,1,1,0,1,95,86,EXTREME,1
2653.64,0.88,0,14,0.1903,17,2,3000.0,1200.0,0,0,0,0,0,7,NORMAL,0
5032.97,0.42,0,10,0.2403,17,5,12000.0,4800.0,0,0,0,0,1,5,NORMAL,0
1100.03,0.37,0,45,0.2082,17,1,3000.0,1200.0,0,0,0,0,5,14,NORMAL,0
26655.09,5.33,1,0,0.3802,4,4,5000.0,2000.0,0,0,1,0,6,48,SUSPICIOUS,1
15000.0,10.0,1,0,1.0338,10,0,1500.0,600.0,1,1,0,1,98,77,EXTREME,1
47794.43,9.56,1,0,1.1894,1,1,5000.0,2000.0,1,1,1,0,81,71,EXTREME,1
1413.83,0.94,0,21,0.0957,18,4,1500.0,600.0,0,0,0,0,8,15,NORMAL,0
2988.24,1.0,0,38,0.0923,9,5,3000.0,1200.0,0,0,0,0,4,15,NORMAL,0
1428.96,0.95,0,22,0.0462,19,0,1500.0,600.0,0,0,0,0,4,5,NORMAL,0
9506.79,0.79,0,43,0.1891,7,2,12000.0,4800.0,0,0,0,0,12,9,NORMAL,0
16845.82,3.37,1,0,0.3027,23,2,5000.0,2000.0,0,0,1,0,10,43,SUSPICIOUS,0
9699.71,1.21,1,0,0.1447,16,6,8000.0,3200.0,0,0,0,0,6,7,NORMAL,0
1480.41,0.49,0,40,0.053,20,0,3000.0,1200.0,0,0,0,0,0,5,NORMAL,0
35835.82,4.48,1,0,0.5932,2,3,8000.0,3200.0,0,1,1,0,18,51,SUSPICIOUS,1
2912.26,0.58,0,45,0.0449,10,3,5000.0,2000.0,0,0,0,0,1,13,NORMAL,0
1919.64,1.28,0,6,0.2408,10,1,1500.0,600.0,0,0,0,0,1,1,NORMAL,0
5239.82,1.05,0,4,0.136,22,1,5000.0,2000.0,0,0,0,0,3,12,NORMAL,0
28460.81,9.49,1,0,1.0039,7,4,3000.0,1200.0,1,1,0,1,100,72,EXTREME,1
5658.72,0.71,0,41,0.0708,7,6,8000.0,3200.0,0,0,1,0,10,7,NORMAL,0
2716.68,0.91,0,4,0.2218,11,1,3000.0,1200.0,0,0,0,0,7,14,NORMAL,0
81881.84,10.24,1,0,0.6524,19,4,8000.0,3200.0,1,1,0,0,90,85,EXTREME,1
6955.52,0.87,0,37,0.236,8,3,8000.0,3200.0,0,0,0,0,6,4,NORMAL,0
8789.93,5.86,0,1,0.3686,0,2,1500.0,600.0,1,1,1,0,61,77,SUSPICIOUS,1
3616.75,0.72,0,2,0.2174,20,6,5000.0,2000.0,0,0,0,0,0,13,NORMAL,0
5101.34,0.64,0,42,0.094,17,1,8000.0,3200.0,0,0,0,0,11,14,NORMAL,0
3689.0,0.74,0,37,0.2303,15,0,5000.0,2000.0,0,0,0,0,14,0,NORMAL,0
5706.66,1.14,0,32,0.1383,8,3,5000.0,2000.0,0,0,0,0,2,4,NORMAL,0
10284.24,0.86,0,11,0.1546,11,3,12000.0,4800.0,0,0,0,0,1,4,NORMAL,0
7008.46,0.88,0,6,0.1886,19,2,8000.0,3200.0,0,0,1,0,3,14,NORMAL,0
6122.63,0.77,1,0,0.1483,20,0,8000.0,3200.0,0,0,0,0,10,12,NORMAL,0
9683.57,0.81,1,0,0.0823,19,3,12000.0,4800.0,0,0,0,0,9,15,NORMAL,0
5156.91,1.03,0,11,0.1379,13,0,5000.0,2000.0,0,0,0,0,5,8,NORMAL,0
2652.5,0.88,0,45,0.184,9,6,3000.0,1200.0,0,0,0,0,12,0,NORMAL,0
53367.41,4.45,1,0,0.2079,19,0,12000.0,4800.0,0,1,0,0,3,72,SUSPICIOUS,1
8843.03,1.11,0,8,0.1171,8,3,8000.0,3200.0,0,0,0,0,14,3,NORMAL,0
5398.64,1.08,1,0,0.0875,20,4,5000.0,2000.0,0,0,0,0,11,14,NORMAL,0
2089.81,0.7,0,20,0.1266,8,2,3000.0,1200.0,0,0,1,0,2,2,NORMAL,0
1348.59,0.9,1,0,0.1385,10,3,1500.0,600.0,0,0,0,1,11,0,NORMAL,0
1271.96,0.85,0,44,0.1007,22,1,1500.0,600.0,0,0,1,1,7,5,NORMAL,0
14011.09,4.67,0,2,0.5618,19,2,3000.0,1200.0,0,0,0,0,20,10,SUSPICIOUS,1
7116.18,0.89,0,30,0.1971,15,6,8000.0,3200.0,0,0,0,0,5,11,NORMAL,0
62069.17,5.17,1,0,0.4594,0,2,12000.0,4800.0,1,1,0,1,53,53,SUSPICIOUS,1
3980.05,0.8,1,0,0.2286,13,1,5000.0,2000.0,0,0,0,0,14,7,NORMAL,0
8674.95,1.08,0,45,0.1677,19,4,8000.0,3200.0,0,0,0,1,3,12,NORMAL,0
6923.58,0.58,0,33,0.201,21,2,12000.0,4800.0,0,0,0,0,1,11,NORMAL,0
6292.65,0.79,0,7,0.0978,8,4,8000.0,3200.0,0,0,0,0,1,6,NORMAL,0
9164.51,0.76,0,20,0.1942,18,3,12000.0,4800.0,0,0,0,0,8,8,NORMAL,0
11667.76,0.97,0,15,0.0784,18,6,12000.0,4800.0,0,0,0,0,7,10,NORMAL,0
34589.77,2.88,0,1,0.4766,0,5,12000.0,4800.0,0,0,0,0,39,8,SUSPICIOUS,1
6439.63,0.54,0,22,0.1653,12,0,12000.0,4800.0,0,0,0,0,7,11,NORMAL,0
111936.81,9.33,1,0,0.4419,21,3,12000.0,4800.0,1,1,1,0,86,90,EXTREME,1
30349.19,2.53,0,1,0.2591,14,2,12000.0,4800.0,1,0,0,1,74,15,SUSPICIOUS,1
27402.34,5.48,1,0,0.5305,19,6,5000.0,2000.0,0,0,0,0,41,4,SUSPICIOUS,1
4278.06,0.86,0,45,0.0936,15,3,5000.0,2000.0,0,0,1,0,9,12,NORMAL,0
17322.49,5.77,0,2,0.4884,4,5,3000.0,1200.0,0,1,1,1,46,67,SUSPICIOUS,1
2785.98,0.56,0,19,0.1123,11,4,5000.0,2000.0,0,0,0,0,5,13,NORMAL,0
11347.88,1.42,0,34,0.1489,21,4,8000.0,3200.0,0,0,0,0,14,15,NORMAL,0
15164.26,1.26,0,30,0.1993,9,1,12000.0,4800.0,0,0,0,0,8,0,NORMAL,0
2110.0,0.7,0,39,0.2481,13,3,3000.0,1200.0,0,0,0,0,0,10,NORMAL,0
29320.4,3.67,0,3,0.4326,4,3,8000.0,3200.0,0,0,1,0,16,3,SUSPICIOUS,1
11268.76,0.94,0,20,0.1405,14,3,12000.0,4800.0,0,0,0,0,11,13,NORMAL,0
5826.9,1.17,0,27,0.0686,11,5,5000.0,2000.0,0,0,0,0,7,1,NORMAL,0
1686.03,1.12,0,23,0.1688,7,6,1500.0,600.0,0,0,0,0,10,7,NORMAL,0
2868.99,0.96,0,21,0.0907,8,1,3000.0,1200.0,0,0,0,0,14,5,NORMAL,0
7572.77,0.95,1,0,0.1269,12,2,8000.0,3200.0,0,0,0,0,9,14,NORMAL,0
3178.32,1.06,0,8,0.0673,9,1,3000.0,1200.0,0,0,0,0,0,15,NORMAL,0
7846.45,0.98,0,5,0.2303,20,0,8000.0,3200.0,0,0,0,0,10,9,NORMAL,0
2724.6,0.54,0,26,0.0886,20,2,5000.0,2000.0,0,0,0,1,9,2,NORMAL,0
113343.55,9.45,1,0,0.5408,4,0,12000.0,4800.0,1,1,0,0,85,91,EXTREME,1
12337.78,1.54,0,22,0.2152,15,3,8000.0,3200.0,0,0,0,0,9,5,NORMAL,0
143054.25,11.92,1,0,0.7592,1,2,12000.0,4800.0,1,1,1,0,84,71,EXTREME,1
16052.16,5.35,1,0,0.5468,19,0,3000.0,1200.0,0,1,0,1,5,50,SUSPICIOUS,1
5613.05,0.7,0,35,0.1317,16,1,8000.0,3200.0,0,0,0,0,14,15,NORMAL,0
59501.78,4.96,0,1,0.3885,19,5,12000.0,4800.0,0,0,1,0,36,4,SUSPICIOUS,1
4014.53,0.5,0,16,0.2145,21,0,8000.0,3200.0,0,0,0,0,0,13,NORMAL,0
2524.09,0.84,0,42,0.1129,18,3,3000.0,1200.0,0,0,0,0,7,10,NORMAL,0
2363.54,0.79,0,30,0.1449,8,0,3000.0,1200.0,0,0,0,0,8,10,NORMAL,0
93102.36,7.76,1,0,0.4487,4,6,12000.0,4800.0,1,1,0,0,94,77,EXTREME,1
3019.96,1.01,0,24,0.2113,21,0,3000.0,1200.0,0,0,0,0,9,5,NORMAL,0
1743.78,0.58,0,23,0.101,20,4,3000.0,1200.0,0,0,0,0,7,14,NORMAL,0
1321.71,0.88,0,8,0.1273,9,2,1500.0,600.0,0,0,0,0,13,9,NORMAL,0
1867.17,0.62,0,23,0.1198,7,2,3000.0,1200.0,0,0,0,0,8,8,NORMAL,0
9675.91,3.23,1,0,0.4494,1,5,3000.0,1200.0,1,0,0,0,69,11,SUSPICIOUS,1
11014.24,1.38,1,0,0.1784,20,1,8000.0,3200.0,0,0,0,0,7,8,NORMAL,0
12355.25,1.03,0,19,0.2414,20,2,12000.0,4800.0,0,0,0,0,1,15,NORMAL,0
43567.3,3.63,1,0,0.2515,0,1,12000.0,4800.0,0,0,0,1,7,41,SUSPICIOUS,1
9726.76,0.81,0,26,0.0702,14,1,12000.0,4800.0,0,0,0,0,11,13,NORMAL,0
6495.46,0.54,0,6,0.048,7,0,12000.0,4800.0,0,0,0,0,11,6,NORMAL,0
3268.17,1.09,0,31,0.0444,21,3,3000.0,1200.0,0,0,0,0,5,14,NORMAL,0
4283.95,0.54,0,29,0.1786,18,3,8000.0,3200.0,0,0,0,0,9,11,NORMAL,0
23203.09,4.64,1,0,0.3471,23,2,5000.0,2000.0,0,0,1,0,7,12,SUSPICIOUS,1
6076.33,4.05,1,0,0.3458,4,0,1500.0,600.0,1,1,0,1,74,50,SUSPICIOUS,1
5164.5,1.03,0,5,0.2379,12,6,5000.0,2000.0,0,0,0,0,2,12,NORMAL,0
834.72,0.56,0,13,0.0594,18,3,1500.0,600.0,0,0,0,0,9,9,NORMAL,0
15000.0,5.0,1,0,1.0455,4,3,3000.0,1200.0,1,1,0,0,100,82,EXTREME,1
5222.66,0.65,0,34,0.1934,11,2,8000.0,3200.0,0,0,0,0,1,6,NORMAL,0
9309.18,3.1,0,1,0.4951,4,2,3000.0,1200.0,0,1,1,0,46,67,SUSPICIOUS,1
1022.12,0.68,0,7,0.077,9,6,1500.0,600.0,0,0,0,0,1,11,NORMAL,0
3320.14,0.66,0,22,0.1624,8,5,5000.0,2000.0,0,0,0,0,0,9,NORMAL,0
2660.74,0.53,1,0,0.2081,14,1,5000.0,2000.0,0,0,0,0,10,9,NORMAL,0
6458.12,0.54,1,0,0.243,10,1,12000.0,4800.0,0,0,0,0,9,7,NORMAL,0
3882.38,0.78,0,14,0.085,20,5,5000.0,2000.0,0,0,0,0,5,14,NORMAL,0
2753.13,0.92,0,20,0.2121,10,6,3000.0,1200.0,0,0,1,0,3,4,NORMAL,0
8384.97,5.59,1,0,0.401,3,0,1500.0,600.0,1,0,1,0,72,17,SUSPICIOUS,1
10578.94,0.88,1,0,0.1545,9,4,12000.0,4800.0,0,0,0,0,12,13,NORMAL,0
2198.15,0.73,0,38,0.0626,8,4,3000.0,1200.0,0,0,0,0,4,2,NORMAL,0
8132.54,1.02,0,15,0.0598,11,1,8000.0,3200.0,0,0,0,0,13,12,NORMAL,0
1491.74,0.99,0,7,0.0424,13,5,1500.0,600.0,0,0,0,0,2,3,NORMAL,0
50595.98,6.32,1,0,0.6568,0,0,8000.0,3200.0,1,1,1,1,87,93,EXTREME,1
2480.77,0.83,0,18,0.1644,20,0,3000.0,1200.0,0,0,0,0,15,2,NORMAL,0
29658.39,3.71,0,2,0.3815,2,2,8000.0,3200.0,0,1,1,0,20,54,SUSPICIOUS,1
15000.0,5.0,1,0,0.4209,6,5,3000.0,1200.0,1,1,0,1,95,90,EXTREME,1
1858.62,1.24,0,30,0.2451,7,1,1500.0,600.0,0,0,0,0,12,6,NORMAL,0
33453.43,4.18,1,0,0.6763,19,2,8000.0,3200.0,1,1,0,0,92,89,EXTREME,1
39219.73,4.9,1,0,0.4863,3,1,8000.0,3200.0,0,0,0,0,1,46,SUSPICIOUS,1
7852.09,5.23,1,0,0.5467,1,2,1500.0,600.0,0,1,1,0,17,55,SUSPICIOUS,1
1428.61,0.95,0,27,0.1109,22,2,1500.0,600.0,0,0,0,0,9,6,NORMAL,0
2817.73,0.94,0,40,0.1938,22,1,3000.0,1200.0,0,0,0,0,4,10,NORMAL,0
28461.52,9.49,1,0,0.8403,10,5,3000.0,1200.0,1,1,1,0,88,81,EXTREME,1
2644.81,0.88,0,9,0.2278,20,6,3000.0,1200.0,0,0,0,0,0,6,NORMAL,0
1666.79,0.56,0,17,0.13,13,4,3000.0,1200.0,0,0,0,0,15,6,NORMAL,0
2578.22,0.86,0,17,0.1517,8,2,3000.0,1200.0,0,0,0,0,7,13,NORMAL,0
36531.81,7.31,1,0,1.1189,8,4,5000.0,2000.0,1,1,1,0,93,93,EXTREME,1
1172.44,0.78,0,33,0.201,11,0,1500.0,600.0,0,0,0,0,12,7,NORMAL,0
13538.42,4.51,1,0,0.2149,4,2,3000.0,1200.0,0,0,0,0,35,47,SUSPICIOUS,1
512.62,0.34,0,13,0.1543,16,5,1500.0,600.0,0,0,0,0,6,12,NORMAL,0
16537.05,1.38,0,8,0.1045,7,6,12000.0,4800.0,0,0,0,0,6,12,NORMAL,0
2576.15,0.86,0,3,0.2044,17,2,3000.0,1200.0,0,0,0,0,8,12,NORMAL,0
15285.94,5.1,1,0,0.2987,4,6,3000.0,1200.0,0,0,0,0,7,45,SUSPICIOUS,1
4047.64,1.35,0,45,0.0973,17,2,3000.0,1200.0,0,0,0,0,10,11,NORMAL,0
882.7,0.59,1,0,0.2484,9,0,1500.0,600.0,0,0,0,0,13,4,NORMAL,0
17671.08,5.89,1,0,0.4348,4,5,3000.0,1200.0,0,0,0,0,41,14,SUSPICIOUS,1
7746.81,0.97,0,16,0.1524,8,4,8000.0,3200.0,0,0,1,0,10,14,NORMAL,0
2566.58,0.86,0,40,0.1605,20,5,3000.0,1200.0,0,0,0,0,11,1,NORMAL,0
7912.84,0.99,0,18,0.2198,7,1,8000.0,3200.0,0,0,0,0,8,8,NORMAL,0
8336.67,1.04,0,4,0.0433,20,1,8000.0,3200.0,0,0,0,0,15,10,NORMAL,0
5350.62,3.57,1,0,0.5819,4,2,1500.0,600.0,0,1,1,0,12,61,SUSPICIOUS,1
85924.44,10.74,1,0,0.9585,11,6,8000.0,3200.0,1,1,1,1,93,74,EXTREME,1
1040.85,0.69,0,9,0.1271,9,5,1500.0,600.0,0,0,0,0,14,6,NORMAL,0
3557.41,0.71,0,22,0.1629,14,2,5000.0,2000.0,0,0,0,0,3,13,NORMAL,0
2836.6,0.95,0,34,0.1673,9,5,3000.0,1200.0,0,0,0,1,1,1,NORMAL,0
9704.63,0.81,0,8,0.0663,16,5,12000.0,4800.0,0,0,0,0,10,14,NORMAL,0
7930.02,2.64,1,0,0.5996,4,4,3000.0,1200.0,1,1,0,0,53,80,SUSPICIOUS,1
24988.58,5.0,0,3,0.2808,3,3,5000.0,2000.0,1,0,0,0,69,11,SUSPICIOUS,1
7720.45,0.64,0,9,0.1785,8,1,12000.0,4800.0,0,0,0,0,13,10,NORMAL,0
7969.37,1.0,1,0,0.0574,11,5,8000.0,3200.0,0,0,0,0,2,14,NORMAL,0
9089.32,0.76,0,19,0.0553,7,3,12000.0,4800.0,0,0,0,0,3,3,NORMAL,0
28827.93,5.77,1,0,0.3527,1,0,5000.0,2000.0,0,1,0,0,16,76,SUSPICIOUS,1
1427.06,0.48,0,21,0.2234,22,1,3000.0,1200.0,0,0,0,0,10,5,NORMAL,0
47173.67,5.9,1,0,0.5355,19,3,8000.0,3200.0,1,0,0,0,65,47,SUSPICIOUS,1
3510.7,1.17,0,8,0.0729,7,4,3000.0,1200.0,0,0,0,0,5,5,NORMAL,0
12543.52,1.05,1,0,0.1259,19,3,12000.0,4800.0,0,0,0,0,0,4,NORMAL,0
13267.79,4.42,1,0,0.4284,23,3,3000.0,1200.0,1,1,1,1,54,73,SUSPICIOUS,1
912.61,0.61,0,14,0.1834,22,0,1500.0,600.0,0,0,1,0,0,14,NORMAL,0
62621.91,5.22,1,0,0.4048,14,5,12000.0,4800.0,0,0,1,1,13,18,SUSPICIOUS,1
1200.01,0.8,0,34,0.0893,15,4,1500.0,600.0,0,0,0,0,4,13,NORMAL,0
4741.67,0.59,0,45,0.077,20,2,8000.0,3200.0,0,0,0,0,1,15,NORMAL,0
26711.3,5.34,1,0,0.3767,14,3,5000.0,2000.0,1,1,0,0,52,78,SUSPICIOUS,1
47942.2,5.99,1,0,0.3907,23,0,8000.0,3200.0,0,1,0,0,1,61,SUSPICIOUS,1
1785.25,1.19,0,13,0.1234,14,0,1500.0,600.0,0,0,0,0,6,4,NORMAL,0
33812.53,6.76,1,0,1.1624,11,3,5000.0,2000.0,1,1,1,0,87,77,EXTREME,1
1284.96,0.86,0,31,0.1982,15,6,1500.0,600.0,0,0,0,0,1,12,NORMAL,0
80911.64,6.74,1,0,0.9178,8,3,12000.0,4800.0,1,1,1,1,92,93,EXTREME,1
5598.17,1.12,0,14,0.1413,7,0,5000.0,2000.0,0,0,0,0,11,6,NORMAL,0
6144.53,0.77,0,15,0.0808,22,3,8000.0,3200.0,0,0,0,0,7,6,NORMAL,0
13826.05,1.15,0,27,0.0735,14,3,12000.0,4800.0,0,0,0,0,4,7,NORMAL,0
25641.02,5.13,1,0,0.2141,3,5,5000.0,2000.0,0,1,1,0,38,77,SUSPICIOUS,1
4207.79,0.84,0,4,0.0829,21,0,5000.0,2000.0,0,0,0,0,8,6,NORMAL,0
4616.41,1.54,0,42,0.1716,13,4,3000.0,1200.0,0,0,0,0,8,11,NORMAL,0
1160.4,0.77,0,43,0.1422,7,2,1500.0,600.0,0,0,0,0,14,7,NORMAL,0
25672.97,5.13,1,0,0.2455,14,4,5000.0,2000.0,0,1,0,0,17,80,SUSPICIOUS,1
3333.41,0.67,0,11,0.0601,22,5,5000.0,2000.0,0,0,0,0,7,14,NORMAL,0
3863.12,0.77,1,0,0.0833,11,5,5000.0,2000.0,0,0,0,0,14,6,NORMAL,0
89152.94,7.43,1,0,0.8235,19,1,12000.0,4800.0,1,1,0,0,88,93,EXTREME,1
9749.65,0.81,0,38,0.048,21,4,12000.0,4800.0,0,0,0,0,14,6,NORMAL,0
2669.99,0.53,1,0,0.0746,18,6,5000.0,2000.0,0,0,0,0,13,11,NORMAL,0
1457.32,0.97,0,2,0.1232,20,5,1500.0,600.0,0,0,0,0,12,1,NORMAL,0
1813.29,0.36,0,32,0.0597,16,6,5000.0,2000.0,0,0,0,0,13,7,NORMAL,0
11721.06,0.98,1,0,0.1934,14,4,12000.0,4800.0,0,0,0,0,10,5,NORMAL,0
6685.21,0.84,0,8,0.1083,19,1,8000.0,3200.0,0,0,0,0,14,9,NORMAL,0
6274.51,0.78,0,40,0.094,17,4,8000.0,3200.0,0,0,0,0,9,0,NORMAL,0
26287.82,5.26,1,0,0.3449,23,1,5000.0,2000.0,0,1,1,1,38,53,SUSPICIOUS,1
676.54,0.45,1,0,0.0708,21,1,1500.0,600.0,0,0,0,0,12,12,NORMAL,0
11184.7,3.73,1,0,0.5179,3,5,3000.0,1200.0,0,1,1,0,5,53,SUSPICIOUS,1
6034.13,1.21,0,40,0.2457,20,5,5000.0,2000.0,0,0,0,0,12,0,NORMAL,0
1117.71,0.75,0,21,0.1552,20,3,1500.0,600.0,0,0,0,0,0,14,NORMAL,0
3044.59,1.01,0,21,0.234,21,6,3000.0,1200.0,0,0,0,0,6,15,NORMAL,0
3245.06,0.65,1,0,0.2483,8,6,5000.0,2000.0,0,0,0,0,0,6,NORMAL,0
28517.6,5.7,0,3,0.4647,1,0,5000.0,2000.0,1,0,0,0,66,8,SUSPICIOUS,1
3823.03,0.76,0,33,0.2065,14,4,5000.0,2000.0,0,0,0,0,14,1,NORMAL,0
14788.44,2.96,0,1,0.4637,14,3,5000.0,2000.0,0,1,0,0,40,68,SUSPICIOUS,1
8534.39,1.07,0,39,0.151,14,3,8000.0,3200.0,0,0,0,0,8,7,NORMAL,0
126663.47,10.56,1,0,0.8065,19,1,12000.0,4800.0,1,1,1,0,96,71,EXTREME,1
1264.2,0.84,0,4,0.1474,19,2,1500.0,600.0,0,0,0,0,12,5,NORMAL,0
1553.62,0.52,0,35,0.1252,17,1,3000.0,1200.0,0,0,0,0,3,5,NORMAL,0
8160.43,1.02,1,0,0.0894,21,0,8000.0,3200.0,0,0,0,0,0,1,NORMAL,0
6402.3,0.8,0,26,0.1297,16,4,8000.0,3200.0,0,0,0,0,1,6,NORMAL,0
5508.24,1.1,0,39,0.0657,9,3,5000.0,2000.0,0,0,0,0,2,5,NORMAL,0
17820.16,11.88,1,0,0.5902,18,6,1500.0,600.0,1,1,1,1,92,92,EXTREME,1
9364.27,1.17,0,6,0.1741,8,0,8000.0,3200.0,0,0,0,0,9,3,NORMAL,0
2990.89,1.0,0,10,0.2175,20,5,3000.0,1200.0,0,0,0,0,12,0,NORMAL,0
5024.67,1.0,0,2,0.2009,7,1,5000.0,2000.0,0,0,0,0,10,15,NORMAL,0
1099.31,0.73,0,3,0.0544,16,6,1500.0,600.0,0,0,0,0,11,14,NORMAL,0
3301.54,0.66,0,26,0.197,9,4,5000.0,2000.0,0,0,0,0,9,3,NORMAL,0
13133.19,2.63,1,0,0.2483,1,5,5000.0,2000.0,0,1,0,0,18,76,SUSPICIOUS,1
9604.55,0.8,0,44,0.1434,22,0,12000.0,4800.0,0,0,0,0,0,9,NORMAL,0
28971.25,9.66,1,0,1.001,17,5,3000.0,1200.0,1,1,1,0,91,70,EXTREME,1
944.29,0.63,0,7,0.0723,14,1,1500.0,600.0,0,0,0,0,4,2,NORMAL,0
15355.88,3.07,1,0,0.425,4,0,5000.0,2000.0,0,0,0,0,6,44,SUSPICIOUS,1
7762.91,0.65,0,11,0.1904,15,4,12000.0,4800.0,0,0,0,0,0,12,NORMAL,0
17003.71,5.67,0,3,0.2525,0,5,3000.0,1200.0,0,0,0,0,38,18,SUSPICIOUS,1
6003.96,4.0,1,0,0.2373,1,0,1500.0,600.0,0,0,0,0,38,2,SUSPICIOUS,1
2334.77,0.78,0,43,0.2038,14,1,3000.0,1200.0,0,0,0,0,1,5,NORMAL,0
17214.03,1.43,0,39,0.1913,11,0,12000.0,4800.0,0,0,0,0,13,4,NORMAL,0
44001.32,8.8,1,0,0.844,22,4,5000.0,2000.0,1,1,0,0,99,73,EXTREME,1
6328.06,0.79,0,38,0.2002,8,2,8000.0,3200.0,0,0,0,0,11,0,NORMAL,0
3203.06,1.07,0,15,0.2064,7,4,3000.0,1200.0,0,0,0,0,3,12,NORMAL,0
13046.44,1.09,0,18,0.0936,20,6,12000.0,4800.0,0,0,0,0,1,2,NORMAL,0
5097.44,3.4,0,3,0.5363,4,3,1500.0,600.0,1,1,1,0,51,62,SUSPICIOUS,1
7060.39,0.59,0,23,0.214,8,3,12000.0,4800.0,0,0,0,0,4,14,NORMAL,0
7713.25,0.64,0,45,0.1698,18,4,12000.0,4800.0,0,0,0,0,1,15,NORMAL,0
1033.09,0.21,1,0,0.07,7,2,5000.0,2000.0,0,0,0,0,11,14,NORMAL,0
90092.87,11.26,1,0,0.5433,6,5,8000.0,3200.0,1,1,1,0,100,87,EXTREME,1
6185.8,0.77,0,40,0.2093,13,0,8000.0,3200.0,0,0,0,0,3,12,NORMAL,0
7093.87,0.89,0,42,0.1242,22,2,8000.0,3200.0,0,0,0,1,12,10,NORMAL,0
5755.74,0.72,0,30,0.241,9,0,8000.0,3200.0,0,0,0,0,12,12,NORMAL,0
32190.81,4.02,0,2,0.4387,2,2,8000.0,3200.0,0,0,0,0,12,19,SUSPICIOUS,1
11988.62,1.5,0,4,0.0662,18,3,8000.0,3200.0,0,0,0,0,5,15,NORMAL,0
5671.92,1.13,1,0,0.0532,18,6,5000.0,2000.0,0,0,0,0,15,4,NORMAL,0
3201.5,1.07,0,19,0.0777,13,2,3000.0,1200.0,0,0,0,0,4,10,NORMAL,0
643.75,0.43,1,0,0.1074,16,4,1500.0,600.0,0,0,0,0,12,2,NORMAL,0
1494.05,1.0,0,11,0.0417,18,5,1500.0,600.0,0,0,0,0,7,10,NORMAL,0
1505.2,1.0,0,25,0.2329,7,2,1500.0,600.0,0,0,0,0,7,9,NORMAL,0
2883.83,0.96,0,9,0.0414,9,1,3000.0,1200.0,0,0,0,0,8,8,NORMAL,0
975.4,0.65,0,19,0.2308,9,2,1500.0,600.0,0,0,0,0,0,15,NORMAL,0
14649.6,4.88,1,0,0.5504,19,4,3000.0,1200.0,0,0,1,1,4,9,SUSPICIOUS,1
15000.0,10.0,1,0,0.8247,7,0,1500.0,600.0,1,1,0,0,86,85,EXTREME,1
8799.33,0.73,1,0,0.0629,7,0,12000.0,4800.0,0,0,0,0,12,4,NORMAL,0
29626.5,3.7,1,0,0.5089,14,6,8000.0,3200.0,1,1,0,0,56,70,SUSPICIOUS,1
3467.14,0.69,0,28,0.0848,16,4,5000.0,2000.0,0,0,0,0,4,6,NORMAL,0
1971.17,0.66,0,20,0.197,11,5,3000.0,1200.0,0,0,0,0,10,6,NORMAL,0
94079.82,11.76,1,0,0.9437,5,4,8000.0,3200.0,1,1,1,1,80,80,EXTREME,1
6261.9,1.25,0,37,0.1946,12,4,5000.0,2000.0,0,0,1,0,15,5,NORMAL,0
4773.94,0.6,0,26,0.2322,8,4,8000.0,3200.0,0,0,0,0,4,15,NORMAL,0
5138.33,0.43,0,44,0.0672,22,2,12000.0,4800.0,0,0,0,0,6,2,NORMAL,0
6291.69,0.79,0,40,0.0798,18,6,8000.0,3200.0,0,0,0,0,4,12,NORMAL,0
912.48,0.61,0,20,0.1895,9,2,1500.0,600.0,0,0,1,0,8,7,NORMAL,0
7977.66,5.32,1,0,0.5688,23,1,1500.0,600.0,1,1,0,0,73,59,SUSPICIOUS,1
28802.54,5.76,1,0,0.4381,19,0,5000.0,2000.0,0,1,0,0,11,55,SUSPICIOUS,1
4046.77,0.51,0,29,0.2168,21,0,8000.0,3200.0,0,0,0,0,2,0,NORMAL,0
2436.81,0.49,0,21,0.1659,22,2,5000.0,2000.0,0,0,0,0,11,13,NORMAL,0
51276.71,4.27,0,2,0.4047,0,5,12000.0,4800.0,0,1,0,0,4,76,SUSPICIOUS,1
16303.63,3.26,1,0,0.5673,2,3,5000.0,2000.0,0,0,1,1,18,6,SUSPICIOUS,1
7764.24,0.65,0,37,0.0486,21,0,12000.0,4800.0,0,0,0,0,9,14,NORMAL,0
3906.86,0.78,0,35,0.0859,19,4,5000.0,2000.0,0,0,0,0,14,9,NORMAL,0
9464.15,1.18,0,31,0.0438,19,3,8000.0,3200.0,0,0,0,1,13,11,NORMAL,0
56168.01,7.02,1,0,0.9736,5,6,8000.0,3200.0,1,1,1,0,97,74,EXTREME,1
4616.88,0.38,0,39,0.2141,13,6,12000.0,4800.0,0,0,0,0,13,5,NORMAL,0
8925.31,1.12,0,18,0.1887,13,4,8000.0,3200.0,0,0,0,0,6,6,NORMAL,0
3780.46,0.76,0,29,0.1597,8,3,5000.0,2000.0,0,0,1,0,12,12,NORMAL,0
6329.67,1.27,0,8,0.0782,15,5,5000.0,2000.0,0,0,0,0,8,6,NORMAL,0
22619.87,4.52,0,1,0.245,4,6,5000.0,2000.0,0,1,1,1,11,56,SUSPICIOUS,1
7410.49,0.93,0,31,0.157,9,3,8000.0,3200.0,0,0,0,0,0,9,NORMAL,0
3039.62,1.01,0,18,0.1714,10,0,3000.0,1200.0,0,0,0,0,13,10,NORMAL,0
12846.34,1.07,0,25,0.1603,15,1,12000.0,4800.0,0,0,0,0,2,7,NORMAL,0
1086.71,0.72,0,28,0.0806,19,2,1500.0,600.0,0,0,0,0,15,5,NORMAL,0
7178.25,0.6,0,33,0.1169,13,2,12000.0,4800.0,0,0,0,0,13,2,NORMAL,0
2079.39,1.39,0,40,0.0553,18,1,1500.0,600.0,0,0,0,0,0,9,NORMAL,0
3221.01,1.07,0,40,0.1675,22,6,3000.0,1200.0,0,0,0,1,12,3,NORMAL,0
4143.73,2.76,1,0,0.2425,4,4,1500.0,600.0,0,1,0,0,9,52,SUSPICIOUS,1
1276.18,0.85,0,39,0.1668,9,0,1500.0,600.0,0,0,0,0,12,3,NORMAL,0
53020.74,10.6,1,0,0.9632,0,2,5000.0,2000.0,1,1,0,0,100,95,EXTREME,1
1736.25,1.16,0,32,0.0871,7,3,1500.0,600.0,0,0,0,0,14,12,NORMAL,0
4014.7,0.5,0,4,0.1626,19,0,8000.0,3200.0,0,0,0,0,1,5,NORMAL,0
51555.37,6.44,1,0,0.9397,1,2,8000.0,3200.0,1,1,1,0,96,95,EXTREME,1
3512.53,1.17,0,25,0.1703,22,0,3000.0,1200.0,0,0,0,0,11,11,NORMAL,0
3861.1,1.29,0,33,0.1381,10,0,3000.0,1200.0,0,0,0,0,10,9,NORMAL,0
8880.12,1.11,0,15,0.1713,12,5,8000.0,3200.0,0,0,0,0,13,0,NORMAL,0
9042.98,0.75,0,34,0.1559,20,6,12000.0,4800.0,0,0,0,0,2,1,NORMAL,0
49919.88,4.16,0,3,0.3514,19,6,12000.0,4800.0,0,1,0,0,18,53,SUSPICIOUS,1
7669.01,0.96,0,33,0.0507,19,1,8000.0,3200.0,0,0,0,0,4,15,NORMAL,0
44780.58,5.6,0,2,0.4378,4,5,8000.0,3200.0,1,0,0,0,63,12,SUSPICIOUS,1
56586.56,4.72,0,3,0.2313,23,6,12000.0,4800.0,0,1,0,0,7,68,SUSPICIOUS,1
1672.04,1.11,0,10,0.0932,18,1,1500.0,600.0,0,0,0,0,14,15,NORMAL,0
10794.39,0.9,0,45,0.2147,19,2,12000.0,4800.0,0,0,0,1,7,8,NORMAL,0
83502.69,10.44,1,0,0.6795,17,6,8000.0,3200.0,1,1,0,0,81,94,EXTREME,1
3851.56,0.77,0,15,0.0817,18,3,5000.0,2000.0,0,0,0,0,6,5,NORMAL,0
70453.48,8.81,1,0,0.6424,23,4,8000.0,3200.0,1,1,0,0,81,92,EXTREME,1
888.82,0.59,0,31,0.0839,15,0,1500.0,600.0,0,0,0,0,11,0,NORMAL,0
16013.38,5.34,1,0,0.5354,23,0,3000.0,1200.0,0,1,1,0,44,73,SUSPICIOUS,1
48139.01,4.01,1,0,0.3165,14,3,12000.0,4800.0,1,1,0,0,62,65,SUSPICIOUS,1
2716.39,0.91,0,10,0.2297,13,6,3000.0,1200.0,0,0,0,0,15,8,NORMAL,0
1120.6,0.75,0,38,0.0996,9,0,1500.0,600.0,0,0,0,0,2,0,NORMAL,0
6285.43,4.19,1,0,0.4728,23,0,1500.0,600.0,1,1,0,0,68,69,SUSPICIOUS,1
3696.56,1.23,0,17,0.2212,7,3,3000.0,1200.0,0,0,0,0,2,8,NORMAL,0
6637.91,0.83,0,25,0.0966,22,4,8000.0,3200.0,0,0,1,0,6,10,NORMAL,0
2409.95,0.48,0,43,0.1841,20,0,5000.0,2000.0,0,0,1,0,5,14,NORMAL,0
6078.5,0.51,0,29,0.1988,8,3,12000.0,4800.0,0,0,0,0,2,3,NORMAL,0
16771.99,5.59,1,0,0.2379,3,4,3000.0,1200.0,0,1,0,0,47,56,SUSPICIOUS,1
16329.08,1.36,0,45,0.0615,13,1,12000.0,4800.0,0,0,0,0,15,13,NORMAL,0
4612.81,0.92,0,34,0.2035,7,3,5000.0,2000.0,0,0,0,0,2,1,NORMAL,0
4431.13,0.89,0,3,0.2119,15,0,5000.0,2000.0,0,0,0,0,15,1,NORMAL,0
11042.89,0.92,0,21,0.1327,15,4,12000.0,4800.0,0,0,0,0,6,0,NORMAL,0
4355.13,0.87,0,29,0.2352,17,5,5000.0,2000.0,0,0,0,0,9,0,NORMAL,0
9194.38,0.77,0,13,0.148,7,1,12000.0,4800.0,0,0,0,0,3,14,NORMAL,0
2048.44,0.68,0,26,0.2088,15,1,3000.0,1200.0,0,0,0,0,2,13,NORMAL,0
9526.13,0.79,0,19,0.2391,15,0,12000.0,4800.0,0,0,1,0,10,6,NORMAL,0
15000.0,10.0,1,0,1.11,13,0,1500.0,600.0,1,1,1,0,90,74,EXTREME,1
1028.49,0.69,0,25,0.0734,8,1,1500.0,600.0,0,0,0,1,12,12,NORMAL,0
10053.1,0.84,0,12,0.2312,18,6,12000.0,4800.0,0,0,0,1,12,11,NORMAL,0
7808.19,2.6,1,0,0.4373,23,2,3000.0,1200.0,0,0,1,1,1,14,SUSPICIOUS,1
5308.33,0.44,0,7,0.1573,17,0,12000.0,4800.0,0,0,0,0,0,9,NORMAL,0
35881.32,2.99,1,0,0.5987,14,4,12000.0,4800.0,0,0,0,1,38,47,SUSPICIOUS,1
1295.72,0.86,0,24,0.1024,16,5,1500.0,600.0,0,0,0,0,14,6,NORMAL,0
3208.71,0.4,0,15,0.1633,11,2,8000.0,3200.0,0,0,0,0,10,10,NORMAL,0
3837.39,0.77,0,36,0.0729,11,6,5000.0,2000.0,0,0,0,0,6,4,NORMAL,0
3336.36,1.11,0,8,0.1459,12,6,3000.0,1200.0,0,0,0,0,11,11,NORMAL,0
11663.32,0.97,0,44,0.192,17,2,12000.0,4800.0,0,0,0,0,1,7,NORMAL,0
14994.97,1.25,0,41,0.109,16,2,12000.0,4800.0,0,0,0,0,14,12,NORMAL,0
1550.08,1.03,0,20,0.1476,16,4,1500.0,600.0,0,0,0,0,3,10,NORMAL,0
2607.46,0.87,0,20,0.1255,16,0,3000.0,1200.0,0,0,1,0,7,10,NORMAL,0
70122.22,8.77,1,0,0.6889,11,4,8000.0,3200.0,1,1,0,0,86,81,EXTREME,1
16305.63,10.87,1,0,0.8062,22,1,1500.0,600.0,1,1,1,1,84,84,EXTREME,1
5776.47,0.72,0,30,0.1718,22,2,8000.0,3200.0,0,0,0,0,11,5,NORMAL,0
1333.25,0.89,0,34,0.1339,16,5,1500.0,600.0,0,0,0,0,7,15,NORMAL,0
1424.31,0.95,0,20,0.2236,18,4,1500.0,600.0,0,0,0,0,9,9,NORMAL,0
6428.15,0.8,0,8,0.1316,11,1,8000.0,3200.0,0,0,0,0,10,13,NORMAL,0
1350.45,0.45,0,39,0.0864,7,1,3000.0,1200.0,0,0,0,0,14,13,NORMAL,0
888.01,0.59,0,9,0.2043,11,3,1500.0,600.0,0,0,0,0,4,15,NORMAL,0
1109.9,0.74,0,25,0.2392,13,2,1500.0,600.0,0,0,0,0,3,15,NORMAL,0
4043.38,2.7,1,0,0.3458,3,6,1500.0,600.0,1,0,0,0,57,10,SUSPICIOUS,1
2931.36,0.98,0,29,0.2483,13,1,3000.0,1200.0,0,0,0,0,11,15,NORMAL,0
58544.72,7.32,1,0,0.4432,19,2,8000.0,3200.0,1,1,0,0,80,79,EXTREME,1
1204.23,0.8,1,0,0.1276,8,2,1500.0,600.0,0,0,0,0,6,2,NORMAL,0
5163.75,1.03,0,37,0.1074,12,0,5000.0,2000.0,0,0,0,0,14,7,NORMAL,0
15341.24,10.23,1,0,0.8929,7,6,1500.0,600.0,1,1,0,1,82,91,EXTREME,1
70137.9,5.84,0,3,0.4185,0,0,12000.0,4800.0,1,0,1,1,58,17,SUSPICIOUS,1
1476.91,0.98,0,15,0.0764,12,3,1500.0,600.0,0,0,1,0,9,1,NORMAL,0
4188.82,1.4,0,38,0.131,22,4,3000.0,1200.0,0,0,0,0,1,5,NORMAL,0
2034.96,0.68,0,42,0.134,12,5,3000.0,1200.0,0,0,0,0,2,6,NORMAL,0
34552.53,4.32,0,2,0.5092,14,3,8000.0,3200.0,1,0,0,0,52,4,SUSPICIOUS,1
3197.51,0.64,0,7,0.079,12,5,5000.0,2000.0,0,0,0,0,12,13,NORMAL,0
7065.58,0.88,0,3,0.0941,13,6,8000.0,3200.0,0,0,0,0,5,15,NORMAL,0
12144.6,4.05,0,2,0.4073,19,3,3000.0,1200.0,0,1,1,0,9,76,SUSPICIOUS,1
2651.03,0.33,0,21,0.2358,15,3,8000.0,3200.0,0,0,0,0,6,10,NORMAL,0
4222.46,0.84,0,27,0.1053,11,1,5000.0,2000.0,0,0,0,0,8,0,NORMAL,0
61878.18,5.16,0,3,0.5221,4,6,12000.0,4800.0,0,1,1,0,12,73,SUSPICIOUS,1
9535.1,0.79,0,10,0.1611,11,1,12000.0,4800.0,0,0,0,0,4,8,NORMAL,0
16984.82,5.66,1,0,0.2831,19,5,3000.0,1200.0,1,1,0,1,52,64,SUSPICIOUS,1
11057.66,0.92,0,21,0.1884,17,3,12000.0,4800.0,0,0,0,0,7,1,NORMAL,0
22722.13,4.54,1,0,0.5653,23,5,5000.0,2000.0,0,0,0,0,12,11,SUSPICIOUS,1
7058.92,0.88,0,2,0.0514,18,2,8000.0,3200.0,0,0,0,0,2,4,NORMAL,0
73706.15,9.21,1,0,0.6089,8,4,8000.0,3200.0,1,1,0,0,88,76,EXTREME,1
1060.75,0.35,0,25,0.1263,15,3,3000.0,1200.0,0,0,0,0,11,6,NORMAL,0
2321.11,0.77,1,0,0.1013,9,5,3000.0,1200.0,0,0,0,0,13,14,NORMAL,0
5558.64,1.11,0,17,0.1084,9,4,5000.0,2000.0,0,0,0,0,11,0,NORMAL,0
1553.87,1.04,0,22,0.2246,17,0,1500.0,600.0,0,0,0,0,2,8,NORMAL,0
14950.51,4.98,1,0,0.5717,14,3,3000.0,1200.0,0,1,0,0,6,71,SUSPICIOUS,1
1198.17,0.8,0,10,0.0835,10,0,1500.0,600.0,0,0,0,0,12,1,NORMAL,0
107097.86,8.92,1,0,0.4619,15,0,12000.0,4800.0,1,1,1,0,81,81,EXTREME,1
6663.23,0.56,0,31,0.229,16,4,12000.0,4800.0,0,0,0,1,13,11,NORMAL,0
23353.96,7.78,1,0,0.9626,11,4,3000.0,1200.0,1,1,1,1,99,83,EXTREME,1
16272.45,3.25,0,3,0.5287,0,2,5000.0,2000.0,0,0,0,0,0,15,SUSPICIOUS,1
2385.25,0.8,1,0,0.0561,11,1,3000.0,1200.0,0,0,0,0,3,12,NORMAL,0
4501.06,0.9,0,14,0.2129,10,2,5000.0,2000.0,0,0,0,0,14,7,NORMAL,0
16802.01,3.36,1,0,0.3774,3,6,5000.0,2000.0,1,1,0,1,61,62,SUSPICIOUS,1
2625.59,0.88,0,7,0.2299,18,2,3000.0,1200.0,0,0,0,0,0,13,NORMAL,0
18305.75,3.66,1,0,0.3828,2,0,5000.0,2000.0,0,0,0,1,12,15,SUSPICIOUS,1
3008.01,0.6,0,2,0.2267,18,5,5000.0,2000.0,0,0,1,0,13,15,NORMAL,0
4419.91,0.88,0,6,0.2022,12,0,5000.0,2000.0,0,0,0,0,2,12,NORMAL,0
3267.22,1.09,0,17,0.1166,13,4,3000.0,1200.0,0,0,1,0,7,7,NORMAL,0
41189.01,8.24,1,0,0.9873,22,2,5000.0,2000.0,1,1,1,0,82,83,EXTREME,1
11449.35,1.43,0,14,0.0705,10,5,8000.0,3200.0,0,0,0,0,7,1,NORMAL,0
5755.74,1.15,0,35,0.2047,17,5,5000.0,2000.0,0,0,0,0,3,0,NORMAL,0
16274.33,10.85,1,0,0.922,2,2,1500.0,600.0,1,1,0,0,89,87,EXTREME,1
1343.45,0.9,1,0,0.0865,16,3,1500.0,600.0,0,0,0,0,11,7,NORMAL,0
1506.03,0.5,1,0,0.1412,18,5,3000.0,1200.0,0,0,0,0,9,6,NORMAL,0
1914.04,1.28,0,36,0.2289,10,3,1500.0,600.0,0,0,0,0,8,7,NORMAL,0
3216.87,1.07,1,0,0.1371,15,3,3000.0,1200.0,0,0,0,0,1,3,NORMAL,0
64283.23,5.36,1,0,1.1188,7,6,12000.0,4800.0,1,1,0,0,86,90,EXTREME,1
854.34,0.57,0,36,0.1186,10,3,1500.0,600.0,0,0,0,0,12,14,NORMAL,0
6341.3,4.23,1,0,0.5871,3,0,1500.0,600.0,0,0,0,0,2,11,SUSPICIOUS,1
7899.41,0.66,1,0,0.1195,13,1,12000.0,4800.0,0,0,0,0,2,15,NORMAL,0
50401.43,6.3,1,0,0.7997,16,4,8000.0,3200.0,1,1,1,1,88,93,EXTREME,1
28741.34,5.75,0,1,0.5916,23,4,5000.0,2000.0,1,1,0,0,58,71,SUSPICIOUS,1
4335.09,0.87,1,0,0.0948,12,6,5000.0,2000.0,0,0,0,0,0,15,NORMAL,0
24121.74,3.02,0,1,0.3801,2,3,8000.0,3200.0,0,0,0,0,43,20,SUSPICIOUS,0
1287.19,0.86,0,29,0.1476,7,5,1500.0,600.0,0,0,0,0,3,0,NORMAL,0
3154.2,1.05,0,2,0.1634,9,4,3000.0,1200.0,0,0,0,0,8,0,NORMAL,0
7293.44,0.91,1,0,0.2232,11,3,8000.0,3200.0,0,0,0,0,12,5,NORMAL,0
7214.11,0.6,0,33,0.2187,8,0,12000.0,4800.0,0,0,0,0,8,14,NORMAL,0
3033.78,1.01,0,8,0.0621,17,3,3000.0,1200.0,0,0,0,0,12,9,NORMAL,0
6775.17,0.85,0,22,0.242,18,3,8000.0,3200.0,0,0,0,0,3,5,NORMAL,0
1555.88,1.04,0,25,0.1243,21,6,1500.0,600.0,0,0,0,0,9,5,NORMAL,0
6186.68,1.24,0,31,0.1969,20,5,5000.0,2000.0,0,0,0,0,15,6,NORMAL,0
2306.13,0.77,0,33,0.1927,15,4,3000.0,1200.0,0,0,0,0,14,9,NORMAL,0
3078.6,0.62,0,41,0.235,17,5,5000.0,2000.0,0,0,0,0,9,6,NORMAL,0
8249.05,0.69,0,32,0.1979,12,2,12000.0,4800.0,0,0,0,0,4,1,NORMAL,0
1503.89,1.0,0,18,0.1294,10,1,1500.0,600.0,0,0,0,0,12,15,NORMAL,0
7977.0,1.0,0,38,0.0797,18,1,8000.0,3200.0,0,0,0,0,1,6,NORMAL,0
93925.46,7.83,1,0,0.5734,10,5,12000.0,4800.0,1,1,1,0,92,86,EXTREME,1
30469.51,3.81,1,0,0.5372,2,3,8000.0,3200.0,0,1,0,0,1,57,SUSPICIOUS,1
5083.59,1.02,0,9,0.0639,12,3,5000.0,2000.0,0,0,0,0,6,9,NORMAL,0
2940.38,0.98,0,12,0.2081,11,4,3000.0,1200.0,0,0,0,0,7,2,NORMAL,0
29398.12,3.67,0,1,0.4271,4,5,8000.0,3200.0,0,0,1,0,14,43,SUSPICIOUS,1
7652.21,0.96,0,38,0.0566,16,1,8000.0,3200.0,0,0,0,0,2,4,NORMAL,0
4849.38,0.97,0,17,0.1456,9,0,5000.0,2000.0,0,0,0,0,10,15,NORMAL,0
33598.36,11.2,1,0,0.7675,1,4,3000.0,1200.0,1,1,1,0,88,86,EXTREME,1
8257.88,1.03,0,25,0.1346,18,3,8000.0,3200.0,0,0,0,0,5,8,NORMAL,0
8064.24,1.01,0,31,0.2451,17,2,8000.0,3200.0,0,0,0,0,0,12,NORMAL,0
8331.76,0.69,0,19,0.0959,10,0,12000.0,4800.0,0,0,0,0,2,0,NORMAL,0
8925.3,0.74,0,41,0.0805,15,6,12000.0,4800.0,0,0,0,1,4,3,NORMAL,0
63587.24,5.3,1,0,0.5509,14,4,12000.0,4800.0,0,0,0,0,19,6,SUSPICIOUS,1
13374.07,1.11,0,30,0.2439,17,1,12000.0,4800.0,0,0,0,0,9,2,NORMAL,0
34405.36,4.3,1,0,0.5509,14,2,8000.0,3200.0,1,1,0,0,92,71,EXTREME,1
50322.71,6.29,1,0,1.1464,21,1,8000.0,3200.0,1,1,1,0,92,75,EXTREME,1
4094.64,0.82,0,12,0.0407,12,0,5000.0,2000.0,0,0,0,0,7,10,NORMAL,0
9565.85,0.8,0,12,0.0703,14,4,12000.0,4800.0,0,0,0,0,9,0,NORMAL,0
26891.36,3.36,1,0,0.3105,14,0,8000.0,3200.0,0,0,0,1,19,8,SUSPICIOUS,0
4355.65,0.54,1,0,0.2062,9,0,8000.0,3200.0,0,0,0,0,14,11,NORMAL,0
8282.87,2.76,1,0,0.4953,2,0,3000.0,1200.0,0,0,0,0,5,46,SUSPICIOUS,1
16865.35,11.24,1,0,0.6699,8,5,1500.0,600.0,1,1,0,0,82,86,EXTREME,1
4774.64,0.95,0,15,0.1816,20,3,5000.0,2000.0,0,0,0,0,11,0,NORMAL,0
10558.98,0.88,0,6,0.109,20,5,12000.0,4800.0,0,0,0,0,10,3,NORMAL,0
3203.16,0.64,0,37,0.0758,8,5,5000.0,2000.0,0,0,0,0,10,5,NORMAL,0
1101.86,0.37,0,39,0.2212,10,5,3000.0,1200.0,0,0,0,0,9,5,NORMAL,0
3407.14,0.68,0,20,0.0631,7,6,5000.0,2000.0,0,0,0,0,2,6,NORMAL,0
5037.15,0.63,0,39,0.0798,10,2,8000.0,3200.0,0,0,0,1,5,13,NORMAL,0
1801.56,1.2,0,3,0.0627,16,0,1500.0,600.0,0,0,0,0,4,1,NORMAL,0
24782.22,4.96,1,0,0.5919,14,3,5000.0,2000.0,1,1,1,1,54,74,SUSPICIOUS,1
59963.93,5.0,1,0,0.9297,14,5,12000.0,4800.0,1,1,0,0,90,89,EXTREME,1
3009.95,0.6,0,42,0.1611,17,1,5000.0,2000.0,0,0,0,1,4,3,NORMAL,0
1067.36,0.71,1,0,0.0529,17,1,1500.0,600.0,0,0,0,0,6,3,NORMAL,0
14305.89,1.19,0,17,0.1009,15,5,12000.0,4800.0,0,0,0,0,0,4,NORMAL,0
3001.24,0.6,0,27,0.1401,9,5,5000.0,2000.0,0,0,1,0,7,5,NORMAL,0
3715.35,1.24,0,18,0.0734,20,3,3000.0,1200.0,0,0,0,1,1,14,NORMAL,0
1053.69,0.35,0,14,0.1769,22,5,3000.0,1200.0,0,0,0,0,13,12,NORMAL,0
11580.16,0.97,0,33,0.1422,11,0,12000.0,4800.0,0,0,0,0,1,14,NORMAL,0
4533.13,0.91,0,5,0.0443,13,5,5000.0,2000.0,0,0,0,1,1,11,NORMAL,0
13175.25,1.1,0,33,0.243,11,2,12000.0,4800.0,0,0,0,0,14,4,NORMAL,0
31573.59,6.31,1,0,0.4518,23,6,5000.0,2000.0,1,1,0,0,97,88,EXTREME,1
47946.5,5.99,1,0,0.4896,3,4,8000.0,3200.0,0,0,0,1,46,46,SUSPICIOUS,1
10737.21,0.89,0,26,0.1761,12,6,12000.0,4800.0,0,0,0,0,14,13,NORMAL,0
974.28,0.65,0,43,0.224,18,3,1500.0,600.0,0,0,0,0,7,2,NORMAL,0
2835.08,0.24,0,7,0.1923,12,5,12000.0,4800.0,0,0,0,0,2,6,NORMAL,0
6343.94,0.79,0,24,0.0414,22,6,8000.0,3200.0,0,0,0,1,0,15,NORMAL,0
14516.48,1.21,0,21,0.1589,19,1,12000.0,4800.0,0,0,0,0,11,14,NORMAL,0
7671.33,0.96,0,6,0.0899,7,6,8000.0,3200.0,0,0,0,0,10,11,NORMAL,0
5025.1,1.01,0,24,0.0984,12,1,5000.0,2000.0,0,0,0,0,11,10,NORMAL,0
2747.93,0.92,0,22,0.1686,18,2,3000.0,1200.0,0,0,0,0,3,13,NORMAL,0
1216.67,0.81,0,8,0.0454,20,3,1500.0,600.0,0,0,0,0,9,10,NORMAL,0
3381.67,0.42,0,24,0.1942,7,6,8000.0,3200.0,0,0,0,0,10,0,NORMAL,0
44721.28,5.59,0,1,0.2949,2,3,8000.0,3200.0,0,0,0,0,15,14,SUSPICIOUS,1
3472.32,1.16,0,45,0.0762,10,1,3000.0,1200.0,0,0,0,0,2,14,NORMAL,0
10521.51,0.88,0,43,0.1924,14,2,12000.0,4800.0,0,0,0,0,9,14,NORMAL,0
55093.04,11.02,1,0,1.1634,3,0,5000.0,2000.0,1,1,0,0,85,84,EXTREME,1
4642.97,0.58,0,33,0.2271,13,0,8000.0,3200.0,0,0,0,0,2,9,NORMAL,0
17900.59,5.97,1,0,0.2065,14,1,3000.0,1200.0,0,0,0,0,1,10,SUSPICIOUS,1
24283.31,4.86,1,0,0.294,1,4,5000.0,2000.0,0,0,0,0,7,9,SUSPICIOUS,1
958.38,0.64,0,4,0.0671,11,2,1500.0,600.0,0,0,1,0,2,8,NORMAL,0
1515.89,1.01,0,18,0.2442,9,3,1500.0,600.0,0,0,0,0,15,14,NORMAL,0
2119.21,0.71,0,20,0.1593,22,6,3000.0,1200.0,0,0,0,0,0,6,NORMAL,0
4668.55,0.93,0,21,0.1795,15,1,5000.0,2000.0,0,0,0,0,6,9,NORMAL,0
9441.5,1.18,0,4,0.209,16,6,8000.0,3200.0,0,0,0,0,12,0,NORMAL,0
1338.52,0.89,0,17,0.1106,17,5,1500.0,600.0,0,0,0,0,14,9,NORMAL,0
14688.64,4.9,1,0,0.2928,23,3,3000.0,1200.0,0,0,0,0,14,45,SUSPICIOUS,1
1952.85,1.3,0,40,0.2272,22,5,1500.0,600.0,0,0,0,0,14,15,NORMAL,0
4882.7,0.98,0,15,0.145,21,5,5000.0,2000.0,0,0,0,0,2,4,NORMAL,0
1390.44,0.93,0,38,0.0869,21,5,1500.0,600.0,0,0,0,0,5,1,NORMAL,0
2050.58,1.37,0,9,0.1633,17,2,1500.0,600.0,0,0,0,0,13,2,NORMAL,0
2684.94,0.89,0,36,0.1567,7,3,3000.0,1200.0,0,0,0,0,12,9,NORMAL,0
1589.19,1.06,0,33,0.209,17,4,1500.0,600.0,0,0,0,0,6,3,NORMAL,0
5188.59,1.04,0,27,0.1913,8,2,5000.0,2000.0,0,0,0,0,8,9,NORMAL,0
12163.29,1.01,0,7,0.1816,17,2,12000.0,4800.0,0,0,0,0,0,13,NORMAL,0
45099.35,5.64,1,0,0.5908,19,5,8000.0,3200.0,1,1,0,1,57,75,SUSPICIOUS,1
5346.69,1.07,0,43,0.1131,17,6,5000.0,2000.0,0,0,0,0,7,10,NORMAL,0
6113.42,4.08,0,3,0.4833,14,3,1500.0,600.0,1,0,0,0,67,17,SUSPICIOUS,1
2402.41,0.8,0,10,0.2447,10,6,3000.0,1200.0,0,0,0,0,1,1,NORMAL,0
8609.23,5.74,1,0,0.5024,4,3,1500.0,600.0,0,0,1,1,2,5,SUSPICIOUS,1
5998.17,0.75,0,33,0.1529,7,2,8000.0,3200.0,0,0,0,0,3,0,NORMAL,0
12647.3,1.05,0,32,0.0572,20,2,12000.0,4800.0,0,0,0,0,8,4,NORMAL,0
2341.2,0.47,0,33,0.0525,15,4,5000.0,2000.0,0,0,0,0,13,15,NORMAL,0
1086.2,0.72,0,31,0.2035,14,1,1500.0,600.0,0,0,0,0,5,10,NORMAL,0
5014.99,1.0,0,16,0.205,7,3,5000.0,2000.0,0,0,0,0,7,4,NORMAL,0
3348.65,0.42,0,38,0.2483,22,5,8000.0,3200.0,0,0,0,0,8,1,NORMAL,0
1447.96,0.97,0,16,0.1478,10,6,1500.0,600.0,0,0,0,0,14,14,NORMAL,0
69206.94,5.77,1,0,0.3044,2,2,12000.0,4800.0,1,0,1,0,53,3,SUSPICIOUS,1
2766.65,0.92,1,0,0.1474,16,1,3000.0,1200.0,0,0,0,0,4,7,NORMAL,0
24563.45,4.91,0,1,0.404,1,1,5000.0,2000.0,1,1,1,1,73,70,SUSPICIOUS,1
2277.91,0.76,0,31,0.0969,11,2,3000.0,1200.0,0,0,0,0,12,15,NORMAL,0
16174.74,3.23,1,0,0.2366,2,1,5000.0,2000.0,1,1,1,0,56,80,SUSPICIOUS,1
949.21,0.63,0,3,0.1196,22,0,1500.0,600.0,0,0,0,0,7,12,NORMAL,0
774.05,0.52,0,10,0.0771,16,2,1500.0,600.0,0,0,0,0,5,13,NORMAL,0
3093.1,1.03,0,25,0.2114,15,5,3000.0,1200.0,0,0,0,0,4,10,NORMAL,0
4400.55,0.55,0,45,0.1057,16,2,8000.0,3200.0,0,0,0,0,4,13,NORMAL,0
27392.82,5.48,1,0,0.2839,23,4,5000.0,2000.0,0,1,0,0,12,79,SUSPICIOUS,1
5123.65,1.02,0,39,0.2116,16,0,5000.0,2000.0,0,0,0,0,5,6,NORMAL,0
5012.29,1.0,0,24,0.1473,13,5,5000.0,2000.0,0,0,0,0,10,5,NORMAL,0
495.14,0.33,0,33,0.1064,22,5,1500.0,600.0,0,0,0,0,2,14,NORMAL,0
28461.21,5.69,1,0,0.3122,19,3,5000.0,2000.0,1,1,0,0,51,57,SUSPICIOUS,1
13280.68,1.11,0,21,0.1297,8,0,12000.0,4800.0,0,0,0,0,13,0,NORMAL,0
11998.73,1.0,0,26,0.1025,20,1,12000.0,4800.0,0,0,0,0,14,11,NORMAL,0
32953.84,4.12,1,0,0.5544,23,5,8000.0,3200.0,0,0,0,1,20,0,SUSPICIOUS,1
1695.32,1.13,0,18,0.0451,12,6,1500.0,600.0,0,0,0,0,11,8,NORMAL,0
2156.79,0.72,0,4,0.0594,20,0,3000.0,1200.0,0,0,0,0,7,4,NORMAL,0
5426.13,0.68,1,0,0.1584,19,1,8000.0,3200.0,0,0,0,0,11,3,NORMAL,0
1797.25,1.2,0,5,0.0857,18,0,1500.0,600.0,0,0,0,0,7,9,NORMAL,0
16241.1,1.35,0,18,0.239,11,3,12000.0,4800.0,0,0,0,0,11,4,NORMAL,0
15436.3,10.29,1,0,0.7995,8,4,1500.0,600.0,1,1,1,0,93,93,EXTREME,1
4952.81,0.99,0,24,0.1894,18,6,5000.0,2000.0,0,0,0,0,14,3,NORMAL,0
1596.71,1.06,0,20,0.183,11,3,1500.0,600.0,0,0,0,0,3,7,NORMAL,0
28289.11,5.66,1,0,0.4399,3,3,5000.0,2000.0,0,0,0,0,4,46,SUSPICIOUS,1
4941.96,0.99,0,44,0.0981,8,2,5000.0,2000.0,0,0,0,0,12,10,NORMAL,0
1424.65,0.47,0,16,0.146,10,0,3000.0,1200.0,0,0,0,0,11,0,NORMAL,0
2289.97,0.76,0,40,0.074,22,6,3000.0,1200.0,0,0,0,0,9,10,NORMAL,0
71046.71,5.92,0,2,0.5119,14,3,12000.0,4800.0,1,1,1,0,52,79,SUSPICIOUS,1
2345.69,0.78,0,16,0.2122,21,1,3000.0,1200.0,0,0,0,0,4,14,NORMAL,0
9267.45,1.16,0,39,0.0793,18,0,8000.0,3200.0,0,0,0,1,1,0,NORMAL,0
5486.62,0.69,0,6,0.0941,15,5,8000.0,3200.0,0,0,0,0,12,12,NORMAL,0
28663.04,5.73,1,0,0.7974,11,2,5000.0,2000.0,1,1,1,1,95,77,EXTREME,1
7545.16,2.52,1,0,0.2778,19,1,3000.0,1200.0,1,0,0,1,71,1,SUSPICIOUS,1
2354.77,0.78,0,16,0.0621,11,4,3000.0,1200.0,0,0,0,0,15,6,NORMAL,0
1202.36,0.8,0,35,0.1114,12,5,1500.0,600.0,0,0,0,0,14,11,NORMAL,0
1477.61,0.99,0,28,0.1543,7,0,1500.0,600.0,0,0,0,1,1,15,NORMAL,0
8968.4,1.12,1,0,0.0729,10,4,8000.0,3200.0,0,0,0,0,8,11,NORMAL,0
4512.88,0.9,0,4,0.0676,13,0,5000.0,2000.0,0,0,0,0,10,14,NORMAL,0
37819.19,7.56,1,0,0.8968,6,1,5000.0,2000.0,1,1,0,0,86,70,EXTREME,1
5371.44,0.45,1,0,0.1311,7,4,12000.0,4800.0,0,0,0,1,9,2,NORMAL,0
3378.36,0.68,0,16,0.2359,8,3,5000.0,2000.0,0,0,0,0,13,15,NORMAL,0
9250.94,1.16,0,45,0.1537,7,4,8000.0,3200.0,0,0,0,0,10,3,NORMAL,0
9649.77,0.8,0,30,0.077,14,3,12000.0,4800.0,0,0,0,0,13,9,NORMAL,0
24040.92,8.01,1,0,1.1643,3,4,3000.0,1200.0,1,1,0,1,83,79,EXTREME,1
3285.32,0.66,0,16,0.1768,15,6,5000.0,2000.0,0,0,0,0,10,1,NORMAL,0
5804.08,0.73,0,33,0.2241,15,5,8000.0,3200.0,0,0,0,0,6,9,NORMAL,0
9158.44,0.76,0,8,0.1294,19,3,12000.0,4800.0,0,0,0,0,8,1,NORMAL,0
12512.41,1.04,0,28,0.1584,18,4,12000.0,4800.0,0,0,0,0,10,14,NORMAL,0
4036.66,2.69,1,0,0.5749,19,5,1500.0,600.0,1,0,0,0,62,45,SUSPICIOUS,1
9444.08,0.79,0,41,0.2275,13,3,12000.0,4800.0,0,0,0,0,15,1,NORMAL,0
6588.19,0.55,0,9,0.1305,15,2,12000.0,4800.0,0,0,0,0,4,8,NORMAL,0
35304.29,4.41,1,0,0.2011,0,3,8000.0,3200.0,0,0,0,0,6,44,SUSPICIOUS,1
3906.5,0.78,0,39,0.0775,20,5,5000.0,2000.0,0,0,0,0,4,1,NORMAL,0
899.07,0.3,0,12,0.1386,13,2,3000.0,1200.0,0,0,0,0,15,3,NORMAL,0
8027.54,1.0,0,6,0.0724,14,0,8000.0,3200.0,0,0,0,0,0,10,NORMAL,0
81496.94,6.79,1,0,0.8696,11,1,12000.0,4800.0,1,1,1,1,84,92,EXTREME,1
30658.41,3.83,1,0,0.4159,0,6,8000.0,3200.0,1,0,0,0,66,6,SUSPICIOUS,1
7823.67,2.61,0,2,0.2293,3,6,3000.0,1200.0,0,0,0,0,10,4,SUSPICIOUS,0
11326.37,0.94,0,45,0.1664,21,6,12000.0,4800.0,0,0,0,0,14,0,NORMAL,0
21231.34,2.65,1,0,0.5755,1,6,8000.0,3200.0,1,1,1,1,50,68,SUSPICIOUS,1
2209.98,0.44,0,7,0.1932,22,2,5000.0,2000.0,0,0,0,0,9,6,NORMAL,0
4990.1,0.62,0,31,0.1317,9,2,8000.0,3200.0,0,0,0,0,15,15,NORMAL,0
4192.17,0.84,0,25,0.215,20,3,5000.0,2000.0,0,0,0,0,3,4,NORMAL,0
7028.2,0.88,0,19,0.0758,18,1,8000.0,3200.0,0,0,0,0,2,8,NORMAL,0
9629.28,0.8,0,13,0.1278,15,5,12000.0,4800.0,0,0,0,0,5,2,NORMAL,0
1426.91,0.48,0,39,0.2152,12,0,3000.0,1200.0,0,0,1,0,10,0,NORMAL,0
4861.01,3.24,0,3,0.4784,4,5,1500.0,600.0,1,1,0,0,67,62,SUSPICIOUS,1
21989.99,2.75,0,3,0.3064,19,5,8000.0,3200.0,0,1,0,0,12,60,SUSPICIOUS,1
809.16,0.54,0,27,0.184,16,2,1500.0,600.0,0,0,0,0,14,12,NORMAL,0
41051.39,5.13,1,0,0.349,19,5,8000.0,3200.0,1,0,0,1,60,15,SUSPICIOUS,1
2843.02,0.57,0,34,0.181,17,6,5000.0,2000.0,0,0,0,0,4,13,NORMAL,0
2466.38,0.82,1,0,0.1164,16,4,3000.0,1200.0,0,0,0,0,15,4,NORMAL,0
3631.35,1.21,0,21,0.1955,11,1,3000.0,1200.0,0,0,0,0,0,13,NORMAL,0
4053.7,0.81,0,28,0.227,12,4,5000.0,2000.0,0,0,0,0,14,7,NORMAL,0
6566.76,1.31,1,0,0.1198,22,1,5000.0,2000.0,0,0,0,0,9,13,NORMAL,0
51592.61,4.3,1,0,0.5298,2,2,12000.0,4800.0,1,1,1,0,87,71,EXTREME,1
35995.79,12.0,1,0,1.0566,7,1,3000.0,1200.0,1,1,1,1,80,72,EXTREME,1
8626.92,0.72,0,3,0.1241,15,4,12000.0,4800.0,0,0,0,0,10,10,NORMAL,0
2954.11,0.98,0,24,0.0722,19,0,3000.0,1200.0,0,0,0,0,10,2,NORMAL,0
8173.26,1.02,0,24,0.1355,13,2,8000.0,3200.0,0,0,0,0,2,14,NORMAL,0
2436.64,0.81,0,31,0.1897,9,5,3000.0,1200.0,0,0,0,0,7,10,NORMAL,0
6000.04,0.75,0,29,0.2444,14,5,8000.0,3200.0,0,0,0,0,6,11,NORMAL,0
4739.72,0.59,0,6,0.1374,11,2,8000.0,3200.0,0,0,0,0,12,1,NORMAL,0
9134.65,0.76,0,29,0.0671,20,4,12000.0,4800.0,0,0,0,0,9,15,NORMAL,0
6301.09,0.53,0,45,0.2365,16,1,12000.0,4800.0,0,0,0,0,13,11,NORMAL,0
13476.31,1.12,0,29,0.1411,8,0,12000.0,4800.0,0,0,0,0,0,4,NORMAL,0
3847.07,0.48,0,40,0.1994,17,6,8000.0,3200.0,0,0,0,0,4,0,NORMAL,0
42166.11,5.27,1,0,1.1321,3,6,8000.0,3200.0,1,1,1,1,91,90,EXTREME,1
1884.05,0.38,0,26,0.076,16,6,5000.0,2000.0,0,0,0,0,8,13,NORMAL,0
1391.81,0.93,0,29,0.1257,14,4,1500.0,600.0,0,0,1,0,6,11,NORMAL,0
2950.77,0.98,0,26,0.0669,14,5,3000.0,1200.0,0,0,1,0,2,8,NORMAL,0
6982.19,0.87,0,40,0.1989,16,0,8000.0,3200.0,0,0,0,0,8,5,NORMAL,0
5605.39,0.47,0,24,0.0503,15,2,12000.0,4800.0,0,0,0,0,0,6,NORMAL,0
12912.66,4.3,0,3,0.5761,19,0,3000.0,1200.0,1,1,1,0,52,52,SUSPICIOUS,1
1706.35,1.14,0,8,0.1805,12,1,1500.0,600.0,0,0,0,0,10,7,NORMAL,0
7973.59,1.0,0,43,0.0863,20,2,8000.0,3200.0,0,0,0,0,10,8,NORMAL,0
2044.19,0.68,0,32,0.2389,17,2,3000.0,1200.0,0,0,0,0,9,3,NORMAL,0
17045.94,5.68,1,0,0.2423,3,4,3000.0,1200.0,1,0,0,1,71,4,SUSPICIOUS,1
1131.58,0.75,0,6,0.1126,10,1,1500.0,600.0,0,0,0,0,8,7,NORMAL,0
42086.24,5.26,1,0,0.895,23,4,8000.0,3200.0,1,1,0,0,99,90,EXTREME,1
52494.25,10.5,1,0,0.7785,6,5,5000.0,2000.0,1,1,0,0,98,72,EXTREME,1
4272.11,0.36,0,16,0.1345,10,5,12000.0,4800.0,0,0,0,0,3,4,NORMAL,0
2575.43,0.86,0,25,0.1062,9,2,3000.0,1200.0,0,0,0,0,5,2,NORMAL,0
1657.19,0.55,0,4,0.215,19,6,3000.0,1200.0,0,0,1,0,10,2,NORMAL,0
27583.59,5.52,1,0,0.6009,6,3,5000.0,2000.0,1,1,1,0,88,79,EXTREME,1
125602.93,10.47,1,0,0.7347,2,2,12000.0,4800.0,1,1,0,0,84,75,EXTREME,1
1636.47,1.09,0,31,0.1721,12,3,1500.0,600.0,0,0,0,0,12,7,NORMAL,0
8197.69,5.47,1,0,0.553,19,4,1500.0,600.0,1,1,0,1,65,78,SUSPICIOUS,1
4224.88,0.84,0,2,0.0492,8,0,5000.0,2000.0,0,0,0,0,13,6,NORMAL,0
5829.96,0.49,0,29,0.1755,22,3,12000.0,4800.0,0,0,0,0,10,9,NORMAL,0
1116.9,0.74,0,37,0.1782,21,5,1500.0,600.0,0,0,0,0,0,7,NORMAL,0
1564.37,0.52,0,20,0.2122,18,5,3000.0,1200.0,0,0,0,0,13,9,NORMAL,0
5241.69,1.05,0,28,0.1943,17,0,5000.0,2000.0,0,0,0,0,14,10,NORMAL,0
1431.96,0.95,0,34,0.117,22,3,1500.0,600.0,0,0,0,0,12,11,NORMAL,0
11278.61,0.94,0,28,0.0426,14,5,12000.0,4800.0,0,0,0,0,7,14,NORMAL,0
8107.15,0.68,0,19,0.1483,11,0,12000.0,4800.0,0,0,0,0,0,5,NORMAL,0
3057.43,0.61,1,0,0.0958,18,3,5000.0,2000.0,0,0,0,0,11,6,NORMAL,0
7230.44,0.9,0,4,0.0973,16,1,8000.0,3200.0,0,0,0,0,13,9,NORMAL,0
8333.1,1.04,1,0,0.0563,22,1,8000.0,3200.0,0,0,0,0,5,4,NORMAL,0
20680.89,6.89,1,0,1.0058,9,5,3000.0,1200.0,1,1,1,0,86,89,EXTREME,1
4649.96,0.93,1,0,0.1904,16,4,5000.0,2000.0,0,0,0,1,12,4,NORMAL,0
3986.11,0.5,0,44,0.1642,17,1,8000.0,3200.0,0,0,0,0,1,14,NORMAL,0
6380.74,1.28,0,27,0.1362,7,0,5000.0,2000.0,0,0,0,0,14,4,NORMAL,0
4583.78,0.57,0,21,0.1844,14,3,8000.0,3200.0,0,0,0,0,0,9,NORMAL,0
2078.51,0.69,0,24,0.2301,7,4,3000.0,1200.0,0,0,0,0,10,10,NORMAL,0
6244.97,0.78,0,32,0.2065,19,3,8000.0,3200.0,0,0,0,0,4,6,NORMAL,0
4204.26,0.84,0,12,0.1424,16,5,5000.0,2000.0,0,0,0,0,13,5,NORMAL,0
5074.56,1.01,0,14,0.204,14,2,5000.0,2000.0,0,0,0,0,8,13,NORMAL,0
14252.28,2.85,0,3,0.4915,14,0,5000.0,2000.0,1,0,1,0,59,12,SUSPICIOUS,1
13071.7,1.09,0,32,0.238,12,2,12000.0,4800.0,0,0,0,0,8,8,NORMAL,0
45129.52,3.76,1,0,0.3709,23,3,12000.0,4800.0,0,0,1,0,7,8,SUSPICIOUS,1
8451.34,0.7,0,43,0.0894,10,4,12000.0,4800.0,0,0,0,0,7,0,NORMAL,0
3686.58,1.23,0,28,0.163,11,5,3000.0,1200.0,0,0,0,0,6,15,NORMAL,0
2836.3,0.95,0,41,0.1557,7,0,3000.0,1200.0,0,0,0,1,5,5,NORMAL,0
6460.3,0.81,0,34,0.2005,12,0,8000.0,3200.0,0,0,0,0,0,4,NORMAL,0
3777.55,1.26,0,14,0.0909,19,5,3000.0,1200.0,0,0,0,1,6,2,NORMAL,0
8753.06,0.73,0,12,0.1419,12,1,12000.0,4800.0,0,0,0,0,3,13,NORMAL,0
1687.12,1.12,0,24,0.1669,14,0,1500.0,600.0,0,0,0,0,14,15,NORMAL,0
10448.32,0.87,0,2,0.0416,7,5,12000.0,4800.0,0,0,0,0,3,2,NORMAL,0
4295.98,0.86,0,15,0.2124,12,2,5000.0,2000.0,0,0,0,0,9,7,NORMAL,0
10602.5,0.88,0,32,0.0639,9,2,12000.0,4800.0,0,0,0,0,9,15,NORMAL,0
1435.63,0.96,0,42,0.0523,21,0,1500.0,600.0,0,0,0,0,4,15,NORMAL,0
1120.87,0.75,0,5,0.0498,14,5,1500.0,600.0,0,0,0,0,0,6,NORMAL,0
1658.11,1.11,0,15,0.0752,19,5,1500.0,600.0,0,0,0,0,0,0,NORMAL,0
2873.15,0.96,0,6,0.1547,11,5,3000.0,1200.0,0,0,0,0,11,5,NORMAL,0
2655.4,0.53,0,4,0.2257,9,1,5000.0,2000.0,0,0,0,0,3,3,NORMAL,0
1507.02,0.3,0,15,0.0752,19,3,5000.0,2000.0,0,0,0,0,0,3,NORMAL,0
34155.03,4.27,1,0,0.3732,19,6,8000.0,3200.0,0,0,0,1,17,48,SUSPICIOUS,1
14177.39,2.84,1,0,0.3588,4,6,5000.0,2000.0,1,0,1,1,63,41,SUSPICIOUS,1
42552.39,3.55,1,0,0.5228,23,1,12000.0,4800.0,0,0,0,1,0,40,SUSPICIOUS,1
14998.41,1.25,0,6,0.0527,17,0,12000.0,4800.0,0,0,0,1,14,10,NORMAL,0
5169.18,1.03,0,12,0.155,20,3,5000.0,2000.0,0,0,0,0,14,1,NORMAL,0
20132.87,4.03,1,0,0.2198,0,4,5000.0,2000.0,0,0,0,0,7,20,SUSPICIOUS,1
27038.61,5.41,1,0,0.404,23,2,5000.0,2000.0,0,1,0,0,0,50,SUSPICIOUS,1
10385.72,0.87,0,17,0.2353,11,4,12000.0,4800.0,0,0,0,0,5,0,NORMAL,0
1635.61,0.55,0,25,0.0627,12,0,3000.0,1200.0,0,0,1,0,6,8,NORMAL,0
6591.52,0.82,0,6,0.226,8,2,8000.0,3200.0,0,0,0,0,0,5,NORMAL,0
15000.0,10.0,1,0,0.7753,22,6,1500.0,600.0,1,1,0,0,88,85,EXTREME,1
6345.79,0.79,1,0,0.1225,18,6,8000.0,3200.0,0,0,0,0,14,13,NORMAL,0
27138.13,9.05,1,0,0.4717,8,6,3000.0,1200.0,1,1,0,0,81,84,EXTREME,1
4072.8,0.81,0,36,0.1838,14,4,5000.0,2000.0,0,0,0,0,3,1,NORMAL,0
3934.91,0.79,0,23,0.1867,22,6,5000.0,2000.0,0,0,0,0,12,14,NORMAL,0
12216.1,1.02,0,10,0.0963,19,5,12000.0,4800.0,0,0,0,0,0,3,NORMAL,0
1440.61,0.96,0,21,0.1095,22,6,1500.0,600.0,0,0,0,0,14,1,NORMAL,0
13328.75,4.44,1,0,0.5941,3,2,3000.0,1200.0,0,0,1,1,45,48,SUSPICIOUS,1
2236.8,0.75,1,0,0.2327,12,4,3000.0,1200.0,0,0,0,0,8,15,NORMAL,0
7962.17,0.66,0,31,0.241,13,1,12000.0,4800.0,0,0,0,0,10,15,NORMAL,0
2053.84,0.68,0,18,0.0463,14,4,3000.0,1200.0,0,0,0,0,12,13,NORMAL,0
42950.06,3.58,1,0,0.4135,4,1,12000.0,4800.0,0,1,1,0,7,54,SUSPICIOUS,1
4274.01,0.85,0,17,0.1666,20,5,5000.0,2000.0,0,0,0,0,14,12,NORMAL,0
26969.99,3.37,0,1,0.5322,4,0,8000.0,3200.0,0,0,0,1,20,46,SUSPICIOUS,1
753.89,0.5,0,10,0.0593,19,5,1500.0,600.0,0,0,0,0,6,8,NORMAL,0
3519.05,1.17,0,28,0.0845,12,6,3000.0,1200.0,0,0,0,0,13,5,NORMAL,0
5301.66,0.66,1,0,0.0979,18,2,8000.0,3200.0,0,0,0,0,3,9,NORMAL,0
8382.55,2.79,1,0,0.3358,4,2,3000.0,1200.0,0,1,1,0,10,58,SUSPICIOUS,1
116984.91,9.75,1,0,0.5437,20,6,12000.0,4800.0,1,1,1,1,89,82,EXTREME,1
13805.4,2.76,1,0,0.2492,14,2,5000.0,2000.0,0,0,0,0,20,8,SUSPICIOUS,1
8467.16,0.71,0,13,0.0932,13,2,12000.0,4800.0,0,0,0,0,6,15,NORMAL,0
15000.0,10.0,1,0,1.0833,1,3,1500.0,600.0,1,1,1,1,90,95,EXTREME,1
1271.86,0.85,0,16,0.2199,22,4,1500.0,600.0,0,0,1,0,5,7,NORMAL,0
6502.71,0.54,0,22,0.1954,9,0,12000.0,4800.0,0,0,0,0,2,4,NORMAL,0
3264.35,1.09,0,36,0.1744,19,1,3000.0,1200.0,0,0,0,0,9,6,NORMAL,0
1733.98,1.16,0,42,0.1273,20,3,1500.0,600.0,0,0,0,0,12,3,NORMAL,0
9607.14,0.8,0,17,0.1975,16,4,12000.0,4800.0,0,0,0,0,3,4,NORMAL,0
16307.62,1.36,0,40,0.2407,8,3,12000.0,4800.0,0,0,0,0,10,0,NORMAL,0
20160.99,4.03,1,0,0.2036,1,1,5000.0,2000.0,0,0,1,1,43,6,SUSPICIOUS,1
4836.22,0.97,0,13,0.2312,22,1,5000.0,2000.0,0,0,0,0,13,7,NORMAL,0
3638.44,1.21,1,0,0.1221,9,2,3000.0,1200.0,0,0,0,0,9,4,NORMAL,0
7981.76,0.67,0,26,0.1698,21,4,12000.0,4800.0,0,0,1,0,8,5,NORMAL,0
1670.54,1.11,0,19,0.216,11,2,1500.0,600.0,0,0,0,0,12,0,NORMAL,0
6727.96,0.84,0,36,0.2326,9,5,8000.0,3200.0,0,0,0,0,11,11,NORMAL,0
49594.7,9.92,1,0,0.967,19,2,5000.0,2000.0,1,1,0,0,94,80,EXTREME,1
1765.85,0.59,0,33,0.1875,12,4,3000.0,1200.0,0,0,0,0,7,0,NORMAL,0
49707.61,4.14,0,3,0.4139,3,3,12000.0,4800.0,0,1,1,0,36,80,SUSPICIOUS,1
2530.3,0.84,0,45,0.1525,17,0,3000.0,1200.0,0,0,0,0,8,7,NORMAL,0
29528.98,5.91,1,0,0.2102,2,4,5000.0,2000.0,1,0,0,0,70,19,SUSPICIOUS,1
16255.14,10.84,1,0,0.7353,11,2,1500.0,600.0,1,1,1,0,94,82,EXTREME,1
15566.38,10.38,1,0,0.4697,2,4,1500.0,600.0,1,1,1,0,89,74,EXTREME,1
8975.42,1.12,0,43,0.1,10,4,8000.0,3200.0,0,0,0,0,0,4,NORMAL,0
5114.52,1.02,1,0,0.1133,14,2,5000.0,2000.0,0,0,0,0,12,11,NORMAL,0
4246.52,0.85,0,32,0.2023,17,0,5000.0,2000.0,0,0,0,0,14,13,NORMAL,0
3583.64,0.72,0,16,0.142,15,4,5000.0,2000.0,0,0,0,0,11,4,NORMAL,0
3025.09,0.61,0,37,0.2142,20,3,5000.0,2000.0,0,0,0,0,1,2,NORMAL,0
1082.0,0.36,0,32,0.1637,12,4,3000.0,1200.0,0,0,0,0,8,13,NORMAL,0
6155.47,0.51,0,18,0.1825,8,1,12000.0,4800.0,0,0,0,0,1,7,NORMAL,0
1280.88,0.85,0,5,0.1577,9,2,1500.0,600.0,0,0,0,0,2,4,NORMAL,0
6304.43,1.26,0,22,0.0865,17,0,5000.0,2000.0,0,0,0,0,6,15,NORMAL,0
2843.35,0.95,0,28,0.0548,11,5,3000.0,1200.0,0,0,1,0,13,5,NORMAL,0
14962.9,2.99,1,0,0.2984,4,3,5000.0,2000.0,1,1,0,0,68,73,SUSPICIOUS,1
16765.5,1.4,0,26,0.2294,13,5,12000.0,4800.0,0,0,0,0,6,1,NORMAL,0
9498.88,0.79,1,0,0.0579,19,0,12000.0,4800.0,0,0,0,0,7,6,NORMAL,0
1409.8,0.47,1,0,0.2112,16,2,3000.0,1200.0,0,0,0,0,2,9,NORMAL,0
8696.17,1.09,1,0,0.078,7,5,8000.0,3200.0,0,0,0,0,6,2,NORMAL,0
10873.25,0.91,1,0,0.0733,9,0,12000.0,4800.0,0,0,0,0,7,13,NORMAL,0
7803.58,0.98,0,31,0.2045,21,1,8000.0,3200.0,0,0,0,0,13,10,NORMAL,0
5700.44,1.14,0,21,0.1095,8,1,5000.0,2000.0,0,0,0,0,8,3,NORMAL,0
4649.74,0.93,0,9,0.0627,8,1,5000.0,2000.0,0,0,0,0,12,6,NORMAL,0
1467.33,0.49,0,36,0.1698,11,1,3000.0,1200.0,0,0,0,0,7,6,NORMAL,0
3065.16,1.02,0,6,0.1054,17,2,3000.0,1200.0,0,0,1,0,0,14,NORMAL,0
1457.31,0.97,0,29,0.043,21,2,1500.0,600.0,0,0,0,0,3,10,NORMAL,0
3843.38,0.77,0,34,0.1403,12,0,5000.0,2000.0,0,0,0,0,13,9,NORMAL,0
24065.79,4.81,1,0,0.5515,19,1,5000.0,2000.0,1,1,0,0,72,67,SUSPICIOUS,1
20277.04,6.76,1,0,0.9334,5,1,3000.0,1200.0,1,1,0,0,91,86,EXTREME,1
1303.79,0.87,0,36,0.078,15,4,1500.0,600.0,0,0,0,0,2,9,NORMAL,0
15000.0,10.0,1,0,0.9802,19,4,1500.0,600.0,1,1,0,0,82,93,EXTREME,1
27133.69,5.43,1,0,0.5999,4,3,5000.0,2000.0,1,1,1,0,55,77,SUSPICIOUS,1
2519.47,0.5,0,11,0.2454,19,3,5000.0,2000.0,0,0,0,0,11,10,NORMAL,0
1596.37,1.06,0,32,0.2,18,6,1500.0,600.0,0,0,0,0,1,3,NORMAL,0
7102.44,0.89,0,41,0.1826,14,3,8000.0,3200.0,0,0,0,0,15,4,NORMAL,0
1188.74,0.79,0,34,0.1865,8,6,1500.0,600.0,0,0,0,0,9,2,NORMAL,0
1638.79,1.09,0,33,0.0907,20,0,1500.0,600.0,0,0,0,0,7,3,NORMAL,0
3079.44,0.62,1,0,0.1423,11,6,5000.0,2000.0,0,0,0,0,2,12,NORMAL,0
53721.27,10.74,1,0,0.7902,9,5,5000.0,2000.0,1,1,0,0,85,92,EXTREME,1
1662.12,0.55,0,37,0.1984,22,5,3000.0,1200.0,0,0,0,0,10,2,NORMAL,0
4920.06,0.62,0,27,0.1494,9,2,8000.0,3200.0,0,0,0,0,11,14,NORMAL,0
7753.3,0.97,0,7,0.2205,20,4,8000.0,3200.0,0,0,0,0,9,1,NORMAL,0
11574.1,3.86,1,0,0.2057,23,2,3000.0,1200.0,1,0,1,0,61,44,SUSPICIOUS,1
47556.36,5.94,1,0,0.3043,23,0,8000.0,3200.0,1,1,1,1,58,65,SUSPICIOUS,1
1941.83,0.65,0,29,0.2297,21,6,3000.0,1200.0,0,0,0,0,9,12,NORMAL,0
94246.55,7.85,1,0,1.0029,16,5,12000.0,4800.0,1,1,0,1,99,83,EXTREME,1
7533.63,0.94,0,5,0.113,22,5,8000.0,3200.0,0,0,0,0,1,8,NORMAL,0
9394.52,3.13,1,0,0.4254,1,3,3000.0,1200.0,1,0,1,0,50,47,SUSPICIOUS,1
1331.78,0.89,0,26,0.0828,10,6,1500.0,600.0,0,0,0,0,2,13,NORMAL,0
8143.49,5.43,1,0,0.3384,14,0,1500.0,600.0,0,0,0,0,44,40,SUSPICIOUS,1
7396.9,0.92,0,24,0.143,18,3,8000.0,3200.0,0,0,0,0,9,5,NORMAL,0
1775.02,1.18,1,0,0.1026,7,6,1500.0,600.0,0,0,0,0,1,6,NORMAL,0
2986.41,1.0,1,0,0.198,16,6,3000.0,1200.0,0,0,0,0,5,14,NORMAL,0
45249.2,5.66,1,0,1.035,4,5,8000.0,3200.0,1,1,1,0,87,95,EXTREME,1
6673.14,4.45,1,0,0.2605,3,6,1500.0,600.0,0,0,0,0,0,13,SUSPICIOUS,1
10424.58,0.87,0,44,0.2468,11,5,12000.0,4800.0,0,0,0,0,2,10,NORMAL,0
1769.48,1.18,0,8,0.1777,12,4,1500.0,600.0,0,0,0,0,2,14,NORMAL,0
3749.29,1.25,0,29,0.1208,14,3,3000.0,1200.0,0,0,0,0,9,15,NORMAL,0
2972.4,0.99,0,22,0.1621,15,2,3000.0,1200.0,0,0,0,0,0,6,NORMAL,0
13416.59,1.12,1,0,0.0763,15,0,12000.0,4800.0,0,0,0,0,7,15,NORMAL,0
3309.17,1.1,0,8,0.1786,11,5,3000.0,1200.0,0,0,0,0,8,10,NORMAL,0
19754.64,3.95,0,3,0.4525,0,6,5000.0,2000.0,0,1,0,0,7,65,SUSPICIOUS,1
5048.32,0.63,0,10,0.1872,19,2,8000.0,3200.0,0,0,0,0,4,9,NORMAL,0
7782.6,0.65,0,34,0.1147,14,4,12000.0,4800.0,0,0,0,0,5,0,NORMAL,0
5201.82,3.47,1,0,0.3987,4,4,1500.0,600.0,1,0,0,0,60,13,SUSPICIOUS,0
2256.81,0.75,0,12,0.2413,19,0,3000.0,1200.0,0,0,0,0,10,8,NORMAL,0
1365.8,0.91,0,10,0.1582,15,4,1500.0,600.0,0,0,0,0,9,6,NORMAL,0
49614.15,9.92,1,0,0.6559,15,6,5000.0,2000.0,1,1,1,0,93,82,EXTREME,1
52514.34,4.38,1,0,0.4501,0,6,12000.0,4800.0,0,0,0,0,1,18,SUSPICIOUS,1
5438.9,0.45,0,27,0.1964,13,1,12000.0,4800.0,0,0,0,0,6,11,NORMAL,0
2556.44,0.85,0,2,0.234,16,0,3000.0,1200.0,0,0,1,0,4,14,NORMAL,0
62550.05,5.21,1,0,0.3639,19,4,12000.0,4800.0,1,0,1,0,63,48,SUSPICIOUS,1
17227.37,5.74,1,0,0.4202,1,0,3000.0,1200.0,1,0,0,0,71,12,SUSPICIOUS,1
2672.57,0.89,0,3,0.0819,21,1,3000.0,1200.0,0,0,0,0,9,8,NORMAL,0
8290.89,1.04,0,32,0.0402,10,4,8000.0,3200.0,0,0,0,0,0,11,NORMAL,0
9159.83,1.14,0,14,0.1637,22,3,8000.0,3200.0,0,0,0,0,1,10,NORMAL,0
4102.52,1.37,0,6,0.1224,7,4,3000.0,1200.0,0,0,0,0,10,8,NORMAL,0
11553.26,0.96,0,17,0.1909,8,6,12000.0,4800.0,0,0,0,0,11,13,NORMAL,0
2199.94,0.73,0,8,0.0687,12,3,3000.0,1200.0,0,0,0,0,13,4,NORMAL,0
9753.16,0.81,0,45,0.0469,17,4,12000.0,4800.0,0,0,1,0,1,9,NORMAL,0
4885.82,0.98,0,22,0.1678,21,6,5000.0,2000.0,0,0,1,0,0,1,NORMAL,0
1058.77,0.71,0,4,0.1347,17,2,1500.0,600.0,0,0,0,0,12,14,NORMAL,0
3327.55,0.67,0,20,0.0912,19,6,5000.0,2000.0,0,0,0,0,7,1,NORMAL,0
2391.7,0.8,0,35,0.1068,19,3,3000.0,1200.0,0,0,0,0,2,7,NORMAL,0
1808.91,1.21,0,10,0.2358,15,5,1500.0,600.0,0,0,0,0,5,11,NORMAL,0
6656.14,0.55,0,14,0.1987,16,6,12000.0,4800.0,0,0,0,0,0,9,NORMAL,0
1286.45,0.86,0,22,0.1586,8,5,1500.0,600.0,0,0,0,0,7,4,NORMAL,0
7370.8,0.92,0,31,0.1217,20,0,8000.0,3200.0,0,0,0,0,12,5,NORMAL,0
55850.91,11.17,1,0,1.07,6,6,5000.0,2000.0,1,1,0,0,89,70,EXTREME,1
67207.25,8.4,1,0,0.827,9,2,8000.0,3200.0,1,1,1,1,100,76,EXTREME,1
2655.0,0.88,0,12,0.185,13,5,3000.0,1200.0,0,0,0,0,14,0,NORMAL,0
3021.88,1.01,0,2,0.1391,18,2,3000.0,1200.0,0,0,0,0,2,10,NORMAL,0
15000.0,10.0,1,0,0.7759,13,0,1500.0,600.0,1,1,0,0,90,84,EXTREME,1
33812.2,4.23,1,0,0.595,2,6,8000.0,3200.0,0,0,0,0,49,49,SUSPICIOUS,1
6170.25,0.77,0,30,0.0967,18,4,8000.0,3200.0,0,0,0,1,5,7,NORMAL,0
32829.41,4.1,1,0,0.7503,16,3,8000.0,3200.0,1,1,0,1,83,89,EXTREME,1
10123.52,0.84,0,13,0.1194,17,6,12000.0,4800.0,0,0,0,0,14,2,NORMAL,0
9548.52,0.8,0,32,0.2391,18,0,12000.0,4800.0,0,0,0,0,9,10,NORMAL,0
2292.6,0.76,0,21,0.2442,16,5,3000.0,1200.0,0,0,0,0,4,10,NORMAL,0
3942.62,0.33,0,5,0.1885,18,0,12000.0,4800.0,0,0,0,0,3,3,NORMAL,0
15767.14,5.26,1,0,0.3377,23,3,3000.0,1200.0,1,0,0,1,61,42,SUSPICIOUS,1
9360.43,1.17,0,36,0.0419,13,4,8000.0,3200.0,0,0,0,0,6,2,NORMAL,0
52711.1,6.59,1,0,0.4484,15,2,8000.0,3200.0,1,1,1,0,96,83,EXTREME,1
3919.6,0.78,0,24,0.1191,14,6,5000.0,2000.0,0,0,0,0,6,4,NORMAL,0
5320.92,1.06,0,22,0.1349,17,0,5000.0,2000.0,0,0,0,0,10,10,NORMAL,0
2848.54,0.95,0,36,0.1542,13,6,3000.0,1200.0,0,0,0,0,5,8,NORMAL,0
12371.87,4.12,1,0,0.466,14,6,3000.0,1200.0,1,0,0,0,67,12,SUSPICIOUS,1
20924.53,4.18,1,0,0.2719,3,5,5000.0,2000.0,0,0,0,0,48,11,SUSPICIOUS,1
120712.74,10.06,1,0,1.0017,22,1,12000.0,4800.0,1,1,1,0,93,86,EXTREME,1
2336.23,0.78,0,41,0.0726,15,0,3000.0,1200.0,0,0,0,0,5,7,NORMAL,0
1515.76,1.01,0,27,0.0789,14,5,1500.0,600.0,0,0,0,0,8,3,NORMAL,0
2220.33,0.44,0,6,0.2171,12,2,5000.0,2000.0,0,0,0,1,7,2,NORMAL,0
2272.57,0.76,0,16,0.0459,12,4,3000.0,1200.0,0,0,0,0,4,13,NORMAL,0
3849.87,0.77,0,2,0.1048,21,4,5000.0,2000.0,0,0,0,0,12,11,NORMAL,0
2984.79,0.25,0,29,0.1774,9,1,12000.0,4800.0,0,0,0,0,4,11,NORMAL,0
10505.25,0.88,0,36,0.1059,16,5,12000.0,4800.0,0,0,0,0,6,9,NORMAL,0
11200.23,0.93,0,36,0.0767,7,4,12000.0,4800.0,0,0,0,0,5,11,NORMAL,0
9062.69,0.76,0,42,0.1008,21,5,12000.0,4800.0,0,0,0,0,6,12,NORMAL,0
3087.03,1.03,1,0,0.1564,19,0,3000.0,1200.0,0,0,0,0,3,15,NORMAL,0
12898.57,4.3,1,0,0.5779,14,2,3000.0,1200.0,0,0,0,0,16,9,SUSPICIOUS,1
3464.82,0.69,0,42,0.059,14,2,5000.0,2000.0,0,0,0,0,7,1,NORMAL,0
1312.1,0.87,0,17,0.2014,20,1,1500.0,600.0,0,0,0,0,4,8,NORMAL,0
1282.66,0.86,0,2,0.152,17,3,1500.0,600.0,0,0,0,0,12,4,NORMAL,0
725.37,0.48,0,8,0.1731,16,4,1500.0,600.0,0,0,1,0,13,2,NORMAL,0
6032.25,0.75,0,44,0.206,12,6,8000.0,3200.0,0,0,0,0,12,0,NORMAL,0
1350.86,0.9,0,41,0.1786,13,4,1500.0,600.0,0,0,0,0,3,12,NORMAL,0
4193.43,0.84,0,3,0.1274,22,4,5000.0,2000.0,0,0,0,0,9,10,NORMAL,0
1625.17,0.54,0,11,0.2309,20,2,3000.0,1200.0,0,0,0,0,1,5,NORMAL,0
2403.16,0.8,0,38,0.081,15,5,3000.0,1200.0,0,0,0,0,8,0,NORMAL,0
884.15,0.59,0,12,0.1695,18,0,1500.0,600.0,0,0,0,1,5,7,NORMAL,0
23677.14,4.74,1,0,0.5362,14,3,5000.0,2000.0,1,1,0,0,69,54,SUSPICIOUS,1
8733.09,1.09,0,18,0.1356,17,2,8000.0,3200.0,0,0,0,0,8,2,NORMAL,0
8171.0,0.68,0,20,0.1983,12,1,12000.0,4800.0,0,0,0,0,0,5,NORMAL,0
54933.59,4.58,1,0,1.0289,5,0,12000.0,4800.0,1,1,0,0,96,88,EXTREME,1
1814.01,0.6,0,30,0.2233,7,0,3000.0,1200.0,0,0,0,0,5,13,NORMAL,0
748.19,0.5,0,5,0.1402,14,5,1500.0,600.0,0,0,0,0,4,8,NORMAL,0
33297.63,11.1,1,0,0.6363,1,1,3000.0,1200.0,1,1,1,0,85,81,EXTREME,1
5340.26,0.67,0,27,0.211,14,4,8000.0,3200.0,0,0,0,0,7,9,NORMAL,0
23563.95,7.85,1,0,0.7144,8,1,3000.0,1200.0,1,1,0,1,99,88,EXTREME,1
16123.19,1.34,0,35,0.044,14,0,12000.0,4800.0,0,0,0,0,13,8,NORMAL,0
10576.87,1.32,0,10,0.1641,8,4,8000.0,3200.0,0,0,0,0,10,0,NORMAL,0
4044.7,0.81,0,34,0.2195,10,2,5000.0,2000.0,0,0,0,0,0,10,NORMAL,0
3073.19,1.02,0,12,0.062,8,3,3000.0,1200.0,0,0,0,0,8,9,NORMAL,0
1922.93,0.64,0,6,0.139,22,2,3000.0,1200.0,0,0,0,0,0,0,NORMAL,0
7704.14,0.96,0,34,0.1844,19,2,8000.0,3200.0,0,0,0,0,15,6,NORMAL,0
84322.62,7.03,1,0,0.7016,0,3,12000.0,4800.0,1,1,1,0,84,77,EXTREME,1
3805.03,0.76,0,32,0.0953,11,0,5000.0,2000.0,0,0,0,0,3,0,NORMAL,0
3186.86,1.06,0,11,0.1147,11,6,3000.0,1200.0,0,0,0,0,9,0,NORMAL,0
2656.85,0.53,0,3,0.0687,17,3,5000.0,2000.0,0,0,0,0,14,11,NORMAL,0
67880.88,8.49,1,0,1.1577,1,1,8000.0,3200.0,1,1,1,0,83,83,EXTREME,1
1234.89,0.82,0,11,0.0949,9,1,1500.0,600.0,0,0,0,0,10,7,NORMAL,0
4006.68,1.34,0,34,0.0883,14,0,3000.0,1200.0,0,0,0,0,6,11,NORMAL,0
3548.91,0.44,1,0,0.1772,18,1,8000.0,3200.0,0,0,0,0,5,14,NORMAL,0
4238.21,2.83,1,0,0.5239,19,6,1500.0,600.0,0,0,0,1,14,8,SUSPICIOUS,0
86797.68,10.85,1,0,0.4296,18,4,8000.0,3200.0,1,1,0,0,81,88,EXTREME,1
335.04,0.22,0,25,0.2128,19,6,1500.0,600.0,0,0,0,0,10,15,NORMAL,0
12996.6,1.62,1,0,0.2352,13,6,8000.0,3200.0,0,0,0,0,8,0,NORMAL,0
6283.65,0.79,0,39,0.0603,8,4,8000.0,3200.0,0,0,0,0,0,9,NORMAL,0
47058.53,5.88,1,0,0.45,4,1,8000.0,3200.0,0,0,0,0,45,16,SUSPICIOUS,1
83320.1,10.42,1,0,0.9419,13,4,8000.0,3200.0,1,1,1,0,98,73,EXTREME,1
17558.38,5.85,1,0,0.5978,2,0,3000.0,1200.0,1,1,0,1,81,78,EXTREME,1
11336.5,0.94,0,28,0.1343,10,1,12000.0,4800.0,0,0,0,0,12,10,NORMAL,0
12286.13,1.02,0,37,0.2434,10,1,12000.0,4800.0,0,0,0,0,15,11,NORMAL,0
9996.85,0.83,0,39,0.0534,19,0,12000.0,4800.0,0,0,0,0,9,3,NORMAL,0
13775.21,1.15,0,25,0.0806,14,0,12000.0,4800.0,0,0,0,0,8,6,NORMAL,0
790.86,0.53,0,25,0.1588,22,0,1500.0,600.0,0,0,0,0,15,3,NORMAL,0
30210.76,6.04,1,0,0.968,3,2,5000.0,2000.0,1,1,1,0,89,70,EXTREME,1
4660.71,0.93,1,0,0.1334,20,0,5000.0,2000.0,0,0,0,0,4,7,NORMAL,0
1357.11,0.9,0,21,0.2435,8,3,1500.0,600.0,0,0,0,0,15,5,NORMAL,0
1918.63,0.64,0,37,0.1457,17,5,3000.0,1200.0,0,0,0,0,9,4,NORMAL,0
1205.86,0.24,0,39,0.1893,11,6,5000.0,2000.0,0,0,0,0,11,3,NORMAL,0
12252.49,1.02,0,14,0.2106,20,5,12000.0,4800.0,0,0,0,0,10,8,NORMAL,0
6450.54,0.54,0,31,0.2156,14,5,12000.0,4800.0,0,0,0,0,15,2,NORMAL,0
27500.57,5.5,1,0,0.8696,22,1,5000.0,2000.0,1,1,0,1,91,90,EXTREME,1
6269.52,0.78,0,33,0.1365,17,1,8000.0,3200.0,0,0,0,0,12,0,NORMAL,0
3438.36,0.69,0,3,0.094,12,2,5000.0,2000.0,0,0,1,0,12,1,NORMAL,0
15000.0,10.0,1,0,0.7175,15,3,1500.0,600.0,1,1,1,0,91,74,EXTREME,1
6240.57,0.78,0,11,0.2251,21,0,8000.0,3200.0,0,0,0,0,14,13,NORMAL,0
1234.12,0.82,0,20,0.0775,21,1,1500.0,600.0,0,0,0,0,0,9,NORMAL,0
6307.17,4.2,1,0,0.3847,2,6,1500.0,600.0,1,1,1,0,63,62,SUSPICIOUS,1
6868.75,0.86,0,16,0.1607,17,4,8000.0,3200.0,0,0,0,0,9,13,NORMAL,0
4642.05,0.93,0,20,0.1206,21,4,5000.0,2000.0,0,0,0,0,5,1,NORMAL,0
1524.76,1.02,0,8,0.1073,18,0,1500.0,600.0,0,0,0,0,5,12,NORMAL,0
1527.23,1.02,0,32,0.0876,11,1,1500.0,600.0,0,0,0,0,1,13,NORMAL,0
6463.38,1.29,0,2,0.1081,12,2,5000.0,2000.0,0,0,0,0,5,3,NORMAL,0
12186.61,1.02,0,23,0.087,12,4,12000.0,4800.0,0,0,0,0,13,2,NORMAL,0
42160.82,8.43,1,0,0.4542,16,0,5000.0,2000.0,1,1,1,1,90,84,EXTREME,1
4588.75,0.57,0,30,0.22,19,2,8000.0,3200.0,0,0,0,0,11,10,NORMAL,0
714.93,0.48,0,3,0.1325,18,5,1500.0,600.0,0,0,1,0,11,15,NORMAL,0
957.04,0.32,0,25,0.0476,19,4,3000.0,1200.0,0,0,0,0,15,8,NORMAL,0
11108.56,3.7,1,0,0.433,14,5,3000.0,1200.0,1,1,1,0,55,78,SUSPICIOUS,1
1914.0,0.38,0,4,0.1204,12,2,5000.0,2000.0,0,0,0,0,11,2,NORMAL,0
11446.43,0.95,0,30,0.1859,18,0,12000.0,4800.0,0,0,0,0,6,15,NORMAL,0
3137.03,0.63,0,13,0.1354,13,2,5000.0,2000.0,0,0,0,1,8,10,NORMAL,0
1510.35,1.01,0,33,0.1289,12,0,1500.0,600.0,0,0,0,0,6,8,NORMAL,0
3123.79,0.62,0,6,0.1072,20,6,5000.0,2000.0,0,0,0,0,10,7,NORMAL,0
1172.53,0.23,0,30,0.0482,10,0,5000.0,2000.0,0,0,0,0,3,8,NORMAL,0
13447.06,1.12,0,6,0.1692,15,0,12000.0,4800.0,0,0,0,0,8,7,NORMAL,0
2676.98,0.54,0,43,0.1928,10,6,5000.0,2000.0,0,0,0,0,4,12,NORMAL,0
6074.32,0.51,0,2,0.1495,7,2,12000.0,4800.0,0,0,0,0,0,10,NORMAL,0
9663.05,0.81,1,0,0.0654,7,1,12000.0,4800.0,0,0,0,1,6,9,NORMAL,0
1215.51,0.81,0,9,0.1859,8,2,1500.0,600.0,0,0,0,0,12,7,NORMAL,0
7235.16,0.9,0,39,0.164,12,0,8000.0,3200.0,0,0,0,0,7,2,NORMAL,0
11204.68,0.93,0,3,0.2268,9,1,12000.0,4800.0,0,0,0,0,9,13,NORMAL,0
3130.01,0.63,0,9,0.0713,18,4,5000.0,2000.0,0,0,0,0,6,12,NORMAL,0
2550.04,0.51,0,37,0.2045,15,4,5000.0,2000.0,0,0,0,0,10,2,NORMAL,0
36242.69,3.02,1,0,0.2316,4,5,12000.0,4800.0,1,0,0,0,61,11,SUSPICIOUS,1
1735.42,1.16,0,27,0.1144,10,1,1500.0,600.0,0,0,0,0,0,9,NORMAL,0
968.47,0.65,0,34,0.1597,19,2,1500.0,600.0,0,0,0,0,3,12,NORMAL,0
7442.58,0.93,0,38,0.2243,13,6,8000.0,3200.0,0,0,0,1,4,4,NORMAL,0
3054.22,1.02,0,37,0.2327,19,2,3000.0,1200.0,0,0,0,0,3,5,NORMAL,0
45291.13,3.77,0,2,0.396,23,4,12000.0,4800.0,1,0,0,1,67,10,SUSPICIOUS,1
19495.01,6.5,1,0,1.1715,16,1,3000.0,1200.0,1,1,0,0,91,78,EXTREME,1
1424.64,0.47,0,32,0.1481,18,4,3000.0,1200.0,0,0,1,0,3,5,NORMAL,0
3328.28,0.67,0,14,0.0773,20,6,5000.0,2000.0,0,0,0,0,4,14,NORMAL,0
1924.36,0.64,0,17,0.0574,12,3,3000.0,1200.0,0,0,0,0,10,7,NORMAL,0
2379.21,0.79,0,40,0.1878,18,2,3000.0,1200.0,0,0,0,0,15,1,NORMAL,0
3086.62,1.03,0,3,0.0585,21,3,3000.0,1200.0,0,0,0,0,2,0,NORMAL,0
4813.7,0.96,0,3,0.068,19,5,5000.0,2000.0,0,0,0,0,9,8,NORMAL,0
3305.05,1.1,0,43,0.0992,14,4,3000.0,1200.0,0,0,0,0,2,0,NORMAL,0
2578.16,0.86,0,9,0.2137,20,6,3000.0,1200.0,0,0,0,0,13,14,NORMAL,0
8983.61,1.12,0,33,0.2415,15,3,8000.0,3200.0,0,0,0,0,15,4,NORMAL,0
1218.01,0.81,1,0,0.2232,16,0,1500.0,600.0,0,0,0,0,7,8,NORMAL,0
13380.43,1.12,0,3,0.2064,21,3,12000.0,4800.0,0,0,0,0,15,11,NORMAL,0
4029.83,0.81,0,22,0.0845,14,4,5000.0,2000.0,0,0,0,0,4,4,NORMAL,0
1000.97,0.13,0,13,0.1358,15,2,8000.0,3200.0,0,0,1,0,14,10,NORMAL,0
11717.21,0.98,0,24,0.0792,10,2,12000.0,4800.0,0,0,0,0,9,13,NORMAL,0
6626.6,0.83,0,16,0.1623,19,5,8000.0,3200.0,0,0,0,0,15,9,NORMAL,0
20587.12,4.12,0,3,0.4768,3,2,5000.0,2000.0,0,1,1,0,19,70,SUSPICIOUS,1
1310.78,0.44,0,13,0.1505,14,1,3000.0,1200.0,0,0,0,0,1,4,NORMAL,0
2949.79,0.59,0,28,0.1897,22,4,5000.0,2000.0,0,0,0,0,9,13,NORMAL,0
34709.5,4.34,0,3,0.5975,14,1,8000.0,3200.0,0,0,1,0,2,18,SUSPICIOUS,1
5057.36,1.01,0,39,0.0684,9,0,5000.0,2000.0,0,0,0,0,10,14,NORMAL,0
2876.19,0.58,0,5,0.0584,15,3,5000.0,2000.0,0,0,0,0,6,15,NORMAL,0
38891.14,4.86,1,0,0.5128,14,6,8000.0,3200.0,1,0,0,0,71,15,SUSPICIOUS,1
7126.13,0.89,0,42,0.0723,11,0,8000.0,3200.0,0,0,1,0,1,3,NORMAL,0
27116.23,5.42,1,0,1.0536,21,3,5000.0,2000.0,1,1,1,1,99,71,EXTREME,1
2921.87,0.58,0,39,0.1114,15,6,5000.0,2000.0,0,0,0,0,1,12,NORMAL,0
1527.15,1.02,0,2,0.0403,15,5,1500.0,600.0,0,0,0,0,11,15,NORMAL,0
12579.59,4.19,1,0,0.4564,14,3,3000.0,1200.0,0,0,1,1,43,16,SUSPICIOUS,1
24598.68,4.92,1,0,0.4994,14,1,5000.0,2000.0,1,1,1,1,90,72,EXTREME,1
4458.32,0.89,0,17,0.1088,20,3,5000.0,2000.0,0,0,0,0,11,14,NORMAL,0
3435.74,1.15,0,10,0.1215,17,4,3000.0,1200.0,0,0,1,0,15,10,NORMAL,0
1426.23,0.95,0,43,0.164,9,2,1500.0,600.0,0,0,0,0,0,15,NORMAL,0
2627.19,0.88,0,3,0.2407,20,0,3000.0,1200.0,0,0,0,0,1,15,NORMAL,0
2171.91,0.27,0,28,0.1669,22,6,8000.0,3200.0,0,0,0,0,8,15,NORMAL,0
6162.18,4.11,0,1,0.3159,3,2,1500.0,600.0,1,0,0,0,67,7,SUSPICIOUS,1
3568.1,1.19,0,14,0.1212,18,5,3000.0,1200.0,0,0,0,0,4,11,NORMAL,0
10383.34,1.3,0,22,0.1932,22,4,8000.0,3200.0,0,0,0,0,2,1,NORMAL,0
2287.61,0.76,0,21,0.2105,19,2,3000.0,1200.0,0,0,0,0,13,2,NORMAL,0
3996.73,0.8,0,42,0.2056,13,5,5000.0,2000.0,0,0,0,0,12,7,NORMAL,0
3479.95,1.16,0,30,0.1101,16,2,3000.0,1200.0,0,0,0,0,7,1,NORMAL,0
65147.26,5.43,1,0,0.5969,3,0,12000.0,4800.0,1,0,0,1,60,49,SUSPICIOUS,1
5633.19,3.76,1,0,0.3036,19,4,1500.0,600.0,0,0,1,1,38,16,SUSPICIOUS,1
4250.9,0.85,0,14,0.2235,22,5,5000.0,2000.0,0,0,0,0,7,13,NORMAL,0
1622.5,0.54,0,40,0.1065,19,3,3000.0,1200.0,0,0,0,0,14,15,NORMAL,0
3716.62,0.74,0,39,0.19,8,3,5000.0,2000.0,0,0,0,0,2,5,NORMAL,0
8206.13,1.03,0,40,0.2354,17,2,8000.0,3200.0,0,0,1,0,5,15,NORMAL,0
40386.06,3.37,0,1,0.2849,2,3,12000.0,4800.0,0,1,0,1,47,56,SUSPICIOUS,1
129053.41,10.75,1,0,0.6297,11,3,12000.0,4800.0,1,1,0,0,95,72,EXTREME,1
1077.12,0.72,0,13,0.1871,18,0,1500.0,600.0,0,0,0,0,11,13,NORMAL,0
7010.52,1.4,0,40,0.0729,14,5,5000.0,2000.0,0,0,0,0,11,11,NORMAL,0
3507.06,0.7,0,44,0.0454,20,1,5000.0,2000.0,0,0,0,0,0,4,NORMAL,0
4980.1,1.66,0,16,0.2074,18,1,3000.0,1200.0,0,0,0,0,14,15,NORMAL,0
11182.87,3.73,0,3,0.364,19,1,3000.0,1200.0,1,0,1,0,54,15,SUSPICIOUS,1
18116.78,3.62,1,0,0.2604,3,0,5000.0,2000.0,0,0,0,1,3,11,SUSPICIOUS,1
12885.62,1.07,1,0,0.1534,17,3,12000.0,4800.0,0,0,0,0,9,11,NORMAL,0
4253.13,0.85,0,43,0.0425,7,0,5000.0,2000.0,0,0,0,0,0,13,NORMAL,0
16938.68,3.39,1,0,0.4353,19,4,5000.0,2000.0,0,0,1,0,17,12,SUSPICIOUS,1
80818.81,10.1,1,0,0.5938,7,1,8000.0,3200.0,1,1,1,0,89,84,EXTREME,1
10418.13,1.3,0,14,0.2401,11,1,8000.0,3200.0,0,0,0,0,13,5,NORMAL,0
5560.87,3.71,1,0,0.394,3,4,1500.0,600.0,0,1,1,0,15,60,SUSPICIOUS,1
1532.2,1.02,0,2,0.1071,7,2,1500.0,600.0,0,0,0,1,15,4,NORMAL,0
2492.54,0.31,0,43,0.1584,12,4,8000.0,3200.0,0,0,0,0,2,8,NORMAL,0
26614.8,3.33,0,2,0.2064,23,4,8000.0,3200.0,1,1,0,0,70,59,SUSPICIOUS,1
7385.9,0.92,0,15,0.1689,18,4,8000.0,3200.0,0,0,0,0,14,9,NORMAL,0
28305.27,5.66,0,2,0.2466,1,6,5000.0,2000.0,0,1,1,0,17,56,SUSPICIOUS,1
137539.77,11.46,1,0,0.4516,13,1,12000.0,4800.0,1,1,1,0,98,80,EXTREME,1
33348.46,4.17,1,0,0.3754,2,0,8000.0,3200.0,1,1,0,0,67,69,SUSPICIOUS,1
824.4,0.55,0,41,0.0571,22,2,1500.0,600.0,0,0,0,0,11,15,NORMAL,0
4043.53,1.35,0,13,0.2109,8,5,3000.0,1200.0,0,0,0,1,0,1,NORMAL,0
4741.14,0.95,0,9,0.132,19,2,5000.0,2000.0,0,0,1,0,11,9,NORMAL,0
6751.18,4.5,1,0,0.5702,4,3,1500.0,600.0,1,0,1,1,65,48,SUSPICIOUS,1
1461.98,0.97,0,28,0.1106,13,2,1500.0,600.0,0,0,0,0,6,11,NORMAL,0
58162.94,4.85,1,0,0.3584,2,4,12000.0,4800.0,0,0,0,0,42,40,SUSPICIOUS,1
5192.17,1.04,0,34,0.1768,11,6,5000.0,2000.0,0,0,0,0,15,6,NORMAL,0
15000.0,5.0,1,0,1.1456,14,1,3000.0,1200.0,1,1,0,0,98,90,EXTREME,1
8677.45,1.08,0,28,0.0457,22,5,8000.0,3200.0,0,0,0,0,15,10,NORMAL,0
816.32,0.54,0,20,0.0983,18,5,1500.0,600.0,0,0,0,0,1,14,NORMAL,0
2336.32,0.78,0,3,0.1841,7,3,3000.0,1200.0,0,0,0,0,7,5,NORMAL,0
5050.21,1.01,0,35,0.0733,16,3,5000.0,2000.0,0,0,0,0,7,0,NORMAL,0
713.11,0.48,0,29,0.145,9,3,1500.0,600.0,0,0,0,0,14,10,NORMAL,0
9086.64,1.14,0,42,0.1063,9,5,8000.0,3200.0,0,0,0,0,14,1,NORMAL,0
2455.81,0.49,1,0,0.1092,17,6,5000.0,2000.0,0,0,0,0,6,0,NORMAL,0
3525.81,0.71,0,32,0.0698,13,6,5000.0,2000.0,0,0,0,0,11,1,NORMAL,0
1687.31,1.12,0,14,0.2189,20,4,1500.0,600.0,0,0,0,0,13,14,NORMAL,0
9633.87,0.8,0,26,0.155,21,6,12000.0,4800.0,0,0,0,0,0,5,NORMAL,0
4422.37,0.88,0,38,0.2243,11,0,5000.0,2000.0,0,0,0,0,9,5,NORMAL,0
2008.73,1.34,0,2,0.2229,20,5,1500.0,600.0,0,0,0,0,6,1,NORMAL,0
39061.53,3.26,1,0,0.3043,3,6,12000.0,4800.0,1,0,0,1,68,13,SUSPICIOUS,1
7298.9,0.91,0,44,0.1269,19,3,8000.0,3200.0,0,0,0,0,15,11,NORMAL,0
4749.04,0.95,0,17,0.1944,17,2,5000.0,2000.0,0,0,0,0,3,0,NORMAL,0
6164.48,0.77,0,44,0.0675,7,2,8000.0,3200.0,0,0,0,0,1,5,NORMAL,0
10549.74,0.88,0,34,0.1551,7,5,12000.0,4800.0,0,0,0,0,10,10,NORMAL,0
1793.06,0.36,0,20,0.1988,22,5,5000.0,2000.0,0,0,0,0,4,1,NORMAL,0
1054.83,0.7,1,0,0.1001,18,0,1500.0,600.0,0,0,0,0,14,9,NORMAL,0
7805.0,0.98,1,0,0.1809,20,6,8000.0,3200.0,0,0,0,0,3,2,NORMAL,0
5018.5,0.63,0,7,0.0885,16,0,8000.0,3200.0,0,0,0,0,8,14,NORMAL,0
1598.45,1.07,1,0,0.2141,17,4,1500.0,600.0,0,0,0,0,9,1,NORMAL,0
1278.77,0.43,0,32,0.0449,8,5,3000.0,1200.0,0,0,0,0,12,9,NORMAL,0
3165.17,1.06,0,43,0.1131,8,5,3000.0,1200.0,0,0,0,0,7,12,NORMAL,0
21026.67,4.21,0,2,0.3451,1,3,5000.0,2000.0,0,0,0,0,49,44,SUSPICIOUS,1
3162.98,1.05,0,43,0.1736,20,3,3000.0,1200.0,0,0,0,0,7,1,NORMAL,0
3806.54,0.76,0,39,0.2305,7,2,5000.0,2000.0,0,0,0,0,13,15,NORMAL,0
1316.0,0.88,0,45,0.1608,10,5,1500.0,600.0,0,0,0,0,14,1,NORMAL,0
25901.19,3.24,1,0,0.2056,1,3,8000.0,3200.0,0,0,1,1,17,3,SUSPICIOUS,0
6164.96,0.51,0,40,0.0628,12,4,12000.0,4800.0,0,0,0,0,3,11,NORMAL,0
3173.69,0.63,0,28,0.1209,11,2,5000.0,2000.0,0,0,0,0,14,7,NORMAL,0
2277.65,0.76,0,10,0.1327,21,3,3000.0,1200.0,0,0,0,0,5,5,NORMAL,0
44895.52,3.74,1,0,0.4982,4,3,12000.0,4800.0,0,1,0,0,37,80,SUSPICIOUS,1
8508.8,1.06,0,16,0.1769,9,6,8000.0,3200.0,0,0,0,0,10,15,NORMAL,0
15518.57,3.1,0,1,0.306,4,3,5000.0,2000.0,1,1,1,1,61,56,SUSPICIOUS,1
4531.51,1.51,0,20,0.2434,11,4,3000.0,1200.0,0,0,0,0,13,9,NORMAL,0
7214.26,4.81,0,1,0.5341,19,4,1500.0,600.0,1,1,1,0,73,67,SUSPICIOUS,1
125565.54,10.46,1,0,0.7554,19,3,12000.0,4800.0,1,1,1,0,90,93,EXTREME,1
7996.2,1.0,0,2,0.1881,22,2,8000.0,3200.0,0,0,0,0,3,9,NORMAL,0
4311.66,0.86,1,0,0.0758,10,1,5000.0,2000.0,0,0,0,0,11,6,NORMAL,0
5153.06,1.03,0,37,0.0815,20,5,5000.0,2000.0,0,0,0,0,4,2,NORMAL,0
1342.53,0.9,0,25,0.1124,7,4,1500.0,600.0,0,0,0,0,11,8,NORMAL,0
26022.8,5.2,0,2,0.2027,14,4,5000.0,2000.0,0,1,0,0,38,57,SUSPICIOUS,1
2345.3,0.78,0,30,0.0728,9,1,3000.0,1200.0,0,0,0,0,12,6,NORMAL,0
2294.02,0.76,0,15,0.1426,10,5,3000.0,1200.0,0,0,0,0,7,4,NORMAL,0
2950.91,0.98,0,28,0.0663,21,5,3000.0,1200.0,0,0,0,0,13,14,NORMAL,0
56460.83,11.29,1,0,1.0348,3,4,5000.0,2000.0,1,1,0,0,100,79,EXTREME,1
10214.66,1.28,0,31,0.198,11,4,8000.0,3200.0,0,0,0,0,9,8,NORMAL,0
985.94,0.66,0,33,0.1128,22,1,1500.0,600.0,0,0,0,0,12,13,NORMAL,0
6190.29,0.52,0,2,0.2311,17,1,12000.0,4800.0,0,0,0,0,12,13,NORMAL,0
3552.49,1.18,0,4,0.0802,19,0,3000.0,1200.0,0,0,0,0,6,3,NORMAL,0
6185.8,1.24,0,4,0.2322,14,1,5000.0,2000.0,0,0,0,0,6,3,NORMAL,0
1395.08,0.93,0,8,0.1236,15,4,1500.0,600.0,0,0,0,0,0,5,NORMAL,0
8310.75,5.54,0,1,0.4003,23,1,1500.0,600.0,1,1,0,0,57,55,SUSPICIOUS,1
788.69,0.53,0,17,0.0946,9,6,1500.0,600.0,0,0,1,0,10,2,NORMAL,0
5485.58,0.69,1,0,0.1283,12,1,8000.0,3200.0,0,0,0,0,12,11,NORMAL,0
2448.36,0.82,0,43,0.0767,11,2,3000.0,1200.0,0,0,0,0,15,4,NORMAL,0
24190.62,4.84,1,0,1.0255,22,1,5000.0,2000.0,1,1,1,0,93,90,EXTREME,1
3129.24,1.04,0,28,0.0663,8,4,3000.0,1200.0,0,0,0,0,9,1,NORMAL,0
133440.8,11.12,1,0,0.7971,20,0,12000.0,4800.0,1,1,0,0,92,74,EXTREME,1
1424.42,0.95,1,0,0.2498,22,5,1500.0,600.0,0,0,0,0,11,5,NORMAL,0
7290.81,0.91,0,25,0.0504,13,3,8000.0,3200.0,0,0,0,0,2,12,NORMAL,0
3077.48,1.03,0,4,0.1329,14,3,3000.0,1200.0,0,0,0,0,6,1,NORMAL,0
1229.13,0.82,0,14,0.1615,13,4,1500.0,600.0,0,0,1,0,0,4,NORMAL,0
8212.46,1.03,0,4,0.1413,12,5,8000.0,3200.0,0,0,0,0,9,15,NORMAL,0
7255.98,0.91,0,36,0.2171,12,0,8000.0,3200.0,0,0,0,0,7,5,NORMAL,0
4475.13,0.9,0,11,0.1652,13,1,5000.0,2000.0,0,0,0,0,4,14,NORMAL,0
3335.84,0.67,0,9,0.1023,14,4,5000.0,2000.0,0,0,0,0,9,15,NORMAL,0
14229.28,4.74,1,0,0.3607,4,2,3000.0,1200.0,0,0,0,0,14,43,SUSPICIOUS,1
17213.48,1.43,0,19,0.1982,13,3,12000.0,4800.0,0,0,0,0,13,7,NORMAL,0
3174.05,0.63,0,19,0.2146,17,4,5000.0,2000.0,0,0,0,1,7,15,NORMAL,0
40934.96,5.12,0,3,0.4324,3,0,8000.0,3200.0,0,0,0,0,44,44,SUSPICIOUS,1
7338.33,0.61,0,2,0.0994,13,1,12000.0,4800.0,0,0,0,0,3,11,NORMAL,0
4816.57,0.96,1,0,0.0502,16,3,5000.0,2000.0,0,0,0,0,0,2,NORMAL,0
1398.91,0.47,0,2,0.2183,20,1,3000.0,1200.0,0,0,0,0,5,12,NORMAL,0
8945.88,5.96,1,0,0.2522,14,3,1500.0,600.0,0,1,1,1,7,64,SUSPICIOUS,1
8840.45,0.74,0,14,0.0621,9,3,12000.0,4800.0,0,0,0,0,2,14,NORMAL,0
18037.63,3.61,0,2,0.2185,1,4,5000.0,2000.0,0,1,1,0,18,75,SUSPICIOUS,1
3779.82,2.52,0,2,0.3652,19,6,1500.0,600.0,0,1,0,0,20,66,SUSPICIOUS,1
3297.72,0.66,1,0,0.208,14,2,5000.0,2000.0,0,0,0,0,5,8,NORMAL,0
1353.89,0.9,0,13,0.2093,19,3,1500.0,600.0,0,0,0,0,3,1,NORMAL,0
20607.66,2.58,1,0,0.267,3,2,8000.0,3200.0,0,0,0,0,14,45,SUSPICIOUS,1
734.38,0.49,0,14,0.0717,22,6,1500.0,600.0,0,0,0,0,15,11,NORMAL,0
5283.38,1.06,0,35,0.1711,10,3,5000.0,2000.0,0,0,0,0,7,3,NORMAL,0
1287.1,0.86,1,0,0.0942,15,0,1500.0,600.0,0,0,0,0,5,9,NORMAL,0
28019.63,5.6,0,2,0.2867,3,3,5000.0,2000.0,1,0,1,0,65,8,SUSPICIOUS,1
1956.23,1.3,0,27,0.1654,16,2,1500.0,600.0,0,0,0,0,1,11,NORMAL,0
3367.43,1.12,0,9,0.1764,9,3,3000.0,1200.0,0,0,0,0,12,2,NORMAL,0
14327.64,4.78,1,0,0.2414,2,3,3000.0,1200.0,0,0,0,0,49,16,SUSPICIOUS,1
5657.63,0.71,0,17,0.2426,22,4,8000.0,3200.0,0,0,0,0,12,11,NORMAL,0
472.83,0.32,1,0,0.1596,17,2,1500.0,600.0,0,0,0,0,4,12,NORMAL,0
67389.14,8.42,1,0,1.1674,9,0,8000.0,3200.0,1,1,0,1,83,83,EXTREME,1
2440.55,0.81,0,44,0.1885,9,6,3000.0,1200.0,0,0,0,0,3,8,NORMAL,0
2402.98,0.48,0,29,0.0703,11,1,5000.0,2000.0,0,0,0,0,7,1,NORMAL,0
4572.0,0.91,0,6,0.2073,20,4,5000.0,2000.0,0,0,0,0,8,12,NORMAL,0
7880.91,0.66,0,8,0.1719,17,4,12000.0,4800.0,0,0,0,0,4,7,NORMAL,0
5058.54,0.63,0,6,0.2176,22,2,8000.0,3200.0,0,0,0,0,13,8,NORMAL,0
3093.44,1.03,1,0,0.131,15,4,3000.0,1200.0,0,0,0,0,10,0,NORMAL,0
4810.61,0.96,0,15,0.1399,10,1,5000.0,2000.0,0,0,0,0,9,13,NORMAL,0
1215.55,0.81,0,2,0.2388,8,5,1500.0,600.0,0,0,0,0,15,13,NORMAL,0
3102.48,0.62,0,26,0.0512,14,0,5000.0,2000.0,0,0,0,0,8,3,NORMAL,0
4429.28,0.89,0,33,0.1044,22,1,5000.0,2000.0,0,0,0,0,7,8,NORMAL,0
12814.57,1.07,0,29,0.1994,22,0,12000.0,4800.0,0,0,0,0,3,13,NORMAL,0
6224.3,1.24,0,6,0.1798,22,6,5000.0,2000.0,0,0,0,1,10,1,NORMAL,0
8364.72,0.7,0,3,0.0573,10,4,12000.0,4800.0,0,0,0,0,10,12,NORMAL,0
23774.61,4.75,1,0,0.3434,0,2,5000.0,2000.0,0,1,0,0,11,62,SUSPICIOUS,1
54472.41,4.54,1,0,0.6135,23,1,12000.0,4800.0,1,1,0,1,92,82,EXTREME,1
1887.0,0.63,0,40,0.1672,12,2,3000.0,1200.0,0,0,0,0,2,13,NORMAL,0
10597.49,0.88,0,19,0.0474,19,1,12000.0,4800.0,0,0,0,0,15,0,NORMAL,0
1401.56,0.93,0,14,0.0587,10,1,1500.0,600.0,0,0,0,0,3,14,NORMAL,0
2352.52,0.78,0,11,0.2035,12,1,3000.0,1200.0,0,0,0,0,7,2,NORMAL,0
9982.8,1.25,0,2,0.2132,13,4,8000.0,3200.0,0,0,0,0,11,13,NORMAL,0
8553.43,1.07,0,18,0.0593,15,6,8000.0,3200.0,0,0,0,0,5,15,NORMAL,0
9616.28,3.21,1,0,0.293,19,6,3000.0,1200.0,0,0,0,1,41,9,SUSPICIOUS,1
1002.34,0.67,0,17,0.2282,15,0,1500.0,600.0,0,0,0,0,11,14,NORMAL,0
4122.96,0.82,0,5,0.2453,17,4,5000.0,2000.0,0,0,0,0,4,10,NORMAL,0
8283.46,5.52,1,0,0.3436,19,3,1500.0,600.0,0,1,0,1,19,58,SUSPICIOUS,1
2532.71,0.84,0,24,0.1353,14,4,3000.0,1200.0,0,0,0,0,3,13,NORMAL,0
1754.47,1.17,0,11,0.0579,17,0,1500.0,600.0,0,0,0,0,3,2,NORMAL,0
1681.12,1.12,1,0,0.1089,18,6,1500.0,600.0,0,0,0,0,1,5,NORMAL,0
41714.62,3.48,1,0,0.5105,4,5,12000.0,4800.0,0,0,0,1,3,48,SUSPICIOUS,1
1742.71,0.58,0,37,0.1417,14,4,3000.0,1200.0,0,0,0,0,10,15,NORMAL,0
4812.03,0.4,0,39,0.2145,10,1,12000.0,4800.0,0,0,0,0,15,0,NORMAL,0
5450.08,0.45,0,35,0.0831,12,0,12000.0,4800.0,0,0,0,0,7,3,NORMAL,0
5773.77,0.48,0,26,0.1764,7,4,12000.0,4800.0,0,0,0,0,6,14,NORMAL,0
15000.0,5.0,1,0,0.7593,17,2,3000.0,1200.0,1,1,0,0,88,92,EXTREME,1
3316.88,1.11,0,14,0.1333,15,5,3000.0,1200.0,0,0,0,0,14,7,NORMAL,0
4268.93,1.42,0,44,0.0925,15,3,3000.0,1200.0,0,0,0,0,5,9,NORMAL,0
1975.3,1.32,0,33,0.2253,7,0,1500.0,600.0,0,0,0,0,10,7,NORMAL,0
9001.6,0.75,0,15,0.2326,10,5,12000.0,4800.0,0,0,0,0,3,0,NORMAL,0
10587.56,0.88,0,16,0.1487,17,0,12000.0,4800.0,0,0,0,0,4,8,NORMAL,0
13151.56,1.1,0,23,0.1482,18,1,12000.0,4800.0,0,0,0,0,14,2,NORMAL,0
4407.36,0.88,0,17,0.0854,8,3,5000.0,2000.0,0,0,0,0,0,12,NORMAL,0
21703.91,2.71,0,3,0.3606,3,0,8000.0,3200.0,0,0,0,0,39,2,SUSPICIOUS,1
2243.48,0.45,0,3,0.1649,22,1,5000.0,2000.0,0,0,0,0,3,6,NORMAL,0
4945.9,0.62,0,6,0.2442,7,6,8000.0,3200.0,0,0,0,0,6,15,NORMAL,0
1808.09,1.21,0,36,0.1619,8,0,1500.0,600.0,0,0,0,0,9,11,NORMAL,0
2562.62,0.85,0,27,0.0783,15,3,3000.0,1200.0,0,0,0,0,9,4,NORMAL,0
7733.51,0.97,0,25,0.2246,17,0,8000.0,3200.0,0,0,0,0,13,10,NORMAL,0
12570.05,1.05,1,0,0.1905,14,3,12000.0,4800.0,0,0,0,0,14,3,NORMAL,0
2694.76,0.9,0,4,0.1705,22,4,3000.0,1200.0,0,0,0,0,0,7,NORMAL,0
5455.75,1.09,1,0,0.2455,10,4,5000.0,2000.0,0,0,0,0,13,8,NORMAL,0
5887.01,0.74,0,36,0.2038,21,2,8000.0,3200.0,0,0,1,0,9,5,NORMAL,0
1756.66,1.17,0,42,0.1159,9,2,1500.0,600.0,0,0,0,0,10,13,NORMAL,0
6710.88,4.47,1,0,0.2468,14,5,1500.0,600.0,1,0,0,1,55,19,SUSPICIOUS,1
1038.22,0.69,1,0,0.2257,9,2,1500.0,600.0,0,0,0,0,1,11,NORMAL,0
6905.05,0.86,0,3,0.1599,15,6,8000.0,3200.0,0,0,0,0,8,13,NORMAL,0
991.52,0.66,0,2,0.0484,16,0,1500.0,600.0,0,0,0,0,0,9,NORMAL,0
4700.55,0.94,0,31,0.1209,13,2,5000.0,2000.0,0,0,0,0,14,11,NORMAL,0
5915.69,1.18,0,37,0.162,11,6,5000.0,2000.0,0,0,0,0,9,12,NORMAL,0
8657.86,1.08,1,0,0.2429,8,5,8000.0,3200.0,0,0,0,0,15,10,NORMAL,0
8385.28,0.7,0,44,0.2274,19,2,12000.0,4800.0,0,0,0,0,5,11,NORMAL,0
22407.52,4.48,1,0,0.3233,1,2,5000.0,2000.0,0,0,0,0,14,2,SUSPICIOUS,1
39145.35,4.89,1,0,0.5216,14,1,8000.0,3200.0,0,0,0,1,3,7,SUSPICIOUS,1
2923.34,0.97,0,31,0.1244,8,1,3000.0,1200.0,0,0,0,0,11,9,NORMAL,0
8490.9,0.71,0,20,0.0984,20,2,12000.0,4800.0,0,0,0,0,11,5,NORMAL,0
9126.52,0.76,0,34,0.2279,9,6,12000.0,4800.0,0,0,0,0,2,7,NORMAL,0
3767.1,0.75,0,45,0.1829,22,5,5000.0,2000.0,0,0,0,0,5,14,NORMAL,0
3584.12,0.3,1,0,0.2204,16,4,12000.0,4800.0,0,0,0,0,9,0,NORMAL,0
2995.7,0.6,0,36,0.0936,19,1,5000.0,2000.0,0,0,0,0,4,9,NORMAL,0
9205.94,0.77,0,3,0.1752,22,6,12000.0,4800.0,0,0,0,0,7,15,NORMAL,0
31705.74,3.96,1,0,0.4289,3,3,8000.0,3200.0,1,0,0,0,55,49,SUSPICIOUS,1
91639.53,7.64,1,0,0.7388,17,4,12000.0,4800.0,1,1,1,0,94,79,EXTREME,1
5599.23,0.7,0,27,0.1982,9,4,8000.0,3200.0,0,0,0,0,3,6,NORMAL,0
14708.14,2.94,1,0,0.4595,3,0,5000.0,2000.0,1,0,0,0,72,40,SUSPICIOUS,1
7079.31,0.88,0,9,0.0455,18,6,8000.0,3200.0,0,0,0,0,13,6,NORMAL,0
6242.58,0.78,0,44,0.1036,15,6,8000.0,3200.0,0,0,0,0,14,15,NORMAL,0
1374.1,0.92,0,24,0.209,21,0,1500.0,600.0,0,0,0,0,4,11,NORMAL,0
5639.87,3.76,0,2,0.4471,0,5,1500.0,600.0,0,0,1,0,19,17,SUSPICIOUS,1
2481.02,0.83,0,42,0.0855,15,2,3000.0,1200.0,0,0,0,0,8,11,NORMAL,0
4636.17,0.58,0,45,0.1261,14,6,8000.0,3200.0,0,0,0,1,10,8,NORMAL,0
5387.77,1.08,1,0,0.1587,17,1,5000.0,2000.0,0,0,0,0,0,14,NORMAL,0
40367.43,5.05,1,0,0.9,22,6,8000.0,3200.0,1,1,1,1,84,85,EXTREME,1
9649.42,0.8,0,33,0.0526,15,6,12000.0,4800.0,0,0,0,1,5,13,NORMAL,0
6872.94,0.86,0,41,0.1535,12,6,8000.0,3200.0,0,0,0,0,14,13,NORMAL,0
12933.08,1.08,0,40,0.2421,16,1,12000.0,4800.0,0,0,0,0,11,1,NORMAL,0
83325.95,10.42,1,0,0.7459,7,3,8000.0,3200.0,1,1,1,0,95,94,EXTREME,1
10421.03,3.47,1,0,0.5975,1,4,3000.0,1200.0,0,0,0,1,47,13,SUSPICIOUS,0
42478.88,5.31,1,0,0.2704,0,0,8000.0,3200.0,0,1,0,1,39,79,SUSPICIOUS,1
51404.24,4.28,1,0,0.3913,0,0,12000.0,4800.0,0,1,0,0,47,59,SUSPICIOUS,1
3048.95,1.02,0,32,0.1029,12,6,3000.0,1200.0,0,0,0,0,13,5,NORMAL,0
2973.67,0.59,1,0,0.0408,19,5,5000.0,2000.0,0,0,0,0,11,3,NORMAL,0
12208.87,1.02,0,28,0.2292,8,1,12000.0,4800.0,0,0,0,0,2,3,NORMAL,0
12195.07,1.02,0,18,0.1313,18,4,12000.0,4800.0,0,0,0,0,11,3,NORMAL,0
8001.03,5.33,0,3,0.5254,0,2,1500.0,600.0,0,0,0,0,12,13,SUSPICIOUS,1
13526.56,4.51,0,1,0.423,3,5,3000.0,1200.0,1,0,0,0,53,16,SUSPICIOUS,1
5292.22,0.66,0,17,0.1044,17,0,8000.0,3200.0,0,0,0,0,7,0,NORMAL,0
4988.07,0.62,0,10,0.1836,9,3,8000.0,3200.0,0,0,0,0,6,2,NORMAL,0
3161.81,0.63,0,12,0.1291,11,2,5000.0,2000.0,0,0,0,0,9,7,NORMAL,0
8160.52,0.68,0,33,0.1637,14,5,12000.0,4800.0,0,0,0,0,8,2,NORMAL,0
60316.37,7.54,1,0,0.8051,15,2,8000.0,3200.0,1,1,0,0,95,95,EXTREME,1
1634.56,1.09,1,0,0.0438,19,5,1500.0,600.0,0,0,0,0,5,12,NORMAL,0
9055.37,1.13,0,20,0.0611,17,3,8000.0,3200.0,0,0,0,0,7,2,NORMAL,0
15000.0,10.0,1,0,0.6111,22,0,1500.0,600.0,1,1,1,1,94,95,EXTREME,1
14104.78,1.18,0,19,0.0924,14,3,12000.0,4800.0,0,0,0,0,1,5,NORMAL,0
1015.72,0.68,0,27,0.0866,18,2,1500.0,600.0,0,0,0,0,0,2,NORMAL,0
2052.67,1.37,0,3,0.2253,17,4,1500.0,600.0,0,0,0,0,9,11,NORMAL,0
980.14,0.65,0,32,0.0521,8,5,1500.0,600.0,0,0,0,0,2,14,NORMAL,0
6495.82,0.81,0,3,0.2084,14,0,8000.0,3200.0,0,0,0,0,5,3,NORMAL,0
9891.47,1.24,0,15,0.0896,22,6,8000.0,3200.0,0,0,0,0,1,2,NORMAL,0
1273.02,0.85,0,20,0.1588,20,1,1500.0,600.0,0,0,0,0,2,5,NORMAL,0
12772.13,2.55,1,0,0.2309,14,2,5000.0,2000.0,1,1,1,0,72,65,SUSPICIOUS,1
27465.52,5.49,0,2,0.2998,0,6,5000.0,2000.0,1,1,0,1,65,75,SUSPICIOUS,1
1640.89,1.09,0,23,0.051,17,5,1500.0,600.0,0,0,0,0,7,2,NORMAL,0
5744.97,1.15,0,42,0.1254,11,3,5000.0,2000.0,0,0,0,0,12,6,NORMAL,0
3819.6,0.76,0,33,0.2493,20,3,5000.0,2000.0,0,0,0,0,1,10,NORMAL,0
3578.03,0.72,0,22,0.1392,7,6,5000.0,2000.0,0,0,0,0,8,5,NORMAL,0
5653.8,1.13,0,26,0.164,15,5,5000.0,2000.0,0,0,0,0,13,3,NORMAL,0
4472.22,0.89,0,8,0.1951,12,3,5000.0,2000.0,0,0,0,0,15,3,NORMAL,0
9492.13,0.79,0,8,0.1204,18,4,12000.0,4800.0,0,0,0,0,0,2,NORMAL,0
3747.54,0.75,0,33,0.0488,12,3,5000.0,2000.0,0,0,0,0,15,12,NORMAL,0
15000.0,10.0,1,0,0.9873,2,2,1500.0,600.0,1,1,1,0,88,93,EXTREME,1
50630.13,10.13,1,0,0.999,15,6,5000.0,2000.0,1,1,0,1,100,70,EXTREME,1
5412.18,1.08,0,6,0.109,10,1,5000.0,2000.0,0,0,0,0,14,13,NORMAL,0
5935.91,0.74,0,41,0.2389,21,0,8000.0,3200.0,0,0,0,0,9,4,NORMAL,0
15622.77,1.3,0,9,0.1019,7,3,12000.0,4800.0,0,0,0,1,12,2,NORMAL,0
34976.49,4.37,0,1,0.3704,19,1,8000.0,3200.0,0,1,0,0,7,69,SUSPICIOUS,1
1221.13,0.81,0,9,0.2218,9,2,1500.0,600.0,0,0,0,0,1,0,NORMAL,0
15000.0,10.0,1,0,1.0966,11,6,1500.0,600.0,1,1,0,0,83,92,EXTREME,1
1213.09,0.81,0,32,0.1563,12,4,1500.0,600.0,0,0,0,0,9,11,NORMAL,0
56255.55,4.69,0,2,0.5197,14,3,12000.0,4800.0,0,0,0,1,40,5,SUSPICIOUS,1
1672.89,0.56,0,9,0.0944,7,5,3000.0,1200.0,0,0,0,0,4,3,NORMAL,0
2009.27,0.67,0,41,0.1419,14,1,3000.0,1200.0,0,0,0,0,13,14,NORMAL,0
767.34,0.51,0,45,0.161,12,5,1500.0,600.0,0,0,0,0,1,11,NORMAL,0
47522.95,9.5,1,0,0.9024,12,4,5000.0,2000.0,1,1,1,1,97,87,EXTREME,1
3100.86,1.03,0,27,0.2075,8,4,3000.0,1200.0,0,0,0,1,6,13,NORMAL,0
99812.84,8.32,1,0,0.519,15,6,12000.0,4800.0,1,1,1,0,81,95,EXTREME,1
992.16,0.33,0,43,0.1236,14,3,3000.0,1200.0,0,0,0,0,1,7,NORMAL,0
9494.18,0.79,0,41,0.0622,10,3,12000.0,4800.0,0,0,0,0,14,12,NORMAL,0
2836.07,0.35,0,38,0.1252,18,4,8000.0,3200.0,0,0,0,0,12,6,NORMAL,0
15695.76,5.23,1,0,0.5447,19,1,3000.0,1200.0,0,0,1,0,1,5,SUSPICIOUS,1
712.81,0.48,0,3,0.1213,15,0,1500.0,600.0,0,0,0,0,14,14,NORMAL,0
50916.74,4.24,1,0,0.5361,3,5,12000.0,4800.0,0,0,0,0,3,1,SUSPICIOUS,1
5987.82,1.2,0,34,0.1003,14,6,5000.0,2000.0,0,0,0,0,7,0,NORMAL,0
1945.25,1.3,0,22,0.2157,20,0,1500.0,600.0,0,0,0,0,15,1,NORMAL,0
1934.34,0.64,0,41,0.2073,16,2,3000.0,1200.0,0,0,0,0,14,1,NORMAL,0
8919.59,0.74,0,5,0.0952,7,1,12000.0,4800.0,0,0,0,0,15,0,NORMAL,0
5648.62,1.13,0,14,0.0409,8,2,5000.0,2000.0,0,0,0,0,1,3,NORMAL,0
56622.28,11.32,1,0,0.6627,15,1,5000.0,2000.0,1,1,0,0,97,86,EXTREME,1
12589.51,4.2,1,0,0.264,2,4,3000.0,1200.0,0,1,1,1,35,62,SUSPICIOUS,1
5843.04,1.17,0,36,0.1158,17,6,5000.0,2000.0,0,0,0,0,11,1,NORMAL,0
20692.01,4.14,1,0,0.3751,19,5,5000.0,2000.0,0,1,1,0,11,63,SUSPICIOUS,1
61339.31,5.11,1,0,0.4122,4,0,12000.0,4800.0,1,0,1,1,57,9,SUSPICIOUS,1
1409.12,0.94,0,42,0.2343,15,5,1500.0,600.0,0,0,0,0,11,2,NORMAL,0
2598.38,0.87,0,11,0.1393,11,6,3000.0,1200.0,0,0,0,0,12,8,NORMAL,0
67494.22,5.62,1,0,0.8539,4,5,12000.0,4800.0,1,1,0,0,91,75,EXTREME,1
6287.19,0.79,0,25,0.1267,20,6,8000.0,3200.0,0,0,0,0,1,14,NORMAL,0
773.6,0.52,0,15,0.168,16,4,1500.0,600.0,0,0,0,0,2,4,NORMAL,0
6729.33,4.49,0,2,0.4314,3,3,1500.0,600.0,1,1,1,0,62,52,SUSPICIOUS,1
47719.35,9.54,1,0,0.8769,8,2,5000.0,2000.0,1,1,0,1,93,87,EXTREME,1
6399.31,0.53,0,8,0.2324,19,5,12000.0,4800.0,0,0,0,0,7,3,NORMAL,0
11516.0,0.96,0,28,0.204,14,5,12000.0,4800.0,0,0,0,0,1,4,NORMAL,0
10027.1,3.34,1,0,0.4073,3,0,3000.0,1200.0,0,0,1,0,12,49,SUSPICIOUS,0
12704.42,4.23,1,0,0.2097,4,1,3000.0,1200.0,0,0,0,0,17,12,SUSPICIOUS,1
911.11,0.61,0,43,0.0721,8,5,1500.0,600.0,0,0,0,0,5,14,NORMAL,0
15382.66,1.28,0,29,0.0825,7,2,12000.0,4800.0,0,0,0,0,6,15,NORMAL,0
62534.43,5.21,0,1,0.2805,0,4,12000.0,4800.0,0,0,0,0,40,18,SUSPICIOUS,1
7033.66,0.88,1,0,0.1844,18,0,8000.0,3200.0,0,0,0,0,12,4,NORMAL,0
4228.82,0.53,0,27,0.1367,12,4,8000.0,3200.0,0,0,0,0,2,13,NORMAL,0
1398.79,0.93,1,0,0.2028,19,6,1500.0,600.0,0,0,0,0,2,5,NORMAL,0
1939.49,0.65,0,36,0.1811,19,2,3000.0,1200.0,0,0,0,0,0,13,NORMAL,0
6068.65,0.76,0,12,0.1726,10,5,8000.0,3200.0,0,0,1,0,14,14,NORMAL,0
32616.11,2.72,1,0,0.4235,0,4,12000.0,4800.0,1,0,1,0,57,8,SUSPICIOUS,1
11712.81,0.98,1,0,0.2122,15,4,12000.0,4800.0,0,0,0,0,7,6,NORMAL,0
41567.45,8.31,1,0,1.1344,14,5,5000.0,2000.0,1,1,1,1,100,74,EXTREME,1
2221.7,0.74,1,0,0.2491,7,3,3000.0,1200.0,0,0,0,0,13,13,NORMAL,0
10745.97,0.9,0,32,0.1734,16,1,12000.0,4800.0,0,0,0,1,0,15,NORMAL,0
22683.16,7.56,1,0,0.5384,20,6,3000.0,1200.0,1,1,0,1,90,92,EXTREME,1
1030.57,0.69,0,35,0.1508,7,2,1500.0,600.0,0,0,0,0,2,10,NORMAL,0
69919.18,5.83,1,0,0.4527,19,1,12000.0,4800.0,0,0,0,0,9,3,SUSPICIOUS,1
6071.79,0.76,0,19,0.1409,15,5,8000.0,3200.0,0,0,0,0,8,7,NORMAL,0
11674.34,0.97,0,16,0.1917,8,2,12000.0,4800.0,0,0,0,0,15,13,NORMAL,0
3963.65,0.79,0,30,0.1494,19,2,5000.0,2000.0,0,0,0,0,0,3,NORMAL,0
9405.18,1.18,0,10,0.0645,22,4,8000.0,3200.0,0,0,0,0,10,13,NORMAL,0
4422.08,0.88,0,21,0.0714,17,4,5000.0,2000.0,0,0,0,0,13,12,NORMAL,0
106281.74,8.86,1,0,1.1952,5,1,12000.0,4800.0,1,1,0,1,93,85,EXTREME,1
4269.19,2.85,0,2,0.2417,2,3,1500.0,600.0,0,1,0,0,7,74,SUSPICIOUS,1
7756.81,0.65,0,14,0.2152,19,1,12000.0,4800.0,0,0,0,0,4,11,NORMAL,0
14702.53,1.23,0,13,0.1582,20,0,12000.0,4800.0,0,0,0,0,1,7,NORMAL,0
23724.94,4.74,1,0,0.5656,3,3,5000.0,2000.0,0,0,1,1,2,18,SUSPICIOUS,1
27045.52,9.02,1,0,0.4033,12,0,3000.0,1200.0,1,1,1,0,81,93,EXTREME,1
5542.66,0.69,0,26,0.1737,8,4,8000.0,3200.0,0,0,0,0,13,2,NORMAL,0
2345.6,0.2,0,7,0.0413,10,3,12000.0,4800.0,0,0,0,0,12,11,NORMAL,0
4418.99,0.88,0,21,0.2365,14,0,5000.0,2000.0,0,0,0,0,1,3,NORMAL,0
3842.21,0.77,0,10,0.1775,22,5,5000.0,2000.0,0,0,0,1,9,5,NORMAL,0
4881.67,0.98,0,10,0.1114,21,5,5000.0,2000.0,0,0,0,0,6,1,NORMAL,0
2945.88,0.98,0,27,0.1184,19,4,3000.0,1200.0,0,0,0,0,3,1,NORMAL,0
6049.98,0.5,0,27,0.1977,9,6,12000.0,4800.0,0,0,0,0,3,15,NORMAL,0
5377.16,1.08,1,0,0.0708,8,0,5000.0,2000.0,0,0,0,0,13,8,NORMAL,0
45428.36,5.68,1,0,0.324,4,6,8000.0,3200.0,0,1,0,0,10,67,SUSPICIOUS,1
1110.11,0.74,0,14,0.0997,22,5,1500.0,600.0,0,0,0,0,8,2,NORMAL,0
24200.3,8.07,1,0,0.9609,11,1,3000.0,1200.0,1,1,0,1,97,87,EXTREME,1
8413.73,0.7,0,37,0.1436,17,4,12000.0,4800.0,0,0,0,0,5,1,NORMAL,0
3908.94,0.78,0,12,0.2421,12,6,5000.0,2000.0,0,0,0,0,7,1,NORMAL,0
5462.72,1.09,0,3,0.2312,14,5,5000.0,2000.0,0,0,0,0,4,15,NORMAL,0
2366.84,0.47,0,11,0.1646,16,2,5000.0,2000.0,0,0,0,0,14,13,NORMAL,0
2994.64,0.6,0,5,0.1019,22,3,5000.0,2000.0,0,0,0,0,4,8,NORMAL,0
3377.17,0.68,0,32,0.0716,13,5,5000.0,2000.0,0,0,0,1,9,3,NORMAL,0
7048.35,0.88,0,44,0.2228,7,0,8000.0,3200.0,0,0,0,0,14,9,NORMAL,0
9695.1,0.81,0,38,0.092,19,5,12000.0,4800.0,0,0,0,0,8,4,NORMAL,0
7998.21,1.0,0,24,0.2417,22,6,8000.0,3200.0,0,0,0,0,1,5,NORMAL,0
956.35,0.64,0,25,0.1386,9,2,1500.0,600.0,0,0,0,0,8,7,NORMAL,0
5834.03,0.73,0,9,0.1766,14,2,8000.0,3200.0,0,0,0,0,6,8,NORMAL,0
39369.75,4.92,1,0,0.208,3,0,8000.0,3200.0,0,1,0,1,7,79,SUSPICIOUS,1
2657.64,0.33,0,43,0.2324,17,4,8000.0,3200.0,0,0,0,0,0,15,NORMAL,0
1647.5,1.1,0,12,0.0554,10,6,1500.0,600.0,0,0,0,0,2,5,NORMAL,0
849.09,0.57,0,34,0.0565,15,2,1500.0,600.0,0,0,0,0,15,6,NORMAL,0
21451.78,2.68,1,0,0.5423,19,0,8000.0,3200.0,0,0,0,1,20,20,SUSPICIOUS,0
12159.74,4.05,1,0,0.3021,3,1,3000.0,1200.0,1,1,0,1,63,71,SUSPICIOUS,1
4730.92,0.59,1,0,0.1478,14,3,8000.0,3200.0,0,0,0,0,15,15,NORMAL,0
2336.78,0.78,0,41,0.1313,13,3,3000.0,1200.0,0,0,0,0,3,9,NORMAL,0
12460.21,1.04,0,16,0.2462,18,3,12000.0,4800.0,0,0,0,0,4,5,NORMAL,0
10913.28,0.91,1,0,0.1281,18,0,12000.0,4800.0,0,0,0,0,10,10,NORMAL,0
4808.1,0.6,0,36,0.2145,22,0,8000.0,3200.0,0,0,0,0,11,10,NORMAL,0
3605.43,1.2,1,0,0.176,14,0,3000.0,1200.0,0,0,0,0,6,9,NORMAL,0
6343.81,0.79,0,41,0.2147,10,6,8000.0,3200.0,0,0,0,0,14,12,NORMAL,0
1957.83,1.31,0,3,0.205,12,3,1500.0,600.0,0,0,0,0,13,9,NORMAL,0
28036.59,5.61,0,3,0.5661,19,0,5000.0,2000.0,0,0,0,1,11,48,SUSPICIOUS,1
1436.74,0.96,0,28,0.0806,7,2,1500.0,600.0,0,0,0,0,6,15,NORMAL,0
13191.8,1.1,0,37,0.1382,12,5,12000.0,4800.0,0,0,0,0,15,9,NORMAL,0
3436.42,1.15,0,34,0.182,22,2,3000.0,1200.0,0,0,0,0,6,2,NORMAL,0
3470.46,1.16,0,15,0.1532,11,6,3000.0,1200.0,0,0,0,0,0,14,NORMAL,0
821.19,0.55,0,43,0.103,15,6,1500.0,600.0,0,0,0,0,3,12,NORMAL,0
13396.13,1.12,0,43,0.1207,15,5,12000.0,4800.0,0,0,1,0,6,8,NORMAL,0
2356.47,0.79,0,30,0.2377,9,6,3000.0,1200.0,0,0,0,0,11,14,NORMAL,0
65788.32,8.22,1,0,0.4044,14,0,8000.0,3200.0,1,1,1,0,90,91,EXTREME,1
4960.23,0.99,1,0,0.2307,7,1,5000.0,2000.0,0,0,0,0,2,13,NORMAL,0
5407.96,0.68,0,8,0.0975,18,3,8000.0,3200.0,0,0,0,0,13,2,NORMAL,0
39216.31,4.9,0,1,0.488,0,5,8000.0,3200.0,1,0,1,1,52,2,SUSPICIOUS,1
2720.97,0.54,0,26,0.1858,21,2,5000.0,2000.0,0,0,0,0,13,12,NORMAL,0
3618.47,1.21,0,39,0.175,22,2,3000.0,1200.0,0,0,0,0,2,1,NORMAL,0
3298.02,0.66,0,11,0.0907,8,4,5000.0,2000.0,0,0,0,0,9,13,NORMAL,0
3867.48,0.77,0,42,0.0449,20,6,5000.0,2000.0,0,0,0,0,3,12,NORMAL,0
10184.69,1.27,0,2,0.1076,16,1,8000.0,3200.0,0,0,0,0,0,15,NORMAL,0
7088.65,0.89,0,14,0.0531,19,0,8000.0,3200.0,0,0,0,0,11,1,NORMAL,0
1144.44,0.76,0,9,0.1234,8,1,1500.0,600.0,0,0,0,0,13,14,NORMAL,0
4156.34,0.83,0,31,0.178,22,3,5000.0,2000.0,0,0,0,0,13,6,NORMAL,0
36496.34,7.3,1,0,0.4258,19,3,5000.0,2000.0,1,1,1,0,81,87,EXTREME,1
8280.74,5.52,1,0,0.5451,3,0,1500.0,600.0,1,1,0,0,66,59,SUSPICIOUS,1
13559.06,1.13,0,34,0.0722,13,3,12000.0,4800.0,0,0,0,0,11,12,NORMAL,0
11049.16,0.92,0,13,0.1339,15,4,12000.0,4800.0,0,0,1,0,5,7,NORMAL,0
1282.35,0.85,0,30,0.0536,17,2,1500.0,600.0,0,0,0,0,15,10,NORMAL,0
15748.95,10.5,1,0,0.5555,6,3,1500.0,600.0,1,1,0,1,94,74,EXTREME,1
3246.96,0.65,0,35,0.2431,15,0,5000.0,2000.0,0,0,0,0,5,5,NORMAL,0
7954.5,0.99,0,40,0.1749,10,5,8000.0,3200.0,0,0,0,0,7,14,NORMAL,0
6731.47,4.49,1,0,0.2671,3,5,1500.0,600.0,1,1,0,0,71,55,SUSPICIOUS,1
2054.33,0.68,0,43,0.2142,9,2,3000.0,1200.0,0,0,0,0,3,2,NORMAL,0
8142.98,0.68,0,3,0.0979,21,4,12000.0,4800.0,0,0,0,0,1,9,NORMAL,0
40992.22,3.42,0,3,0.5222,1,2,12000.0,4800.0,0,0,0,0,49,4,SUSPICIOUS,1
1582.61,1.06,0,45,0.0737,8,0,1500.0,600.0,0,0,0,0,13,1,NORMAL,0
8613.23,0.72,1,0,0.2419,16,2,12000.0,4800.0,0,0,0,0,2,13,NORMAL,0
5816.24,0.73,1,0,0.1402,21,5,8000.0,3200.0,0,0,0,1,4,8,NORMAL,0
291.04,0.04,1,0,0.2435,17,5,8000.0,3200.0,0,0,0,0,11,4,NORMAL,0
5744.32,1.15,0,32,0.1418,17,5,5000.0,2000.0,0,0,0,1,15,5,NORMAL,0
1384.58,0.46,1,0,0.0575,9,5,3000.0,1200.0,0,0,0,0,13,2,NORMAL,0
14899.53,1.24,0,11,0.1841,16,5,12000.0,4800.0,0,0,0,0,14,13,NORMAL,0
41360.19,3.45,0,2,0.5455,3,1,12000.0,4800.0,0,0,1,1,2,42,SUSPICIOUS,0
26507.35,3.31,1,0,0.4491,2,1,8000.0,3200.0,1,0,1,0,66,15,SUSPICIOUS,1
27380.84,5.48,1,0,0.4025,3,4,5000.0,2000.0,0,0,1,0,11,8,SUSPICIOUS,1
11392.19,0.95,0,7,0.0906,7,0,12000.0,4800.0,0,0,0,0,3,10,NORMAL,0
5305.09,0.66,0,8,0.1812,18,6,8000.0,3200.0,0,0,0,0,3,6,NORMAL,0
4114.83,0.82,0,17,0.073,13,3,5000.0,2000.0,0,0,0,0,11,0,NORMAL,0
26781.97,3.35,1,0,0.5589,23,1,8000.0,3200.0,0,1,1,1,7,55,SUSPICIOUS,0
13536.3,1.13,0,32,0.2062,20,2,12000.0,4800.0,0,0,0,0,13,5,NORMAL,0
11424.75,3.81,1,0,0.4838,23,6,3000.0,1200.0,1,1,0,1,68,59,SUSPICIOUS,1
4008.37,0.8,1,0,0.2202,12,4,5000.0,2000.0,0,0,0,0,12,5,NORMAL,0
79903.86,9.99,1,0,0.8612,23,5,8000.0,3200.0,1,1,0,0,94,70,EXTREME,1
3653.69,1.22,0,25,0.2225,21,5,3000.0,1200.0,0,0,1,0,6,12,NORMAL,0
4977.97,1.0,0,45,0.0685,11,6,5000.0,2000.0,0,0,0,0,6,2,NORMAL,0
4895.33,0.98,0,6,0.0577,13,6,5000.0,2000.0,0,0,0,0,4,14,NORMAL,0
2927.45,0.98,0,8,0.2142,16,3,3000.0,1200.0,0,0,0,0,15,10,NORMAL,0
51391.6,4.28,1,0,0.2846,19,0,12000.0,4800.0,1,0,0,1,63,18,SUSPICIOUS,1
8274.06,5.52,1,0,0.5397,3,4,1500.0,600.0,1,0,0,0,72,44,SUSPICIOUS,1
2524.0,0.84,0,41,0.122,17,3,3000.0,1200.0,0,0,0,0,11,6,NORMAL,0
8885.08,1.11,0,20,0.1098,12,5,8000.0,3200.0,0,0,0,0,10,12,NORMAL,0
1448.69,0.97,0,44,0.0832,15,6,1500.0,600.0,0,0,0,0,13,8,NORMAL,0
13674.91,4.56,1,0,0.3547,3,4,3000.0,1200.0,0,1,1,0,39,64,SUSPICIOUS,1
8374.52,0.7,0,43,0.0825,15,2,12000.0,4800.0,0,0,0,0,2,1,NORMAL,0
7176.4,0.6,0,11,0.1694,9,3,12000.0,4800.0,0,0,1,0,4,12,NORMAL,0
6224.19,0.78,0,33,0.2069,10,6,8000.0,3200.0,0,0,0,0,1,7,NORMAL,0
1366.89,0.91,0,40,0.1099,20,1,1500.0,600.0,0,0,0,0,10,1,NORMAL,0
6242.72,1.25,1,0,0.085,12,4,5000.0,2000.0,0,0,0,0,0,12,NORMAL,0
1313.83,0.88,0,2,0.1367,16,4,1500.0,600.0,0,0,0,1,5,6,NORMAL,0
34317.48,4.29,1,0,0.3335,4,2,8000.0,3200.0,0,1,1,1,8,71,SUSPICIOUS,1
1024.31,0.34,0,33,0.2487,20,1,3000.0,1200.0,0,0,0,0,7,2,NORMAL,0
32302.51,2.69,1,0,0.405,4,5,12000.0,4800.0,1,0,0,0,72,18,SUSPICIOUS,1
4315.5,0.54,0,18,0.0771,10,4,8000.0,3200.0,0,0,0,0,1,2,NORMAL,0
5791.4,0.72,0,12,0.1657,14,0,8000.0,3200.0,0,0,0,0,3,5,NORMAL,0
5584.35,0.7,0,2,0.0856,11,5,8000.0,3200.0,0,0,0,0,6,3,NORMAL,0
791.44,0.53,0,3,0.1048,14,6,1500.0,600.0,0,0,0,0,4,15,NORMAL,0
10375.35,0.86,1,0,0.0567,17,4,12000.0,4800.0,0,0,0,1,5,0,NORMAL,0
14536.1,2.91,1,0,0.5462,2,3,5000.0,2000.0,1,1,1,1,71,76,SUSPICIOUS,1
1442.72,0.96,1,0,0.2288,9,3,1500.0,600.0,0,0,0,0,5,10,NORMAL,0
2544.01,0.85,0,36,0.177,9,1,3000.0,1200.0,0,0,0,0,14,1,NORMAL,0
10813.24,0.9,0,7,0.2148,16,0,12000.0,4800.0,0,0,0,0,2,8,NORMAL,0
1957.37,0.65,0,4,0.2365,22,1,3000.0,1200.0,0,0,1,0,15,5,NORMAL,0
21942.62,4.39,1,0,0.9704,17,0,5000.0,2000.0,1,1,0,1,93,93,EXTREME,1
16502.08,3.3,0,2,0.2109,14,5,5000.0,2000.0,0,0,1,0,43,44,SUSPICIOUS,1
46274.12,5.78,1,0,0.2142,23,5,8000.0,3200.0,1,1,0,1,56,54,SUSPICIOUS,1
32407.64,4.05,1,0,0.5459,2,2,8000.0,3200.0,0,1,0,0,15,80,SUSPICIOUS,1
9052.7,1.13,0,17,0.0897,8,1,8000.0,3200.0,0,0,0,0,12,7,NORMAL,0
39220.61,7.84,1,0,0.5605,19,0,5000.0,2000.0,1,1,0,1,98,80,EXTREME,1
1215.97,0.81,1,0,0.1561,10,3,1500.0,600.0,0,0,0,0,4,12,NORMAL,0
37220.98,7.44,1,0,0.5929,3,2,5000.0,2000.0,1,1,1,0,92,81,EXTREME,1
438.63,0.29,0,18,0.2014,18,6,1500.0,600.0,0,0,0,0,11,9,NORMAL,0
3960.6,1.32,1,0,0.1454,7,1,3000.0,1200.0,0,0,1,0,6,5,NORMAL,0
4326.29,0.87,0,35,0.155,7,3,5000.0,2000.0,0,0,0,0,0,3,NORMAL,0
666.58,0.44,0,23,0.0652,12,3,1500.0,600.0,0,0,0,0,14,15,NORMAL,0
2887.21,0.58,0,27,0.176,11,5,5000.0,2000.0,0,0,0,0,9,6,NORMAL,0
4072.19,0.81,0,42,0.1572,22,6,5000.0,2000.0,0,0,0,1,5,0,NORMAL,0
71121.34,5.93,1,0,0.212,3,3,12000.0,4800.0,0,1,0,0,10,71,SUSPICIOUS,1
3511.23,0.7,0,11,0.1917,22,0,5000.0,2000.0,0,0,0,0,14,9,NORMAL,0
4800.07,0.96,0,25,0.1146,8,0,5000.0,2000.0,0,0,0,0,4,0,NORMAL,0
3758.27,0.75,0,14,0.2445,20,2,5000.0,2000.0,0,0,0,0,4,14,NORMAL,0
1978.19,0.66,0,7,0.048,7,4,3000.0,1200.0,0,0,0,0,5,8,NORMAL,0
15000.0,10.0,1,0,0.7445,9,3,1500.0,600.0,1,1,0,0,81,74,EXTREME,1
6247.98,0.78,0,33,0.0524,20,0,8000.0,3200.0,0,0,0,0,5,5,NORMAL,0
2295.69,0.77,0,7,0.0795,9,3,3000.0,1200.0,0,0,0,0,13,5,NORMAL,0
9256.76,0.77,0,6,0.1433,15,5,12000.0,4800.0,0,0,0,0,1,3,NORMAL,0
3608.87,0.45,0,24,0.202,15,4,8000.0,3200.0,0,0,0,0,5,3,NORMAL,0
1365.28,0.46,0,41,0.196,10,0,3000.0,1200.0,0,0,0,0,5,13,NORMAL,0
5617.4,0.7,0,10,0.2106,19,2,8000.0,3200.0,0,0,0,0,12,8,NORMAL,0
4315.64,0.54,0,31,0.1566,18,3,8000.0,3200.0,0,0,0,0,5,10,NORMAL,0
3843.9,0.77,1,0,0.1829,16,1,5000.0,2000.0,0,0,0,1,4,11,NORMAL,0
12176.81,1.01,0,12,0.1481,10,0,12000.0,4800.0,0,0,0,0,4,11,NORMAL,0
1681.81,1.12,0,35,0.182,11,2,1500.0,600.0,0,0,1,0,10,4,NORMAL,0
12155.13,1.01,0,23,0.2149,10,4,12000.0,4800.0,0,0,0,0,3,1,NORMAL,0
2485.79,0.83,0,4,0.2185,17,1,3000.0,1200.0,0,0,0,0,0,13,NORMAL,0
11599.34,0.97,0,5,0.0877,16,0,12000.0,4800.0,0,0,0,0,3,13,NORMAL,0
6558.98,0.82,0,6,0.1622,10,5,8000.0,3200.0,0,0,1,0,0,10,NORMAL,0
15000.0,10.0,1,0,0.428,11,3,1500.0,600.0,1,1,1,0,89,94,EXTREME,1
20979.96,4.2,1,0,0.7492,3,2,5000.0,2000.0,1,1,1,0,87,86,EXTREME,1
2245.43,0.75,0,21,0.0916,17,5,3000.0,1200.0,0,0,0,0,11,13,NORMAL,0
5433.94,0.45,0,41,0.0743,19,1,12000.0,4800.0,0,0,0,0,13,7,NORMAL,0
2214.59,0.74,0,16,0.1427,8,1,3000.0,1200.0,0,0,0,0,2,1,NORMAL,0
2088.63,0.42,0,8,0.234,15,0,5000.0,2000.0,0,0,0,0,7,9,NORMAL,0
34514.17,4.31,0,1,0.5797,19,3,8000.0,3200.0,0,1,0,1,17,80,SUSPICIOUS,1
26681.12,5.34,1,0,0.4332,19,6,5000.0,2000.0,1,1,0,1,52,55,SUSPICIOUS,1
5893.87,1.18,0,15,0.1371,8,0,5000.0,2000.0,0,0,0,0,6,2,NORMAL,0
23002.84,4.6,1,0,0.6756,21,3,5000.0,2000.0,1,1,1,0,83,95,EXTREME,1
9369.18,1.17,0,8,0.1955,16,3,8000.0,3200.0,0,0,1,0,12,5,NORMAL,0
8672.11,1.08,0,16,0.1939,16,0,8000.0,3200.0,0,0,0,0,8,10,NORMAL,0
8353.87,1.04,0,30,0.2296,13,0,8000.0,3200.0,0,0,0,0,3,12,NORMAL,0
2060.29,0.69,0,16,0.1394,7,0,3000.0,1200.0,0,0,0,0,8,7,NORMAL,0
22072.64,4.41,1,0,0.4028,1,3,5000.0,2000.0,1,1,0,0,62,73,SUSPICIOUS,1
3562.76,0.71,0,34,0.1836,8,6,5000.0,2000.0,0,0,0,0,4,9,NORMAL,0
1612.26,0.54,0,12,0.1308,21,1,3000.0,1200.0,0,0,1,0,8,12,NORMAL,0
10832.45,0.9,0,29,0.2152,9,2,12000.0,4800.0,0,0,0,0,6,2,NORMAL,0
1716.17,0.57,0,39,0.195,7,2,3000.0,1200.0,0,0,0,1,10,0,NORMAL,0
123563.0,10.3,1,0,0.5839,18,0,12000.0,4800.0,1,1,1,0,100,72,EXTREME,1
3042.03,0.61,0,32,0.0815,20,4,5000.0,2000.0,0,0,0,0,3,6,NORMAL,0
38171.31,4.77,0,1,0.4543,1,4,8000.0,3200.0,1,0,1,0,57,18,SUSPICIOUS,1
12523.74,1.04,0,13,0.0586,19,3,12000.0,4800.0,0,0,0,0,2,13,NORMAL,0
10737.34,0.89,0,32,0.1994,21,3,12000.0,4800.0,0,0,0,0,0,4,NORMAL,0
1767.03,1.18,0,28,0.2318,15,4,1500.0,600.0,0,0,0,0,2,0,NORMAL,0
13008.31,1.08,1,0,0.141,9,1,12000.0,4800.0,0,0,0,0,7,14,NORMAL,0
9958.11,0.83,0,42,0.1591,8,6,12000.0,4800.0,0,0,0,0,4,5,NORMAL,0
34049.04,2.84,1,0,0.3393,23,1,12000.0,4800.0,0,0,1,0,13,49,SUSPICIOUS,1
8399.22,1.05,0,21,0.211,20,0,8000.0,3200.0,0,0,0,0,2,10,NORMAL,0
2362.97,0.79,0,5,0.2117,19,3,3000.0,1200.0,0,0,0,0,0,2,NORMAL,0
4473.91,0.56,1,0,0.0578,9,6,8000.0,3200.0,0,0,0,0,4,0,NORMAL,0
3646.69,1.22,1,0,0.158,20,1,3000.0,1200.0,0,0,0,0,9,14,NORMAL,0
2332.16,0.78,0,30,0.1544,20,5,3000.0,1200.0,0,0,0,0,2,15,NORMAL,0
3625.73,1.21,0,31,0.2435,7,5,3000.0,1200.0,0,0,0,0,13,6,NORMAL,0
4605.94,0.92,0,17,0.1256,8,3,5000.0,2000.0,0,0,0,0,11,15,NORMAL,0
13345.2,1.11,0,43,0.0861,20,3,12000.0,4800.0,0,0,0,0,7,7,NORMAL,0
4148.67,0.83,0,7,0.2303,15,2,5000.0,2000.0,0,0,0,0,7,10,NORMAL,0
7936.55,0.99,0,25,0.1582,15,2,8000.0,3200.0,0,0,0,0,7,13,NORMAL,0
13459.14,1.12,0,14,0.1324,16,4,12000.0,4800.0,0,0,0,0,5,6,NORMAL,0
5801.72,0.73,1,0,0.0674,15,2,8000.0,3200.0,0,0,0,0,0,5,NORMAL,0
9194.34,1.15,0,11,0.0653,22,6,8000.0,3200.0,0,0,0,0,5,10,NORMAL,0
7065.49,0.59,0,27,0.1994,7,1,12000.0,4800.0,0,0,0,0,14,13,NORMAL,0
6479.9,1.3,1,0,0.2151,7,2,5000.0,2000.0,0,0,0,0,6,15,NORMAL,0
7094.6,0.89,0,37,0.2369,19,2,8000.0,3200.0,0,0,1,0,10,3,NORMAL,0
6977.27,4.65,1,0,0.5672,0,6,1500.0,600.0,1,1,0,1,67,53,SUSPICIOUS,1
42767.6,3.56,1,0,0.3884,23,4,12000.0,4800.0,1,0,0,0,57,2,SUSPICIOUS,1
5439.01,0.68,0,22,0.1397,19,1,8000.0,3200.0,0,0,0,0,4,2,NORMAL,0
38749.87,4.84,0,2,0.3577,23,2,8000.0,3200.0,1,0,1,0,68,9,SUSPICIOUS,1
1260.02,0.84,0,29,0.2349,10,3,1500.0,600.0,0,0,0,0,2,10,NORMAL,0
8872.4,1.11,0,12,0.1016,18,3,8000.0,3200.0,0,0,0,0,14,2,NORMAL,0
30219.53,10.07,1,0,1.1169,12,6,3000.0,1200.0,1,1,1,1,99,84,EXTREME,1
17100.0,3.42,0,2,0.4226,4,6,5000.0,2000.0,0,1,1,0,13,52,SUSPICIOUS,1
3358.16,0.67,0,39,0.24,19,3,5000.0,2000.0,0,0,0,0,1,3,NORMAL,0
5680.16,0.47,0,20,0.0627,7,1,12000.0,4800.0,0,0,0,0,13,7,NORMAL,0
5074.57,1.01,0,10,0.2084,19,0,5000.0,2000.0,0,0,0,0,7,14,NORMAL,0
2232.9,0.74,0,40,0.0837,7,4,3000.0,1200.0,0,0,0,0,9,9,NORMAL,0
2184.48,0.73,1,0,0.0814,17,2,3000.0,1200.0,0,0,0,0,14,0,NORMAL,0
2968.17,0.59,0,37,0.1419,14,0,5000.0,2000.0,0,0,0,0,12,6,NORMAL,0
11438.0,0.95,0,30,0.1865,18,0,12000.0,4800.0,0,0,0,0,1,9,NORMAL,0
7375.4,0.92,0,26,0.2493,18,6,8000.0,3200.0,0,0,0,0,6,4,NORMAL,0
13411.74,1.12,0,15,0.1383,20,3,12000.0,4800.0,0,0,0,0,10,10,NORMAL,0
7997.55,5.33,1,0,0.4419,23,2,1500.0,600.0,0,1,0,0,5,79,SUSPICIOUS,1
4143.69,0.83,0,35,0.069,21,3,5000.0,2000.0,0,0,0,0,8,3,NORMAL,0
8439.48,1.05,0,36,0.1494,19,4,8000.0,3200.0,0,0,0,0,0,15,NORMAL,0
8931.23,5.95,1,0,0.4157,3,2,1500.0,600.0,1,0,0,0,74,43,SUSPICIOUS,1
4005.66,0.8,0,13,0.1362,21,1,5000.0,2000.0,0,0,0,0,11,9,NORMAL,0
7380.52,0.92,0,6,0.0528,17,2,8000.0,3200.0,0,0,0,0,14,5,NORMAL,0
467.52,0.31,0,7,0.2231,14,4,1500.0,600.0,0,0,0,1,3,8,NORMAL,0
8237.31,1.03,0,37,0.2375,7,1,8000.0,3200.0,0,0,0,0,10,13,NORMAL,0
1434.77,0.96,0,3,0.1576,18,4,1500.0,600.0,0,0,0,0,15,15,NORMAL,0
10155.58,1.27,0,8,0.0802,13,6,8000.0,3200.0,0,0,0,0,5,10,NORMAL,0
7730.37,0.64,0,32,0.1852,16,6,12000.0,4800.0,0,0,0,0,12,7,NORMAL,0
6369.3,0.8,1,0,0.1247,20,3,8000.0,3200.0,0,0,0,0,14,13,NORMAL,0
30374.49,10.12,1,0,0.7139,17,0,3000.0,1200.0,1,1,0,1,87,70,EXTREME,1
40308.84,5.04,1,0,0.9479,19,4,8000.0,3200.0,1,1,1,1,93,79,EXTREME,1
8785.91,1.1,0,19,0.1591,21,0,8000.0,3200.0,0,0,0,0,10,7,NORMAL,0
2557.98,0.85,0,38,0.1765,16,0,3000.0,1200.0,0,0,0,0,4,3,NORMAL,0
8501.54,5.67,1,0,0.5391,2,6,1500.0,600.0,1,0,1,1,50,16,SUSPICIOUS,1
774.0,0.52,0,39,0.0742,7,2,1500.0,600.0,0,0,0,0,7,12,NORMAL,0
5105.56,1.02,0,29,0.17,8,0,5000.0,2000.0,0,0,0,0,2,5,NORMAL,0
3723.5,0.74,0,21,0.0431,15,0,5000.0,2000.0,0,0,0,0,10,14,NORMAL,0
1725.81,0.58,0,35,0.1276,9,5,3000.0,1200.0,0,0,0,0,5,15,NORMAL,0
12262.28,1.02,0,14,0.2089,14,1,12000.0,4800.0,0,0,0,0,10,13,NORMAL,0
3217.54,1.07,1,0,0.1558,15,6,3000.0,1200.0,0,0,0,0,10,14,NORMAL,0
44326.61,5.54,1,0,0.5779,23,0,8000.0,3200.0,0,1,1,0,9,53,SUSPICIOUS,1
5585.48,0.7,0,44,0.0779,20,2,8000.0,3200.0,0,0,0,0,4,6,NORMAL,0
5710.21,1.14,0,25,0.0991,9,1,5000.0,2000.0,0,0,0,0,1,7,NORMAL,0
7544.55,0.94,0,13,0.1315,16,5,8000.0,3200.0,0,0,0,0,1,2,NORMAL,0
10987.58,0.92,0,34,0.2286,10,2,12000.0,4800.0,0,0,0,0,6,10,NORMAL,0
2119.54,0.42,0,23,0.1722,20,1,5000.0,2000.0,0,0,0,0,13,0,NORMAL,0
1372.18,0.91,0,17,0.2043,16,5,1500.0,600.0,0,0,0,0,14,10,NORMAL,0
3644.17,0.73,0,31,0.1813,9,4,5000.0,2000.0,0,0,0,0,10,0,NORMAL,0
1481.91,0.49,0,5,0.1992,17,6,3000.0,1200.0,0,0,0,0,8,13,NORMAL,0
1103.85,0.74,0,3,0.179,20,0,1500.0,600.0,0,0,0,0,3,11,NORMAL,0
10184.66,1.27,0,17,0.206,14,0,8000.0,3200.0,0,0,0,0,10,8,NORMAL,0
3221.81,0.27,0,19,0.2273,11,4,12000.0,4800.0,0,0,0,1,0,10,NORMAL,0
9676.55,0.81,0,15,0.0626,18,0,12000.0,4800.0,0,0,0,0,15,15,NORMAL,0
5501.91,1.1,0,39,0.0457,8,1,5000.0,2000.0,0,0,0,0,8,6,NORMAL,0
4784.29,1.59,0,11,0.0453,17,5,3000.0,1200.0,0,0,0,0,11,11,NORMAL,0
6577.41,0.82,0,34,0.1033,22,2,8000.0,3200.0,0,0,0,0,12,11,NORMAL,0
16260.16,5.42,0,3,0.2972,4,1,3000.0,1200.0,1,0,0,0,72,2,SUSPICIOUS,1
5186.6,1.04,0,37,0.1324,12,6,5000.0,2000.0,0,0,0,0,0,10,NORMAL,0
71255.9,5.94,1,0,0.7566,6,0,12000.0,4800.0,1,1,0,0,82,87,EXTREME,1
3503.15,0.7,0,39,0.22,16,3,5000.0,2000.0,0,0,0,0,0,14,NORMAL,0
5072.27,0.63,0,22,0.1826,19,5,8000.0,3200.0,0,0,0,0,14,0,NORMAL,0
22783.37,2.85,1,0,0.4555,19,2,8000.0,3200.0,1,1,0,1,56,77,SUSPICIOUS,1
2232.7,0.74,1,0,0.1117,11,0,3000.0,1200.0,0,0,0,0,8,12,NORMAL,0
1419.74,0.95,0,20,0.0837,7,5,1500.0,600.0,0,0,0,0,12,8,NORMAL,0
4446.71,0.56,0,12,0.0487,16,5,8000.0,3200.0,0,0,1,0,8,8,NORMAL,0
1058.21,0.71,0,7,0.2309,7,0,1500.0,600.0,0,0,0,0,2,5,NORMAL,0
6283.98,0.79,0,13,0.1682,9,5,8000.0,3200.0,0,0,0,0,12,8,NORMAL,0
1976.65,1.32,0,27,0.1272,20,2,1500.0,600.0,0,0,0,0,15,2,NORMAL,0
7647.35,0.64,0,13,0.133,20,2,12000.0,4800.0,0,0,0,0,4,0,NORMAL,0
4380.92,1.46,1,0,0.0411,19,0,3000.0,1200.0,0,0,0,0,7,5,NORMAL,0
137750.05,11.48,1,0,0.4475,15,2,12000.0,4800.0,1,1,0,0,82,95,EXTREME,1
4796.41,0.96,0,4,0.1555,7,6,5000.0,2000.0,0,0,0,0,9,4,NORMAL,0
1552.78,1.04,0,10,0.0846,16,3,1500.0,600.0,0,0,0,0,8,8,NORMAL,0
7901.32,5.27,1,0,0.3817,3,3,1500.0,600.0,0,1,1,0,16,79,SUSPICIOUS,1
10581.21,0.88,0,5,0.1364,7,4,12000.0,4800.0,0,0,0,0,8,15,NORMAL,0
10296.43,0.86,0,8,0.1776,21,0,12000.0,4800.0,0,0,0,0,11,12,NORMAL,0
40725.57,5.09,1,0,0.3481,23,3,8000.0,3200.0,0,0,0,0,49,7,SUSPICIOUS,1
2092.79,0.42,0,19,0.2013,9,6,5000.0,2000.0,0,0,0,0,0,6,NORMAL,0
12750.56,1.06,0,27,0.106,13,6,12000.0,4800.0,0,0,0,0,1,0,NORMAL,0
3015.94,1.01,0,15,0.0452,12,0,3000.0,1200.0,0,0,1,0,14,1,NORMAL,0
8698.3,1.09,0,18,0.1338,13,6,8000.0,3200.0,0,0,0,0,13,9,NORMAL,0
25902.93,3.24,1,0,0.2323,19,6,8000.0,3200.0,0,1,0,0,20,52,SUSPICIOUS,1
6441.88,0.81,0,13,0.2462,14,5,8000.0,3200.0,0,0,0,0,7,0,NORMAL,0
4235.61,0.85,0,42,0.2477,7,4,5000.0,2000.0,0,0,0,0,13,2,NORMAL,0
13291.98,1.11,1,0,0.104,14,0,12000.0,4800.0,0,0,0,0,12,10,NORMAL,0
23552.37,2.94,1,0,0.3781,14,4,8000.0,3200.0,1,0,0,0,71,46,SUSPICIOUS,1
8781.92,1.1,0,29,0.2446,18,1,8000.0,3200.0,0,0,0,0,2,10,NORMAL,0
16195.29,5.4,1,0,0.2291,19,6,3000.0,1200.0,1,1,0,0,60,73,SUSPICIOUS,1
3872.46,0.77,0,32,0.2261,18,6,5000.0,2000.0,0,0,0,0,9,13,NORMAL,0
4105.49,0.51,0,13,0.112,17,3,8000.0,3200.0,0,0,0,0,14,12,NORMAL,0
5002.4,0.63,0,16,0.1829,18,0,8000.0,3200.0,0,0,1,0,12,12,NORMAL,0
14394.17,4.8,1,0,0.2121,4,5,3000.0,1200.0,0,0,0,0,19,43,SUSPICIOUS,1
450.78,0.3,0,8,0.1704,19,5,1500.0,600.0,0,0,0,0,7,4,NORMAL,0
90296.74,11.29,1,0,0.5208,22,4,8000.0,3200.0,1,1,0,1,93,72,EXTREME,1
7552.32,0.63,0,24,0.1842,14,1,12000.0,4800.0,0,0,0,0,9,2,NORMAL,0
10740.88,0.9,0,3,0.1312,9,2,12000.0,4800.0,0,0,0,0,13,12,NORMAL,0
1938.85,0.65,1,0,0.2353,8,2,3000.0,1200.0,0,0,0,0,2,6,NORMAL,0
8300.18,0.69,0,17,0.1076,8,5,12000.0,4800.0,0,0,0,0,15,14,NORMAL,0
2477.43,0.83,0,11,0.1019,15,0,3000.0,1200.0,0,0,0,0,13,14,NORMAL,0
6466.54,0.54,0,20,0.0907,20,2,12000.0,4800.0,0,0,0,0,15,9,NORMAL,0
2887.37,0.96,0,17,0.1932,22,0,3000.0,1200.0,0,0,0,0,5,10,NORMAL,0
8039.36,0.67,0,4,0.1569,18,2,12000.0,4800.0,0,0,0,0,4,12,NORMAL,0
1705.76,0.57,0,13,0.1109,10,1,3000.0,1200.0,0,0,0,0,14,12,NORMAL,0
1630.05,1.09,0,8,0.1708,15,2,1500.0,600.0,0,0,0,0,14,13,NORMAL,0
2591.25,0.86,0,41,0.1242,17,6,3000.0,1200.0,0,0,0,0,3,13,NORMAL,0
13762.63,2.75,1,0,0.3486,2,5,5000.0,2000.0,1,1,1,0,55,69,SUSPICIOUS,1
12624.34,2.52,1,0,0.5222,19,2,5000.0,2000.0,0,0,0,0,16,15,SUSPICIOUS,1
2794.94,0.56,0,36,0.18,10,1,5000.0,2000.0,0,0,1,0,14,13,NORMAL,0
2281.51,0.76,0,40,0.1001,12,5,3000.0,1200.0,0,0,0,0,4,8,NORMAL,0
3870.49,0.32,0,26,0.2233,13,2,12000.0,4800.0,0,0,0,0,7,9,NORMAL,0
32456.13,6.49,1,0,0.4853,8,0,5000.0,2000.0,1,1,0,0,83,90,EXTREME,1
1777.25,1.18,0,20,0.1815,21,6,1500.0,600.0,0,0,0,0,7,2,NORMAL,0
126658.42,10.55,1,0,0.5882,10,4,12000.0,4800.0,1,1,0,0,88,79,EXTREME,1
1017.55,0.68,0,10,0.1363,9,1,1500.0,600.0,0,0,0,0,14,15,NORMAL,0
9126.75,1.14,0,23,0.0809,7,6,8000.0,3200.0,0,0,0,0,3,14,NORMAL,0
12745.16,2.55,1,0,0.4628,0,6,5000.0,2000.0,0,1,1,0,17,50,SUSPICIOUS,0
5246.01,1.05,0,40,0.1697,19,2,5000.0,2000.0,0,0,0,0,9,1,NORMAL,0
10610.05,1.33,0,22,0.0666,20,5,8000.0,3200.0,0,0,0,0,10,14,NORMAL,0
2242.93,0.75,0,26,0.1073,12,3,3000.0,1200.0,0,0,0,0,1,0,NORMAL,0
10891.97,0.91,1,0,0.2225,7,0,12000.0,4800.0,0,0,1,0,7,0,NORMAL,0
35066.22,4.38,1,0,0.3589,19,5,8000.0,3200.0,1,1,1,1,75,52,SUSPICIOUS,1
11497.06,0.96,1,0,0.2004,12,1,12000.0,4800.0,0,0,0,0,6,14,NORMAL,0
2012.11,0.67,0,19,0.0545,9,4,3000.0,1200.0,0,0,1,0,1,14,NORMAL,0
2565.82,0.86,0,10,0.1701,12,6,3000.0,1200.0,0,0,0,0,9,4,NORMAL,0
2836.17,0.57,0,17,0.1043,12,5,5000.0,2000.0,0,0,0,0,12,6,NORMAL,0
7852.94,0.65,0,43,0.0966,17,2,12000.0,4800.0,0,0,0,0,2,1,NORMAL,0
3189.87,1.06,0,25,0.1163,18,3,3000.0,1200.0,0,0,0,0,4,7,NORMAL,0
126339.96,10.53,1,0,0.478,13,0,12000.0,4800.0,1,1,1,0,99,70,EXTREME,1
9339.02,0.78,0,15,0.0439,11,4,12000.0,4800.0,0,0,0,0,13,2,NORMAL,0
8898.71,5.93,0,3,0.3191,14,3,1500.0,600.0,1,0,1,0,75,20,SUSPICIOUS,1
13651.46,1.14,0,8,0.0977,15,4,12000.0,4800.0,0,0,0,0,2,2,NORMAL,0
1113.89,0.74,0,12,0.1478,17,6,1500.0,600.0,0,0,0,0,9,15,NORMAL,0
6775.66,4.52,1,0,0.2735,14,2,1500.0,600.0,0,0,0,0,0,15,SUSPICIOUS,1
787.08,0.52,0,44,0.0447,21,6,1500.0,600.0,0,0,0,0,0,2,NORMAL,0
3058.39,1.02,0,44,0.1795,17,3,3000.0,1200.0,0,0,0,0,10,4,NORMAL,0
6307.91,1.26,0,25,0.2234,20,4,5000.0,2000.0,0,0,0,0,0,8,NORMAL,0
1035.64,0.69,1,0,0.1113,10,1,1500.0,600.0,0,0,0,0,6,12,NORMAL,0
19041.53,6.35,1,0,0.9164,21,2,3000.0,1200.0,1,1,1,1,95,91,EXTREME,1
3947.56,0.79,0,4,0.1226,21,1,5000.0,2000.0,0,0,0,0,9,8,NORMAL,0
3790.27,0.76,0,32,0.1847,12,6,5000.0,2000.0,0,0,0,0,9,15,NORMAL,0
3076.9,1.03,0,5,0.2382,13,2,3000.0,1200.0,0,0,0,0,14,4,NORMAL,0
5805.08,0.48,1,0,0.2047,8,0,12000.0,4800.0,0,0,0,0,13,7,NORMAL,0
1024.33,0.68,0,18,0.2268,11,0,1500.0,600.0,0,0,0,0,4,5,NORMAL,0
10483.58,0.87,0,24,0.1359,13,6,12000.0,4800.0,0,0,0,0,13,5,NORMAL,0
54030.22,6.75,1,0,0.7595,23,2,8000.0,3200.0,1,1,1,0,91,74,EXTREME,1
6507.61,1.3,0,36,0.1156,20,6,5000.0,2000.0,0,0,0,0,12,8,NORMAL,0
12510.07,1.04,0,27,0.1051,22,0,12000.0,4800.0,0,0,0,0,7,1,NORMAL,0
4442.93,0.89,0,43,0.0957,14,1,5000.0,2000.0,0,0,0,0,9,14,NORMAL,0
8910.67,0.74,0,42,0.2449,16,2,12000.0,4800.0,0,0,0,0,14,0,NORMAL,0
19007.86,3.8,1,0,0.4981,3,6,5000.0,2000.0,0,1,0,0,37,61,SUSPICIOUS,1
11966.73,1.0,0,27,0.1761,13,4,12000.0,4800.0,0,0,0,0,14,11,NORMAL,0
41735.18,3.48,1,0,0.4098,1,5,12000.0,4800.0,0,1,0,0,44,79,SUSPICIOUS,1
78003.24,9.75,1,0,0.4648,0,6,8000.0,3200.0,1,1,0,0,83,92,EXTREME,1
5643.08,0.71,0,14,0.1196,15,4,8000.0,3200.0,0,0,0,0,0,10,NORMAL,0
28934.06,5.79,1,0,0.7325,8,3,5000.0,2000.0,1,1,1,0,88,89,EXTREME,1
6645.01,0.83,0,35,0.152,13,5,8000.0,3200.0,0,0,0,0,13,2,NORMAL,0
9638.9,0.8,0,31,0.1205,17,4,12000.0,4800.0,0,0,0,0,1,9,NORMAL,0
10709.42,1.34,0,12,0.1924,21,6,8000.0,3200.0,0,0,0,0,1,0,NORMAL,0
1319.37,0.88,0,28,0.0442,17,5,1500.0,600.0,0,0,0,0,15,9,NORMAL,0
8119.38,0.68,0,21,0.2346,18,4,12000.0,4800.0,0,0,0,0,14,13,NORMAL,0
1387.39,0.92,0,28,0.1483,14,0,1500.0,600.0,0,0,0,0,15,7,NORMAL,0
10989.74,0.92,0,17,0.1132,16,0,12000.0,4800.0,0,0,0,0,5,7,NORMAL,0
3352.62,0.67,0,13,0.0824,18,5,5000.0,2000.0,0,0,0,0,1,5,NORMAL,0
10218.41,1.28,1,0,0.0613,19,1,8000.0,3200.0,0,0,0,0,14,8,NORMAL,0
5067.29,1.01,0,34,0.2125,13,1,5000.0,2000.0,0,0,0,0,15,1,NORMAL,0
3956.54,0.79,0,4,0.0672,9,0,5000.0,2000.0,0,0,0,0,12,0,NORMAL,0
4547.77,0.57,0,20,0.0975,13,2,8000.0,3200.0,0,0,0,0,13,0,NORMAL,0
3825.28,0.48,0,15,0.0916,18,3,8000.0,3200.0,0,0,0,0,8,2,NORMAL,0
8701.09,0.73,0,44,0.2379,8,6,12000.0,4800.0,0,0,0,0,5,10,NORMAL,0
1252.04,0.83,0,42,0.2409,14,2,1500.0,600.0,0,0,0,0,3,15,NORMAL,0
45843.68,5.73,1,0,0.3053,4,4,8000.0,3200.0,1,0,0,0,59,49,SUSPICIOUS,1
5432.36,1.09,0,32,0.0723,12,2,5000.0,2000.0,0,0,0,0,1,10,NORMAL,0
3355.22,1.12,1,0,0.1252,9,0,3000.0,1200.0,0,0,1,0,7,0,NORMAL,0
12507.09,1.04,0,10,0.1394,12,1,12000.0,4800.0,0,0,0,0,8,1,NORMAL,0
36753.2,7.35,1,0,1.0358,21,1,5000.0,2000.0,1,1,1,1,87,80,EXTREME,1
2154.46,0.72,0,39,0.1565,11,4,3000.0,1200.0,0,0,0,0,8,6,NORMAL,0
3731.19,0.75,0,26,0.1618,8,0,5000.0,2000.0,0,0,0,0,11,11,NORMAL,0
1920.23,0.64,0,2,0.1368,11,3,3000.0,1200.0,0,0,0,0,12,0,NORMAL,0
4049.42,0.81,0,25,0.0455,21,6,5000.0,2000.0,0,0,0,0,10,0,NORMAL,0
54208.64,6.78,1,0,0.6586,19,6,8000.0,3200.0,1,1,0,1,99,90,EXTREME,1
29046.09,3.63,0,3,0.3987,2,1,8000.0,3200.0,1,1,1,1,53,56,SUSPICIOUS,1
14747.11,4.92,1,0,0.547,14,6,3000.0,1200.0,0,0,0,1,41,7,SUSPICIOUS,1
11781.93,0.98,1,0,0.181,9,6,12000.0,4800.0,0,0,0,0,9,4,NORMAL,0
3559.93,1.19,0,8,0.0681,11,1,3000.0,1200.0,0,0,0,0,5,13,NORMAL,0
1816.38,1.21,0,10,0.1736,17,2,1500.0,600.0,0,0,0,0,4,4,NORMAL,0
18893.85,6.3,1,0,0.4179,7,5,3000.0,1200.0,1,1,0,1,84,94,EXTREME,1
4751.08,3.17,1,0,0.5753,2,4,1500.0,600.0,0,1,1,0,5,55,SUSPICIOUS,0
34027.07,2.84,0,2,0.2921,2,4,12000.0,4800.0,1,1,0,1,59,71,SUSPICIOUS,1
28149.75,5.63,1,0,0.3099,19,6,5000.0,2000.0,0,0,0,0,38,17,SUSPICIOUS,1
10094.71,0.84,0,31,0.1618,18,1,12000.0,4800.0,0,0,0,1,12,2,NORMAL,0
1909.55,0.64,1,0,0.1376,8,3,3000.0,1200.0,0,0,0,0,7,7,NORMAL,0
17053.92,5.68,1,0,0.3337,19,6,3000.0,1200.0,0,1,0,0,13,52,SUSPICIOUS,1
5475.33,1.1,0,40,0.1804,22,5,5000.0,2000.0,0,0,0,0,14,14,NORMAL,0
4474.24,1.49,0,14,0.2387,11,0,3000.0,1200.0,0,0,0,0,8,13,NORMAL,0
2300.94,0.77,0,35,0.2194,13,4,3000.0,1200.0,0,0,0,0,2,6,NORMAL,0
2788.55,0.93,0,15,0.1109,7,3,3000.0,1200.0,0,0,0,0,4,15,NORMAL,0
4179.98,0.84,0,4,0.2243,10,2,5000.0,2000.0,0,0,0,0,9,2,NORMAL,0
2739.76,0.91,0,11,0.0928,18,3,3000.0,1200.0,0,0,0,0,14,0,NORMAL,0
13338.77,1.11,0,16,0.2301,18,0,12000.0,4800.0,0,0,0,0,8,13,NORMAL,0
15006.63,1.25,0,14,0.175,21,2,12000.0,4800.0,0,0,0,0,3,11,NORMAL,0
9470.77,0.79,0,16,0.0835,21,4,12000.0,4800.0,0,0,0,0,11,2,NORMAL,0
12791.61,1.07,1,0,0.0909,8,4,12000.0,4800.0,0,0,0,0,8,10,NORMAL,0
5504.61,1.1,1,0,0.1869,12,2,5000.0,2000.0,0,0,0,0,15,4,NORMAL,0
15000.0,5.0,1,0,0.7856,17,3,3000.0,1200.0,1,1,1,0,82,87,EXTREME,1
9289.55,0.77,0,27,0.1831,16,3,12000.0,4800.0,0,0,0,0,11,5,NORMAL,0
40483.73,3.37,1,0,0.4585,23,0,12000.0,4800.0,1,0,0,0,59,48,SUSPICIOUS,0
7667.97,5.11,1,0,0.2521,23,6,1500.0,600.0,0,0,0,0,8,3,SUSPICIOUS,1
16705.9,11.14,1,0,1.0994,11,5,1500.0,600.0,1,1,0,0,93,75,EXTREME,1
1327.7,0.44,0,28,0.1336,7,6,3000.0,1200.0,0,0,0,0,8,1,NORMAL,0
20967.77,4.19,1,0,0.3697,4,1,5000.0,2000.0,0,0,1,0,10,4,SUSPICIOUS,1
2967.23,0.99,0,28,0.1731,16,1,3000.0,1200.0,0,0,0,0,9,1,NORMAL,0
1596.34,0.53,0,24,0.0714,15,1,3000.0,1200.0,0,0,0,0,3,1,NORMAL,0
4493.83,0.56,0,43,0.2312,18,1,8000.0,3200.0,0,0,0,0,2,5,NORMAL,0
27717.79,3.46,1,0,0.3752,19,0,8000.0,3200.0,1,0,1,0,75,9,SUSPICIOUS,1
2213.25,0.74,1,0,0.2464,7,3,3000.0,1200.0,0,0,0,0,2,1,NORMAL,0
1527.61,1.02,0,20,0.15,7,2,1500.0,600.0,0,0,0,0,12,9,NORMAL,0
10289.98,0.86,0,39,0.1771,7,2,12000.0,4800.0,0,0,0,0,8,2,NORMAL,0
1178.31,0.79,0,14,0.1844,16,4,1500.0,600.0,0,0,0,0,5,0,NORMAL,0
1457.14,0.97,0,28,0.1007,15,0,1500.0,600.0,0,0,0,0,4,2,NORMAL,0
6260.89,1.25,0,15,0.0558,18,2,5000.0,2000.0,0,0,0,0,0,6,NORMAL,0
5540.15,0.46,0,22,0.0482,20,0,12000.0,4800.0,0,0,0,0,13,14,NORMAL,0
1524.73,1.02,0,18,0.1497,18,0,1500.0,600.0,0,0,1,0,10,12,NORMAL,0
1839.15,0.37,0,31,0.1396,11,0,5000.0,2000.0,0,0,0,0,10,7,NORMAL,0
14637.88,2.93,1,0,0.4837,2,6,5000.0,2000.0,0,1,0,0,3,63,SUSPICIOUS,1
1504.42,1.0,0,43,0.22,17,0,1500.0,600.0,0,0,0,0,8,15,NORMAL,0
3098.92,1.03,0,4,0.1443,22,0,3000.0,1200.0,0,0,1,0,5,4,NORMAL,0
1745.44,1.16,0,21,0.1074,12,2,1500.0,600.0,0,0,0,0,0,13,NORMAL,0
11876.17,0.99,0,39,0.0669,14,6,12000.0,4800.0,0,0,1,0,7,13,NORMAL,0
60886.1,5.07,1,0,0.295,1,6,12000.0,4800.0,0,0,0,1,3,8,SUSPICIOUS,1
9730.57,0.81,0,34,0.064,21,5,12000.0,4800.0,0,0,0,0,3,4,NORMAL,0
2102.38,0.7,0,30,0.2201,16,5,3000.0,1200.0,0,0,0,0,2,10,NORMAL,0
2865.18,0.57,0,24,0.0956,13,2,5000.0,2000.0,0,0,0,0,10,1,NORMAL,0
1601.56,0.53,0,36,0.2367,20,5,3000.0,1200.0,0,0,0,0,12,13,NORMAL,0
15000.0,10.0,1,0,0.4561,5,4,1500.0,600.0,1,1,1,0,100,93,EXTREME,1
2592.31,0.86,0,14,0.044,20,3,3000.0,1200.0,0,0,0,0,15,15,NORMAL,0
61153.07,7.64,1,0,0.8061,0,3,8000.0,3200.0,1,1,0,1,80,86,EXTREME,1
15000.0,10.0,1,0,1.0339,20,2,1500.0,600.0,1,1,0,0,82,92,EXTREME,1
2192.34,0.73,0,8,0.2486,21,4,3000.0,1200.0,0,0,0,0,5,1,NORMAL,0
10154.23,1.27,0,26,0.175,7,0,8000.0,3200.0,0,0,0,0,14,4,NORMAL,0
1528.18,1.02,0,26,0.1753,19,0,1500.0,600.0,0,0,0,0,13,13,NORMAL,0
631.49,0.42,0,2,0.1814,7,5,1500.0,600.0,0,0,0,0,5,15,NORMAL,0
5045.03,0.63,1,0,0.151,14,6,8000.0,3200.0,0,0,0,0,6,6,NORMAL,0
2491.14,0.5,1,0,0.1221,19,5,5000.0,2000.0,0,0,1,0,15,13,NORMAL,0
3974.98,0.79,1,0,0.1756,8,2,5000.0,2000.0,0,0,0,0,1,1,NORMAL,0
9817.78,0.82,0,5,0.1853,8,2,12000.0,4800.0,0,0,0,0,11,13,NORMAL,0
6821.45,4.55,1,0,0.5099,2,2,1500.0,600.0,0,1,1,1,39,63,SUSPICIOUS,1
6425.94,0.54,0,4,0.1324,9,4,12000.0,4800.0,0,0,0,0,3,3,NORMAL,0
66849.38,5.57,1,0,0.3973,4,4,12000.0,4800.0,0,0,0,0,43,2,SUSPICIOUS,1
1604.68,1.07,0,32,0.1314,17,2,1500.0,600.0,0,0,0,0,0,1,NORMAL,0
1290.65,0.26,0,14,0.1949,10,2,5000.0,2000.0,0,0,0,0,14,11,NORMAL,0
2815.33,0.94,0,41,0.1077,14,6,3000.0,1200.0,0,0,0,0,12,1,NORMAL,0
1767.78,1.18,0,33,0.1011,20,3,1500.0,600.0,0,0,0,0,11,12,NORMAL,0
1838.44,0.61,0,22,0.2379,17,1,3000.0,1200.0,0,0,0,0,8,15,NORMAL,0
12712.92,4.24,1,0,0.2683,19,4,3000.0,1200.0,0,1,1,1,36,74,SUSPICIOUS,1
1062.03,0.71,0,11,0.2085,7,4,1500.0,600.0,0,0,0,0,4,7,NORMAL,0
20269.61,2.53,1,0,0.2098,19,2,8000.0,3200.0,1,1,1,0,68,62,SUSPICIOUS,1
6703.16,4.47,1,0,0.3585,4,2,1500.0,600.0,0,1,1,0,1,77,SUSPICIOUS,1
7435.29,0.93,0,29,0.2413,11,1,8000.0,3200.0,0,0,0,0,5,14,NORMAL,0
2326.4,0.78,0,3,0.1115,8,1,3000.0,1200.0,0,0,0,0,12,0,NORMAL,0
2184.48,0.44,0,28,0.1147,17,4,5000.0,2000.0,0,0,0,0,4,2,NORMAL,0
7960.15,1.0,0,27,0.2297,13,6,8000.0,3200.0,0,0,0,0,6,14,NORMAL,0
10473.9,0.87,0,36,0.049,14,4,12000.0,4800.0,0,0,0,0,9,14,NORMAL,0
17814.07,3.56,1,0,0.4864,3,5,5000.0,2000.0,0,0,0,0,14,12,SUSPICIOUS,1
9976.96,0.83,0,5,0.1475,21,2,12000.0,4800.0,0,0,0,0,7,14,NORMAL,0
2411.59,0.8,0,15,0.1773,12,5,3000.0,1200.0,0,0,0,0,0,0,NORMAL,0
27414.73,9.14,1,0,0.8298,10,1,3000.0,1200.0,1,1,1,0,86,79,EXTREME,1
5416.06,3.61,0,1,0.2445,14,3,1500.0,600.0,0,0,0,1,35,19,SUSPICIOUS,1
5494.94,0.69,0,29,0.2235,21,4,8000.0,3200.0,0,0,0,0,5,9,NORMAL,0
55074.12,6.88,1,0,0.5046,18,1,8000.0,3200.0,1,1,1,0,97,80,EXTREME,1
7046.76,4.7,1,0,0.3178,23,0,1500.0,600.0,0,1,0,0,18,52,SUSPICIOUS,1
19097.69,3.82,0,2,0.4411,0,4,5000.0,2000.0,1,1,0,1,51,73,SUSPICIOUS,1
8366.47,0.7,0,23,0.2475,12,5,12000.0,4800.0,0,0,0,0,7,2,NORMAL,0
655.53,0.44,0,31,0.2273,10,4,1500.0,600.0,0,0,0,0,1,9,NORMAL,0
9483.2,0.79,0,3,0.0559,8,4,12000.0,4800.0,0,0,0,0,7,7,NORMAL,0
3663.25,0.73,1,0,0.1673,11,4,5000.0,2000.0,0,0,0,0,8,11,NORMAL,0
3698.73,1.23,0,33,0.1576,10,2,3000.0,1200.0,0,0,0,0,15,9,NORMAL,0
8456.02,1.06,0,21,0.0867,11,0,8000.0,3200.0,0,0,0,0,6,11,NORMAL,0
6077.24,4.05,1,0,0.3786,23,2,1500.0,600.0,1,1,0,0,55,60,SUSPICIOUS,1
39963.43,5.0,1,0,0.357,19,1,8000.0,3200.0,1,1,0,0,59,51,SUSPICIOUS,1
1538.08,1.03,0,7,0.2145,14,1,1500.0,600.0,0,0,0,0,10,13,NORMAL,0
1706.65,0.34,0,12,0.2418,15,5,5000.0,2000.0,0,0,0,0,7,13,NORMAL,0
34769.84,4.35,1,0,0.4725,19,3,8000.0,3200.0,1,1,1,0,59,65,SUSPICIOUS,1
3796.75,0.76,0,40,0.1193,7,5,5000.0,2000.0,0,0,0,0,1,1,NORMAL,0
4590.3,0.92,0,34,0.2059,17,4,5000.0,2000.0,0,0,0,0,13,4,NORMAL,0
10028.19,0.84,0,32,0.1203,15,0,12000.0,4800.0,0,0,0,0,4,7,NORMAL,0
996.61,0.66,0,9,0.226,21,2,1500.0,600.0,0,0,0,0,0,4,NORMAL,0
6568.01,0.82,0,43,0.202,17,1,8000.0,3200.0,0,0,0,0,7,12,NORMAL,0
30355.37,3.79,1,0,0.4697,4,0,8000.0,3200.0,1,1,0,0,54,72,SUSPICIOUS,1
2257.74,0.75,0,25,0.1702,17,1,3000.0,1200.0,0,0,0,0,12,9,NORMAL,0
1532.63,1.02,0,18,0.132,17,2,1500.0,600.0,0,0,0,0,8,15,NORMAL,0
26648.02,8.88,1,0,1.1827,22,6,3000.0,1200.0,1,1,0,0,80,72,EXTREME,1
9549.22,1.19,0,40,0.0745,21,0,8000.0,3200.0,0,0,0,0,8,7,NORMAL,0
2819.76,0.94,0,35,0.1347,18,6,3000.0,1200.0,0,0,0,0,7,8,NORMAL,0
16432.43,3.29,1,0,0.4332,19,5,5000.0,2000.0,1,1,0,1,55,51,SUSPICIOUS,1
3301.9,0.66,0,36,0.2006,16,5,5000.0,2000.0,0,0,0,0,13,12,NORMAL,0
59872.31,4.99,1,0,0.4487,19,3,12000.0,4800.0,1,0,0,0,51,5,SUSPICIOUS,1
5908.9,0.74,0,24,0.1335,21,1,8000.0,3200.0,0,0,0,0,15,2,NORMAL,0
24392.07,3.05,1,0,0.2847,19,6,8000.0,3200.0,1,0,1,1,68,6,SUSPICIOUS,1
33739.29,11.25,1,0,0.8553,3,3,3000.0,1200.0,1,1,0,0,93,83,EXTREME,1
2669.39,0.33,0,45,0.1788,20,3,8000.0,3200.0,0,0,0,0,12,5,NORMAL,0
4141.22,1.38,0,31,0.1596,12,1,3000.0,1200.0,0,0,0,0,8,15,NORMAL,0
10674.28,0.89,0,4,0.2472,21,0,12000.0,4800.0,0,0,0,0,12,14,NORMAL,0
82493.5,6.87,1,0,0.8877,10,3,12000.0,4800.0,1,1,0,1,97,81,EXTREME,1
29940.29,5.99,1,0,0.2221,0,6,5000.0,2000.0,0,0,0,1,9,7,SUSPICIOUS,1
17214.26,3.44,0,2,0.5329,1,0,5000.0,2000.0,1,1,0,0,55,51,SUSPICIOUS,1
10300.33,0.86,0,30,0.0593,7,3,12000.0,4800.0,0,0,0,0,0,13,NORMAL,0
9498.01,0.79,0,9,0.084,19,6,12000.0,4800.0,0,0,0,0,9,10,NORMAL,0
88941.39,11.12,1,0,0.5291,10,0,8000.0,3200.0,1,1,1,0,87,81,EXTREME,1
3197.68,1.07,0,7,0.0469,12,2,3000.0,1200.0,0,0,0,0,9,12,NORMAL,0
10618.96,0.88,1,0,0.1617,18,6,12000.0,4800.0,0,0,1,0,14,15,NORMAL,0
6930.05,0.87,1,0,0.13,11,2,8000.0,3200.0,0,0,1,0,6,5,NORMAL,0
10962.39,3.65,1,0,0.5218,3,6,3000.0,1200.0,1,0,0,0,65,16,SUSPICIOUS,1
3207.52,1.07,0,29,0.0894,16,5,3000.0,1200.0,0,0,0,0,9,9,NORMAL,0
999.92,0.67,1,0,0.1248,13,6,1500.0,600.0,0,0,0,0,4,13,NORMAL,0
9558.97,0.8,0,3,0.1192,7,2,12000.0,4800.0,0,0,0,0,4,9,NORMAL,0
1034.39,0.34,0,7,0.169,12,2,3000.0,1200.0,0,0,0,0,14,8,NORMAL,0
6424.58,1.28,1,0,0.1664,22,4,5000.0,2000.0,0,0,0,0,5,1,NORMAL,0
10455.85,0.87,0,9,0.0598,7,1,12000.0,4800.0,0,0,0,0,4,6,NORMAL,0
5328.69,0.44,0,4,0.062,7,6,12000.0,4800.0,0,0,0,0,11,11,NORMAL,0
3479.78,0.43,1,0,0.1574,8,5,8000.0,3200.0,0,0,0,0,12,1,NORMAL,0
854.68,0.57,1,0,0.2442,15,6,1500.0,600.0,0,0,0,0,13,0,NORMAL,0
2543.45,0.85,0,19,0.0844,14,3,3000.0,1200.0,0,0,0,0,0,11,NORMAL,0
1889.74,1.26,0,8,0.0651,18,2,1500.0,600.0,0,0,0,0,10,4,NORMAL,0
8957.44,1.12,0,8,0.1652,8,4,8000.0,3200.0,0,0,0,0,2,7,NORMAL,0
52287.64,6.54,1,0,0.9595,4,0,8000.0,3200.0,1,1,1,0,91,88,EXTREME,1
5543.7,0.69,1,0,0.1597,7,0,8000.0,3200.0,0,0,0,0,13,0,NORMAL,0
35760.69,11.92,1,0,0.7331,19,3,3000.0,1200.0,1,1,0,1,89,76,EXTREME,1
14379.83,4.79,0,2,0.283,0,0,3000.0,1200.0,0,0,0,0,13,47,SUSPICIOUS,1
5633.76,3.76,1,0,0.5084,14,5,1500.0,600.0,1,0,0,0,54,17,SUSPICIOUS,1
14059.15,1.17,1,0,0.2079,22,0,12000.0,4800.0,0,0,0,0,8,13,NORMAL,0
3003.87,0.6,0,8,0.1835,13,1,5000.0,2000.0,0,0,0,0,9,1,NORMAL,0
41188.13,5.15,1,0,0.5127,1,0,8000.0,3200.0,0,1,0,0,18,52,SUSPICIOUS,1
1850.35,0.62,0,39,0.0555,19,6,3000.0,1200.0,0,0,0,1,12,15,NORMAL,0
3182.72,0.64,0,34,0.2319,17,5,5000.0,2000.0,0,0,0,0,12,1,NORMAL,0
8270.45,0.69,0,39,0.0429,11,2,12000.0,4800.0,0,0,0,0,10,15,NORMAL,0
31893.59,2.66,1,0,0.2857,19,1,12000.0,4800.0,0,1,0,0,4,75,SUSPICIOUS,1
4236.36,0.85,0,15,0.1853,21,2,5000.0,2000.0,0,0,0,0,14,2,NORMAL,0
1246.38,0.83,0,24,0.1852,10,2,1500.0,600.0,0,0,0,0,0,10,NORMAL,0
1721.38,1.15,0,26,0.0557,8,0,1500.0,600.0,0,0,0,0,1,8,NORMAL,0
7549.6,5.03,0,3,0.2541,3,5,1500.0,600.0,0,1,1,0,41,77,SUSPICIOUS,1
18219.5,3.64,1,0,0.4289,2,2,5000.0,2000.0,0,1,1,1,13,57,SUSPICIOUS,1
13312.38,1.11,0,5,0.0532,8,4,12000.0,4800.0,0,0,0,0,6,4,NORMAL,0
24314.87,4.86,1,0,1.045,3,0,5000.0,2000.0,1,1,0,1,83,79,EXTREME,1
25627.36,5.13,1,0,0.3625,23,6,5000.0,2000.0,1,0,1,0,61,4,SUSPICIOUS,1
95759.06,11.97,1,0,0.8509,16,0,8000.0,3200.0,1,1,1,1,100,71,EXTREME,1
3089.38,1.03,0,3,0.0657,21,4,3000.0,1200.0,0,0,0,0,12,10,NORMAL,0
73634.46,9.2,1,0,1.1245,5,1,8000.0,3200.0,1,1,0,0,97,93,EXTREME,1
3914.83,1.3,0,21,0.0609,14,2,3000.0,1200.0,0,0,0,0,9,12,NORMAL,0
12463.43,1.04,1,0,0.1422,8,2,12000.0,4800.0,0,0,0,0,6,0,NORMAL,0
1259.53,0.84,0,19,0.074,9,3,1500.0,600.0,0,0,0,0,7,12,NORMAL,0
8838.69,1.1,0,3,0.187,22,1,8000.0,3200.0,0,0,0,0,14,9,NORMAL,0
1519.82,1.01,0,25,0.1624,18,5,1500.0,600.0,0,0,0,0,14,2,NORMAL,0
77950.65,6.5,1,0,0.6858,11,1,12000.0,4800.0,1,1,1,0,99,83,EXTREME,1
15305.47,5.1,1,0,0.7871,4,4,3000.0,1200.0,1,1,1,0,89,74,EXTREME,1
2306.33,0.77,0,5,0.1793,7,1,3000.0,1200.0,0,0,0,0,2,14,NORMAL,0
1250.04,0.83,0,17,0.191,11,0,1500.0,600.0,0,0,0,0,9,10,NORMAL,0
1602.35,1.07,0,17,0.0624,18,6,1500.0,600.0,0,0,0,0,12,4,NORMAL,0
4369.64,1.46,1,0,0.0691,9,1,3000.0,1200.0,0,0,0,0,0,0,NORMAL,0
19925.13,3.99,0,1,0.2335,3,3,5000.0,2000.0,0,0,0,0,16,0,SUSPICIOUS,1
61256.95,5.1,1,0,0.5065,15,3,12000.0,4800.0,1,1,1,1,80,91,EXTREME,1
3927.14,0.79,0,27,0.1708,22,4,5000.0,2000.0,0,0,0,0,14,5,NORMAL,0
38143.04,4.77,1,0,0.2255,23,0,8000.0,3200.0,0,0,0,0,13,19,SUSPICIOUS,1
8537.35,1.07,0,14,0.0857,20,4,8000.0,3200.0,0,0,0,0,0,1,NORMAL,0
9952.22,0.83,0,33,0.106,18,5,12000.0,4800.0,0,0,1,0,5,4,NORMAL,0
42807.67,5.35,0,3,0.3128,2,5,8000.0,3200.0,1,0,0,0,71,7,SUSPICIOUS,1
3127.48,1.04,0,7,0.2097,14,1,3000.0,1200.0,0,0,0,0,3,13,NORMAL,0
6782.07,0.85,0,41,0.2247,22,2,8000.0,3200.0,0,0,0,0,9,13,NORMAL,0
919.71,0.61,0,35,0.2095,17,0,1500.0,600.0,0,0,0,0,3,3,NORMAL,0
8979.57,1.12,0,39,0.0526,13,3,8000.0,3200.0,0,0,0,0,3,10,NORMAL,0
46827.3,3.9,1,0,0.3206,3,3,12000.0,4800.0,0,1,0,0,9,72,SUSPICIOUS,1
8945.04,1.12,0,15,0.1337,15,3,8000.0,3200.0,0,0,0,0,15,11,NORMAL,0
15000.0,10.0,1,0,0.955,20,0,1500.0,600.0,1,1,0,0,82,85,EXTREME,1
2514.22,0.5,1,0,0.0728,22,6,5000.0,2000.0,0,0,0,0,8,8,NORMAL,0
2377.7,0.79,0,15,0.1253,20,0,3000.0,1200.0,0,0,0,0,9,9,NORMAL,0
4149.0,0.52,0,36,0.15,20,0,8000.0,3200.0,0,0,0,0,5,15,NORMAL,0
5129.85,1.03,0,31,0.1005,20,3,5000.0,2000.0,0,0,0,0,9,11,NORMAL,0
14761.93,4.92,1,0,0.4536,1,5,3000.0,1200.0,1,1,0,0,68,66,SUSPICIOUS,1
1027.12,0.68,0,23,0.0982,18,2,1500.0,600.0,0,0,0,1,14,14,NORMAL,0
36831.59,4.6,1,0,0.3905,19,5,8000.0,3200.0,1,0,1,1,54,11,SUSPICIOUS,1
1081.9,0.72,1,0,0.0811,15,0,1500.0,600.0,0,0,0,0,4,15,NORMAL,0
4034.46,1.34,0,13,0.1607,18,3,3000.0,1200.0,0,0,0,0,14,4,NORMAL,0
4341.5,0.87,0,42,0.0741,10,3,5000.0,2000.0,0,0,0,0,15,9,NORMAL,0
15230.23,3.05,1,0,0.3232,2,6,5000.0,2000.0,0,1,1,0,8,59,SUSPICIOUS,0
881.18,0.59,0,5,0.0978,7,3,1500.0,600.0,0,0,1,0,9,12,NORMAL,0
3034.63,0.61,0,5,0.2403,10,5,5000.0,2000.0,0,0,0,0,8,14,NORMAL,0
7247.85,0.91,0,30,0.0758,8,0,8000.0,3200.0,0,0,0,0,7,5,NORMAL,0
1816.84,0.36,0,41,0.081,12,0,5000.0,2000.0,0,0,0,0,11,0,NORMAL,0
4943.56,0.62,0,26,0.2312,10,5,8000.0,3200.0,0,0,0,0,10,8,NORMAL,0
3482.57,1.16,0,39,0.2305,9,0,3000.0,1200.0,0,0,0,0,0,1,NORMAL,0
1513.25,1.01,0,26,0.1433,8,2,1500.0,600.0,0,0,0,0,1,13,NORMAL,0
8141.66,5.43,1,0,0.5853,19,2,1500.0,600.0,1,1,0,0,59,51,SUSPICIOUS,1
4102.92,0.82,0,24,0.0892,15,5,5000.0,2000.0,0,0,0,0,6,8,NORMAL,0
43150.64,5.39,0,1,0.2315,0,3,8000.0,3200.0,0,1,1,0,45,69,SUSPICIOUS,1
66555.74,5.55,0,3,0.277,14,3,12000.0,4800.0,0,1,1,0,5,65,SUSPICIOUS,1
6072.21,0.76,0,43,0.1389,21,1,8000.0,3200.0,0,0,0,0,1,3,NORMAL,0
1730.81,1.15,0,13,0.1843,11,1,1500.0,600.0,0,0,0,0,7,11,NORMAL,0
3887.45,1.3,0,23,0.0493,16,6,3000.0,1200.0,0,0,0,0,0,12,NORMAL,0
7090.67,1.42,0,45,0.168,15,3,5000.0,2000.0,0,0,0,0,1,8,NORMAL,0
22034.9,7.34,1,0,0.7168,23,2,3000.0,1200.0,1,1,1,0,90,90,EXTREME,1
16713.3,5.57,1,0,0.8704,15,0,3000.0,1200.0,1,1,0,1,84,73,EXTREME,1
22167.18,2.77,1,0,0.5317,0,2,8000.0,3200.0,1,0,0,0,59,49,SUSPICIOUS,0
17111.91,3.42,1,0,0.4993,4,1,5000.0,2000.0,0,1,0,0,37,66,SUSPICIOUS,1
20424.42,4.08,1,0,0.6571,5,1,5000.0,2000.0,1,1,0,1,94,75,EXTREME,1
4204.27,0.84,0,27,0.042,18,6,5000.0,2000.0,0,0,0,0,2,2,NORMAL,0
28966.33,3.62,1,0,0.2941,2,5,8000.0,3200.0,1,0,1,0,73,47,SUSPICIOUS,1
2077.74,0.42,0,24,0.1666,12,5,5000.0,2000.0,0,0,0,0,14,5,NORMAL,0
36711.92,4.59,0,1,0.2523,2,2,8000.0,3200.0,1,1,1,0,51,68,SUSPICIOUS,1
8503.18,1.06,1,0,0.1251,22,1,8000.0,3200.0,0,0,0,0,5,8,NORMAL,0
7470.96,0.62,0,35,0.2451,14,3,12000.0,4800.0,0,0,0,0,13,0,NORMAL,0
1933.38,0.64,0,20,0.05,13,5,3000.0,1200.0,0,0,0,0,6,15,NORMAL,0
5596.33,3.73,1,0,0.273,14,3,1500.0,600.0,1,0,0,1,59,0,SUSPICIOUS,1
6337.18,0.53,0,23,0.0901,7,0,12000.0,4800.0,0,0,0,0,5,4,NORMAL,0
14550.26,1.21,0,28,0.1784,7,2,12000.0,4800.0,0,0,0,0,15,0,NORMAL,0
16895.22,5.63,1,0,0.2348,2,5,3000.0,1200.0,1,1,0,0,65,51,SUSPICIOUS,1
6389.3,0.53,0,11,0.1839,15,6,12000.0,4800.0,0,0,0,0,10,8,NORMAL,0
13912.81,4.64,1,0,0.5043,14,5,3000.0,1200.0,1,1,1,0,67,59,SUSPICIOUS,1
6365.21,0.53,1,0,0.2483,18,4,12000.0,4800.0,0,0,0,0,3,13,NORMAL,0
15000.0,10.0,1,0,0.8049,0,4,1500.0,600.0,1,1,0,1,97,87,EXTREME,1
38729.95,3.23,1,0,0.2708,2,2,12000.0,4800.0,0,0,0,0,10,5,SUSPICIOUS,1
6226.39,0.78,0,10,0.1848,22,1,8000.0,3200.0,0,0,0,0,5,4,NORMAL,0
4994.87,1.0,0,22,0.0505,10,3,5000.0,2000.0,0,0,0,0,6,5,NORMAL,0
18826.1,3.77,1,0,0.466,23,6,5000.0,2000.0,0,1,0,0,2,74,SUSPICIOUS,1
5428.81,1.09,0,22,0.2245,14,1,5000.0,2000.0,0,0,0,1,13,13,NORMAL,0
26988.97,5.4,1,0,0.2596,14,3,5000.0,2000.0,0,0,0,1,15,45,SUSPICIOUS,1
2971.68,0.99,0,31,0.0726,10,4,3000.0,1200.0,0,0,0,0,2,8,NORMAL,0
54414.75,10.88,1,0,1.0202,6,3,5000.0,2000.0,1,1,0,0,98,92,EXTREME,1
816.16,0.54,0,31,0.2253,20,5,1500.0,600.0,0,0,0,0,11,11,NORMAL,0
11611.45,0.97,1,0,0.2412,19,6,12000.0,4800.0,0,0,0,0,13,14,NORMAL,0
9571.77,3.19,1,0,0.3225,23,5,3000.0,1200.0,1,0,0,1,53,40,SUSPICIOUS,0
10615.96,3.54,1,0,0.3672,14,1,3000.0,1200.0,1,1,0,0,64,57,SUSPICIOUS,1
4029.26,1.34,0,13,0.1827,11,5,3000.0,1200.0,0,0,0,0,3,15,NORMAL,0
50712.53,4.23,1,0,0.5861,14,1,12000.0,4800.0,1,1,1,1,83,84,EXTREME,1
13704.67,4.57,1,0,0.2946,23,0,3000.0,1200.0,0,1,1,0,48,70,SUSPICIOUS,1
15228.5,5.08,1,0,0.5861,23,5,3000.0,1200.0,0,0,0,1,47,9,SUSPICIOUS,1
8491.7,1.06,0,40,0.1815,9,3,8000.0,3200.0,0,0,0,0,7,6,NORMAL,0
1146.7,0.76,0,18,0.2217,13,1,1500.0,600.0,0,0,0,0,5,10,NORMAL,0
7863.33,0.98,0,11,0.1848,11,0,8000.0,3200.0,0,0,0,0,12,4,NORMAL,0
4820.75,0.96,0,37,0.1844,12,4,5000.0,2000.0,0,0,0,0,9,11,NORMAL,0
36041.3,4.51,1,0,0.24,1,3,8000.0,3200.0,0,0,0,1,11,19,SUSPICIOUS,1
5853.49,1.17,0,28,0.1111,13,1,5000.0,2000.0,0,0,0,0,13,3,NORMAL,0
4347.51,0.87,0,7,0.1305,20,6,5000.0,2000.0,0,0,0,0,0,10,NORMAL,0
1291.52,0.86,0,44,0.2066,14,3,1500.0,600.0,0,0,0,0,15,2,NORMAL,0
3128.46,0.39,1,0,0.1671,18,1,8000.0,3200.0,0,0,0,0,2,5,NORMAL,0
42708.24,3.56,1,0,0.475,19,1,12000.0,4800.0,0,0,0,0,13,49,SUSPICIOUS,1
48061.38,4.01,1,0,0.2261,1,5,12000.0,4800.0,1,1,0,0,63,80,SUSPICIOUS,1
8309.57,0.69,0,18,0.1432,15,0,12000.0,4800.0,0,0,0,0,3,4,NORMAL,0
1490.27,0.99,0,23,0.1085,7,2,1500.0,600.0,0,0,0,0,12,3,NORMAL,0
13185.77,4.4,1,0,0.5722,0,1,3000.0,1200.0,0,1,0,0,14,64,SUSPICIOUS,1
8432.44,1.05,0,39,0.1728,16,0,8000.0,3200.0,0,0,0,0,8,4,NORMAL,0
878.04,0.59,0,27,0.0813,8,1,1500.0,600.0,0,0,0,0,10,10,NORMAL,0
9493.21,3.16,0,1,0.4471,14,3,3000.0,1200.0,1,1,0,0,54,62,SUSPICIOUS,1
1906.24,0.38,0,8,0.223,21,6,5000.0,2000.0,0,0,0,0,14,13,NORMAL,0
9159.98,1.14,0,44,0.1609,11,2,8000.0,3200.0,0,0,0,0,8,7,NORMAL,0
31346.89,3.92,1,0,0.2388,19,6,8000.0,3200.0,1,1,0,0,62,53,SUSPICIOUS,1
33883.86,6.78,1,0,0.5562,8,2,5000.0,2000.0,1,1,0,0,81,83,EXTREME,1
7110.99,1.42,0,44,0.067,15,4,5000.0,2000.0,0,0,0,0,13,7,NORMAL,0
118177.42,9.85,1,0,0.9631,16,2,12000.0,4800.0,1,1,0,1,90,92,EXTREME,1
67620.05,5.64,1,0,1.0662,19,2,12000.0,4800.0,1,1,1,0,87,72,EXTREME,1
613.79,0.41,0,6,0.1148,16,5,1500.0,600.0,0,0,0,0,1,12,NORMAL,0
28421.15,5.68,1,0,0.5808,19,2,5000.0,2000.0,0,0,1,0,36,11,SUSPICIOUS,1
5006.67,0.63,0,31,0.2483,7,1,8000.0,3200.0,0,0,0,0,11,8,NORMAL,0
276.6,0.09,1,0,0.1351,21,4,3000.0,1200.0,0,0,0,0,15,10,NORMAL,0
11740.91,0.98,1,0,0.1878,18,6,12000.0,4800.0,0,0,1,0,3,9,NORMAL,0
1225.05,0.41,0,28,0.0615,8,2,3000.0,1200.0,0,0,0,0,3,2,NORMAL,0
5928.02,0.49,0,5,0.1634,17,0,12000.0,4800.0,0,0,1,0,6,0,NORMAL,0
3632.84,0.73,1,0,0.2044,9,2,5000.0,2000.0,0,0,0,0,14,8,NORMAL,0
4342.51,0.54,0,38,0.0515,18,2,8000.0,3200.0,0,0,0,0,10,4,NORMAL,0
10290.44,0.86,1,0,0.1688,22,2,12000.0,4800.0,0,0,0,0,15,9,NORMAL,0
17462.18,3.49,0,1,0.2782,3,6,5000.0,2000.0,0,1,0,0,20,59,SUSPICIOUS,1
7882.37,0.66,0,15,0.1897,13,6,12000.0,4800.0,0,0,0,0,1,4,NORMAL,0
1253.26,0.84,0,5,0.1252,15,5,1500.0,600.0,0,0,0,0,8,1,NORMAL,0
15494.74,1.29,0,20,0.2347,10,3,12000.0,4800.0,0,0,0,0,15,6,NORMAL,0
34446.96,11.48,1,0,0.9669,1,6,3000.0,1200.0,1,1,0,0,94,73,EXTREME,1
2322.08,1.55,0,36,0.0735,19,5,1500.0,600.0,0,0,0,0,0,13,NORMAL,0
2974.64,0.99,1,0,0.235,21,5,3000.0,1200.0,0,0,0,0,3,2,NORMAL,0
63701.74,5.31,0,1,0.5702,3,4,12000.0,4800.0,1,0,0,0,60,15,SUSPICIOUS,1
2457.01,0.82,0,44,0.2065,21,4,3000.0,1200.0,0,0,0,0,10,7,NORMAL,0
24038.73,4.81,0,3,0.4622,3,2,5000.0,2000.0,1,0,0,0,63,16,SUSPICIOUS,1
11402.47,0.95,0,12,0.1043,7,5,12000.0,4800.0,0,0,0,0,5,7,NORMAL,0
11423.99,0.95,0,16,0.0548,18,4,12000.0,4800.0,0,0,0,0,2,8,NORMAL,0
56993.48,4.75,1,0,0.4488,23,6,12000.0,4800.0,1,0,1,0,68,19,SUSPICIOUS,1
7032.03,0.59,0,7,0.0452,22,1,12000.0,4800.0,0,0,0,0,7,6,NORMAL,0
47165.4,5.9,1,0,0.2866,4,4,8000.0,3200.0,0,0,0,0,5,18,SUSPICIOUS,1
7049.84,0.59,0,17,0.2422,18,4,12000.0,4800.0,0,0,0,1,11,10,NORMAL,0
967.07,0.64,0,9,0.2462,18,5,1500.0,600.0,0,0,0,0,9,9,NORMAL,0
4921.9,0.98,0,11,0.0408,15,0,5000.0,2000.0,0,0,0,0,11,3,NORMAL,0
8800.34,0.73,0,31,0.0429,13,5,12000.0,4800.0,0,0,0,0,4,5,NORMAL,0
2148.74,0.27,0,41,0.0515,18,6,8000.0,3200.0,0,0,0,1,8,7,NORMAL,0
16222.71,5.41,1,0,0.9529,3,5,3000.0,1200.0,1,1,0,1,81,77,EXTREME,1
4037.65,2.69,1,0,0.501,19,1,1500.0,600.0,1,1,0,1,63,62,SUSPICIOUS,1
5721.2,0.72,0,5,0.1752,22,6,8000.0,3200.0,0,0,0,1,13,6,NORMAL,0
1124.63,0.37,0,8,0.1381,20,3,3000.0,1200.0,0,0,0,0,5,3,NORMAL,0
7480.07,0.94,0,15,0.085,18,4,8000.0,3200.0,0,0,0,0,11,5,NORMAL,0
6211.44,0.78,0,27,0.0735,12,4,8000.0,3200.0,0,0,0,0,10,1,NORMAL,0
4710.23,0.94,0,6,0.1976,22,2,5000.0,2000.0,0,0,0,0,6,14,NORMAL,0
8475.74,1.06,0,13,0.1133,20,2,8000.0,3200.0,0,0,0,0,11,13,NORMAL,0
9531.05,1.19,0,24,0.2287,17,5,8000.0,3200.0,0,0,0,0,15,15,NORMAL,0
87056.02,7.25,1,0,0.6923,1,3,12000.0,4800.0,1,1,0,0,94,89,EXTREME,1
54572.23,10.91,1,0,0.4533,11,4,5000.0,2000.0,1,1,1,1,100,70,EXTREME,1
36513.21,7.3,1,0,0.7651,9,6,5000.0,2000.0,1,1,1,0,85,83,EXTREME,1
6686.78,0.84,0,4,0.2181,8,6,8000.0,3200.0,0,0,0,1,9,12,NORMAL,0
10637.21,1.33,0,13,0.146,8,5,8000.0,3200.0,0,0,0,0,9,3,NORMAL,0
12501.02,2.5,0,3,0.2651,2,1,5000.0,2000.0,0,1,0,1,42,54,SUSPICIOUS,0
3808.42,0.76,0,26,0.2456,11,3,5000.0,2000.0,0,0,0,0,12,7,NORMAL,0
40459.8,8.09,1,0,0.6108,15,5,5000.0,2000.0,1,1,0,1,82,80,EXTREME,1
69809.44,5.82,1,0,0.5015,3,5,12000.0,4800.0,0,1,0,1,10,80,SUSPICIOUS,1
130914.94,10.91,1,0,0.6346,19,5,12000.0,4800.0,1,1,0,0,99,91,EXTREME,1
36530.91,4.57,1,0,0.3393,23,1,8000.0,3200.0,1,0,1,0,65,10,SUSPICIOUS,1
12680.83,1.06,0,6,0.1551,22,5,12000.0,4800.0,0,0,0,0,9,14,NORMAL,0
5257.44,3.5,1,0,0.2955,14,6,1500.0,600.0,1,0,0,1,69,3,SUSPICIOUS,1
5229.63,3.49,0,2,0.4421,14,5,1500.0,600.0,0,0,0,1,19,20,SUSPICIOUS,0
2359.99,0.47,0,25,0.2031,13,2,5000.0,2000.0,0,0,0,0,9,11,NORMAL,0
1283.44,0.86,1,0,0.1029,7,5,1500.0,600.0,0,0,0,0,9,2,NORMAL,0
2244.87,0.28,0,38,0.0476,21,4,8000.0,3200.0,0,0,0,0,14,5,NORMAL,0
4864.89,0.97,0,23,0.2485,10,4,5000.0,2000.0,0,0,0,0,1,6,NORMAL,0
4653.89,0.58,0,30,0.214,19,5,8000.0,3200.0,0,0,0,0,0,12,NORMAL,0
11872.51,0.99,0,15,0.1997,10,1,12000.0,4800.0,0,0,0,0,8,6,NORMAL,0
4139.5,0.83,0,25,0.153,12,3,5000.0,2000.0,0,0,0,0,14,1,NORMAL,0
2848.55,0.95,0,28,0.1658,10,6,3000.0,1200.0,0,0,0,0,11,12,NORMAL,0
43921.24,8.78,1,0,0.748,0,6,5000.0,2000.0,1,1,1,0,96,90,EXTREME,1
1894.78,1.26,1,0,0.1894,18,6,1500.0,600.0,0,0,1,0,2,4,NORMAL,0
4506.82,0.9,0,39,0.1888,19,4,5000.0,2000.0,0,0,0,0,3,10,NORMAL,0
3280.49,0.66,0,14,0.1581,20,1,5000.0,2000.0,0,0,0,0,6,15,NORMAL,0
6431.08,1.29,0,7,0.091,22,5,5000.0,2000.0,0,0,0,0,15,0,NORMAL,0
2176.81,1.45,0,16,0.0891,22,4,1500.0,600.0,0,0,0,0,10,5,NORMAL,0
1667.08,0.56,0,7,0.1722,21,0,3000.0,1200.0,0,0,0,0,14,3,NORMAL,0
11605.62,0.97,0,17,0.1966,22,6,12000.0,4800.0,0,0,0,0,1,2,NORMAL,0
15231.8,5.08,0,1,0.2724,0,2,3000.0,1200.0,1,0,0,1,53,7,SUSPICIOUS,1
3554.5,0.44,0,37,0.0606,15,4,8000.0,3200.0,0,0,0,0,11,15,NORMAL,0
3056.76,0.61,0,44,0.2228,7,0,5000.0,2000.0,0,0,0,0,5,9,NORMAL,0
15000.0,10.0,1,0,0.9652,17,6,1500.0,600.0,1,1,0,0,100,77,EXTREME,1
2495.17,0.83,0,45,0.0979,15,0,3000.0,1200.0,0,0,0,0,7,1,NORMAL,0
36071.25,4.51,1,0,0.5227,1,3,8000.0,3200.0,1,0,1,0,50,16,SUSPICIOUS,1
1956.92,0.65,0,5,0.0572,17,6,3000.0,1200.0,0,0,0,0,4,15,NORMAL,0
36161.79,7.23,1,0,0.4651,12,3,5000.0,2000.0,1,1,1,1,80,90,EXTREME,1
61142.75,5.1,1,0,0.4846,4,2,12000.0,4800.0,1,1,0,0,80,84,EXTREME,1
6427.98,0.8,0,42,0.1736,13,3,8000.0,3200.0,0,0,0,0,4,4,NORMAL,0
13266.98,2.65,0,1,0.2959,4,4,5000.0,2000.0,1,1,1,0,72,77,SUSPICIOUS,1
11967.07,1.0,0,39,0.2354,15,2,12000.0,4800.0,0,0,0,0,8,8,NORMAL,0
5826.06,1.17,0,11,0.1783,8,2,5000.0,2000.0,0,0,0,0,15,8,NORMAL,0
3012.5,1.0,0,30,0.2157,20,1,3000.0,1200.0,0,0,0,0,8,0,NORMAL,0
3588.75,0.72,0,20,0.1032,16,3,5000.0,2000.0,0,0,0,0,11,15,NORMAL,0
2905.33,0.58,0,12,0.1066,19,2,5000.0,2000.0,0,0,0,0,12,10,NORMAL,0
7991.81,0.67,0,3,0.0925,9,3,12000.0,4800.0,0,0,0,0,9,4,NORMAL,0
1158.4,0.77,0,29,0.1876,22,2,1500.0,600.0,0,0,0,0,8,7,NORMAL,0
8019.76,1.0,0,10,0.1972,21,5,8000.0,3200.0,0,0,0,0,3,11,NORMAL,0
4200.09,0.84,0,22,0.2438,7,5,5000.0,2000.0,0,0,0,0,6,6,NORMAL,0
38992.27,7.8,1,0,0.5443,14,1,5000.0,2000.0,1,1,1,1,81,84,EXTREME,1
29675.05,3.71,0,1,0.5772,0,6,8000.0,3200.0,0,1,0,0,45,78,SUSPICIOUS,1
8916.34,1.11,0,15,0.0875,18,1,8000.0,3200.0,0,0,0,0,3,0,NORMAL,0
2902.88,0.97,0,31,0.1168,12,3,3000.0,1200.0,0,0,0,0,7,5,NORMAL,0
5174.93,1.03,0,25,0.2246,8,4,5000.0,2000.0,0,0,0,0,11,2,NORMAL,0
56054.9,4.67,1,0,0.248,3,2,12000.0,4800.0,0,1,1,0,35,52,SUSPICIOUS,1
6349.68,1.27,0,21,0.081,16,4,5000.0,2000.0,0,0,0,0,14,3,NORMAL,0
426.32,0.28,0,38,0.1817,13,1,1500.0,600.0,0,0,0,0,9,4,NORMAL,0
1513.98,1.01,0,41,0.1755,21,1,1500.0,600.0,0,0,0,0,3,12,NORMAL,0
2542.73,0.85,1,0,0.1483,22,6,3000.0,1200.0,0,0,0,0,5,9,NORMAL,0
60943.06,5.08,0,1,0.5582,1,1,12000.0,4800.0,1,0,0,0,74,18,SUSPICIOUS,1
1646.87,1.1,1,0,0.1037,10,4,1500.0,600.0,0,0,0,0,5,15,NORMAL,0
2334.15,0.47,0,25,0.0771,8,3,5000.0,2000.0,0,0,0,0,12,2,NORMAL,0
38841.16,3.24,1,0,0.5097,19,3,12000.0,4800.0,1,1,0,0,57,65,SUSPICIOUS,1
8365.95,5.58,1,0,0.349,4,0,1500.0,600.0,0,0,1,0,14,43,SUSPICIOUS,1
1703.56,0.57,1,0,0.0689,22,2,3000.0,1200.0,0,0,0,1,2,0,NORMAL,0
7526.01,0.94,0,36,0.1133,16,1,8000.0,3200.0,0,0,0,0,15,7,NORMAL,0
3357.84,0.42,0,7,0.1965,15,6,8000.0,3200.0,0,0,0,0,11,2,NORMAL,0
1140.6,0.76,0,8,0.0765,9,4,1500.0,600.0,0,0,0,0,5,6,NORMAL,0
4350.0,0.54,0,23,0.2133,9,1,8000.0,3200.0,0,0,0,0,1,6,NORMAL,0
4559.71,3.04,1,0,0.3763,23,0,1500.0,600.0,1,0,0,1,64,17,SUSPICIOUS,1
4723.13,0.94,0,11,0.1609,17,2,5000.0,2000.0,0,0,0,0,12,10,NORMAL,0
3513.26,0.7,0,16,0.2105,20,4,5000.0,2000.0,0,0,0,0,2,9,NORMAL,0
1259.07,0.84,0,23,0.0873,16,1,1500.0,600.0,0,0,0,0,6,14,NORMAL,0
2084.62,0.26,0,26,0.1965,11,1,8000.0,3200.0,0,0,0,0,13,15,NORMAL,0
6285.18,0.79,0,19,0.209,17,1,8000.0,3200.0,0,0,0,0,4,9,NORMAL,0
5640.11,3.76,0,2,0.588,2,2,1500.0,600.0,1,1,1,0,63,64,SUSPICIOUS,1
10036.99,0.84,0,43,0.2347,8,5,12000.0,4800.0,0,0,0,0,6,9,NORMAL,0
13767.68,1.15,0,16,0.0545,20,0,12000.0,4800.0,0,0,0,0,3,11,NORMAL,0
55325.25,4.61,1,0,0.2368,23,2,12000.0,4800.0,0,1,1,0,8,62,SUSPICIOUS,1
3050.43,1.02,0,31,0.1683,8,5,3000.0,1200.0,0,0,0,0,13,0,NORMAL,0
5362.83,1.07,0,25,0.2274,14,3,5000.0,2000.0,0,0,0,0,8,10,NORMAL,0
5571.86,1.11,0,30,0.1606,22,2,5000.0,2000.0,0,0,0,0,4,11,NORMAL,0
110205.76,9.18,1,0,0.4463,9,1,12000.0,4800.0,1,1,1,0,92,86,EXTREME,1
7592.73,0.95,0,39,0.2457,17,0,8000.0,3200.0,0,0,0,0,14,13,NORMAL,0
15511.1,5.17,1,0,0.5037,1,2,3000.0,1200.0,1,0,0,0,69,14,SUSPICIOUS,1
10709.24,0.89,0,8,0.0626,14,5,12000.0,4800.0,0,0,0,0,5,9,NORMAL,0
9676.91,0.81,0,11,0.1375,12,1,12000.0,4800.0,0,0,1,1,14,3,NORMAL,0
15145.96,5.05,1,0,0.5168,14,1,3000.0,1200.0,1,0,0,0,70,11,SUSPICIOUS,1
2042.16,0.68,1,0,0.1908,19,0,3000.0,1200.0,0,0,0,0,7,0,NORMAL,0
8788.6,1.1,0,8,0.1706,22,1,8000.0,3200.0,0,0,0,0,9,2,NORMAL,0
7309.46,0.91,0,2,0.1214,14,1,8000.0,3200.0,0,0,0,0,8,1,NORMAL,0
1457.01,0.97,0,4,0.1976,22,0,1500.0,600.0,0,0,0,0,14,3,NORMAL,0
5101.79,0.64,0,37,0.1377,14,3,8000.0,3200.0,0,0,0,0,6,3,NORMAL,0
1876.76,0.63,0,41,0.0756,16,3,3000.0,1200.0,0,0,1,0,1,2,NORMAL,0
135561.91,11.3,1,0,1.0519,15,2,12000.0,4800.0,1,1,0,0,81,70,EXTREME,1
1035.94,0.69,0,10,0.1178,19,3,1500.0,600.0,0,0,0,1,2,0,NORMAL,0
4232.1,0.85,0,31,0.0486,22,0,5000.0,2000.0,0,0,1,0,0,3,NORMAL,0
2236.87,0.75,0,9,0.0755,19,4,3000.0,1200.0,0,0,0,0,6,1,NORMAL,0
1154.72,0.77,0,6,0.1999,9,5,1500.0,600.0,0,0,0,0,12,6,NORMAL,0
917.08,0.61,1,0,0.1202,21,3,1500.0,600.0,0,0,1,0,15,2,NORMAL,0
23242.82,4.65,1,0,0.5166,14,1,5000.0,2000.0,0,0,0,0,17,49,SUSPICIOUS,1
2608.79,0.52,0,39,0.2367,19,0,5000.0,2000.0,0,0,0,0,13,14,NORMAL,0
7587.95,0.95,1,0,0.2044,17,2,8000.0,3200.0,0,0,0,0,9,12,NORMAL,0
1947.67,0.65,0,12,0.2292,9,6,3000.0,1200.0,0,0,0,0,4,10,NORMAL,0
8004.43,0.67,1,0,0.186,18,4,12000.0,4800.0,0,0,0,0,10,0,NORMAL,0
3376.3,1.13,0,43,0.2011,20,1,3000.0,1200.0,0,0,0,0,7,11,NORMAL,0
7783.99,0.97,0,20,0.1457,22,0,8000.0,3200.0,0,0,1,1,6,4,NORMAL,0
1677.35,1.12,0,41,0.2084,11,0,1500.0,600.0,0,0,0,0,7,3,NORMAL,0
5093.2,0.64,0,31,0.0988,12,1,8000.0,3200.0,0,0,0,0,15,0,NORMAL,0
1637.0,1.09,1,0,0.2152,16,4,1500.0,600.0,0,0,1,0,13,7,NORMAL,0
8208.67,1.03,0,30,0.1991,20,1,8000.0,3200.0,0,0,0,0,12,1,NORMAL,0
6907.17,0.58,0,43,0.1055,9,5,12000.0,4800.0,0,0,0,0,1,8,NORMAL,0
6076.74,0.76,0,40,0.1088,15,6,8000.0,3200.0,0,0,0,0,10,8,NORMAL,0
1664.53,0.33,0,9,0.0915,21,0,5000.0,2000.0,0,0,0,0,11,6,NORMAL,0
10468.19,0.87,0,13,0.1494,21,6,12000.0,4800.0,0,0,0,0,6,4,NORMAL,0
8690.62,1.09,0,29,0.2418,15,6,8000.0,3200.0,0,0,0,0,9,4,NORMAL,0
8542.29,0.71,0,20,0.246,16,2,12000.0,4800.0,0,0,0,0,8,1,NORMAL,0
901.04,0.6,0,8,0.2185,14,3,1500.0,600.0,0,0,0,0,13,10,NORMAL,0
7022.89,0.59,0,14,0.1564,12,1,12000.0,4800.0,0,0,0,0,4,7,NORMAL,0
9792.81,3.26,1,0,0.4059,2,1,3000.0,1200.0,0,1,0,0,16,66,SUSPICIOUS,1
32130.64,6.43,1,0,1.1213,4,5,5000.0,2000.0,1,1,0,0,80,95,EXTREME,1
13450.75,1.12,0,9,0.0824,21,5,12000.0,4800.0,0,0,0,0,12,2,NORMAL,0
3833.17,0.77,0,32,0.2439,10,2,5000.0,2000.0,0,0,0,0,2,3,NORMAL,0
12479.36,1.04,0,26,0.2159,13,0,12000.0,4800.0,0,0,0,0,11,7,NORMAL,0
960.18,0.64,0,36,0.1372,19,2,1500.0,600.0,0,0,0,0,1,2,NORMAL,0
44653.62,5.58,1,0,0.3476,19,6,8000.0,3200.0,0,1,1,0,4,63,SUSPICIOUS,1
53379.83,4.45,1,0,0.2122,4,2,12000.0,4800.0,0,1,1,0,37,71,SUSPICIOUS,1
8586.38,1.07,0,38,0.1007,21,5,8000.0,3200.0,0,0,0,0,13,6,NORMAL,0
12125.68,1.01,0,14,0.2362,19,6,12000.0,4800.0,0,0,0,0,14,13,NORMAL,0
1273.47,0.85,1,0,0.0918,8,3,1500.0,600.0,0,0,0,0,10,7,NORMAL,0
6717.48,0.84,0,19,0.0628,12,3,8000.0,3200.0,0,0,0,0,9,4,NORMAL,0
7468.65,0.93,0,18,0.1934,10,2,8000.0,3200.0,0,0,0,0,6,6,NORMAL,0
1166.26,0.78,0,21,0.1888,11,5,1500.0,600.0,0,0,0,0,10,9,NORMAL,0
3981.83,0.8,0,18,0.0917,16,3,5000.0,2000.0,0,0,0,0,10,4,NORMAL,0
50.0,0.01,0,12,0.1769,17,6,8000.0,3200.0,0,0,0,0,14,5,NORMAL,0
4915.98,0.98,0,20,0.0455,15,1,5000.0,2000.0,0,0,1,0,3,0,NORMAL,0
55665.66,4.64,1,0,0.5044,19,3,12000.0,4800.0,1,1,0,0,52,76,SUSPICIOUS,1
3243.09,0.65,0,41,0.1547,19,1,5000.0,2000.0,0,0,0,0,13,5,NORMAL,0
44212.96,3.68,1,0,0.5718,0,0,12000.0,4800.0,0,0,1,0,20,20,SUSPICIOUS,1
13745.89,4.58,0,1,0.5465,23,3,3000.0,1200.0,0,0,0,1,14,15,SUSPICIOUS,1
2129.4,0.71,0,12,0.1054,22,6,3000.0,1200.0,0,0,0,0,1,3,NORMAL,0
1076.98,0.72,1,0,0.1137,22,1,1500.0,600.0,0,0,0,0,6,11,NORMAL,0
3997.37,0.8,0,42,0.077,17,0,5000.0,2000.0,0,0,0,0,10,13,NORMAL,0
50809.82,4.23,1,0,0.228,1,1,12000.0,4800.0,1,1,0,1,73,72,SUSPICIOUS,1
8548.41,5.7,0,2,0.4154,2,2,1500.0,600.0,1,1,0,1,65,67,SUSPICIOUS,1
3789.56,1.26,0,29,0.0573,11,0,3000.0,1200.0,0,0,0,0,4,13,NORMAL,0
4537.19,0.57,0,11,0.18,22,3,8000.0,3200.0,0,0,0,0,10,3,NORMAL,0
8574.76,1.07,0,5,0.1855,21,6,8000.0,3200.0,0,0,0,0,11,1,NORMAL,0
34361.35,2.86,0,1,0.5987,23,6,12000.0,4800.0,0,1,1,0,16,57,SUSPICIOUS,0
1978.68,0.66,0,7,0.0583,19,6,3000.0,1200.0,0,0,0,0,10,9,NORMAL,0
2325.23,0.78,1,0,0.0487,7,5,3000.0,1200.0,0,0,0,0,7,13,NORMAL,0
25444.81,5.09,1,0,0.5468,2,4,5000.0,2000.0,0,0,1,0,13,12,SUSPICIOUS,1
935.32,0.62,0,17,0.2079,21,0,1500.0,600.0,0,0,0,0,9,9,NORMAL,0
56949.7,11.39,1,0,0.5591,0,3,5000.0,2000.0,1,1,0,0,100,79,EXTREME,1
5176.89,0.65,0,32,0.2333,10,5,8000.0,3200.0,0,0,0,0,9,13,NORMAL,0
3940.83,0.79,0,34,0.0841,19,1,5000.0,2000.0,0,0,0,0,6,5,NORMAL,0
2799.92,0.93,0,14,0.0483,21,5,3000.0,1200.0,0,0,0,0,11,14,NORMAL,0
44493.3,5.56,1,0,0.2233,23,0,8000.0,3200.0,1,0,0,0,59,42,SUSPICIOUS,1
20771.23,4.15,1,0,1.1492,22,1,5000.0,2000.0,1,1,0,0,93,72,EXTREME,1
8057.8,0.67,0,24,0.2205,13,1,12000.0,4800.0,0,0,0,0,12,8,NORMAL,0
5723.02,1.14,1,0,0.1812,7,5,5000.0,2000.0,0,0,0,0,8,6,NORMAL,0
9683.88,0.81,0,22,0.1624,19,0,12000.0,4800.0,0,0,0,0,0,0,NORMAL,0
3628.63,1.21,1,0,0.1479,10,3,3000.0,1200.0,0,0,0,0,6,3,NORMAL,0
108614.84,9.05,1,0,0.5161,2,4,12000.0,4800.0,1,1,0,0,83,86,EXTREME,1
5561.17,0.46,0,8,0.2403,22,4,12000.0,4800.0,0,0,0,1,4,3,NORMAL,0
14172.56,1.18,0,31,0.1948,21,3,12000.0,4800.0,0,0,0,0,0,3,NORMAL,0
6937.79,0.87,0,45,0.2169,11,1,8000.0,3200.0,0,0,0,0,13,4,NORMAL,0
14752.18,2.95,1,0,0.2899,1,6,5000.0,2000.0,0,0,0,1,12,10,SUSPICIOUS,0
3084.14,1.03,1,0,0.0575,21,2,3000.0,1200.0,0,0,0,0,7,3,NORMAL,0
5991.69,0.75,0,29,0.208,18,2,8000.0,3200.0,0,0,0,0,7,15,NORMAL,0
1275.67,0.85,0,10,0.1073,20,5,1500.0,600.0,0,0,0,0,10,3,NORMAL,0
12220.66,1.53,0,8,0.2011,15,4,8000.0,3200.0,0,0,0,0,6,13,NORMAL,0
18895.8,6.3,1,0,0.5874,10,0,3000.0,1200.0,1,1,1,1,86,76,EXTREME,1
7839.74,0.98,0,39,0.1273,21,2,8000.0,3200.0,0,0,0,0,14,9,NORMAL,0
3816.77,0.76,0,18,0.1532,10,4,5000.0,2000.0,0,0,0,0,15,6,NORMAL,0
2338.76,0.78,0,10,0.2278,17,4,3000.0,1200.0,0,0,0,0,15,15,NORMAL,0
5101.3,1.02,1,0,0.2016,17,0,5000.0,2000.0,0,0,0,0,6,9,NORMAL,0
1584.79,1.06,0,44,0.1273,20,4,1500.0,600.0,0,0,0,0,13,7,NORMAL,0
39172.77,7.83,1,0,0.7936,7,2,5000.0,2000.0,1,1,1,1,82,75,EXTREME,1
12630.08,1.05,0,42,0.0923,9,0,12000.0,4800.0,0,0,0,0,13,11,NORMAL,0
26661.05,8.89,1,0,0.98,19,3,3000.0,1200.0,1,1,1,0,93,82,EXTREME,1
1003.18,0.67,0,33,0.1727,14,4,1500.0,600.0,0,0,0,0,7,6,NORMAL,0
2483.32,0.31,0,21,0.2178,8,6,8000.0,3200.0,0,0,0,0,8,6,NORMAL,0
1038.53,0.69,0,5,0.2294,13,5,1500.0,600.0,0,0,0,0,8,1,NORMAL,0
12616.95,1.05,0,45,0.0638,22,1,12000.0,4800.0,0,0,0,0,4,1,NORMAL,0
9068.0,1.13,0,20,0.2292,18,0,8000.0,3200.0,0,0,0,0,8,15,NORMAL,0
9835.44,0.82,0,37,0.1475,16,2,12000.0,4800.0,0,0,0,0,15,11,NORMAL,0
1822.01,1.21,1,0,0.2235,9,3,1500.0,600.0,0,0,0,0,9,13,NORMAL,0
8637.86,5.76,1,0,0.5632,2,6,1500.0,600.0,1,0,1,0,71,3,SUSPICIOUS,1
3218.51,1.07,0,33,0.1808,19,3,3000.0,1200.0,0,0,0,1,13,9,NORMAL,0
2396.73,0.8,0,23,0.0527,14,0,3000.0,1200.0,0,0,0,0,10,4,NORMAL,0
15000.0,5.0,1,0,0.7544,13,2,3000.0,1200.0,1,1,1,1,83,95,EXTREME,1
12662.77,1.06,0,25,0.14,8,1,12000.0,4800.0,0,0,0,0,13,2,NORMAL,0
36912.65,3.08,1,0,0.3911,4,6,12000.0,4800.0,1,0,0,1,68,17,SUSPICIOUS,1
48843.04,4.07,1,0,0.2609,3,2,12000.0,4800.0,1,0,0,0,55,44,SUSPICIOUS,1
15000.0,10.0,1,0,0.5579,21,4,1500.0,600.0,1,1,0,1,100,76,EXTREME,1
7465.47,0.62,0,25,0.0915,9,1,12000.0,4800.0,0,0,0,0,1,1,NORMAL,0
5387.02,3.59,0,1,0.5471,4,0,1500.0,600.0,0,1,0,1,14,65,SUSPICIOUS,1
3379.64,1.13,0,17,0.0857,13,2,3000.0,1200.0,0,0,0,0,4,9,NORMAL,0
6207.5,0.78,0,34,0.1602,22,6,8000.0,3200.0,0,0,0,0,12,5,NORMAL,0
11236.53,1.4,0,44,0.2111,16,5,8000.0,3200.0,0,0,0,0,4,5,NORMAL,0
40690.3,5.09,1,0,1.1139,17,6,8000.0,3200.0,1,1,0,0,84,72,EXTREME,1
6914.7,0.86,0,3,0.1937,22,5,8000.0,3200.0,0,0,0,0,13,7,NORMAL,0
1253.31,0.84,0,19,0.1632,9,4,1500.0,600.0,0,0,0,0,13,10,NORMAL,0
3395.84,1.13,0,19,0.1137,8,3,3000.0,1200.0,0,0,0,0,10,13,NORMAL,0
1856.19,0.62,0,25,0.1862,21,3,3000.0,1200.0,0,0,0,0,3,14,NORMAL,0
53970.9,4.5,1,0,0.4776,1,3,12000.0,4800.0,1,1,0,1,65,71,SUSPICIOUS,1
2212.35,0.74,0,38,0.221,12,5,3000.0,1200.0,0,0,0,0,8,9,NORMAL,0
57959.94,11.59,1,0,0.4001,0,1,5000.0,2000.0,1,1,1,0,99,87,EXTREME,1
5955.23,3.97,0,2,0.3695,23,6,1500.0,600.0,1,1,0,0,73,74,SUSPICIOUS,1
3563.46,0.71,0,34,0.1422,15,4,5000.0,2000.0,0,0,1,0,6,5,NORMAL,0
1923.44,0.64,0,37,0.2204,19,4,3000.0,1200.0,0,0,0,0,15,0,NORMAL,0
4815.12,0.96,0,33,0.1516,16,2,5000.0,2000.0,0,0,0,0,15,12,NORMAL,0
6229.15,0.52,0,28,0.1005,7,4,12000.0,4800.0,0,0,0,0,3,7,NORMAL,0
9640.76,1.21,0,18,0.056,12,3,8000.0,3200.0,0,0,0,0,12,9,NORMAL,0
3222.08,0.64,0,2,0.1601,17,2,5000.0,2000.0,0,0,0,0,14,7,NORMAL,0
1070.24,0.36,0,29,0.1286,11,6,3000.0,1200.0,0,0,0,1,8,15,NORMAL,0
62613.2,5.22,1,0,0.9443,16,0,12000.0,4800.0,1,1,1,1,95,72,EXTREME,1
5455.22,1.09,0,35,0.1822,20,2,5000.0,2000.0,0,0,0,0,3,14,NORMAL,0
10552.77,0.88,0,41,0.1405,14,5,12000.0,4800.0,0,0,0,0,7,6,NORMAL,0
2663.56,0.89,0,29,0.1563,13,4,3000.0,1200.0,0,0,0,0,12,4,NORMAL,0
5902.61,0.74,0,29,0.243,10,3,8000.0,3200.0,0,0,0,0,11,5,NORMAL,0
6328.57,4.22,0,3,0.5335,3,3,1500.0,600.0,1,1,0,1,66,80,SUSPICIOUS,1
51956.32,4.33,1,0,0.4066,14,0,12000.0,4800.0,0,0,0,0,6,5,SUSPICIOUS,1
60437.37,5.04,1,0,0.3578,2,5,12000.0,4800.0,1,1,1,1,75,74,SUSPICIOUS,1
7268.52,0.91,0,30,0.2094,20,3,8000.0,3200.0,0,0,0,0,7,15,NORMAL,0
31907.09,2.66,1,0,0.3751,14,4,12000.0,4800.0,0,0,1,0,18,7,SUSPICIOUS,0
4176.46,0.84,1,0,0.1291,15,1,5000.0,2000.0,0,0,0,0,12,3,NORMAL,0
2384.3,0.79,0,37,0.1855,22,1,3000.0,1200.0,0,0,0,0,12,11,NORMAL,0
9619.17,0.8,0,36,0.213,19,0,12000.0,4800.0,0,0,0,1,6,4,NORMAL,0
17416.35,5.81,0,1,0.3058,14,6,3000.0,1200.0,1,0,0,0,70,49,SUSPICIOUS,1
12433.76,1.04,0,2,0.1377,16,6,12000.0,4800.0,0,0,0,0,7,11,NORMAL,0
900.04,0.6,1,0,0.1706,20,3,1500.0,600.0,0,0,0,0,5,8,NORMAL,0
47603.45,9.52,1,0,1.1438,2,6,5000.0,2000.0,1,1,1,0,88,89,EXTREME,1
11187.21,1.4,0,24,0.1914,22,2,8000.0,3200.0,0,0,0,0,8,7,NORMAL,0
4171.38,0.83,0,26,0.2166,19,0,5000.0,2000.0,0,0,0,0,1,15,NORMAL,0
8856.37,0.74,0,31,0.0699,12,1,12000.0,4800.0,0,0,0,0,13,9,NORMAL,0
7720.06,5.15,1,0,0.2968,0,0,1500.0,600.0,0,1,0,0,35,63,SUSPICIOUS,1
8092.9,1.01,0,41,0.1388,20,5,8000.0,3200.0,0,0,0,0,7,1,NORMAL,0
7139.07,1.43,0,37,0.1192,7,0,5000.0,2000.0,0,0,0,0,13,2,NORMAL,0
1192.61,0.8,0,2,0.0515,19,4,1500.0,600.0,0,0,0,0,2,11,NORMAL,0
3850.03,0.77,0,16,0.222,12,6,5000.0,2000.0,0,0,0,0,4,8,NORMAL,0
6663.41,0.83,0,15,0.0781,10,2,8000.0,3200.0,0,0,0,0,9,8,NORMAL,0
7252.54,0.6,0,43,0.0579,21,3,12000.0,4800.0,0,0,0,0,6,6,NORMAL,0
5413.37,3.61,1,0,0.4349,0,3,1500.0,600.0,1,0,1,0,62,44,SUSPICIOUS,1
11817.63,3.94,1,0,0.5141,2,4,3000.0,1200.0,0,1,0,1,9,72,SUSPICIOUS,1
35556.05,11.85,1,0,0.9495,18,6,3000.0,1200.0,1,1,0,1,99,77,EXTREME,1
2999.21,0.6,0,36,0.1326,19,1,5000.0,2000.0,0,0,0,0,7,0,NORMAL,0
3181.13,0.64,1,0,0.0703,18,0,5000.0,2000.0,0,0,0,0,10,12,NORMAL,0
412.48,0.14,0,38,0.0601,20,0,3000.0,1200.0,0,0,0,0,8,11,NORMAL,0
7889.16,0.99,0,41,0.2365,9,4,8000.0,3200.0,0,0,0,0,8,8,NORMAL,0
1487.8,0.5,0,29,0.1142,16,3,3000.0,1200.0,0,0,0,0,2,5,NORMAL,0
1033.96,0.69,0,25,0.0932,21,2,1500.0,600.0,0,0,0,0,15,1,NORMAL,0
3195.14,1.07,1,0,0.205,8,6,3000.0,1200.0,0,0,0,0,11,12,NORMAL,0
5262.83,1.05,0,27,0.223,18,0,5000.0,2000.0,0,0,0,0,3,4,NORMAL,0
3695.11,1.23,0,5,0.1276,18,6,3000.0,1200.0,0,0,0,0,12,13,NORMAL,0
6628.2,1.33,1,0,0.1133,7,6,5000.0,2000.0,0,0,0,0,11,11,NORMAL,0
12448.44,1.56,0,38,0.0847,22,4,8000.0,3200.0,0,0,0,0,7,3,NORMAL,0
16450.66,3.29,1,0,0.4268,0,5,5000.0,2000.0,0,1,0,0,44,76,SUSPICIOUS,1
1142.17,0.76,0,3,0.069,20,6,1500.0,600.0,0,0,0,0,8,15,NORMAL,0
15777.61,3.16,1,0,0.2912,1,0,5000.0,2000.0,1,0,0,0,75,48,SUSPICIOUS,1
1559.94,0.52,0,30,0.0804,10,6,3000.0,1200.0,0,0,1,0,7,7,NORMAL,0
9483.74,0.79,0,18,0.1177,12,1,12000.0,4800.0,0,0,0,0,15,0,NORMAL,0
15246.97,5.08,1,0,0.3772,2,6,3000.0,1200.0,1,1,0,0,55,75,SUSPICIOUS,1
15000.0,10.0,1,0,1.1668,17,0,1500.0,600.0,1,1,0,0,81,71,EXTREME,1
13711.98,1.14,0,15,0.1543,17,3,12000.0,4800.0,0,0,0,0,11,1,NORMAL,0
2180.97,0.44,0,36,0.2474,17,3,5000.0,2000.0,0,0,0,0,3,1,NORMAL,0
44768.93,8.95,1,0,0.9792,3,6,5000.0,2000.0,1,1,0,0,89,86,EXTREME,1
5574.65,3.72,0,3,0.593,1,2,1500.0,600.0,1,1,0,0,61,78,SUSPICIOUS,1
827.18,0.55,0,4,0.0408,20,2,1500.0,600.0,0,0,0,0,13,4,NORMAL,0
7162.07,0.6,0,20,0.2199,17,5,12000.0,4800.0,0,0,0,0,10,7,NORMAL,0
26155.29,3.27,0,2,0.3702,23,4,8000.0,3200.0,0,0,1,1,11,1,SUSPICIOUS,1
2301.0,0.77,0,37,0.0615,20,1,3000.0,1200.0,0,0,0,0,5,12,NORMAL,0
23243.31,4.65,1,0,0.4593,1,2,5000.0,2000.0,0,1,0,0,45,54,SUSPICIOUS,1
4171.38,0.35,0,44,0.1186,13,1,12000.0,4800.0,0,0,0,0,2,11,NORMAL,0
11127.83,3.71,1,0,0.2437,19,0,3000.0,1200.0,1,1,1,0,67,52,SUSPICIOUS,1
63126.21,5.26,1,0,0.4993,3,6,12000.0,4800.0,0,1,1,0,3,64,SUSPICIOUS,1
67684.17,8.46,1,0,1.1049,11,4,8000.0,3200.0,1,1,0,0,97,80,EXTREME,1
3544.51,0.71,0,9,0.0852,17,5,5000.0,2000.0,0,0,1,0,15,9,NORMAL,0
4273.19,0.53,0,30,0.081,22,1,8000.0,3200.0,0,0,0,0,13,3,NORMAL,0
3594.56,0.72,0,39,0.1601,8,3,5000.0,2000.0,0,0,0,0,3,7,NORMAL,0
14675.64,2.94,1,0,0.4389,4,2,5000.0,2000.0,1,0,1,0,72,4,SUSPICIOUS,1
4354.59,1.45,0,29,0.0897,15,0,3000.0,1200.0,0,0,0,0,2,13,NORMAL,0
8345.7,1.04,1,0,0.2147,19,2,8000.0,3200.0,0,0,0,0,3,9,NORMAL,0
12668.67,4.22,0,1,0.208,23,3,3000.0,1200.0,0,0,0,0,8,46,SUSPICIOUS,1
5591.19,3.73,1,0,0.2751,14,4,1500.0,600.0,1,1,1,0,74,57,SUSPICIOUS,1
15000.0,10.0,1,0,0.4046,3,4,1500.0,600.0,1,1,0,0,91,85,EXTREME,1
5228.95,1.05,0,8,0.1054,18,0,5000.0,2000.0,0,0,0,0,8,11,NORMAL,0
9092.62,0.76,0,15,0.1206,8,6,12000.0,4800.0,0,0,0,0,14,5,NORMAL,0
1184.89,0.79,0,35,0.0504,15,1,1500.0,600.0,0,0,0,0,2,12,NORMAL,0
2775.56,0.93,0,12,0.2456,7,6,3000.0,1200.0,0,0,0,0,1,14,NORMAL,0
8335.18,1.04,0,23,0.0407,7,5,8000.0,3200.0,0,0,0,0,0,12,NORMAL,0
1387.21,0.92,0,41,0.05,9,6,1500.0,600.0,0,0,0,1,15,7,NORMAL,0
8284.89,1.04,0,26,0.0902,11,6,8000.0,3200.0,0,0,0,0,14,5,NORMAL,0
16243.62,5.41,1,0,0.3296,4,6,3000.0,1200.0,1,0,0,0,59,10,SUSPICIOUS,1
1870.34,0.62,0,22,0.2171,12,3,3000.0,1200.0,0,0,0,0,11,8,NORMAL,0
54448.6,10.89,1,0,1.1691,18,3,5000.0,2000.0,1,1,1,1,86,94,EXTREME,1
2656.48,0.89,0,24,0.21,20,2,3000.0,1200.0,0,0,0,0,4,13,NORMAL,0
1849.25,1.23,0,41,0.1579,21,1,1500.0,600.0,0,0,0,0,14,8,NORMAL,0
1401.41,0.93,0,17,0.064,19,2,1500.0,600.0,0,0,0,0,2,2,NORMAL,0
3232.34,1.08,0,28,0.1052,8,5,3000.0,1200.0,0,0,0,0,5,11,NORMAL,0
2482.75,0.83,0,4,0.1267,12,1,3000.0,1200.0,0,0,0,0,6,8,NORMAL,0
2102.03,0.18,0,14,0.1529,17,4,12000.0,4800.0,0,0,0,0,9,11,NORMAL,0
9133.9,3.04,1,0,0.393,19,2,3000.0,1200.0,1,0,0,0,52,14,SUSPICIOUS,1
6663.99,0.56,0,34,0.1814,17,3,12000.0,4800.0,0,0,0,0,6,6,NORMAL,0
2445.09,0.49,0,5,0.0841,7,0,5000.0,2000.0,0,0,0,0,5,4,NORMAL,0
11534.56,0.96,0,15,0.1746,15,1,12000.0,4800.0,0,0,0,0,2,9,NORMAL,0
5651.21,1.13,0,23,0.1984,21,2,5000.0,2000.0,0,0,0,0,7,13,NORMAL,0
12616.72,1.05,0,25,0.0716,16,1,12000.0,4800.0,0,0,0,0,1,6,NORMAL,0
15525.39,3.11,1,0,0.2253,3,5,5000.0,2000.0,0,0,0,0,12,41,SUSPICIOUS,1
109470.76,9.12,1,0,1.0474,23,1,12000.0,4800.0,1,1,1,1,88,85,EXTREME,1
19766.33,3.95,1,0,0.4182,1,0,5000.0,2000.0,0,0,0,1,0,46,SUSPICIOUS,1
3174.32,0.63,0,8,0.0776,20,4,5000.0,2000.0,0,0,0,0,7,4,NORMAL,0
3432.9,0.69,1,0,0.245,12,3,5000.0,2000.0,0,0,0,0,7,4,NORMAL,0
2594.93,0.86,0,18,0.1071,22,0,3000.0,1200.0,0,0,0,0,10,1,NORMAL,0
11172.53,0.93,0,36,0.221,22,4,12000.0,4800.0,0,0,0,0,1,2,NORMAL,0
8655.62,0.72,0,13,0.1288,16,1,12000.0,4800.0,0,0,0,0,6,5,NORMAL,0
4245.91,0.85,0,19,0.127,8,1,5000.0,2000.0,0,0,0,0,6,12,NORMAL,0
8408.82,2.8,0,2,0.3778,19,1,3000.0,1200.0,1,1,1,1,70,58,SUSPICIOUS,1
7859.57,0.65,0,29,0.1742,12,5,12000.0,4800.0,0,0,0,0,12,0,NORMAL,0
5169.09,1.03,0,3,0.2474,14,0,5000.0,2000.0,0,0,0,0,13,2,NORMAL,0
8860.5,1.11,0,29,0.144,19,4,8000.0,3200.0,0,0,0,0,6,3,NORMAL,0
8406.31,5.6,1,0,0.3162,19,2,1500.0,600.0,0,0,0,0,46,45,SUSPICIOUS,1
1132.49,0.75,0,7,0.1161,10,3,1500.0,600.0,0,0,0,0,10,12,NORMAL,0
4911.74,0.61,0,15,0.0826,22,0,8000.0,3200.0,0,0,0,0,4,12,NORMAL,0
8411.16,1.05,0,36,0.1175,15,1,8000.0,3200.0,0,0,0,0,2,2,NORMAL,0
15000.0,10.0,1,0,0.9552,11,6,1500.0,600.0,1,1,0,1,82,79,EXTREME,1
4824.27,0.6,0,41,0.2363,18,5,8000.0,3200.0,0,0,0,0,9,6,NORMAL,0
8246.08,1.03,0,44,0.0495,13,5,8000.0,3200.0,0,0,0,0,1,4,NORMAL,0
926.65,0.62,0,42,0.1546,17,4,1500.0,600.0,0,0,0,0,12,14,NORMAL,0
8687.61,0.72,0,18,0.2293,13,0,12000.0,4800.0,0,0,0,0,8,8,NORMAL,0
1247.68,0.83,0,37,0.131,20,1,1500.0,600.0,0,0,0,0,0,3,NORMAL,0
1983.48,1.32,0,41,0.1628,17,0,1500.0,600.0,0,0,0,0,9,3,NORMAL,0
1364.31,0.91,0,2,0.1797,14,5,1500.0,600.0,0,0,0,0,8,15,NORMAL,0
7677.68,0.64,0,16,0.2046,15,0,12000.0,4800.0,0,0,0,0,5,5,NORMAL,0
10862.82,3.62,1,0,0.2877,2,2,3000.0,1200.0,1,0,1,0,73,12,SUSPICIOUS,1
4823.98,0.96,1,0,0.2404,21,2,5000.0,2000.0,0,0,0,0,8,4,NORMAL,0
59370.37,4.95,0,2,0.4112,23,6,12000.0,4800.0,0,0,0,1,14,13,SUSPICIOUS,1
9316.27,0.78,1,0,0.176,10,1,12000.0,4800.0,0,0,0,0,4,9,NORMAL,0
23442.03,2.93,1,0,0.2638,0,4,8000.0,3200.0,0,1,0,0,0,78,SUSPICIOUS,1
1394.35,0.93,0,45,0.0918,10,6,1500.0,600.0,0,0,0,0,10,2,NORMAL,0
3371.69,1.12,0,30,0.0515,18,1,3000.0,1200.0,0,0,0,1,7,15,NORMAL,0
35291.63,4.41,1,0,1.1185,7,3,8000.0,3200.0,1,1,0,1,95,81,EXTREME,1
3365.7,0.67,0,7,0.1434,8,5,5000.0,2000.0,0,0,0,0,3,10,NORMAL,0
2103.7,1.4,0,13,0.1107,19,4,1500.0,600.0,0,0,0,0,13,8,NORMAL,0
1397.62,0.93,0,17,0.0547,10,2,1500.0,600.0,0,0,0,0,2,13,NORMAL,0
7694.63,0.64,0,21,0.0732,20,5,12000.0,4800.0,0,0,0,0,13,6,NORMAL,0
2525.23,0.84,1,0,0.2249,7,1,3000.0,1200.0,0,0,0,0,9,3,NORMAL,0
72997.96,9.12,1,0,0.5568,22,3,8000.0,3200.0,1,1,1,0,93,85,EXTREME,1
5792.7,0.72,0,14,0.109,16,2,8000.0,3200.0,0,0,0,0,5,5,NORMAL,0
3058.51,1.02,0,22,0.1843,16,4,3000.0,1200.0,0,0,0,0,10,5,NORMAL,0
12204.64,1.02,0,18,0.1652,20,2,12000.0,4800.0,0,0,0,0,14,14,NORMAL,0
11138.52,3.71,1,0,0.443,0,5,3000.0,1200.0,0,0,1,1,35,9,SUSPICIOUS,1
1166.98,0.78,0,4,0.0727,15,3,1500.0,600.0,0,0,0,0,6,0,NORMAL,0
4788.78,0.96,1,0,0.124,11,3,5000.0,2000.0,0,0,0,0,0,6,NORMAL,0
3778.27,0.76,0,3,0.1819,11,3,5000.0,2000.0,0,0,0,0,12,6,NORMAL,0
5931.07,1.19,0,11,0.1934,12,6,5000.0,2000.0,0,0,0,0,12,8,NORMAL,0
4140.75,1.38,0,28,0.147,22,4,3000.0,1200.0,0,0,0,0,13,15,NORMAL,0
3283.39,1.09,0,34,0.1258,13,0,3000.0,1200.0,0,0,0,0,2,7,NORMAL,0
4764.03,0.4,0,37,0.2393,10,6,12000.0,4800.0,0,0,0,0,14,0,NORMAL,0
4898.62,0.61,0,38,0.1208,16,6,8000.0,3200.0,0,0,0,0,9,3,NORMAL,0
2822.57,0.56,0,24,0.1287,10,3,5000.0,2000.0,0,0,0,0,1,6,NORMAL,0
4324.88,0.86,0,11,0.1236,20,4,5000.0,2000.0,0,0,0,0,5,5,NORMAL,0
3731.35,0.75,0,6,0.1044,9,6,5000.0,2000.0,0,0,0,0,0,12,NORMAL,0
6127.44,1.23,0,41,0.2249,12,5,5000.0,2000.0,0,0,0,0,10,14,NORMAL,0
51196.59,4.27,0,1,0.3694,0,1,12000.0,4800.0,0,1,0,0,49,70,SUSPICIOUS,1
398.09,0.27,1,0,0.0503,22,1,1500.0,600.0,0,0,0,0,0,4,NORMAL,0
3480.81,0.7,0,23,0.1875,10,5,5000.0,2000.0,0,0,0,0,4,4,NORMAL,0
3448.71,1.15,0,4,0.2058,14,2,3000.0,1200.0,0,0,0,0,4,7,NORMAL,0
13683.33,2.74,1,0,0.5829,19,6,5000.0,2000.0,0,1,0,0,7,69,SUSPICIOUS,1
6764.27,0.85,0,30,0.2379,12,1,8000.0,3200.0,0,0,0,0,12,0,NORMAL,0
1468.57,0.49,0,26,0.2101,20,2,3000.0,1200.0,0,0,0,0,3,9,NORMAL,0
13037.79,1.09,0,31,0.0969,7,3,12000.0,4800.0,0,0,0,0,4,0,NORMAL,0
56710.48,4.73,0,3,0.4505,19,1,12000.0,4800.0,1,0,1,0,72,44,SUSPICIOUS,1
10730.66,0.89,0,43,0.0859,10,2,12000.0,4800.0,0,0,0,0,2,3,NORMAL,0
36544.68,4.57,1,0,0.278,23,0,8000.0,3200.0,0,1,1,0,8,61,SUSPICIOUS,1
2811.92,0.94,0,12,0.1326,12,4,3000.0,1200.0,0,0,0,0,0,4,NORMAL,0
2633.6,0.53,0,9,0.2072,20,0,5000.0,2000.0,0,0,0,0,12,6,NORMAL,0
2612.9,0.87,0,5,0.1491,17,6,3000.0,1200.0,0,0,0,0,3,13,NORMAL,0
1116.12,0.74,0,2,0.2456,17,3,1500.0,600.0,0,0,1,0,9,2,NORMAL,0
9339.73,3.11,0,2,0.4404,1,5,3000.0,1200.0,1,0,1,0,58,17,SUSPICIOUS,0
2183.13,0.73,0,35,0.0554,10,3,3000.0,1200.0,0,0,0,0,9,8,NORMAL,0
10875.17,0.91,0,32,0.0623,13,1,12000.0,4800.0,0,0,0,0,1,3,NORMAL,0
10383.49,0.87,0,23,0.1495,17,5,12000.0,4800.0,0,0,0,0,3,3,NORMAL,0
1599.32,1.07,0,5,0.0597,19,0,1500.0,600.0,0,0,0,0,4,6,NORMAL,0
23592.32,4.72,1,0,0.3589,2,4,5000.0,2000.0,0,0,0,0,41,1,SUSPICIOUS,1
2662.35,0.89,0,16,0.2105,19,3,3000.0,1200.0,0,0,1,0,12,12,NORMAL,0
5037.13,0.63,0,13,0.1373,15,6,8000.0,3200.0,0,0,0,0,14,14,NORMAL,0
10470.93,0.87,0,36,0.0882,22,5,12000.0,4800.0,0,0,0,0,14,1,NORMAL,0
20800.62,4.16,0,3,0.4219,2,4,5000.0,2000.0,0,0,0,0,41,45,SUSPICIOUS,1
19465.1,6.49,1,0,1.1088,2,6,3000.0,1200.0,1,1,1,1,89,93,EXTREME,1
4292.92,0.86,0,38,0.1375,16,1,5000.0,2000.0,0,0,0,0,10,13,NORMAL,0
7743.84,5.16,0,3,0.3806,3,1,1500.0,600.0,0,0,0,1,35,46,SUSPICIOUS,1
4790.07,3.19,1,0,0.2105,14,6,1500.0,600.0,1,0,0,0,65,46,SUSPICIOUS,1
9112.5,0.76,0,28,0.1053,11,6,12000.0,4800.0,0,0,0,0,0,15,NORMAL,0
3982.93,0.33,0,6,0.1475,19,4,12000.0,4800.0,0,0,0,0,12,4,NORMAL,0
13475.67,2.7,1,0,0.2569,4,3,5000.0,2000.0,0,1,0,0,5,54,SUSPICIOUS,1
7108.06,0.89,0,39,0.0556,7,5,8000.0,3200.0,0,0,0,0,8,9,NORMAL,0
16574.62,5.52,1,0,0.4496,1,3,3000.0,1200.0,1,1,0,1,59,73,SUSPICIOUS,1
5405.27,0.68,0,36,0.2067,13,6,8000.0,3200.0,0,0,0,0,11,8,NORMAL,0
7985.1,5.32,1,0,0.2158,23,5,1500.0,600.0,0,0,0,0,45,10,SUSPICIOUS,1
5672.69,1.13,0,29,0.1063,19,3,5000.0,2000.0,0,0,0,0,14,3,NORMAL,0
1227.36,0.82,0,9,0.0695,22,0,1500.0,600.0,0,0,0,0,3,0,NORMAL,0
5746.41,0.48,0,25,0.1596,22,5,12000.0,4800.0,0,0,0,0,5,13,NORMAL,0
5075.53,1.02,0,31,0.1284,18,0,5000.0,2000.0,0,0,0,0,7,6,NORMAL,0
9757.92,0.81,0,36,0.0499,20,0,12000.0,4800.0,0,0,0,0,13,6,NORMAL,0
3360.54,1.12,0,11,0.0738,22,4,3000.0,1200.0,0,0,0,0,11,6,NORMAL,0
1276.52,0.85,1,0,0.0905,13,0,1500.0,600.0,0,0,1,0,0,8,NORMAL,0
9098.82,1.14,0,21,0.2151,7,0,8000.0,3200.0,0,0,0,0,9,1,NORMAL,0
15000.0,10.0,1,0,0.6816,17,3,1500.0,600.0,1,1,0,0,81,91,EXTREME,1
6956.14,4.64,1,0,0.2572,19,5,1500.0,600.0,0,1,0,0,0,52,SUSPICIOUS,1
13873.17,1.16,0,9,0.1484,13,6,12000.0,4800.0,0,0,0,0,13,8,NORMAL,0
3568.05,0.45,0,39,0.231,20,0,8000.0,3200.0,0,0,0,0,13,6,NORMAL,0
5062.81,0.63,0,31,0.2326,21,2,8000.0,3200.0,0,0,0,0,5,13,NORMAL,0
4696.21,0.94,0,13,0.1847,10,2,5000.0,2000.0,0,0,0,0,8,14,NORMAL,0
1256.1,0.84,0,18,0.0602,11,2,1500.0,600.0,0,0,0,0,10,5,NORMAL,0
34268.6,4.28,1,0,0.4305,17,6,8000.0,3200.0,1,1,0,1,95,80,EXTREME,1
9013.55,1.13,0,20,0.2169,9,4,8000.0,3200.0,0,0,0,0,12,14,NORMAL,0
4768.48,0.95,0,8,0.0874,10,4,5000.0,2000.0,0,0,0,0,6,14,NORMAL,0
616.17,0.41,0,12,0.0446,14,2,1500.0,600.0,0,0,0,0,9,6,NORMAL,0
25099.89,8.37,1,0,1.0114,2,2,3000.0,1200.0,1,1,1,1,80,79,EXTREME,1
48373.53,4.03,1,0,0.5182,19,6,12000.0,4800.0,1,0,0,1,61,15,SUSPICIOUS,1
6393.05,0.53,0,2,0.0908,17,6,12000.0,4800.0,0,0,0,0,9,9,NORMAL,0
1883.36,0.63,0,13,0.2154,8,6,3000.0,1200.0,0,0,0,0,10,9,NORMAL,0
6480.5,0.81,0,31,0.2085,13,0,8000.0,3200.0,0,0,0,0,15,0,NORMAL,0
9503.18,0.79,0,42,0.1769,15,3,12000.0,4800.0,0,0,0,1,14,13,NORMAL,0
10231.64,0.85,0,7,0.198,13,5,12000.0,4800.0,0,0,0,0,11,12,NORMAL,0
7637.41,0.95,0,10,0.0545,8,1,8000.0,3200.0,0,0,0,0,0,11,NORMAL,0
70905.56,5.91,1,0,0.2093,0,6,12000.0,4800.0,1,1,0,0,52,67,SUSPICIOUS,1
6772.05,0.85,0,4,0.2385,18,5,8000.0,3200.0,0,0,0,0,14,5,NORMAL,0
2398.11,0.8,1,0,0.0639,17,4,3000.0,1200.0,0,0,0,1,5,6,NORMAL,0
23027.61,7.68,1,0,0.494,7,5,3000.0,1200.0,1,1,1,0,95,92,EXTREME,1
7149.06,0.89,0,44,0.215,11,5,8000.0,3200.0,0,0,0,0,8,6,NORMAL,0
44952.69,5.62,1,0,0.3463,19,3,8000.0,3200.0,0,0,0,0,8,12,SUSPICIOUS,1
18654.87,6.22,1,0,1.1741,9,4,3000.0,1200.0,1,1,1,0,89,74,EXTREME,1
9380.98,0.78,0,37,0.1929,22,3,12000.0,4800.0,0,0,0,0,11,15,NORMAL,0
82762.88,10.35,1,0,0.8237,21,5,8000.0,3200.0,1,1,1,0,94,87,EXTREME,1
4981.28,1.0,1,0,0.1861,12,2,5000.0,2000.0,0,0,0,0,4,14,NORMAL,0
113416.67,9.45,1,0,1.078,19,5,12000.0,4800.0,1,1,1,1,97,81,EXTREME,1
2760.89,0.92,0,33,0.2448,13,2,3000.0,1200.0,0,0,0,0,3,2,NORMAL,0
10465.12,1.31,0,42,0.0543,16,4,8000.0,3200.0,0,0,0,0,15,15,NORMAL,0
4982.99,0.62,0,39,0.1336,9,0,8000.0,3200.0,0,0,0,0,6,2,NORMAL,0
3003.08,1.0,0,38,0.2393,8,6,3000.0,1200.0,0,0,0,0,13,12,NORMAL,0
3462.44,0.69,0,13,0.2398,17,5,5000.0,2000.0,0,0,0,0,0,10,NORMAL,0
5331.68,0.67,0,6,0.1251,15,6,8000.0,3200.0,0,0,0,0,13,10,NORMAL,0
5605.63,1.12,0,24,0.0889,11,0,5000.0,2000.0,0,0,0,0,9,2,NORMAL,0
35264.99,2.94,1,0,0.4567,19,4,12000.0,4800.0,1,0,1,1,62,13,SUSPICIOUS,1
4218.51,0.84,0,28,0.2096,10,3,5000.0,2000.0,0,0,0,0,0,11,NORMAL,0
5040.07,0.63,1,0,0.2491,17,2,8000.0,3200.0,0,0,0,0,5,5,NORMAL,0
10261.11,3.42,1,0,0.5602,23,1,3000.0,1200.0,0,1,0,0,19,71,SUSPICIOUS,1
2933.8,0.98,0,9,0.1197,14,1,3000.0,1200.0,0,0,0,0,0,5,NORMAL,0
1622.35,1.08,1,0,0.177,8,0,1500.0,600.0,0,0,0,0,4,2,NORMAL,0
1130.25,0.75,1,0,0.2006,15,3,1500.0,600.0,0,0,0,0,10,10,NORMAL,0
2876.96,0.96,0,43,0.0855,12,1,3000.0,1200.0,0,0,0,0,2,6,NORMAL,0
15000.0,10.0,1,0,1.0586,7,3,1500.0,600.0,1,1,0,0,92,88,EXTREME,1
7914.18,0.66,0,24,0.1634,7,4,12000.0,4800.0,0,0,0,0,8,12,NORMAL,0
6877.4,0.86,0,38,0.2459,21,2,8000.0,3200.0,0,0,0,0,8,10,NORMAL,0
3141.04,1.05,0,42,0.0702,16,3,3000.0,1200.0,0,0,0,0,8,11,NORMAL,0
1025.51,0.68,0,26,0.1238,7,4,1500.0,600.0,0,0,0,0,9,14,NORMAL,0
24117.24,3.01,0,2,0.3622,23,4,8000.0,3200.0,0,1,1,0,18,71,SUSPICIOUS,1
4650.32,0.93,0,17,0.0572,15,6,5000.0,2000.0,0,0,0,0,4,1,NORMAL,0
3570.72,0.71,0,45,0.1591,8,4,5000.0,2000.0,0,0,0,0,2,2,NORMAL,0
1748.95,1.17,0,8,0.2474,18,0,1500.0,600.0,0,0,0,0,6,12,NORMAL,0
3661.56,0.73,0,26,0.1805,12,1,5000.0,2000.0,0,0,1,0,15,0,NORMAL,0
9042.38,1.13,0,25,0.0562,8,6,8000.0,3200.0,0,0,0,0,1,6,NORMAL,0
8314.06,1.04,1,0,0.0908,21,4,8000.0,3200.0,0,0,0,0,9,7,NORMAL,0
3934.22,0.79,0,21,0.1287,14,0,5000.0,2000.0,0,0,0,0,1,6,NORMAL,0
10194.51,0.85,0,24,0.2103,14,3,12000.0,4800.0,0,0,0,0,13,15,NORMAL,0
10619.95,0.88,0,13,0.0562,20,5,12000.0,4800.0,0,0,0,0,8,10,NORMAL,0
11872.23,0.99,0,19,0.0833,11,5,12000.0,4800.0,0,0,0,0,2,4,NORMAL,0
51076.44,4.26,1,0,0.4942,2,5,12000.0,4800.0,1,1,1,0,65,57,SUSPICIOUS,1
20678.94,4.14,1,0,0.3802,0,3,5000.0,2000.0,1,0,0,1,74,20,SUSPICIOUS,1
5040.27,1.01,0,23,0.1031,22,2,5000.0,2000.0,0,0,0,0,14,2,NORMAL,0
26644.73,5.33,1,0,0.3661,19,1,5000.0,2000.0,0,1,0,0,37,50,SUSPICIOUS,1
60458.68,5.04,1,0,0.2923,4,3,12000.0,4800.0,1,0,0,0,58,46,SUSPICIOUS,1
1315.39,0.88,0,24,0.1565,18,4,1500.0,600.0,0,0,0,0,15,4,NORMAL,0
8796.44,1.1,0,13,0.1431,9,4,8000.0,3200.0,0,0,0,0,4,12,NORMAL,0
2102.43,1.4,0,37,0.2041,12,6,1500.0,600.0,0,0,0,0,0,15,NORMAL,0
4349.56,0.87,0,33,0.0488,17,4,5000.0,2000.0,0,0,0,0,0,3,NORMAL,0
3574.53,0.71,0,44,0.249,14,2,5000.0,2000.0,0,0,0,0,13,4,NORMAL,0
974.44,0.65,0,6,0.221,22,0,1500.0,600.0,0,0,1,0,1,0,NORMAL,0
3009.2,1.0,0,5,0.1154,11,5,3000.0,1200.0,0,0,0,0,5,1,NORMAL,0
2300.71,0.46,0,5,0.1511,7,2,5000.0,2000.0,0,0,0,0,13,12,NORMAL,0
1508.6,1.01,0,20,0.1387,12,2,1500.0,600.0,0,0,0,0,14,11,NORMAL,0
1515.58,1.01,0,33,0.0802,8,6,1500.0,600.0,0,0,0,0,12,13,NORMAL,0
8680.1,0.72,0,34,0.1167,20,6,12000.0,4800.0,0,0,0,0,1,5,NORMAL,0
1364.95,0.91,0,17,0.2141,18,0,1500.0,600.0,0,0,0,0,4,9,NORMAL,0
6358.54,0.79,0,14,0.0666,21,6,8000.0,3200.0,0,0,0,0,1,11,NORMAL,0
775.25,0.52,0,29,0.1678,15,6,1500.0,600.0,0,0,0,0,10,13,NORMAL,0
7889.25,0.99,0,27,0.2024,15,3,8000.0,3200.0,0,0,0,0,3,8,NORMAL,0
1443.54,0.96,1,0,0.2363,7,6,1500.0,600.0,0,0,0,0,3,6,NORMAL,0
15848.89,3.17,1,0,0.3956,1,0,5000.0,2000.0,0,1,1,1,7,51,SUSPICIOUS,1
9434.23,0.79,0,16,0.141,12,5,12000.0,4800.0,0,0,0,0,4,6,NORMAL,0
1368.1,0.91,0,19,0.0649,22,3,1500.0,600.0,0,0,0,0,11,14,NORMAL,0
8590.2,1.07,1,0,0.1866,8,0,8000.0,3200.0,0,0,0,0,0,11,NORMAL,0
1251.91,0.83,0,26,0.0742,15,3,1500.0,600.0,0,0,0,0,7,6,NORMAL,0
354.18,0.07,0,38,0.0579,8,1,5000.0,2000.0,0,0,0,0,12,12,NORMAL,0
1294.5,0.86,0,24,0.173,8,5,1500.0,600.0,0,0,0,0,0,15,NORMAL,0
7971.08,1.0,0,15,0.063,14,5,8000.0,3200.0,0,0,0,0,4,6,NORMAL,0
74963.67,6.25,1,0,0.6049,17,5,12000.0,4800.0,1,1,1,1,90,70,EXTREME,1
11491.7,0.96,1,0,0.1464,16,6,12000.0,4800.0,0,0,0,0,3,9,NORMAL,0
40715.91,5.09,0,2,0.2184,19,6,8000.0,3200.0,0,1,0,1,14,71,SUSPICIOUS,1
6254.68,0.78,0,27,0.0493,16,6,8000.0,3200.0,0,0,0,0,15,2,NORMAL,0
15000.0,10.0,1,0,0.8272,12,1,1500.0,600.0,1,1,1,1,100,90,EXTREME,1
55429.93,4.62,1,0,0.2001,0,2,12000.0,4800.0,1,0,1,0,62,12,SUSPICIOUS,1
57787.4,7.22,1,0,1.0726,2,6,8000.0,3200.0,1,1,0,1,97,75,EXTREME,1
7457.25,4.97,0,2,0.4011,4,1,1500.0,600.0,1,1,1,0,50,71,SUSPICIOUS,1
44686.59,5.59,1,0,1.1662,18,6,8000.0,3200.0,1,1,0,0,84,86,EXTREME,1
33966.73,2.83,1,0,0.248,19,2,12000.0,4800.0,0,1,0,0,17,56,SUSPICIOUS,0
10820.54,1.35,0,44,0.1837,12,0,8000.0,3200.0,0,0,0,0,13,4,NORMAL,0
2437.31,0.81,1,0,0.0816,18,4,3000.0,1200.0,0,0,0,0,1,14,NORMAL,0
2519.54,0.84,0,20,0.1696,8,4,3000.0,1200.0,0,0,0,0,11,7,NORMAL,0
11565.2,0.96,0,7,0.2277,12,3,12000.0,4800.0,0,0,0,0,5,14,NORMAL,0
64388.74,8.05,1,0,0.5678,1,3,8000.0,3200.0,1,1,0,1,98,91,EXTREME,1
10272.72,0.86,1,0,0.157,19,5,12000.0,4800.0,0,0,0,0,15,2,NORMAL,0
569.89,0.38,0,16,0.0997,12,0,1500.0,600.0,0,0,0,0,15,7,NORMAL,0
20462.57,4.09,0,1,0.3895,1,4,5000.0,2000.0,1,0,1,1,68,43,SUSPICIOUS,1
890.54,0.59,0,5,0.215,12,5,1500.0,600.0,0,0,0,0,3,8,NORMAL,0
4676.95,0.94,0,7,0.0597,14,6,5000.0,2000.0,0,0,0,0,5,3,NORMAL,0
1422.8,0.95,0,31,0.2013,11,2,1500.0,600.0,0,0,0,0,9,7,NORMAL,0
18140.31,3.63,1,0,0.4926,4,3,5000.0,2000.0,0,1,0,0,41,80,SUSPICIOUS,1
2408.11,0.8,0,23,0.1704,21,2,3000.0,1200.0,0,0,0,0,15,1,NORMAL,0
9940.99,0.83,0,34,0.1369,10,4,12000.0,4800.0,0,0,0,0,5,0,NORMAL,0
3177.36,1.06,0,10,0.217,19,2,3000.0,1200.0,0,0,0,0,13,3,NORMAL,0
45901.2,3.83,0,1,0.3508,14,5,12000.0,4800.0,0,1,0,0,3,76,SUSPICIOUS,1
4664.55,0.58,0,45,0.0456,20,5,8000.0,3200.0,0,0,0,0,12,11,NORMAL,0
4464.26,0.89,0,29,0.1179,21,3,5000.0,2000.0,0,0,0,0,10,14,NORMAL,0
11961.29,1.0,1,0,0.2295,17,0,12000.0,4800.0,0,0,0,0,13,4,NORMAL,0
7422.03,0.93,0,16,0.1588,15,3,8000.0,3200.0,0,0,0,0,9,2,NORMAL,0
4790.98,0.6,0,34,0.1249,17,3,8000.0,3200.0,0,0,0,0,1,14,NORMAL,0
2187.98,0.44,0,27,0.0406,18,1,5000.0,2000.0,0,0,0,0,2,14,NORMAL,0
3102.06,1.03,1,0,0.0857,17,4,3000.0,1200.0,0,0,0,0,14,5,NORMAL,0
1660.14,1.11,0,45,0.2379,18,2,1500.0,600.0,0,0,0,0,15,12,NORMAL,0
8307.54,0.69,0,15,0.1446,8,3,12000.0,4800.0,0,0,0,0,2,0,NORMAL,0
1965.75,1.31,0,20,0.0872,16,2,1500.0,600.0,0,0,0,0,2,15,NORMAL,0
1316.77,0.88,0,20,0.1537,19,3,1500.0,600.0,0,0,0,0,3,3,NORMAL,0
1115.0,0.37,0,35,0.1726,19,1,3000.0,1200.0,0,0,0,0,8,6,NORMAL,0
1507.46,1.0,0,18,0.0619,11,5,1500.0,600.0,0,0,0,1,12,14,NORMAL,0
17350.37,1.45,0,37,0.1796,8,0,12000.0,4800.0,0,0,0,0,7,4,NORMAL,0
6567.19,0.82,0,5,0.0532,9,4,8000.0,3200.0,0,0,0,1,14,3,NORMAL,0
25026.71,5.01,1,0,0.4394,0,3,5000.0,2000.0,0,0,0,0,16,17,SUSPICIOUS,1
9310.98,3.1,1,0,0.597,14,0,3000.0,1200.0,0,0,1,0,47,12,SUSPICIOUS,1
3137.03,1.05,0,32,0.2288,15,0,3000.0,1200.0,0,0,0,0,8,13,NORMAL,0
4718.56,0.94,0,13,0.2413,13,2,5000.0,2000.0,0,0,0,0,11,2,NORMAL,0
4823.19,0.96,0,7,0.1133,20,3,5000.0,2000.0,0,0,0,0,6,0,NORMAL,0
3650.84,1.22,0,21,0.1469,17,0,3000.0,1200.0,0,0,0,0,1,14,NORMAL,0
15638.78,3.13,0,3,0.2006,1,3,5000.0,2000.0,1,0,0,0,60,41,SUSPICIOUS,1
8463.0,1.06,0,42,0.0608,13,2,8000.0,3200.0,0,0,0,0,2,9,NORMAL,0
41902.29,8.38,1,0,0.7466,18,0,5000.0,2000.0,1,1,1,1,90,76,EXTREME,1
1574.28,1.05,0,14,0.2423,9,6,1500.0,600.0,0,0,0,0,8,1,NORMAL,0
1170.62,0.39,0,40,0.1893,19,2,3000.0,1200.0,0,0,0,0,3,6,NORMAL,0
981.16,0.65,1,0,0.1698,10,6,1500.0,600.0,0,0,0,0,5,13,NORMAL,0
3044.44,0.61,0,17,0.2429,15,6,5000.0,2000.0,0,0,0,0,15,0,NORMAL,0
10046.65,0.84,0,43,0.0436,8,4,12000.0,4800.0,0,0,0,0,3,12,NORMAL,0
14417.56,4.81,0,2,0.2508,3,1,3000.0,1200.0,0,0,1,0,13,47,SUSPICIOUS,1
37090.95,3.09,1,0,0.4296,1,1,12000.0,4800.0,0,0,0,0,48,41,SUSPICIOUS,0
15000.0,10.0,1,0,1.1291,20,4,1500.0,600.0,1,1,1,0,85,78,EXTREME,1
7724.12,0.64,1,0,0.1345,10,5,12000.0,4800.0,0,0,0,0,13,0,NORMAL,0
1090.16,0.73,0,41,0.2393,11,1,1500.0,600.0,0,0,0,0,7,10,NORMAL,0
3905.72,1.3,0,7,0.2302,14,2,3000.0,1200.0,0,0,0,0,13,5,NORMAL,0
40146.88,5.02,1,0,0.5926,0,6,8000.0,3200.0,0,0,1,0,36,46,SUSPICIOUS,1
10082.86,1.26,1,0,0.2148,12,4,8000.0,3200.0,0,0,0,0,5,2,NORMAL,0
3713.92,0.74,0,12,0.2107,10,3,5000.0,2000.0,0,0,0,0,6,12,NORMAL,0
24556.44,8.19,1,0,1.0826,9,5,3000.0,1200.0,1,1,1,1,100,90,EXTREME,1
3155.79,1.05,0,10,0.2412,15,1,3000.0,1200.0,0,0,0,0,13,6,NORMAL,0
21425.83,7.14,1,0,0.9969,5,2,3000.0,1200.0,1,1,1,0,88,73,EXTREME,1
12563.79,1.05,0,36,0.0988,18,4,12000.0,4800.0,0,0,0,0,0,8,NORMAL,0
1448.01,0.97,0,21,0.0851,15,0,1500.0,600.0,0,0,0,0,0,11,NORMAL,0
15000.0,10.0,1,0,0.6574,11,1,1500.0,600.0,1,1,1,1,85,88,EXTREME,1
5539.23,1.11,0,44,0.1529,14,2,5000.0,2000.0,0,0,0,0,11,3,NORMAL,0
4735.23,0.95,0,37,0.1769,21,3,5000.0,2000.0,0,0,0,0,10,8,NORMAL,0
1330.79,0.89,0,44,0.1346,20,3,1500.0,600.0,0,0,0,1,5,11,NORMAL,0
6457.49,0.81,0,13,0.0455,13,5,8000.0,3200.0,0,0,0,0,14,14,NORMAL,0
41917.73,8.38,1,0,0.7807,9,4,5000.0,2000.0,1,1,0,0,88,88,EXTREME,1
6001.38,1.2,0,35,0.223,14,0,5000.0,2000.0,0,0,0,0,10,13,NORMAL,0
17800.02,1.48,0,34,0.0769,22,5,12000.0,4800.0,0,0,0,0,0,5,NORMAL,0
2605.5,0.87,0,42,0.0642,15,6,3000.0,1200.0,0,0,0,0,4,6,NORMAL,0
6993.47,0.87,0,15,0.0504,12,3,8000.0,3200.0,0,0,0,0,4,0,NORMAL,0
7925.17,5.28,0,1,0.3917,2,6,1500.0,600.0,1,1,0,0,64,76,SUSPICIOUS,1
1419.58,0.47,0,41,0.1852,15,1,3000.0,1200.0,0,0,0,0,5,13,NORMAL,0
10646.32,3.55,1,0,0.5423,19,3,3000.0,1200.0,0,1,1,1,0,74,SUSPICIOUS,1
13361.4,2.67,1,0,0.3311,4,3,5000.0,2000.0,1,0,0,0,67,17,SUSPICIOUS,1
8529.85,0.71,0,45,0.0505,17,0,12000.0,4800.0,0,0,0,0,11,2,NORMAL,0
10029.63,0.84,0,26,0.2421,7,4,12000.0,4800.0,0,0,0,0,14,9,NORMAL,0
941.09,0.63,0,9,0.1184,8,1,1500.0,600.0,0,0,0,0,12,9,NORMAL,0
8110.47,1.01,0,10,0.1863,7,6,8000.0,3200.0,0,0,0,0,3,4,NORMAL,0
10970.99,0.91,0,15,0.0965,14,5,12000.0,4800.0,0,0,0,0,4,14,NORMAL,0
8555.1,1.07,1,0,0.1056,12,6,8000.0,3200.0,0,0,0,0,10,10,NORMAL,0
42684.83,3.56,1,0,0.462,0,0,12000.0,4800.0,0,0,0,0,40,2,SUSPICIOUS,1
4968.95,3.31,1,0,0.3606,3,2,1500.0,600.0,0,0,1,0,3,15,SUSPICIOUS,0
1406.87,0.94,0,36,0.2421,20,3,1500.0,600.0,0,0,0,0,7,3,NORMAL,0
13190.69,4.4,1,0,0.244,23,2,3000.0,1200.0,0,1,0,0,42,73,SUSPICIOUS,1
2793.5,0.56,0,40,0.189,10,4,5000.0,2000.0,0,0,0,0,4,12,NORMAL,0
674.77,0.45,0,16,0.1227,19,3,1500.0,600.0,0,0,0,0,9,3,NORMAL,0
89681.44,11.21,1,0,0.4186,23,0,8000.0,3200.0,1,1,0,0,82,88,EXTREME,1
3775.2,2.52,1,0,0.4221,2,2,1500.0,600.0,0,1,0,0,7,62,SUSPICIOUS,1
8809.75,0.73,0,22,0.0569,10,5,12000.0,4800.0,0,0,0,0,15,10,NORMAL,0
4669.69,0.58,0,24,0.0998,14,3,8000.0,3200.0,0,0,0,0,1,6,NORMAL,0
5491.1,1.1,0,40,0.083,16,4,5000.0,2000.0,0,0,0,0,8,1,NORMAL,0
1444.12,0.96,1,0,0.0412,17,3,1500.0,600.0,0,0,0,0,2,6,NORMAL,0
4540.29,1.51,1,0,0.1388,12,3,3000.0,1200.0,0,0,1,0,12,9,NORMAL,0
14929.96,4.98,1,0,0.2012,0,5,3000.0,1200.0,0,0,1,0,8,47,SUSPICIOUS,1
1721.03,1.15,0,30,0.171,18,0,1500.0,600.0,0,0,0,0,0,10,NORMAL,0
1423.47,0.95,0,23,0.0852,22,2,1500.0,600.0,0,0,0,0,8,11,NORMAL,0
2462.12,0.82,0,7,0.1503,20,3,3000.0,1200.0,0,0,0,0,10,8,NORMAL,0
28576.62,5.72,0,1,0.5172,14,4,5000.0,2000.0,0,1,0,0,42,80,SUSPICIOUS,1
66673.76,5.56,0,3,0.4509,3,1,12000.0,4800.0,1,1,0,1,73,80,SUSPICIOUS,1
12975.85,1.08,0,29,0.067,12,2,12000.0,4800.0,0,0,0,0,10,3,NORMAL,0
10705.95,0.89,0,12,0.1949,21,3,12000.0,4800.0,0,0,0,0,3,11,NORMAL,0
95839.17,11.98,1,0,1.0877,9,1,8000.0,3200.0,1,1,1,0,88,82,EXTREME,1
1441.23,0.96,1,0,0.2227,11,6,1500.0,600.0,0,0,0,0,11,14,NORMAL,0
4714.03,3.14,1,0,0.5498,4,6,1500.0,600.0,0,0,1,0,18,11,SUSPICIOUS,1
30749.19,2.56,0,3,0.4815,0,5,12000.0,4800.0,0,1,1,0,0,59,SUSPICIOUS,1
4477.63,0.9,0,9,0.1284,14,4,5000.0,2000.0,0,0,0,0,14,6,NORMAL,0
1233.55,0.82,0,27,0.122,19,3,1500.0,600.0,0,0,0,0,11,4,NORMAL,0
3080.69,1.03,1,0,0.2171,10,6,3000.0,1200.0,0,0,0,0,10,15,NORMAL,0
4487.18,0.56,0,24,0.2046,9,0,8000.0,3200.0,0,0,0,0,4,8,NORMAL,0
11882.68,1.49,0,16,0.1315,17,0,8000.0,3200.0,0,0,0,0,13,1,NORMAL,0
12324.97,4.11,0,2,0.3661,3,6,3000.0,1200.0,0,1,0,1,20,51,SUSPICIOUS,1
4684.33,0.59,0,30,0.0764,20,2,8000.0,3200.0,0,0,0,0,10,2,NORMAL,0
7321.53,0.92,1,0,0.1104,15,1,8000.0,3200.0,0,0,0,0,14,0,NORMAL,0
8465.36,0.71,0,14,0.1757,11,5,12000.0,4800.0,0,0,0,0,1,1,NORMAL,0
15000.0,5.0,1,0,1.064,23,3,3000.0,1200.0,1,1,1,0,95,93,EXTREME,1
1385.68,0.92,0,25,0.0862,10,6,1500.0,600.0,0,0,0,0,2,10,NORMAL,0
2885.95,0.96,0,28,0.0773,21,2,3000.0,1200.0,0,0,0,0,6,3,NORMAL,0
2793.48,0.93,0,20,0.1582,10,2,3000.0,1200.0,0,0,0,0,4,13,NORMAL,0
6391.78,0.8,0,26,0.1206,13,5,8000.0,3200.0,0,0,0,0,1,6,NORMAL,0
80522.13,10.07,1,0,0.8417,16,0,8000.0,3200.0,1,1,1,1,94,70,EXTREME,1
592.29,0.39,0,23,0.1106,15,6,1500.0,600.0,0,0,0,0,2,4,NORMAL,0
4686.57,3.12,1,0,0.2762,3,2,1500.0,600.0,0,0,0,0,39,44,SUSPICIOUS,0
3749.65,0.75,0,32,0.2281,19,4,5000.0,2000.0,0,0,0,0,12,4,NORMAL,0
586.67,0.39,0,9,0.1975,8,1,1500.0,600.0,0,0,0,0,9,11,NORMAL,0
14637.47,2.93,0,2,0.3363,23,6,5000.0,2000.0,0,0,1,1,5,40,SUSPICIOUS,1
2333.89,0.78,0,30,0.0592,19,2,3000.0,1200.0,0,0,0,0,7,6,NORMAL,0
56644.47,11.33,1,0,1.0489,19,4,5000.0,2000.0,1,1,0,0,94,90,EXTREME,1
1331.43,0.89,1,0,0.068,12,3,1500.0,600.0,0,0,0,0,0,6,NORMAL,0
32010.99,4.0,1,0,0.219,1,5,8000.0,3200.0,0,0,1,1,15,7,SUSPICIOUS,1
66472.89,5.54,1,0,0.4724,4,3,12000.0,4800.0,1,0,1,0,56,42,SUSPICIOUS,1
89502.86,11.19,1,0,0.8279,12,5,8000.0,3200.0,1,1,1,0,91,72,EXTREME,1
7813.03,0.65,0,32,0.184,12,1,12000.0,4800.0,0,0,0,0,14,7,NORMAL,0
14398.25,1.2,1,0,0.1115,13,1,12000.0,4800.0,0,0,0,0,9,8,NORMAL,0
1345.53,0.9,0,28,0.1657,20,2,1500.0,600.0,0,0,0,0,14,15,NORMAL,0
1911.61,0.64,0,40,0.2405,10,2,3000.0,1200.0,0,0,0,0,13,7,NORMAL,0
3266.78,0.65,0,17,0.0944,15,4,5000.0,2000.0,0,0,0,0,2,2,NORMAL,0
4665.47,0.93,0,31,0.1543,10,4,5000.0,2000.0,0,0,0,0,5,4,NORMAL,0
3142.86,0.63,0,42,0.1603,16,2,5000.0,2000.0,0,0,0,0,14,9,NORMAL,0
5550.33,0.69,0,21,0.1033,17,0,8000.0,3200.0,0,0,0,0,8,5,NORMAL,0
1724.04,0.57,0,39,0.0595,11,3,3000.0,1200.0,0,0,0,0,1,15,NORMAL,0
12396.45,1.03,1,0,0.0892,11,3,12000.0,4800.0,0,0,0,0,12,9,NORMAL,0
9721.4,3.24,1,0,0.329,23,5,3000.0,1200.0,0,0,0,0,20,10,SUSPICIOUS,0
3556.98,0.44,0,2,0.2131,21,3,8000.0,3200.0,0,0,0,0,6,1,NORMAL,0
4120.5,0.52,0,17,0.2191,13,2,8000.0,3200.0,0,0,0,0,12,12,NORMAL,0
2503.14,0.5,0,15,0.1583,9,6,5000.0,2000.0,0,0,0,0,6,5,NORMAL,0
6427.95,4.29,1,0,0.5533,23,0,1500.0,600.0,1,1,0,0,74,74,SUSPICIOUS,1
5657.04,3.77,1,0,0.2476,1,5,1500.0,600.0,1,1,1,0,61,72,SUSPICIOUS,1
9556.98,1.19,0,32,0.2363,19,1,8000.0,3200.0,0,0,0,0,14,5,NORMAL,0
1518.6,1.01,0,21,0.0965,18,3,1500.0,600.0,0,0,0,0,11,2,NORMAL,0
8152.96,0.68,0,23,0.0828,8,0,12000.0,4800.0,0,0,0,0,9,8,NORMAL,0
8800.71,0.73,0,22,0.0996,7,0,12000.0,4800.0,0,0,0,0,4,4,NORMAL,0
57175.92,4.76,1,0,0.4239,3,0,12000.0,4800.0,0,0,1,0,38,19,SUSPICIOUS,1
8925.22,0.74,0,16,0.045,11,5,12000.0,4800.0,0,0,0,0,5,4,NORMAL,0
7017.91,1.4,0,33,0.1296,21,0,5000.0,2000.0,0,0,0,0,12,6,NORMAL,0
11470.57,3.82,1,0,0.3158,0,5,3000.0,1200.0,1,1,0,0,65,60,SUSPICIOUS,1
25188.05,3.15,1,0,0.4391,0,5,8000.0,3200.0,0,1,0,1,40,61,SUSPICIOUS,1
1539.22,0.51,0,18,0.1838,13,3,3000.0,1200.0,0,0,0,0,8,12,NORMAL,0
1992.26,1.33,0,42,0.1089,20,2,1500.0,600.0,0,0,0,0,9,0,NORMAL,0
6225.46,0.52,0,9,0.0555,15,6,12000.0,4800.0,0,0,0,0,10,15,NORMAL,0
4771.37,0.95,0,16,0.0742,19,6,5000.0,2000.0,0,0,0,0,10,11,NORMAL,0
7246.1,0.6,0,25,0.0429,13,5,12000.0,4800.0,0,0,0,0,12,1,NORMAL,0
51121.52,4.26,0,3,0.2797,2,6,12000.0,4800.0,0,0,0,0,17,17,SUSPICIOUS,1
6599.76,0.82,0,35,0.0431,7,3,8000.0,3200.0,0,0,0,0,10,5,NORMAL,0
4308.1,0.86,0,4,0.1059,13,5,5000.0,2000.0,0,0,0,0,13,3,NORMAL,0
6018.89,4.01,0,1,0.461,0,3,1500.0,600.0,0,0,0,1,15,4,SUSPICIOUS,1
4919.32,0.98,1,0,0.1765,16,6,5000.0,2000.0,0,0,0,0,0,14,NORMAL,0
13827.03,1.15,0,32,0.1942,9,0,12000.0,4800.0,0,0,0,0,8,11,NORMAL,0
17716.35,1.48,1,0,0.1153,15,1,12000.0,4800.0,0,0,0,0,9,14,NORMAL,0
3685.45,0.74,0,21,0.1449,10,2,5000.0,2000.0,0,0,0,0,0,14,NORMAL,0
2534.49,0.51,0,6,0.1079,19,4,5000.0,2000.0,0,0,0,0,5,4,NORMAL,0
2320.78,0.77,0,39,0.0471,9,3,3000.0,1200.0,0,0,0,0,9,0,NORMAL,0
8896.41,1.11,0,16,0.0424,16,3,8000.0,3200.0,0,0,0,0,3,9,NORMAL,0
37810.84,3.15,0,3,0.3208,19,3,12000.0,4800.0,1,1,1,0,64,67,SUSPICIOUS,1
3202.28,0.64,0,26,0.2003,21,4,5000.0,2000.0,0,0,0,0,10,13,NORMAL,0
50978.8,6.37,1,0,0.7177,20,5,8000.0,3200.0,1,1,0,0,83,73,EXTREME,1
4547.29,0.91,0,25,0.248,11,2,5000.0,2000.0,0,0,0,0,2,15,NORMAL,0
21087.08,4.22,1,0,0.3627,3,2,5000.0,2000.0,0,0,1,0,6,45,SUSPICIOUS,1
1454.86,0.97,0,37,0.1499,10,6,1500.0,600.0,0,0,0,0,8,2,NORMAL,0
1705.89,1.14,0,4,0.2094,21,6,1500.0,600.0,0,0,0,0,9,14,NORMAL,0
3470.55,0.69,0,38,0.1316,15,1,5000.0,2000.0,0,0,0,0,6,1,NORMAL,0
18136.98,3.63,1,0,0.2616,19,5,5000.0,2000.0,0,0,0,0,36,1,SUSPICIOUS,1
3631.29,0.73,0,14,0.126,16,1,5000.0,2000.0,0,0,0,0,10,8,NORMAL,0
4768.01,0.6,1,0,0.0762,10,5,8000.0,3200.0,0,0,0,0,10,9,NORMAL,0
2307.07,0.77,0,2,0.1416,12,4,3000.0,1200.0,0,0,0,0,14,4,NORMAL,0
2708.91,0.9,0,35,0.1761,7,4,3000.0,1200.0,0,0,0,0,13,7,NORMAL,0
18632.1,3.73,1,0,0.5784,0,4,5000.0,2000.0,0,0,0,0,36,16,SUSPICIOUS,1
9430.04,0.79,0,10,0.157,15,0,12000.0,4800.0,0,0,0,0,4,14,NORMAL,0
2170.57,0.72,0,37,0.2436,15,4,3000.0,1200.0,0,0,0,0,9,3,NORMAL,0
26633.49,5.33,1,0,0.2221,4,3,5000.0,2000.0,1,1,0,1,57,71,SUSPICIOUS,1
1749.87,1.17,0,29,0.0444,11,1,1500.0,600.0,0,0,0,1,4,0,NORMAL,0
3082.45,1.03,0,36,0.0418,22,5,3000.0,1200.0,0,0,0,0,4,8,NORMAL,0
7550.05,2.52,1,0,0.2724,2,0,3000.0,1200.0,1,1,1,0,70,79,SUSPICIOUS,1
26842.91,5.37,0,1,0.4868,2,1,5000.0,2000.0,0,1,1,1,44,56,SUSPICIOUS,1
7464.16,0.93,0,35,0.085,9,2,8000.0,3200.0,0,0,0,0,8,5,NORMAL,0
3034.6,1.01,0,34,0.2373,16,3,3000.0,1200.0,0,0,0,0,12,3,NORMAL,0
1018.56,0.68,1,0,0.1885,19,1,1500.0,600.0,0,0,0,0,4,3,NORMAL,0
48627.24,9.73,1,0,0.9447,5,0,5000.0,2000.0,1,1,0,0,88,81,EXTREME,1
4238.55,0.85,0,11,0.1404,8,6,5000.0,2000.0,0,0,0,0,8,15,NORMAL,0
2206.21,0.74,0,44,0.1121,21,1,3000.0,1200.0,0,0,0,0,1,6,NORMAL,0
45910.06,9.18,1,0,0.8197,14,6,5000.0,2000.0,1,1,1,1,88,77,EXTREME,1
5850.83,3.9,1,0,0.4592,3,0,1500.0,600.0,0,1,0,0,14,67,SUSPICIOUS,1
4257.53,0.85,0,24,0.1621,21,3,5000.0,2000.0,0,0,0,0,2,10,NORMAL,0
2312.47,0.77,0,16,0.1453,22,6,3000.0,1200.0,0,0,0,0,1,5,NORMAL,0
7568.34,0.63,0,20,0.2041,8,2,12000.0,4800.0,0,0,0,0,13,9,NORMAL,0
1303.36,0.87,0,12,0.1373,10,1,1500.0,600.0,0,0,0,0,1,14,NORMAL,0
21966.83,4.39,0,3,0.3413,2,2,5000.0,2000.0,0,0,0,0,14,47,SUSPICIOUS,1
7741.2,0.97,0,7,0.1399,7,0,8000.0,3200.0,0,0,0,0,3,14,NORMAL,0
6612.19,0.83,0,20,0.1408,18,0,8000.0,3200.0,0,0,0,0,1,13,NORMAL,0
17057.38,3.41,1,0,0.4422,0,6,5000.0,2000.0,0,0,0,0,3,15,SUSPICIOUS,0
13689.0,1.14,1,0,0.0438,12,2,12000.0,4800.0,0,0,0,0,4,7,NORMAL,0
1375.12,0.92,0,16,0.1036,22,6,1500.0,600.0,0,0,0,0,3,10,NORMAL,0
8961.08,5.97,1,0,0.4502,0,6,1500.0,600.0,0,0,1,0,16,0,SUSPICIOUS,1
15000.0,5.0,1,0,1.1373,14,5,3000.0,1200.0,1,1,1,0,87,73,EXTREME,1
5606.47,1.12,0,3,0.2069,15,4,5000.0,2000.0,0,0,0,0,3,15,NORMAL,0
14532.78,1.21,0,10,0.1858,11,6,12000.0,4800.0,0,0,0,0,15,1,NORMAL,0
39882.01,3.32,0,3,0.43,14,1,12000.0,4800.0,0,0,1,0,3,13,SUSPICIOUS,1
3930.37,0.49,0,14,0.2306,14,4,8000.0,3200.0,0,0,0,0,2,12,NORMAL,0
3349.43,0.67,0,32,0.0482,19,5,5000.0,2000.0,0,0,0,0,13,8,NORMAL,0
4380.0,2.92,1,0,0.2169,23,2,1500.0,600.0,0,0,1,0,14,5,SUSPICIOUS,1
1429.26,0.95,0,4,0.1503,11,2,1500.0,600.0,0,0,0,1,9,5,NORMAL,0
27375.64,9.13,1,0,0.7803,5,3,3000.0,1200.0,1,1,1,1,91,75,EXTREME,1
2562.28,0.85,0,44,0.0709,9,6,3000.0,1200.0,0,0,0,0,3,8,NORMAL,0
4826.11,0.6,0,16,0.1538,20,3,8000.0,3200.0,0,0,0,0,14,11,NORMAL,0
60208.01,7.53,1,0,0.4877,18,4,8000.0,3200.0,1,1,1,1,88,83,EXTREME,1
4452.3,0.89,0,23,0.1741,21,2,5000.0,2000.0,0,0,0,0,1,12,NORMAL,0
15103.15,1.26,0,42,0.165,22,0,12000.0,4800.0,0,0,0,0,13,9,NORMAL,0
3494.39,1.16,0,38,0.0596,22,3,3000.0,1200.0,0,0,0,0,6,12,NORMAL,0
15615.27,1.3,1,0,0.2331,9,0,12000.0,4800.0,0,0,1,0,0,0,NORMAL,0
66587.38,8.32,1,0,1.1782,3,6,8000.0,3200.0,1,1,0,1,96,75,EXTREME,1
6580.06,1.32,1,0,0.1534,8,1,5000.0,2000.0,0,0,0,0,5,5,NORMAL,0
471.96,0.31,0,16,0.1712,11,1,1500.0,600.0,0,0,0,0,15,8,NORMAL,0
46392.45,9.28,1,0,0.68,9,6,5000.0,2000.0,1,1,0,0,89,85,EXTREME,1
6409.59,0.8,0,13,0.1009,21,6,8000.0,3200.0,0,0,0,1,14,2,NORMAL,0
5347.89,0.67,0,30,0.1594,15,1,8000.0,3200.0,0,0,0,0,0,12,NORMAL,0
9247.95,0.77,0,12,0.0801,19,0,12000.0,4800.0,0,0,0,0,4,10,NORMAL,0
2654.17,0.88,0,36,0.1434,22,4,3000.0,1200.0,0,0,0,0,0,2,NORMAL,0
17437.84,5.81,0,2,0.2869,1,2,3000.0,1200.0,0,1,1,0,39,64,SUSPICIOUS,1
1111.4,0.74,0,14,0.1066,11,6,1500.0,600.0,0,0,0,0,9,9,NORMAL,0
13344.35,1.11,0,34,0.0934,10,6,12000.0,4800.0,0,0,0,0,5,11,NORMAL,0
1130.93,0.75,0,13,0.0498,9,4,1500.0,600.0,0,0,0,0,5,3,NORMAL,0
7913.6,0.66,0,28,0.1305,21,4,12000.0,4800.0,0,0,0,0,6,0,NORMAL,0
3009.95,1.0,0,19,0.0505,13,3,3000.0,1200.0,0,0,0,0,11,2,NORMAL,0
13613.33,1.13,0,18,0.1514,16,5,12000.0,4800.0,0,0,0,0,3,12,NORMAL,0
334.14,0.22,0,22,0.0543,11,0,1500.0,600.0,0,0,0,0,8,13,NORMAL,0
14095.76,2.82,1,0,0.2157,14,4,5000.0,2000.0,1,0,0,0,57,18,SUSPICIOUS,1
986.71,0.66,1,0,0.137,12,4,1500.0,600.0,0,0,0,0,14,15,NORMAL,0
2833.54,0.57,0,44,0.1884,8,1,5000.0,2000.0,0,0,0,0,5,10,NORMAL,0
7225.97,4.82,0,1,0.5835,2,2,1500.0,600.0,1,0,0,0,53,18,SUSPICIOUS,1
5048.18,3.37,1,0,0.4306,2,2,1500.0,600.0,1,1,1,0,62,68,SUSPICIOUS,1
7952.6,0.99,0,35,0.0802,7,3,8000.0,3200.0,0,0,0,0,10,2,NORMAL,0
11727.11,1.47,0,27,0.1985,16,0,8000.0,3200.0,0,0,0,0,1,14,NORMAL,0
2468.32,0.82,0,9,0.1449,15,4,3000.0,1200.0,0,0,0,0,0,6,NORMAL,0
17814.87,3.56,1,0,0.4871,1,4,5000.0,2000.0,1,1,0,0,56,60,SUSPICIOUS,1
3262.48,0.65,1,0,0.1742,12,6,5000.0,2000.0,0,0,0,0,4,7,NORMAL,0
7472.66,4.98,1,0,0.4373,23,0,1500.0,600.0,1,0,0,1,66,16,SUSPICIOUS,1
12278.45,1.02,0,36,0.1944,18,4,12000.0,4800.0,0,0,0,0,8,12,NORMAL,0
2712.46,0.54,0,44,0.1866,22,2,5000.0,2000.0,0,0,0,0,6,2,NORMAL,0
8370.38,5.58,1,0,0.4693,4,2,1500.0,600.0,0,0,0,0,39,8,SUSPICIOUS,1
5714.26,0.71,0,13,0.1286,8,4,8000.0,3200.0,0,0,0,0,15,11,NORMAL,0
6144.27,1.23,0,32,0.164,22,4,5000.0,2000.0,0,0,0,0,2,13,NORMAL,0
1704.93,1.14,0,23,0.0564,21,2,1500.0,600.0,0,0,0,0,9,15,NORMAL,0
9349.37,1.17,0,34,0.2006,16,2,8000.0,3200.0,0,0,0,0,14,9,NORMAL,0
4528.73,0.57,1,0,0.0483,17,5,8000.0,3200.0,0,0,0,0,10,6,NORMAL,0
50148.94,6.27,1,0,1.1553,7,1,8000.0,3200.0,1,1,1,1,94,92,EXTREME,1
1004.95,0.67,0,22,0.1294,11,3,1500.0,600.0,0,0,0,0,14,1,NORMAL,0
5133.77,1.03,0,26,0.074,19,6,5000.0,2000.0,0,0,0,0,2,1,NORMAL,0
36277.94,3.02,1,0,0.3303,14,1,12000.0,4800.0,0,0,0,0,13,8,SUSPICIOUS,1
37768.48,4.72,1,0,0.2804,2,1,8000.0,3200.0,1,0,1,0,56,17,SUSPICIOUS,1
2928.83,0.98,0,7,0.0953,14,5,3000.0,1200.0,0,0,0,0,4,11,NORMAL,0
58803.04,4.9,1,0,0.5744,2,5,12000.0,4800.0,1,1,1,0,60,60,SUSPICIOUS,1
10382.96,1.3,0,7,0.0473,7,0,8000.0,3200.0,0,0,1,1,4,2,NORMAL,0
897.81,0.3,0,27,0.126,9,3,3000.0,1200.0,0,0,0,0,0,12,NORMAL,0
68594.65,5.72,1,0,0.2278,2,3,12000.0,4800.0,0,0,0,0,13,49,SUSPICIOUS,1
3974.29,0.79,0,12,0.1144,9,1,5000.0,2000.0,0,0,0,0,4,3,NORMAL,0
3930.03,1.31,0,39,0.2458,12,3,3000.0,1200.0,0,0,0,0,2,14,NORMAL,0
1611.96,1.07,0,20,0.0686,13,1,1500.0,600.0,0,0,0,0,0,3,NORMAL,0
9192.21,1.15,0,4,0.0643,21,6,8000.0,3200.0,0,0,0,0,9,9,NORMAL,0
5298.19,1.06,0,26,0.0957,10,3,5000.0,2000.0,0,0,0,0,10,0,NORMAL,0
15000.0,5.0,1,0,0.5056,6,1,3000.0,1200.0,1,1,0,1,83,80,EXTREME,1
50943.9,4.25,1,0,0.5348,4,0,12000.0,4800.0,0,1,1,1,20,62,SUSPICIOUS,1
6472.84,1.29,0,28,0.1859,12,1,5000.0,2000.0,0,0,0,0,14,6,NORMAL,0
12120.37,1.01,0,12,0.2106,16,5,12000.0,4800.0,0,0,0,0,13,6,NORMAL,0
23971.64,4.79,0,1,0.2565,1,2,5000.0,2000.0,0,0,1,1,18,11,SUSPICIOUS,1
3022.48,0.6,0,17,0.2382,9,6,5000.0,2000.0,0,0,0,0,12,11,NORMAL,0
1017.48,0.68,0,41,0.2206,15,2,1500.0,600.0,0,0,0,0,3,8,NORMAL,0
1419.36,0.95,1,0,0.0479,13,4,1500.0,600.0,0,0,0,0,15,0,NORMAL,0
8397.13,1.05,1,0,0.1005,11,0,8000.0,3200.0,0,0,0,1,4,3,NORMAL,0
4165.69,0.83,0,33,0.1678,18,1,5000.0,2000.0,0,0,0,0,2,1,NORMAL,0
48127.71,4.01,1,0,0.3388,23,5,12000.0,4800.0,1,0,1,0,68,49,SUSPICIOUS,1
5742.01,1.15,0,20,0.2093,21,0,5000.0,2000.0,0,0,0,0,0,11,NORMAL,0
26413.38,8.8,1,0,0.5149,6,5,3000.0,1200.0,1,1,0,0,100,83,EXTREME,1
7647.02,0.96,0,26,0.0927,22,1,8000.0,3200.0,0,0,0,0,7,10,NORMAL,0
1346.47,0.45,0,42,0.2301,17,0,3000.0,1200.0,0,0,0,0,14,11,NORMAL,0
3425.44,0.43,0,4,0.1043,13,5,8000.0,3200.0,0,0,0,0,0,14,NORMAL,0
3173.41,1.06,0,25,0.112,12,3,3000.0,1200.0,0,0,0,0,9,6,NORMAL,0
80806.13,10.1,1,0,0.529,4,2,8000.0,3200.0,1,1,0,1,81,83,EXTREME,1
11288.91,0.94,0,17,0.2293,11,1,12000.0,4800.0,0,0,0,0,0,2,NORMAL,0
5221.35,1.04,0,25,0.2348,7,1,5000.0,2000.0,0,0,0,0,1,10,NORMAL,0
1360.18,0.91,0,12,0.053,22,0,1500.0,600.0,0,0,0,1,1,3,NORMAL,0
4358.41,0.87,0,4,0.1163,8,4,5000.0,2000.0,0,0,0,0,1,7,NORMAL,0
65229.82,5.44,1,0,0.2219,19,3,12000.0,4800.0,1,1,0,0,68,60,SUSPICIOUS,1
20437.05,6.81,1,0,1.0796,14,3,3000.0,1200.0,1,1,1,1,96,81,EXTREME,1
6479.92,0.81,0,20,0.1055,11,4,8000.0,3200.0,0,0,0,1,5,15,NORMAL,0
68178.0,5.68,1,0,1.043,4,5,12000.0,4800.0,1,1,1,1,93,84,EXTREME,1
15511.84,5.17,1,0,0.3697,0,4,3000.0,1200.0,0,1,0,0,11,72,SUSPICIOUS,1
12227.61,1.02,0,6,0.1847,12,5,12000.0,4800.0,0,0,0,0,0,7,NORMAL,0
60761.79,7.6,1,0,0.5763,5,2,8000.0,3200.0,1,1,0,0,81,79,EXTREME,1
4309.22,1.44,0,16,0.2489,22,2,3000.0,1200.0,0,0,0,0,11,6,NORMAL,0
2499.91,0.5,0,31,0.1765,13,0,5000.0,2000.0,0,0,0,0,13,10,NORMAL,0
3744.02,1.25,0,29,0.2482,16,6,3000.0,1200.0,0,0,0,0,12,2,NORMAL,0
53939.31,4.49,1,0,0.2114,3,5,12000.0,4800.0,1,0,0,0,67,16,SUSPICIOUS,1
45501.91,9.1,1,0,0.5015,18,4,5000.0,2000.0,1,1,0,0,86,83,EXTREME,1
8436.79,0.7,1,0,0.1058,17,3,12000.0,4800.0,0,0,0,0,2,3,NORMAL,0
6430.39,1.29,0,8,0.0491,16,6,5000.0,2000.0,0,0,0,0,3,12,NORMAL,0
88676.45,11.08,1,0,0.4691,17,4,8000.0,3200.0,1,1,1,1,99,70,EXTREME,1
48411.96,4.03,1,0,0.3825,0,6,12000.0,4800.0,0,0,1,1,46,16,SUSPICIOUS,1
8127.2,1.02,0,18,0.0791,19,0,8000.0,3200.0,0,0,0,0,11,2,NORMAL,0
31688.92,3.96,1,0,0.3063,23,6,8000.0,3200.0,1,0,0,0,60,4,SUSPICIOUS,1
5978.85,0.5,0,21,0.1892,9,4,12000.0,4800.0,0,0,0,0,0,4,NORMAL,0
635.23,0.42,1,0,0.2113,22,6,1500.0,600.0,0,0,0,0,7,4,NORMAL,0
11314.38,0.94,0,9,0.237,14,6,12000.0,4800.0,0,0,0,0,1,6,NORMAL,0
62041.83,5.17,1,0,0.3299,4,6,12000.0,4800.0,0,0,0,0,40,45,SUSPICIOUS,1
53617.29,10.72,1,0,0.7161,2,6,5000.0,2000.0,1,1,0,0,82,86,EXTREME,1
5038.48,0.63,0,43,0.054,22,4,8000.0,3200.0,0,0,1,0,6,11,NORMAL,0
5452.26,1.09,0,14,0.0629,10,1,5000.0,2000.0,0,0,0,0,3,4,NORMAL,0
1582.87,1.06,0,38,0.1618,13,2,1500.0,600.0,0,0,0,0,3,7,NORMAL,0
8645.11,5.76,1,0,0.2025,14,2,1500.0,600.0,0,1,0,0,15,75,SUSPICIOUS,1
14114.34,4.7,1,0,0.3636,1,1,3000.0,1200.0,1,0,0,0,56,7,SUSPICIOUS,1
1319.26,0.88,0,10,0.204,21,6,1500.0,600.0,0,0,0,0,8,11,NORMAL,0
1625.54,0.33,0,5,0.0771,12,3,5000.0,2000.0,0,0,0,0,15,12,NORMAL,0
9501.62,0.79,0,29,0.1991,22,1,12000.0,4800.0,0,0,0,0,10,5,NORMAL,0
5159.16,1.03,0,19,0.1137,10,5,5000.0,2000.0,0,0,0,0,1,12,NORMAL,0
730.26,0.24,1,0,0.2152,13,0,3000.0,1200.0,0,0,0,0,13,6,NORMAL,0
8444.86,1.06,0,45,0.1808,15,1,8000.0,3200.0,0,0,0,0,10,14,NORMAL,0
2912.78,0.58,0,16,0.1366,14,2,5000.0,2000.0,0,0,0,0,6,8,NORMAL,0
2324.49,0.46,0,28,0.1492,13,1,5000.0,2000.0,0,0,0,0,5,10,NORMAL,0
11034.79,3.68,1,0,0.5894,19,3,3000.0,1200.0,1,0,1,0,60,0,SUSPICIOUS,1
7062.24,0.88,0,16,0.2348,7,2,8000.0,3200.0,0,0,0,0,15,15,NORMAL,0
3213.63,1.07,0,45,0.2266,12,5,3000.0,1200.0,0,0,0,1,1,1,NORMAL,0
2475.51,0.83,0,19,0.0679,8,1,3000.0,1200.0,0,0,0,0,7,15,NORMAL,0
3909.47,0.78,0,15,0.1154,8,6,5000.0,2000.0,0,0,0,0,1,4,NORMAL,0
8562.12,1.07,0,14,0.1246,20,4,8000.0,3200.0,0,0,0,0,8,6,NORMAL,0
40460.8,5.06,0,3,0.2284,19,4,8000.0,3200.0,0,0,0,0,10,3,SUSPICIOUS,1
31750.28,6.35,1,0,0.6522,10,1,5000.0,2000.0,1,1,1,0,85,89,EXTREME,1
7881.18,0.99,0,39,0.1054,11,4,8000.0,3200.0,0,0,0,0,6,2,NORMAL,0
23046.01,2.88,0,2,0.2918,4,1,8000.0,3200.0,0,0,1,0,1,3,SUSPICIOUS,1
10600.93,3.53,0,2,0.2023,23,5,3000.0,1200.0,0,1,0,0,18,56,SUSPICIOUS,1
5805.37,0.73,0,19,0.2474,19,2,8000.0,3200.0,0,0,0,0,3,5,NORMAL,0
29582.03,5.92,0,2,0.3426,3,2,5000.0,2000.0,1,1,0,0,67,63,SUSPICIOUS,1
2770.56,0.92,0,44,0.1661,20,6,3000.0,1200.0,0,0,0,0,10,3,NORMAL,0
3488.44,1.16,0,15,0.2176,16,3,3000.0,1200.0,0,0,0,0,12,1,NORMAL,0
9552.67,1.19,0,25,0.1807,20,0,8000.0,3200.0,0,0,0,0,5,8,NORMAL,0
3943.11,1.31,0,21,0.0942,16,3,3000.0,1200.0,0,0,0,0,15,12,NORMAL,0
12847.12,4.28,1,0,0.4689,1,6,3000.0,1200.0,1,1,0,0,73,70,SUSPICIOUS,1
26714.98,8.9,1,0,0.8154,7,0,3000.0,1200.0,1,1,1,0,82,92,EXTREME,1
3252.56,0.41,0,18,0.226,15,6,8000.0,3200.0,0,0,0,0,14,13,NORMAL,0
8877.13,2.96,1,0,0.4128,1,3,3000.0,1200.0,0,0,0,0,8,17,SUSPICIOUS,1
979.48,0.65,0,31,0.1842,10,2,1500.0,600.0,0,0,0,0,7,14,NORMAL,0
5071.16,1.01,0,6,0.1613,16,5,5000.0,2000.0,0,0,0,0,10,3,NORMAL,0
3820.83,0.76,0,7,0.1054,11,3,5000.0,2000.0,0,0,0,0,9,0,NORMAL,0
3406.66,1.14,0,35,0.1827,13,5,3000.0,1200.0,0,0,0,0,14,0,NORMAL,0
11129.45,3.71,1,0,0.2895,1,4,3000.0,1200.0,0,1,0,0,42,59,SUSPICIOUS,1
10179.79,3.39,1,0,0.5031,2,4,3000.0,1200.0,0,0,0,0,8,18,SUSPICIOUS,1
3437.66,1.15,0,16,0.061,17,0,3000.0,1200.0,0,0,0,0,2,0,NORMAL,0
838.25,0.56,0,45,0.2025,18,6,1500.0,600.0,0,0,0,0,14,0,NORMAL,0
1511.01,1.01,0,26,0.0969,12,1,1500.0,600.0,0,0,0,0,11,8,NORMAL,0
6201.86,0.78,0,41,0.1792,20,2,8000.0,3200.0,0,0,0,0,9,2,NORMAL,0
18761.21,6.25,1,0,0.7037,11,4,3000.0,1200.0,1,1,0,1,100,76,EXTREME,1
24094.02,3.01,1,0,0.3336,14,2,8000.0,3200.0,0,0,1,0,6,47,SUSPICIOUS,1
93525.98,7.79,1,0,0.9659,15,0,12000.0,4800.0,1,1,0,0,93,75,EXTREME,1
6071.42,0.76,0,21,0.1458,8,5,8000.0,3200.0,0,0,0,0,1,13,NORMAL,0
10850.18,1.36,0,19,0.148,18,3,8000.0,3200.0,0,0,0,0,1,3,NORMAL,0
22193.24,4.44,0,2,0.5918,19,4,5000.0,2000.0,0,0,0,0,7,9,SUSPICIOUS,1
13938.16,4.65,1,0,0.4566,1,6,3000.0,1200.0,0,1,0,1,18,64,SUSPICIOUS,1
5422.55,0.45,0,27,0.2467,18,5,12000.0,4800.0,0,0,0,0,14,9,NORMAL,0
3539.57,1.18,0,36,0.0819,7,5,3000.0,1200.0,0,0,0,0,6,14,NORMAL,0
29014.45,3.63,0,1,0.3824,14,6,8000.0,3200.0,0,1,1,0,44,66,SUSPICIOUS,1
5820.25,1.16,0,16,0.185,13,3,5000.0,2000.0,0,0,0,0,6,3,NORMAL,0
3440.79,1.15,0,15,0.2208,16,6,3000.0,1200.0,0,0,0,0,5,3,NORMAL,0
11689.9,0.97,0,13,0.2298,16,5,12000.0,4800.0,0,0,0,0,14,6,NORMAL,0
1513.16,1.01,0,14,0.1104,21,6,1500.0,600.0,0,0,0,0,6,15,NORMAL,0
3166.39,0.63,0,7,0.0775,11,4,5000.0,2000.0,0,0,0,0,4,4,NORMAL,0
12161.37,4.05,1,0,0.3284,19,2,3000.0,1200.0,0,0,0,0,17,1,SUSPICIOUS,1
23033.71,4.61,1,0,0.5874,3,4,5000.0,2000.0,0,1,0,0,43,66,SUSPICIOUS,1
70995.98,5.92,1,0,1.0721,13,4,12000.0,4800.0,1,1,1,1,87,72,EXTREME,1
1263.87,0.84,0,15,0.2373,13,6,1500.0,600.0,0,0,0,0,7,13,NORMAL,0
34663.34,11.55,1,0,0.7237,9,5,3000.0,1200.0,1,1,1,0,81,79,EXTREME,1
11138.6,0.93,0,25,0.2266,20,0,12000.0,4800.0,0,0,0,0,10,3,NORMAL,0
1299.65,0.87,0,41,0.1665,11,6,1500.0,600.0,0,0,0,0,5,5,NORMAL,0
11653.77,0.97,0,34,0.1617,17,5,12000.0,4800.0,0,0,1,0,6,4,NORMAL,0
8977.39,5.98,1,0,0.5174,1,0,1500.0,600.0,0,0,0,0,49,49,SUSPICIOUS,1
7334.95,0.92,0,30,0.149,8,0,8000.0,3200.0,0,0,0,0,9,8,NORMAL,0
6512.99,0.54,0,19,0.0926,17,1,12000.0,4800.0,0,0,0,0,15,9,NORMAL,0
5436.19,1.09,1,0,0.1441,17,4,5000.0,2000.0,0,0,0,0,8,15,NORMAL,0
2248.88,0.75,0,34,0.1808,13,0,3000.0,1200.0,0,0,0,0,1,2,NORMAL,0
8776.65,0.73,0,2,0.1014,14,5,12000.0,4800.0,0,0,0,0,14,5,NORMAL,0
5166.08,1.03,0,3,0.1806,11,6,5000.0,2000.0,0,0,0,0,9,4,NORMAL,0
5773.34,0.72,0,5,0.2326,12,3,8000.0,3200.0,0,0,0,0,9,9,NORMAL,0
9818.9,1.23,0,31,0.2054,20,0,8000.0,3200.0,0,0,0,0,15,13,NORMAL,0
13411.59,4.47,1,0,0.4896,0,2,3000.0,1200.0,1,1,0,1,72,74,SUSPICIOUS,1
15000.0,10.0,1,0,1.1125,2,0,1500.0,600.0,1,1,0,1,80,86,EXTREME,1
109004.23,9.08,1,0,0.5693,12,2,12000.0,4800.0,1,1,1,0,83,73,EXTREME,1
28181.68,5.64,1,0,0.2608,0,0,5000.0,2000.0,1,0,1,0,61,11,SUSPICIOUS,1
2293.78,0.46,0,34,0.1031,17,5,5000.0,2000.0,0,0,0,1,2,15,NORMAL,0
2985.27,0.6,0,5,0.1995,22,1,5000.0,2000.0,0,0,0,0,0,14,NORMAL,0
28751.36,5.75,1,0,0.2644,4,2,5000.0,2000.0,0,0,0,1,49,10,SUSPICIOUS,1
2303.95,0.77,0,6,0.0525,22,5,3000.0,1200.0,0,0,1,0,15,0,NORMAL,0
2175.41,0.73,0,10,0.0816,7,3,3000.0,1200.0,0,0,0,0,5,14,NORMAL,0
5086.36,1.02,0,5,0.2277,13,1,5000.0,2000.0,0,0,0,0,12,1,NORMAL,0
2168.59,0.43,0,19,0.0862,16,4,5000.0,2000.0,0,0,0,0,3,4,NORMAL,0
1747.82,0.35,0,20,0.1767,16,5,5000.0,2000.0,0,0,0,0,7,6,NORMAL,0
1352.95,0.9,0,4,0.1799,17,4,1500.0,600.0,0,0,0,0,2,3,NORMAL,0
4415.75,0.88,0,2,0.2195,20,1,5000.0,2000.0,0,0,0,0,4,11,NORMAL,0
1385.97,0.92,0,40,0.2088,15,4,1500.0,600.0,0,0,0,0,2,8,NORMAL,0
2651.57,0.88,0,6,0.077,13,5,3000.0,1200.0,0,0,0,0,12,11,NORMAL,0
4839.24,0.97,0,5,0.2197,11,0,5000.0,2000.0,0,0,0,0,0,11,NORMAL,0
9343.8,1.17,0,45,0.1818,11,3,8000.0,3200.0,0,0,0,0,11,2,NORMAL,0
4305.69,0.86,0,6,0.1547,18,4,5000.0,2000.0,0,0,0,0,3,8,NORMAL,0
762.71,0.51,0,18,0.0485,21,4,1500.0,600.0,0,0,1,0,7,8,NORMAL,0
42069.99,5.26,0,3,0.3685,0,0,8000.0,3200.0,0,0,0,0,17,7,SUSPICIOUS,1
4936.96,0.62,0,21,0.2148,20,1,8000.0,3200.0,0,0,0,0,5,3,NORMAL,0
16422.77,5.47,0,2,0.2808,19,2,3000.0,1200.0,1,1,0,1,69,51,SUSPICIOUS,1
988.62,0.66,0,43,0.1809,8,1,1500.0,600.0,0,0,0,0,10,6,NORMAL,0
11899.62,0.99,1,0,0.0879,8,5,12000.0,4800.0,0,0,0,0,1,5,NORMAL,0
3439.41,0.69,1,0,0.1809,22,2,5000.0,2000.0,0,0,0,0,15,8,NORMAL,0
5476.44,1.1,1,0,0.1579,8,5,5000.0,2000.0,0,0,0,0,5,13,NORMAL,0
3766.34,0.75,0,36,0.1889,16,0,5000.0,2000.0,0,0,0,0,12,7,NORMAL,0
21096.12,4.22,1,0,0.572,19,5,5000.0,2000.0,0,0,0,0,19,6,SUSPICIOUS,1
7560.11,2.52,1,0,0.2322,23,5,3000.0,1200.0,0,0,0,1,0,11,SUSPICIOUS,0
15000.0,10.0,1,0,0.6001,8,4,1500.0,600.0,1,1,0,0,83,81,EXTREME,1
12680.67,1.06,0,26,0.1485,16,2,12000.0,4800.0,0,0,0,0,7,7,NORMAL,0
2357.02,0.79,0,18,0.1724,7,1,3000.0,1200.0,0,0,0,0,0,7,NORMAL,0
1604.53,1.07,0,2,0.0866,9,0,1500.0,600.0,0,0,1,0,3,9,NORMAL,0
5567.18,0.46,0,29,0.0753,20,1,12000.0,4800.0,0,0,0,0,8,9,NORMAL,0
17360.26,5.79,1,0,0.3205,4,6,3000.0,1200.0,0,0,1,0,15,11,SUSPICIOUS,1
13323.35,4.44,1,0,0.4133,1,3,3000.0,1200.0,1,0,0,0,64,18,SUSPICIOUS,1
8148.94,0.68,0,3,0.143,11,3,12000.0,4800.0,0,0,0,0,3,9,NORMAL,0
3675.13,0.74,0,21,0.1313,20,1,5000.0,2000.0,0,0,0,0,14,5,NORMAL,0
1749.27,0.58,0,16,0.2005,11,3,3000.0,1200.0,0,0,0,0,1,9,NORMAL,0
1816.66,0.61,0,20,0.046,19,2,3000.0,1200.0,0,0,0,0,10,10,NORMAL,0
68931.48,5.74,1,0,0.4885,3,0,12000.0,4800.0,0,1,0,0,41,57,SUSPICIOUS,1
25559.94,5.11,0,2,0.2943,2,3,5000.0,2000.0,1,0,0,1,75,8,SUSPICIOUS,1
7986.73,0.67,0,19,0.1444,9,4,12000.0,4800.0,0,0,0,0,2,6,NORMAL,0
5883.8,3.92,0,3,0.314,14,0,1500.0,600.0,1,1,0,1,57,52,SUSPICIOUS,1
543.6,0.36,0,22,0.1076,19,1,1500.0,600.0,0,0,0,0,9,3,NORMAL,0
6354.14,1.27,0,31,0.1795,8,5,5000.0,2000.0,0,0,0,0,14,8,NORMAL,0
2844.58,0.95,0,29,0.127,11,4,3000.0,1200.0,0,0,0,0,11,3,NORMAL,0
867.09,0.58,0,13,0.2012,21,2,1500.0,600.0,0,0,0,0,10,14,NORMAL,0
9828.32,0.82,0,40,0.0715,18,0,12000.0,4800.0,0,0,0,0,15,13,NORMAL,0
4097.42,0.51,0,16,0.1272,13,2,8000.0,3200.0,0,0,0,0,7,15,NORMAL,0
6199.74,0.77,0,33,0.0526,8,4,8000.0,3200.0,0,0,0,0,10,6,NORMAL,0
9100.97,0.76,0,27,0.0856,14,0,12000.0,4800.0,0,0,0,0,1,5,NORMAL,0
7153.52,0.89,0,18,0.1834,13,3,8000.0,3200.0,0,0,0,0,12,15,NORMAL,0
1510.08,1.01,0,35,0.0919,8,1,1500.0,600.0,0,0,0,0,14,8,NORMAL,0
67538.92,5.63,1,0,1.1278,19,5,12000.0,4800.0,1,1,1,0,92,78,EXTREME,1
11320.37,3.77,1,0,0.5235,23,6,3000.0,1200.0,0,0,1,0,41,9,SUSPICIOUS,1
2513.43,0.84,0,31,0.2175,12,3,3000.0,1200.0,0,0,0,0,15,1,NORMAL,0
11629.29,0.97,1,0,0.1214,14,1,12000.0,4800.0,0,0,0,0,4,3,NORMAL,0
6493.48,0.81,0,39,0.0982,9,2,8000.0,3200.0,0,0,0,0,8,15,NORMAL,0
4068.31,0.81,0,16,0.2446,21,5,5000.0,2000.0,0,0,0,0,12,14,NORMAL,0
2810.55,0.94,0,11,0.2063,15,1,3000.0,1200.0,0,0,0,0,13,1,NORMAL,0
1200.35,0.8,0,39,0.1514,12,1,1500.0,600.0,0,0,0,0,6,2,NORMAL,0
14475.36,4.83,1,0,0.3675,2,0,3000.0,1200.0,1,0,0,1,64,46,SUSPICIOUS,1
52089.9,4.34,1,0,0.3313,1,0,12000.0,4800.0,1,0,1,0,75,6,SUSPICIOUS,1
7169.65,0.9,0,2,0.0477,16,3,8000.0,3200.0,0,0,0,0,8,14,NORMAL,0
7384.6,0.62,0,16,0.2191,19,6,12000.0,4800.0,0,0,0,0,3,12,NORMAL,0
69693.12,5.81,1,0,0.4294,2,4,12000.0,4800.0,1,1,0,0,59,67,SUSPICIOUS,1
5707.18,0.71,0,26,0.121,18,1,8000.0,3200.0,0,0,0,1,15,7,NORMAL,0
6003.04,0.75,0,2,0.0939,15,0,8000.0,3200.0,0,0,0,0,6,7,NORMAL,0
4098.24,2.73,1,0,0.2597,2,0,1500.0,600.0,0,0,0,0,20,40,SUSPICIOUS,1
6825.18,0.57,0,36,0.1829,10,4,12000.0,4800.0,0,0,0,0,5,11,NORMAL,0
48702.18,6.09,1,0,1.11,17,5,8000.0,3200.0,1,1,0,0,80,74,EXTREME,1
16100.87,5.37,1,0,1.1712,21,2,3000.0,1200.0,1,1,1,0,89,82,EXTREME,1
7313.57,0.91,0,32,0.1868,18,4,8000.0,3200.0,0,0,0,0,13,12,NORMAL,0
6343.05,0.79,0,33,0.211,16,1,8000.0,3200.0,0,0,0,0,6,6,NORMAL,0
12201.2,1.02,0,41,0.1614,10,1,12000.0,4800.0,0,0,0,0,12,2,NORMAL,0
53428.24,4.45,1,0,0.5902,4,1,12000.0,4800.0,1,1,0,0,55,56,SUSPICIOUS,1
3709.89,0.46,1,0,0.2106,17,2,8000.0,3200.0,0,0,1,0,14,4,NORMAL,0
7073.18,0.88,0,26,0.1844,11,4,8000.0,3200.0,0,0,0,0,13,14,NORMAL,0
7259.13,0.91,0,40,0.2166,9,5,8000.0,3200.0,0,0,0,0,13,13,NORMAL,0
7562.27,5.04,1,0,0.5699,19,4,1500.0,600.0,1,0,1,1,60,42,SUSPICIOUS,1
1027.87,0.69,0,17,0.1847,20,2,1500.0,600.0,0,0,0,0,4,6,NORMAL,0
5910.81,1.18,0,11,0.0462,16,0,5000.0,2000.0,0,0,0,0,5,8,NORMAL,0
25206.31,3.15,1,0,0.2591,0,1,8000.0,3200.0,0,0,1,1,36,46,SUSPICIOUS,0
5170.52,1.03,0,12,0.1092,17,0,5000.0,2000.0,0,0,0,0,14,12,NORMAL,0
8287.63,0.69,0,21,0.2181,17,0,12000.0,4800.0,0,0,0,0,5,13,NORMAL,0
55727.26,6.97,1,0,1.1782,4,0,8000.0,3200.0,1,1,0,1,86,92,EXTREME,1
2380.99,0.79,0,27,0.0612,14,6,3000.0,1200.0,0,0,0,0,5,11,NORMAL,0
6333.33,1.27,0,40,0.1784,7,3,5000.0,2000.0,0,0,0,0,3,4,NORMAL,0
1846.69,1.23,1,0,0.1037,8,3,1500.0,600.0,0,0,0,0,3,3,NORMAL,0
5910.11,0.74,0,41,0.0513,19,5,8000.0,3200.0,0,0,0,1,14,10,NORMAL,0
9736.05,0.81,0,43,0.2085,22,4,12000.0,4800.0,0,0,0,0,1,10,NORMAL,0
3173.41,0.4,0,34,0.1858,17,1,8000.0,3200.0,0,0,0,0,8,5,NORMAL,0
4956.9,3.3,1,0,0.385,19,1,1500.0,600.0,1,0,1,1,67,41,SUSPICIOUS,1
15959.68,5.32,1,0,1.1262,22,3,3000.0,1200.0,1,1,0,0,100,89,EXTREME,1
1712.71,1.14,0,18,0.2008,13,6,1500.0,600.0,0,0,1,0,4,0,NORMAL,0
71109.96,5.93,1,0,0.3501,3,1,12000.0,4800.0,1,1,1,0,66,79,SUSPICIOUS,1
1870.67,1.25,1,0,0.0998,16,3,1500.0,600.0,0,0,0,0,14,10,NORMAL,0
14868.58,4.96,1,0,0.4512,1,2,3000.0,1200.0,0,1,0,1,2,52,SUSPICIOUS,1
2924.02,0.97,0,39,0.1362,11,2,3000.0,1200.0,0,0,0,0,15,12,NORMAL,0
546.56,0.36,0,42,0.1895,8,0,1500.0,600.0,0,0,0,0,10,12,NORMAL,0
6394.79,0.8,0,15,0.0969,19,4,8000.0,3200.0,0,0,0,0,15,10,NORMAL,0
11530.8,3.84,1,0,0.2022,1,6,3000.0,1200.0,0,0,0,0,10,17,SUSPICIOUS,1
3285.0,1.1,0,34,0.0824,11,1,3000.0,1200.0,0,0,0,0,2,7,NORMAL,0
4497.87,0.9,0,4,0.0855,20,0,5000.0,2000.0,0,0,0,0,15,5,NORMAL,0
12175.95,1.52,0,31,0.0794,15,2,8000.0,3200.0,0,0,0,0,3,4,NORMAL,0
8007.4,0.67,0,45,0.2491,17,2,12000.0,4800.0,0,0,0,0,12,15,NORMAL,0
6515.03,0.81,0,4,0.1755,11,3,8000.0,3200.0,0,0,0,0,13,6,NORMAL,0
11604.71,0.97,0,28,0.2034,18,5,12000.0,4800.0,0,0,0,0,12,3,NORMAL,0
6371.71,0.8,0,24,0.2353,12,0,8000.0,3200.0,0,0,0,0,3,1,NORMAL,0
16210.83,3.24,1,0,0.244,14,6,5000.0,2000.0,1,0,0,1,70,19,SUSPICIOUS,1
2955.49,0.59,1,0,0.2495,11,4,5000.0,2000.0,0,0,1,0,4,2,NORMAL,0
25222.96,8.41,1,0,0.9363,20,1,3000.0,1200.0,1,1,0,1,88,84,EXTREME,1
5351.32,1.07,0,24,0.049,17,2,5000.0,2000.0,0,0,0,0,8,10,NORMAL,0
5781.69,3.85,1,0,0.2961,19,4,1500.0,600.0,1,1,0,0,73,58,SUSPICIOUS,1
4619.03,0.92,0,2,0.1231,11,6,5000.0,2000.0,0,0,0,0,12,1,NORMAL,0
3400.69,0.68,1,0,0.1827,11,0,5000.0,2000.0,0,0,0,0,0,5,NORMAL,0
7778.36,0.97,0,14,0.0507,9,2,8000.0,3200.0,0,0,0,0,7,0,NORMAL,0
16868.16,5.62,1,0,0.7099,14,3,3000.0,1200.0,1,1,1,0,81,81,EXTREME,1
1665.17,0.56,0,36,0.1046,11,6,3000.0,1200.0,0,0,0,0,14,3,NORMAL,0
17173.02,5.72,1,0,0.343,4,6,3000.0,1200.0,0,0,0,0,0,45,SUSPICIOUS,1
3130.52,1.04,0,10,0.1811,10,0,3000.0,1200.0,0,0,0,0,10,9,NORMAL,0
61608.99,5.13,1,0,0.4709,14,5,12000.0,4800.0,0,1,1,1,39,74,SUSPICIOUS,1
5045.71,3.36,1,0,0.4713,19,1,1500.0,600.0,1,0,0,0,74,10,SUSPICIOUS,1
6785.04,0.85,1,0,0.08,22,1,8000.0,3200.0,0,0,1,0,1,9,NORMAL,0
3873.09,0.77,1,0,0.1037,7,0,5000.0,2000.0,0,0,0,0,5,2,NORMAL,0
3831.12,0.48,0,42,0.2257,13,5,8000.0,3200.0,0,0,0,0,9,6,NORMAL,0
26923.02,5.38,1,0,0.44,4,1,5000.0,2000.0,0,1,0,0,45,67,SUSPICIOUS,1
32281.66,4.04,1,0,0.3598,3,3,8000.0,3200.0,0,1,0,1,44,58,SUSPICIOUS,1
11466.97,0.96,0,14,0.0579,7,5,12000.0,4800.0,0,0,0,0,15,1,NORMAL,0
851.76,0.57,0,32,0.2254,8,6,1500.0,600.0,0,0,0,0,5,15,NORMAL,0
4966.4,0.41,0,26,0.1369,14,0,12000.0,4800.0,0,0,0,0,9,12,NORMAL,0
15000.0,10.0,1,0,0.8138,5,1,1500.0,600.0,1,1,1,1,84,94,EXTREME,1
43359.14,5.42,1,0,0.4507,4,5,8000.0,3200.0,0,0,1,1,15,49,SUSPICIOUS,1
8129.17,0.68,0,12,0.1669,9,1,12000.0,4800.0,0,0,0,1,7,4,NORMAL,0
3835.54,0.48,1,0,0.1246,16,3,8000.0,3200.0,0,0,0,0,0,11,NORMAL,0
3413.75,1.14,0,18,0.2338,7,2,3000.0,1200.0,0,0,0,0,13,11,NORMAL,0
1425.24,0.95,0,29,0.1947,10,1,1500.0,600.0,0,0,0,0,8,7,NORMAL,0
979.47,0.65,0,23,0.1577,8,1,1500.0,600.0,0,0,0,0,10,12,NORMAL,0
20818.2,4.16,1,0,0.4931,0,2,5000.0,2000.0,0,1,1,1,41,66,SUSPICIOUS,1
1931.68,1.29,0,5,0.0938,16,1,1500.0,600.0,0,0,0,0,0,0,NORMAL,0
5645.2,0.71,0,2,0.242,18,6,8000.0,3200.0,0,0,0,0,6,2,NORMAL,0
4942.03,0.62,0,15,0.1371,22,3,8000.0,3200.0,0,0,0,0,12,7,NORMAL,0
10703.85,3.57,1,0,0.5578,2,3,3000.0,1200.0,0,1,0,0,39,74,SUSPICIOUS,1
1699.57,1.13,0,34,0.0704,10,1,1500.0,600.0,0,0,0,0,8,14,NORMAL,0
6818.14,1.36,0,34,0.0554,16,5,5000.0,2000.0,0,0,0,0,1,13,NORMAL,0
9885.61,1.24,0,7,0.1919,16,0,8000.0,3200.0,0,0,0,0,13,15,NORMAL,0
2917.9,0.58,0,27,0.1457,15,4,5000.0,2000.0,0,0,0,0,2,0,NORMAL,0
22078.48,2.76,0,2,0.5664,3,5,8000.0,3200.0,0,0,1,1,17,10,SUSPICIOUS,1
643.6,0.43,0,10,0.1455,22,4,1500.0,600.0,0,0,0,0,13,9,NORMAL,0
15000.0,10.0,1,0,0.865,4,0,1500.0,600.0,1,1,1,1,84,91,EXTREME,1
9551.19,1.19,0,27,0.1179,14,5,8000.0,3200.0,0,0,0,0,2,6,NORMAL,0
3744.88,0.75,0,10,0.2368,17,2,5000.0,2000.0,0,0,0,0,7,11,NORMAL,0
9806.67,0.82,0,21,0.1155,20,1,12000.0,4800.0,0,0,0,0,11,11,NORMAL,0
1058.42,0.71,0,4,0.052,17,6,1500.0,600.0,0,0,0,0,2,0,NORMAL,0
32811.69,4.1,1,0,0.8449,1,4,8000.0,3200.0,1,1,1,1,90,88,EXTREME,1
11222.64,0.94,0,43,0.1458,17,4,12000.0,4800.0,0,0,0,0,7,5,NORMAL,0
8287.43,1.04,1,0,0.0633,20,4,8000.0,3200.0,0,0,0,0,12,12,NORMAL,0
2207.3,0.74,0,40,0.1801,12,4,3000.0,1200.0,0,0,0,0,2,8,NORMAL,0
3040.9,0.61,0,44,0.1638,10,6,5000.0,2000.0,0,0,0,0,15,3,NORMAL,0
5582.94,1.12,0,45,0.1975,13,3,5000.0,2000.0,0,0,0,0,2,2,NORMAL,0
2771.43,0.92,0,26,0.2,16,2,3000.0,1200.0,0,0,0,0,6,9,NORMAL,0
4972.1,3.31,1,0,0.3721,19,4,1500.0,600.0,0,0,0,0,8,12,SUSPICIOUS,1
3011.72,0.6,0,27,0.1581,9,3,5000.0,2000.0,0,0,0,0,0,12,NORMAL,0
34318.96,4.29,0,2,0.211,1,3,8000.0,3200.0,0,0,0,1,5,19,SUSPICIOUS,1
25607.49,5.12,1,0,0.2068,4,4,5000.0,2000.0,0,1,0,0,4,71,SUSPICIOUS,1
6113.62,0.76,0,9,0.213,20,4,8000.0,3200.0,0,0,0,0,9,12,NORMAL,0
3699.29,1.23,0,20,0.2237,19,2,3000.0,1200.0,0,0,0,0,8,6,NORMAL,0
4775.67,0.96,0,16,0.1846,7,5,5000.0,2000.0,0,0,0,0,12,8,NORMAL,0
44943.34,5.62,1,0,0.3389,19,1,8000.0,3200.0,0,1,0,0,39,67,SUSPICIOUS,1
9372.27,0.78,0,43,0.0675,9,2,12000.0,4800.0,0,0,0,1,13,2,NORMAL,0
16495.13,5.5,0,2,0.2862,1,3,3000.0,1200.0,0,1,0,0,19,78,SUSPICIOUS,1
91280.41,7.61,1,0,0.8187,21,5,12000.0,4800.0,1,1,0,0,92,81,EXTREME,1
4872.48,0.61,0,7,0.1816,22,2,8000.0,3200.0,0,0,1,0,7,8,NORMAL,0
12702.79,1.06,0,41,0.1326,18,0,12000.0,4800.0,0,0,0,0,2,15,NORMAL,0
4902.31,0.98,0,5,0.1266,11,0,5000.0,2000.0,0,0,0,0,1,3,NORMAL,0
12049.68,4.02,1,0,0.5846,19,1,3000.0,1200.0,0,0,0,0,14,16,SUSPICIOUS,1
906.02,0.3,0,13,0.1196,13,3,3000.0,1200.0,0,0,0,0,6,2,NORMAL,0
1483.32,0.49,0,28,0.1621,9,6,3000.0,1200.0,0,0,1,0,4,1,NORMAL,0
91079.55,7.59,1,0,0.7377,3,2,12000.0,4800.0,1,1,1,1,93,88,EXTREME,1
8466.56,1.06,0,2,0.0553,13,5,8000.0,3200.0,0,0,0,0,8,11,NORMAL,0
7996.31,1.0,0,3,0.1424,10,2,8000.0,3200.0,0,0,0,0,1,0,NORMAL,0
8992.24,1.12,0,12,0.1552,13,0,8000.0,3200.0,0,0,0,0,1,8,NORMAL,0
67131.04,5.59,1,0,0.5202,2,1,12000.0,4800.0,0,0,1,0,43,1,SUSPICIOUS,1
4496.04,0.9,0,41,0.2295,21,2,5000.0,2000.0,0,0,0,0,3,9,NORMAL,0
6414.9,4.28,0,1,0.5679,2,0,1500.0,600.0,0,1,1,0,17,51,SUSPICIOUS,1
4965.13,0.99,0,29,0.1277,22,5,5000.0,2000.0,0,0,0,0,0,3,NORMAL,0
2264.19,0.75,0,29,0.1415,11,1,3000.0,1200.0,0,0,0,0,1,8,NORMAL,0
17788.12,5.93,1,0,0.3459,0,5,3000.0,1200.0,0,0,0,0,20,13,SUSPICIOUS,1
1274.39,0.85,0,29,0.2077,12,1,1500.0,600.0,0,0,0,0,4,1,NORMAL,0
1208.56,0.81,0,17,0.2201,18,0,1500.0,600.0,0,0,0,0,12,7,NORMAL,0
38155.48,3.18,1,0,0.4188,4,3,12000.0,4800.0,1,1,1,0,70,68,SUSPICIOUS,1
5109.14,0.64,0,21,0.2343,16,2,8000.0,3200.0,0,0,0,0,9,3,NORMAL,0
4105.79,0.82,0,26,0.0588,19,1,5000.0,2000.0,0,0,0,0,2,7,NORMAL,0
69311.4,5.78,1,0,0.204,19,6,12000.0,4800.0,0,0,0,0,37,4,SUSPICIOUS,1
12175.9,1.01,0,37,0.1365,19,5,12000.0,4800.0,0,0,0,0,15,1,NORMAL,0
1362.07,0.91,0,41,0.0871,13,5,1500.0,600.0,0,0,0,0,1,0,NORMAL,0
5821.94,3.88,0,1,0.4404,1,4,1500.0,600.0,0,0,1,0,0,42,SUSPICIOUS,1
11531.96,0.96,1,0,0.1135,22,1,12000.0,4800.0,0,0,0,0,3,2,NORMAL,0
29830.17,3.73,1,0,0.5691,2,2,8000.0,3200.0,1,1,0,0,67,61,SUSPICIOUS,1
9358.47,0.78,0,5,0.0601,18,6,12000.0,4800.0,0,0,0,0,5,5,NORMAL,0
3573.16,0.71,0,18,0.0457,19,3,5000.0,2000.0,0,0,0,0,2,11,NORMAL,0
8909.91,2.97,0,2,0.5308,4,6,3000.0,1200.0,0,1,1,0,39,75,SUSPICIOUS,1
4122.49,0.82,0,9,0.1019,12,6,5000.0,2000.0,0,0,0,0,2,3,NORMAL,0
3887.6,0.78,0,5,0.2038,9,4,5000.0,2000.0,0,0,0,0,5,1,NORMAL,0
8214.76,1.03,0,30,0.2373,7,4,8000.0,3200.0,0,0,0,0,15,3,NORMAL,0
60176.09,5.01,1,0,0.2785,4,1,12000.0,4800.0,0,1,0,0,11,54,SUSPICIOUS,1
22657.8,4.53,1,0,0.2103,2,6,5000.0,2000.0,0,0,0,0,20,5,SUSPICIOUS,1
6155.64,0.77,0,41,0.153,9,6,8000.0,3200.0,0,0,0,0,2,14,NORMAL,0
2236.84,0.75,0,13,0.1875,9,3,3000.0,1200.0,0,0,0,0,15,2,NORMAL,0
2189.42,0.73,0,5,0.0717,16,0,3000.0,1200.0,0,0,0,0,1,5,NORMAL,0
38672.08,3.22,1,0,0.5338,0,6,12000.0,4800.0,0,1,0,0,18,54,SUSPICIOUS,1
5749.98,1.15,0,23,0.2082,14,0,5000.0,2000.0,0,0,0,0,2,5,NORMAL,0
2478.64,0.83,1,0,0.1635,11,4,3000.0,1200.0,0,0,0,0,15,5,NORMAL,0
15000.0,10.0,1,0,1.1539,23,0,1500.0,600.0,1,1,0,0,89,74,EXTREME,1
6023.04,0.75,0,3,0.1957,7,0,8000.0,3200.0,0,0,0,0,15,14,NORMAL,0
5468.4,0.68,0,4,0.1673,21,4,8000.0,3200.0,0,0,0,0,11,4,NORMAL,0
13395.55,1.12,0,6,0.0795,17,6,12000.0,4800.0,0,0,0,0,9,2,NORMAL,0
72134.13,9.02,1,0,0.6089,17,5,8000.0,3200.0,1,1,0,1,100,80,EXTREME,1
5072.32,0.42,0,19,0.2385,14,1,12000.0,4800.0,0,0,1,0,8,8,NORMAL,0
11375.09,0.95,0,25,0.2065,9,0,12000.0,4800.0,0,0,0,0,4,3,NORMAL,0
9932.39,0.83,0,19,0.1524,14,0,12000.0,4800.0,0,0,0,0,10,13,NORMAL,0
1878.86,1.25,0,30,0.1829,17,2,1500.0,600.0,0,0,0,0,15,15,NORMAL,0
12054.21,1.0,0,37,0.0648,21,6,12000.0,4800.0,0,0,0,0,13,7,NORMAL,0
7493.05,0.94,0,9,0.0424,10,6,8000.0,3200.0,0,0,0,0,13,4,NORMAL,0
14812.19,1.23,0,32,0.0936,16,3,12000.0,4800.0,0,0,0,0,6,2,NORMAL,0
6017.64,1.2,0,6,0.1215,10,5,5000.0,2000.0,0,0,1,0,0,15,NORMAL,0
6330.24,1.27,0,40,0.1851,16,6,5000.0,2000.0,0,0,0,0,5,7,NORMAL,0
5847.87,0.73,1,0,0.2086,7,0,8000.0,3200.0,0,0,0,0,15,8,NORMAL,0
2848.88,0.57,0,22,0.0739,20,6,5000.0,2000.0,0,0,0,0,14,3,NORMAL,0
2119.03,0.42,0,33,0.2316,7,6,5000.0,2000.0,0,0,0,0,15,11,NORMAL,0
53518.12,4.46,1,0,0.3093,3,2,12000.0,4800.0,0,0,1,1,11,3,SUSPICIOUS,1
5315.83,0.66,0,25,0.2305,13,1,8000.0,3200.0,0,0,0,0,7,5,NORMAL,0
4425.09,0.89,0,28,0.1696,13,5,5000.0,2000.0,0,0,0,0,15,15,NORMAL,0
5367.1,3.58,0,2,0.5425,4,1,1500.0,600.0,0,0,0,0,42,19,SUSPICIOUS,1
2435.97,0.49,0,15,0.2058,12,4,5000.0,2000.0,0,0,0,0,8,0,NORMAL,0
32112.6,4.01,1,0,0.3199,23,5,8000.0,3200.0,1,1,0,0,54,65,SUSPICIOUS,1
25979.73,5.2,1,0,0.5734,16,1,5000.0,2000.0,1,1,1,0,92,88,EXTREME,1
7427.19,0.62,1,0,0.0606,22,1,12000.0,4800.0,0,0,0,0,3,6,NORMAL,0
8581.2,5.72,1,0,0.2117,23,3,1500.0,600.0,0,1,0,0,10,50,SUSPICIOUS,1
5891.97,3.93,1,0,0.418,14,0,1500.0,600.0,1,0,0,0,50,13,SUSPICIOUS,1
9213.07,1.15,0,36,0.0467,18,5,8000.0,3200.0,0,0,1,0,2,9,NORMAL,0
7338.11,0.92,0,4,0.0895,10,4,8000.0,3200.0,0,0,0,0,9,14,NORMAL,0
1874.88,0.62,0,35,0.1057,20,6,3000.0,1200.0,0,0,0,0,7,7,NORMAL,0
1119.96,0.75,0,13,0.0868,11,6,1500.0,600.0,0,0,0,0,2,15,NORMAL,0
15000.0,10.0,1,0,0.8465,17,4,1500.0,600.0,1,1,1,0,82,77,EXTREME,1
1011.98,0.67,1,0,0.1352,7,2,1500.0,600.0,0,0,0,0,2,8,NORMAL,0
7103.98,0.59,0,5,0.1887,19,1,12000.0,4800.0,0,0,1,0,7,6,NORMAL,0
8531.94,0.71,0,30,0.1248,17,5,12000.0,4800.0,0,0,0,0,8,6,NORMAL,0
3666.81,0.73,0,11,0.1682,15,3,5000.0,2000.0,0,0,0,0,6,15,NORMAL,0
1014.17,0.68,1,0,0.193,15,3,1500.0,600.0,0,0,0,0,3,12,NORMAL,0
9973.47,3.32,0,1,0.3464,0,0,3000.0,1200.0,0,1,0,0,20,80,SUSPICIOUS,1
1253.64,0.84,0,8,0.0589,18,1,1500.0,600.0,0,0,0,0,1,15,NORMAL,0
11809.17,0.98,0,44,0.1013,16,3,12000.0,4800.0,0,0,0,0,11,13,NORMAL,0
21243.97,2.66,1,0,0.3043,3,5,8000.0,3200.0,0,0,0,1,6,14,SUSPICIOUS,1
32641.05,10.88,1,0,0.6812,8,3,3000.0,1200.0,1,1,1,0,85,74,EXTREME,1
2161.07,0.43,0,27,0.1213,8,4,5000.0,2000.0,0,0,0,0,15,9,NORMAL,0
12545.83,1.05,1,0,0.2395,9,5,12000.0,4800.0,0,0,0,0,4,12,NORMAL,0
57422.84,4.79,1,0,0.481,3,4,12000.0,4800.0,1,1,0,1,91,89,EXTREME,1
1250.47,0.83,0,34,0.2494,19,2,1500.0,600.0,0,0,0,0,13,0,NORMAL,0
3025.93,0.61,0,19,0.1655,17,3,5000.0,2000.0,0,0,0,0,14,14,NORMAL,0
1270.81,0.85,0,20,0.0436,9,6,1500.0,600.0,0,0,0,1,10,4,NORMAL,0
4848.97,0.97,1,0,0.0588,7,3,5000.0,2000.0,0,0,0,0,13,5,NORMAL,0
15000.0,5.0,1,0,0.5182,3,3,3000.0,1200.0,1,1,1,0,84,94,EXTREME,1
2658.77,0.89,0,13,0.0451,11,2,3000.0,1200.0,0,0,0,0,2,11,NORMAL,0
5186.96,0.65,0,9,0.1806,14,3,8000.0,3200.0,0,0,1,0,4,6,NORMAL,0
3807.9,1.27,0,8,0.1739,19,5,3000.0,1200.0,0,0,0,0,2,14,NORMAL,0
10857.21,0.9,0,39,0.1156,18,1,12000.0,4800.0,0,0,0,0,10,10,NORMAL,0
3655.76,0.73,0,41,0.1598,10,2,5000.0,2000.0,0,0,0,0,8,3,NORMAL,0
2313.14,1.54,0,37,0.1435,16,1,1500.0,600.0,0,0,0,0,0,9,NORMAL,0
1180.67,0.79,0,18,0.1766,16,2,1500.0,600.0,0,0,0,0,4,11,NORMAL,0
1504.15,1.0,0,45,0.1202,13,1,1500.0,600.0,0,0,0,0,15,10,NORMAL,0
987.58,0.66,0,24,0.241,7,6,1500.0,600.0,0,0,0,0,13,6,NORMAL,0
3083.6,0.62,0,2,0.1718,12,4,5000.0,2000.0,0,0,0,0,12,11,NORMAL,0
5091.84,1.02,0,34,0.2262,18,6,5000.0,2000.0,0,0,0,0,12,7,NORMAL,0
1945.21,1.3,0,17,0.0981,7,1,1500.0,600.0,0,0,0,0,14,11,NORMAL,0
1112.25,0.74,0,19,0.0773,17,0,1500.0,600.0,0,0,0,0,7,6,NORMAL,0
7196.97,0.6,0,4,0.0725,10,0,12000.0,4800.0,0,0,0,0,0,8,NORMAL,0
13299.57,1.11,1,0,0.1716,16,3,12000.0,4800.0,0,0,0,0,0,12,NORMAL,0
8926.21,0.74,0,41,0.1288,20,1,12000.0,4800.0,0,0,0,0,9,3,NORMAL,0
4747.05,0.95,0,33,0.1344,13,6,5000.0,2000.0,0,0,0,0,1,8,NORMAL,0
2202.95,0.73,0,13,0.2091,13,0,3000.0,1200.0,0,0,0,0,6,2,NORMAL,0
1159.86,0.77,0,9,0.1832,8,1,1500.0,600.0,0,0,0,0,15,15,NORMAL,0
31096.0,2.59,1,0,0.3785,19,6,12000.0,4800.0,0,0,1,0,19,16,SUSPICIOUS,1
45677.27,5.71,1,0,0.3665,14,3,8000.0,3200.0,1,1,0,0,67,52,SUSPICIOUS,1
7195.35,0.9,0,40,0.154,14,4,8000.0,3200.0,0,0,0,0,2,5,NORMAL,0
61337.53,5.11,1,0,0.5651,0,2,12000.0,4800.0,1,1,0,0,73,64,SUSPICIOUS,1
41138.5,3.43,1,0,0.4061,4,1,12000.0,4800.0,0,0,0,0,48,5,SUSPICIOUS,1
50824.64,10.16,1,0,0.9329,11,4,5000.0,2000.0,1,1,1,0,89,88,EXTREME,1
329.4,0.22,0,16,0.0474,7,0,1500.0,600.0,0,0,0,0,4,12,NORMAL,0
7124.43,0.89,1,0,0.0632,14,4,8000.0,3200.0,0,0,0,0,11,10,NORMAL,0
913.31,0.61,0,42,0.1542,21,6,1500.0,600.0,0,0,0,0,12,2,NORMAL,0
4112.75,0.51,0,21,0.0876,22,3,8000.0,3200.0,0,0,0,0,0,8,NORMAL,0
1552.94,1.04,1,0,0.0485,12,5,1500.0,600.0,0,0,0,0,12,8,NORMAL,0
3896.77,0.78,0,32,0.0943,18,3,5000.0,2000.0,0,0,0,0,8,4,NORMAL,0
2233.01,0.74,1,0,0.1426,9,0,3000.0,1200.0,0,0,0,0,11,7,NORMAL,0
54020.11,6.75,1,0,0.5792,6,3,8000.0,3200.0,1,1,1,1,86,78,EXTREME,1
10589.99,0.88,0,41,0.0527,7,0,12000.0,4800.0,0,0,0,0,5,8,NORMAL,0
7968.89,5.31,1,0,0.3502,0,3,1500.0,600.0,0,1,0,0,4,77,SUSPICIOUS,1
7010.89,0.58,0,21,0.0633,11,5,12000.0,4800.0,0,0,0,0,9,9,NORMAL,0
3843.78,1.28,0,33,0.0932,11,0,3000.0,1200.0,0,0,0,0,8,1,NORMAL,0
35596.7,4.45,1,0,0.5823,1,1,8000.0,3200.0,0,1,0,0,42,80,SUSPICIOUS,1
11684.11,0.97,0,34,0.172,9,5,12000.0,4800.0,0,0,0,0,4,12,NORMAL,0
12239.92,4.08,1,0,0.2346,23,5,3000.0,1200.0,0,1,1,0,11,69,SUSPICIOUS,1
16866.11,5.62,1,0,0.4086,0,1,3000.0,1200.0,0,1,0,0,16,57,SUSPICIOUS,1
15970.54,1.33,0,11,0.1442,16,4,12000.0,4800.0,0,0,0,0,14,7,NORMAL,0
44611.22,5.58,0,2,0.3532,19,2,8000.0,3200.0,1,1,1,1,56,55,SUSPICIOUS,1
3058.7,0.61,0,12,0.191,9,2,5000.0,2000.0,0,0,0,0,11,2,NORMAL,0
98570.89,8.21,1,0,0.7074,16,5,12000.0,4800.0,1,1,1,1,97,75,EXTREME,1
5597.66,1.12,0,17,0.1779,17,5,5000.0,2000.0,0,0,0,0,5,5,NORMAL,0
4142.23,0.83,0,3,0.0839,22,3,5000.0,2000.0,0,0,0,0,3,1,NORMAL,0
2336.41,0.78,0,19,0.1387,22,1,3000.0,1200.0,0,0,0,0,1,3,NORMAL,0
1802.05,0.6,0,30,0.2395,17,5,3000.0,1200.0,0,0,0,0,8,11,NORMAL,0
5902.18,0.74,0,16,0.1991,13,0,8000.0,3200.0,0,0,0,0,2,13,NORMAL,0
8981.67,0.75,0,25,0.1342,9,6,12000.0,4800.0,0,0,0,0,11,2,NORMAL,0
2443.1,0.49,0,45,0.235,21,1,5000.0,2000.0,0,0,0,0,12,8,NORMAL,0
21483.55,2.69,1,0,0.5473,4,3,8000.0,3200.0,0,0,0,1,5,5,SUSPICIOUS,0
4702.39,0.94,0,8,0.1585,17,0,5000.0,2000.0,0,0,0,0,12,9,NORMAL,0
15000.0,10.0,1,0,0.4125,10,2,1500.0,600.0,1,1,0,0,80,70,EXTREME,1
14432.08,1.2,0,2,0.1796,15,6,12000.0,4800.0,0,0,0,0,5,0,NORMAL,0
46710.78,3.89,1,0,0.4453,0,6,12000.0,4800.0,0,1,0,0,14,77,SUSPICIOUS,1
1158.86,0.77,0,8,0.1568,22,0,1500.0,600.0,0,0,0,0,14,2,NORMAL,0
10027.35,0.84,0,9,0.1287,22,0,12000.0,4800.0,0,0,0,0,13,10,NORMAL,0
52090.42,4.34,1,0,0.3969,23,0,12000.0,4800.0,0,1,0,0,17,52,SUSPICIOUS,1
15054.19,3.01,1,0,0.3872,4,6,5000.0,2000.0,1,0,0,1,56,9,SUSPICIOUS,1
15000.0,10.0,1,0,1.0281,17,2,1500.0,600.0,1,1,0,0,82,73,EXTREME,1
1059.93,0.71,0,33,0.2467,22,1,1500.0,600.0,0,0,0,0,8,1,NORMAL,0
5995.95,1.2,0,27,0.2215,21,2,5000.0,2000.0,0,0,0,0,14,3,NORMAL,0
4806.21,0.96,0,10,0.0803,13,6,5000.0,2000.0,0,0,0,0,9,5,NORMAL,0
10293.19,0.86,0,44,0.1204,18,3,12000.0,4800.0,0,0,0,0,3,7,NORMAL,0
64403.09,5.37,1,0,0.2182,14,4,12000.0,4800.0,0,0,1,0,11,49,SUSPICIOUS,1
1214.34,0.81,0,35,0.1997,13,0,1500.0,600.0,0,0,0,0,6,3,NORMAL,0
92635.69,11.58,1,0,0.4411,0,4,8000.0,3200.0,1,1,0,0,92,92,EXTREME,1
8018.48,1.0,0,38,0.2419,11,2,8000.0,3200.0,0,0,0,0,11,6,NORMAL,0
7552.4,5.03,1,0,0.3439,2,5,1500.0,600.0,1,0,0,0,63,1,SUSPICIOUS,1
27909.93,5.58,1,0,0.3455,19,1,5000.0,2000.0,0,1,0,0,7,55,SUSPICIOUS,1
1150.55,0.77,0,35,0.0828,19,4,1500.0,600.0,0,0,0,0,4,8,NORMAL,0
464.51,0.31,0,39,0.1847,22,1,1500.0,600.0,0,0,0,0,9,4,NORMAL,0
8528.04,5.69,0,2,0.5631,3,3,1500.0,600.0,0,0,1,0,16,0,SUSPICIOUS,1
24092.55,3.01,1,0,0.4917,2,1,8000.0,3200.0,1,0,1,0,71,15,SUSPICIOUS,1
62469.83,7.81,1,0,1.0893,10,5,8000.0,3200.0,1,1,1,1,85,93,EXTREME,1
4853.17,0.97,0,7,0.0493,11,4,5000.0,2000.0,0,0,0,0,6,4,NORMAL,0
33209.03,4.15,0,1,0.2142,2,5,8000.0,3200.0,1,0,0,0,51,41,SUSPICIOUS,1
15000.0,10.0,1,0,0.8113,3,4,1500.0,600.0,1,1,0,1,81,77,EXTREME,1
22929.86,2.87,0,3,0.4569,0,2,8000.0,3200.0,0,1,1,0,9,75,SUSPICIOUS,1
6029.94,1.21,0,40,0.1544,19,4,5000.0,2000.0,0,0,0,0,11,3,NORMAL,0
100956.75,8.41,1,0,0.961,9,3,12000.0,4800.0,1,1,1,0,100,84,EXTREME,1
3610.33,1.2,0,36,0.1237,15,1,3000.0,1200.0,0,0,0,0,10,0,NORMAL,0
9044.26,1.13,1,0,0.1863,22,2,8000.0,3200.0,0,0,0,0,4,12,NORMAL,0
134195.52,11.18,1,0,0.6387,1,3,12000.0,4800.0,1,1,1,1,93,95,EXTREME,1
12946.19,2.59,1,0,0.4674,1,1,5000.0,2000.0,0,0,0,1,8,3,SUSPICIOUS,0
1435.8,0.96,0,13,0.1954,7,4,1500.0,600.0,0,0,0,0,12,5,NORMAL,0
6738.69,0.84,0,32,0.0779,7,1,8000.0,3200.0,0,0,0,0,1,12,NORMAL,0
1711.2,1.14,0,39,0.0675,15,1,1500.0,600.0,0,0,0,0,5,11,NORMAL,0
1165.0,0.78,0,29,0.2203,19,2,1500.0,600.0,0,0,0,0,4,12,NORMAL,0
5909.3,0.74,0,19,0.2062,21,6,8000.0,3200.0,0,0,0,0,4,15,NORMAL,0
15128.18,1.26,0,4,0.1312,8,2,12000.0,4800.0,0,0,0,0,8,12,NORMAL,0
3050.42,0.61,0,24,0.1399,9,5,5000.0,2000.0,0,0,0,0,13,15,NORMAL,0
481.06,0.32,0,7,0.0608,7,3,1500.0,600.0,0,0,0,0,2,7,NORMAL,0
4237.2,0.85,0,39,0.0421,8,1,5000.0,2000.0,0,0,0,0,7,9,NORMAL,0
2784.43,0.93,0,11,0.1025,8,3,3000.0,1200.0,0,0,0,0,9,4,NORMAL,0
8089.68,1.01,0,8,0.1284,16,0,8000.0,3200.0,0,0,0,0,0,8,NORMAL,0
15259.95,1.27,0,12,0.0954,15,1,12000.0,4800.0,0,0,0,0,8,11,NORMAL,0
26109.78,3.26,1,0,0.5255,0,6,8000.0,3200.0,0,1,0,0,37,55,SUSPICIOUS,1
55722.26,4.64,1,0,0.3093,19,2,12000.0,4800.0,0,1,0,0,14,57,SUSPICIOUS,1
5419.72,0.68,0,30,0.2089,9,1,8000.0,3200.0,0,0,0,0,9,3,NORMAL,0
2641.27,0.53,0,15,0.0749,11,1,5000.0,2000.0,0,0,0,0,3,13,NORMAL,0
27984.07,5.6,1,0,0.5086,21,2,5000.0,2000.0,1,1,0,1,89,92,EXTREME,1
38085.44,4.76,1,0,0.4131,18,4,8000.0,3200.0,1,1,0,1,86,80,EXTREME,1
15000.0,10.0,1,0,0.8018,19,4,1500.0,600.0,1,1,1,0,86,83,EXTREME,1
36275.18,4.53,1,0,0.4664,3,3,8000.0,3200.0,0,0,0,1,48,18,SUSPICIOUS,1
95391.83,11.92,1,0,0.5733,8,0,8000.0,3200.0,1,1,1,1,80,87,EXTREME,1
11543.68,0.96,0,44,0.236,13,2,12000.0,4800.0,0,0,0,0,8,11,NORMAL,0
13153.91,2.63,1,0,0.443,4,1,5000.0,2000.0,0,0,0,0,4,1,SUSPICIOUS,1
8701.0,5.8,0,1,0.258,1,2,1500.0,600.0,1,1,0,0,71,79,SUSPICIOUS,1
12345.71,1.03,0,19,0.0547,21,0,12000.0,4800.0,0,0,0,0,13,12,NORMAL,0
2254.99,0.75,0,4,0.0648,9,0,3000.0,1200.0,0,0,0,0,15,0,NORMAL,0
1359.61,0.45,0,24,0.0822,13,3,3000.0,1200.0,0,0,0,0,2,9,NORMAL,0
9578.05,0.8,0,39,0.0728,9,5,12000.0,4800.0,0,0,0,0,13,10,NORMAL,0
6606.13,0.55,0,6,0.0609,16,3,12000.0,4800.0,0,0,0,0,15,5,NORMAL,0
12521.24,4.17,1,0,0.35,4,2,3000.0,1200.0,0,1,0,0,48,80,SUSPICIOUS,1
5946.86,0.74,0,14,0.1795,11,0,8000.0,3200.0,0,0,0,0,6,2,NORMAL,0
1880.06,0.63,0,18,0.1888,19,3,3000.0,1200.0,0,0,0,0,12,4,NORMAL,0
2524.36,0.84,0,26,0.2443,9,2,3000.0,1200.0,0,0,0,0,7,8,NORMAL,0
5787.33,0.72,1,0,0.2163,16,3,8000.0,3200.0,0,0,1,0,3,4,NORMAL,0
13186.85,1.1,0,37,0.0991,21,2,12000.0,4800.0,0,0,0,0,7,6,NORMAL,0
8565.97,1.07,0,8,0.2335,13,2,8000.0,3200.0,0,0,0,0,7,6,NORMAL,0
45438.08,5.68,1,0,0.5484,23,0,8000.0,3200.0,0,1,0,0,35,62,SUSPICIOUS,1
4895.7,0.98,0,18,0.1472,14,4,5000.0,2000.0,0,0,0,0,13,12,NORMAL,0
50691.33,10.14,1,0,0.7892,0,2,5000.0,2000.0,1,1,0,1,80,85,EXTREME,1
8806.58,0.73,1,0,0.2218,15,5,12000.0,4800.0,0,0,0,0,10,12,NORMAL,0
8495.16,1.06,0,14,0.0605,13,6,8000.0,3200.0,0,0,0,0,12,5,NORMAL,0
3327.29,1.11,0,31,0.1101,22,0,3000.0,1200.0,0,0,0,0,3,2,NORMAL,0
4088.87,0.82,0,14,0.2281,14,4,5000.0,2000.0,0,0,0,0,8,5,NORMAL,0
9091.91,0.76,0,11,0.2313,10,6,12000.0,4800.0,0,0,0,0,11,13,NORMAL,0
7259.27,0.91,1,0,0.0513,21,2,8000.0,3200.0,0,0,0,1,9,14,NORMAL,0
2919.42,0.58,0,15,0.0903,22,4,5000.0,2000.0,0,0,0,0,5,4,NORMAL,0
9933.78,3.31,1,0,0.2178,4,1,3000.0,1200.0,0,1,0,0,7,54,SUSPICIOUS,0
7563.44,0.95,1,0,0.187,20,1,8000.0,3200.0,0,0,0,0,4,7,NORMAL,0
76384.45,6.37,1,0,1.1379,23,4,12000.0,4800.0,1,1,1,1,95,78,EXTREME,1
3383.98,0.68,0,45,0.189,7,6,5000.0,2000.0,0,0,0,0,6,3,NORMAL,0
8894.57,0.74,0,26,0.1157,12,3,12000.0,4800.0,0,0,0,0,9,3,NORMAL,0
6319.27,0.79,0,20,0.1491,11,3,8000.0,3200.0,0,0,0,0,15,3,NORMAL,0
7583.66,0.63,1,0,0.1732,15,0,12000.0,4800.0,0,0,0,0,7,12,NORMAL,0
7838.52,0.98,0,8,0.0651,16,6,8000.0,3200.0,0,0,0,0,9,1,NORMAL,0
37887.29,7.58,1,0,0.9575,17,1,5000.0,2000.0,1,1,0,0,86,72,EXTREME,1
1044.8,0.7,0,11,0.1141,11,5,1500.0,600.0,0,0,0,0,8,8,NORMAL,0
6036.74,0.75,0,42,0.2094,7,2,8000.0,3200.0,0,0,0,0,11,10,NORMAL,0
34230.46,11.41,1,0,1.0936,19,4,3000.0,1200.0,1,1,1,0,91,73,EXTREME,1
8280.25,1.04,0,42,0.2315,21,2,8000.0,3200.0,0,0,0,0,13,7,NORMAL,0
9819.82,0.82,0,32,0.045,21,0,12000.0,4800.0,0,0,0,0,5,6,NORMAL,0
11309.12,3.77,1,0,0.4038,1,5,3000.0,1200.0,0,0,0,0,0,7,SUSPICIOUS,1
9580.36,0.8,0,17,0.2444,21,4,12000.0,4800.0,0,0,0,0,10,2,NORMAL,0
72575.36,9.07,1,0,0.9617,11,1,8000.0,3200.0,1,1,1,0,88,71,EXTREME,1
6504.37,0.81,0,25,0.165,17,6,8000.0,3200.0,0,0,0,0,11,5,NORMAL,0
90132.14,7.51,1,0,1.0294,5,2,12000.0,4800.0,1,1,0,1,100,88,EXTREME,1
125643.49,10.47,1,0,1.1306,9,1,12000.0,4800.0,1,1,1,0,85,71,EXTREME,1
13412.74,1.12,0,30,0.236,10,1,12000.0,4800.0,0,0,0,0,12,14,NORMAL,0
12287.47,4.1,0,2,0.4985,2,1,3000.0,1200.0,1,0,0,0,75,45,SUSPICIOUS,1
29410.84,5.88,1,0,0.5318,14,1,5000.0,2000.0,1,0,0,0,58,3,SUSPICIOUS,1
1029.22,0.69,0,29,0.1734,22,2,1500.0,600.0,0,0,0,0,12,6,NORMAL,0
4993.02,3.33,1,0,0.3655,3,6,1500.0,600.0,0,1,0,0,38,80,SUSPICIOUS,1
7181.27,0.9,0,34,0.0941,7,2,8000.0,3200.0,0,0,0,0,7,2,NORMAL,0
6042.04,1.21,0,13,0.0791,22,3,5000.0,2000.0,0,0,0,0,3,14,NORMAL,0
21622.61,2.7,1,0,0.3176,0,6,8000.0,3200.0,1,0,1,0,70,17,SUSPICIOUS,1
16084.87,10.72,1,0,0.6984,15,0,1500.0,600.0,1,1,1,0,98,88,EXTREME,1
4621.01,0.39,0,23,0.0432,7,4,12000.0,4800.0,0,0,0,0,15,1,NORMAL,0
4765.44,0.95,1,0,0.2427,22,5,5000.0,2000.0,0,0,0,0,2,5,NORMAL,0
6220.22,1.24,0,8,0.0604,17,5,5000.0,2000.0,0,0,0,0,10,5,NORMAL,0
477.44,0.32,0,30,0.1576,12,0,1500.0,600.0,0,0,0,0,3,11,NORMAL,0
8442.43,5.63,0,1,0.4378,3,0,1500.0,600.0,1,0,0,0,62,10,SUSPICIOUS,1
1286.86,0.86,0,10,0.0708,13,2,1500.0,600.0,0,0,0,0,10,1,NORMAL,0
20816.29,2.6,0,2,0.5139,3,3,8000.0,3200.0,0,1,1,0,12,69,SUSPICIOUS,1
1493.94,1.0,0,2,0.1299,17,5,1500.0,600.0,0,0,0,0,1,13,NORMAL,0
1111.78,0.74,0,13,0.1559,15,0,1500.0,600.0,0,0,0,0,3,9,NORMAL,0
5723.69,0.48,1,0,0.0824,13,2,12000.0,4800.0,0,0,0,0,7,3,NORMAL,0
20081.82,4.02,1,0,0.4678,2,1,5000.0,2000.0,0,1,1,0,40,56,SUSPICIOUS,1
1760.7,1.17,0,37,0.1589,19,2,1500.0,600.0,0,0,0,0,7,10,NORMAL,0
13136.32,4.38,0,3,0.46,14,6,3000.0,1200.0,1,1,0,0,55,66,SUSPICIOUS,1
4511.69,0.9,0,27,0.1473,15,3,5000.0,2000.0,0,0,0,0,1,6,NORMAL,0
35893.11,4.49,1,0,0.3322,1,1,8000.0,3200.0,0,1,0,0,7,56,SUSPICIOUS,1
10064.87,0.84,0,15,0.041,16,2,12000.0,4800.0,0,0,0,0,14,8,NORMAL,0
1716.17,1.14,0,12,0.2099,14,0,1500.0,600.0,0,0,0,0,15,15,NORMAL,0
23973.41,4.79,0,3,0.2126,2,4,5000.0,2000.0,0,0,1,0,39,16,SUSPICIOUS,1
71988.18,6.0,1,0,0.2291,1,5,12000.0,4800.0,0,0,1,1,7,43,SUSPICIOUS,1
4136.98,0.52,1,0,0.1775,15,2,8000.0,3200.0,0,0,0,0,8,8,NORMAL,0
11165.7,3.72,1,0,0.2358,1,4,3000.0,1200.0,0,0,1,0,10,45,SUSPICIOUS,1
2681.68,0.89,0,35,0.1743,11,0,3000.0,1200.0,0,0,0,0,13,10,NORMAL,0
43047.89,5.38,1,0,1.1024,0,6,8000.0,3200.0,1,1,0,0,80,70,EXTREME,1
57415.29,4.78,0,3,0.3685,1,2,12000.0,4800.0,1,1,0,0,63,51,SUSPICIOUS,1
4750.5,0.59,0,45,0.0799,15,4,8000.0,3200.0,0,0,0,0,7,11,NORMAL,0
1229.62,0.82,0,33,0.0822,21,3,1500.0,600.0,0,0,0,0,2,1,NORMAL,0
8254.34,1.03,0,8,0.042,12,6,8000.0,3200.0,0,0,0,0,10,6,NORMAL,0
54321.74,10.86,1,0,0.8644,6,2,5000.0,2000.0,1,1,1,0,97,80,EXTREME,1
7035.28,4.69,1,0,0.2157,0,3,1500.0,600.0,1,0,1,0,62,15,SUSPICIOUS,1
3026.76,0.25,0,35,0.1526,9,0,12000.0,4800.0,0,0,0,0,4,3,NORMAL,0
892.57,0.6,0,45,0.0467,18,2,1500.0,600.0,0,0,0,0,14,1,NORMAL,0
90171.92,11.27,1,0,0.725,22,3,8000.0,3200.0,1,1,1,0,95,92,EXTREME,1
3993.38,0.8,0,26,0.0463,22,6,5000.0,2000.0,0,0,0,0,0,5,NORMAL,0
7296.08,0.91,0,15,0.1555,18,3,8000.0,3200.0,0,0,0,0,3,4,NORMAL,0
7701.95,0.96,0,26,0.1811,19,4,8000.0,3200.0,0,0,0,0,5,15,NORMAL,0
14617.89,1.22,0,43,0.2097,12,3,12000.0,4800.0,0,0,0,0,10,9,NORMAL,0
8538.26,1.07,0,35,0.1606,14,1,8000.0,3200.0,0,0,0,0,2,2,NORMAL,0
1470.3,0.49,0,4,0.2334,16,1,3000.0,1200.0,0,0,0,0,3,15,NORMAL,0
2110.64,0.42,0,36,0.2036,20,2,5000.0,2000.0,0,0,0,0,11,0,NORMAL,0
4714.23,0.94,1,0,0.2028,16,0,5000.0,2000.0,0,0,0,0,12,6,NORMAL,0
7501.0,0.94,0,20,0.2171,22,0,8000.0,3200.0,0,0,0,0,1,1,NORMAL,0
1668.9,1.11,0,30,0.0958,11,0,1500.0,600.0,0,0,0,0,4,1,NORMAL,0
7544.33,0.94,1,0,0.2231,7,5,8000.0,3200.0,0,0,0,1,10,13,NORMAL,0
2978.97,0.99,0,44,0.1621,22,0,3000.0,1200.0,0,0,0,0,0,14,NORMAL,0
1033.76,0.69,0,17,0.0437,21,6,1500.0,600.0,0,0,0,0,14,4,NORMAL,0
41695.94,5.21,0,2,0.2903,23,6,8000.0,3200.0,1,0,0,0,62,2,SUSPICIOUS,1
6528.4,4.35,0,2,0.5035,1,5,1500.0,600.0,1,1,0,0,59,67,SUSPICIOUS,1
13094.02,1.09,0,9,0.07,9,5,12000.0,4800.0,0,0,0,0,10,4,NORMAL,0
10135.8,0.84,0,5,0.1798,20,4,12000.0,4800.0,0,0,0,1,7,15,NORMAL,0
7801.83,5.2,1,0,0.4609,23,2,1500.0,600.0,1,1,0,0,50,60,SUSPICIOUS,1
6765.44,0.85,0,37,0.2251,14,0,8000.0,3200.0,0,0,0,0,1,9,NORMAL,0
44599.99,5.57,0,3,0.568,1,5,8000.0,3200.0,1,0,1,0,73,7,SUSPICIOUS,1
17227.48,11.48,1,0,0.7997,12,1,1500.0,600.0,1,1,1,0,89,70,EXTREME,1
1803.23,1.2,1,0,0.0533,20,5,1500.0,600.0,0,0,0,0,2,11,NORMAL,0
22563.82,2.82,1,0,0.4863,14,2,8000.0,3200.0,1,0,1,1,62,3,SUSPICIOUS,1
6655.48,4.44,1,0,0.4236,0,1,1500.0,600.0,0,0,0,1,9,6,SUSPICIOUS,1
4092.82,0.82,1,0,0.0749,19,0,5000.0,2000.0,0,0,0,0,2,4,NORMAL,0
2820.57,0.94,1,0,0.057,14,6,3000.0,1200.0,0,0,0,0,6,14,NORMAL,0
6944.58,0.87,1,0,0.0893,12,6,8000.0,3200.0,0,0,0,0,14,11,NORMAL,0
55519.88,6.94,1,0,1.16,23,5,8000.0,3200.0,1,1,0,1,100,79,EXTREME,1
17040.78,1.42,0,25,0.069,22,1,12000.0,4800.0,0,0,0,0,10,8,NORMAL,0
5332.45,0.67,0,21,0.1858,13,1,8000.0,3200.0,0,0,0,0,0,8,NORMAL,0
3466.07,1.16,0,22,0.101,15,6,3000.0,1200.0,0,0,0,0,4,5,NORMAL,0
1009.56,0.67,0,17,0.198,13,1,1500.0,600.0,0,0,0,0,11,10,NORMAL,0
1390.58,0.93,0,14,0.2348,13,0,1500.0,600.0,0,0,0,0,11,13,NORMAL,0
15000.0,5.0,1,0,0.4991,20,5,3000.0,1200.0,1,1,1,1,87,85,EXTREME,1
8942.04,1.12,0,41,0.0514,12,5,8000.0,3200.0,0,0,0,0,3,6,NORMAL,0
4167.26,1.39,0,11,0.056,10,0,3000.0,1200.0,0,0,0,0,3,0,NORMAL,0
1132.24,0.75,0,39,0.1597,14,1,1500.0,600.0,0,0,0,0,1,2,NORMAL,0
9072.05,0.76,1,0,0.1754,20,6,12000.0,4800.0,0,0,1,0,0,5,NORMAL,0
8516.73,0.71,0,38,0.1255,10,4,12000.0,4800.0,0,0,0,0,3,8,NORMAL,0
11415.11,0.95,0,36,0.0921,18,4,12000.0,4800.0,0,0,0,0,0,11,NORMAL,0
5108.9,0.64,0,39,0.1315,8,3,8000.0,3200.0,0,0,0,0,13,15,NORMAL,0
2897.48,0.58,0,19,0.0733,13,5,5000.0,2000.0,0,0,0,0,11,12,NORMAL,0
9183.99,0.77,0,32,0.0461,11,4,12000.0,4800.0,0,0,0,0,1,15,NORMAL,0
1400.55,0.47,0,11,0.2346,15,4,3000.0,1200.0,0,0,0,0,1,2,NORMAL,0
11007.92,0.92,0,15,0.2132,13,5,12000.0,4800.0,0,0,0,0,3,10,NORMAL,0
11423.07,0.95,0,45,0.1502,10,2,12000.0,4800.0,0,0,0,0,1,7,NORMAL,0
4976.25,1.0,0,19,0.1081,20,3,5000.0,2000.0,0,0,0,0,6,5,NORMAL,0
5345.76,1.07,0,30,0.0522,9,0,5000.0,2000.0,0,0,0,0,15,11,NORMAL,0
6176.43,0.77,0,7,0.24,16,2,8000.0,3200.0,0,0,0,0,13,12,NORMAL,0
53630.5,4.47,1,0,0.9549,22,2,12000.0,4800.0,1,1,1,1,95,73,EXTREME,1
1214.36,0.81,1,0,0.2225,12,1,1500.0,600.0,0,0,0,0,6,10,NORMAL,0
6926.81,0.87,1,0,0.2336,17,6,8000.0,3200.0,0,0,0,0,11,5,NORMAL,0
3862.2,0.77,1,0,0.1811,16,1,5000.0,2000.0,0,0,0,0,13,0,NORMAL,0
64094.7,5.34,1,0,0.4631,14,5,12000.0,4800.0,0,1,1,0,17,58,SUSPICIOUS,1
5698.55,0.71,0,10,0.1308,13,6,8000.0,3200.0,0,0,0,0,13,0,NORMAL,0
10770.67,0.9,0,16,0.1762,8,1,12000.0,4800.0,0,0,0,0,13,11,NORMAL,0
6192.06,4.13,1,0,0.375,4,1,1500.0,600.0,0,1,1,0,35,69,SUSPICIOUS,1
1132.64,0.76,0,45,0.2126,13,1,1500.0,600.0,0,0,0,0,9,7,NORMAL,0
10761.3,1.35,0,45,0.1422,16,4,8000.0,3200.0,0,0,0,0,13,7,NORMAL,0
2492.35,0.5,0,18,0.0443,11,3,5000.0,2000.0,0,0,0,0,3,1,NORMAL,0
58688.35,11.74,1,0,0.5217,6,1,5000.0,2000.0,1,1,1,0,86,72,EXTREME,1
8702.26,0.73,0,42,0.2325,22,3,12000.0,4800.0,0,0,0,0,9,13,NORMAL,0
14852.92,2.97,1,0,0.2351,14,3,5000.0,2000.0,0,1,1,0,5,65,SUSPICIOUS,1
572.53,0.38,0,36,0.0593,21,6,1500.0,600.0,0,0,0,0,14,8,NORMAL,0
6695.96,0.56,0,10,0.1373,18,6,12000.0,4800.0,0,0,0,0,3,6,NORMAL,0
37120.4,3.09,1,0,0.5057,19,3,12000.0,4800.0,0,1,1,1,8,78,SUSPICIOUS,1
9072.69,1.13,0,36,0.2075,19,5,8000.0,3200.0,0,0,0,0,6,10,NORMAL,0
16297.01,5.43,1,0,0.3843,4,6,3000.0,1200.0,0,1,0,0,14,56,SUSPICIOUS,1
4722.58,0.39,0,9,0.2239,7,3,12000.0,4800.0,0,0,0,0,2,4,NORMAL,0
13206.81,1.1,0,11,0.192,17,2,12000.0,4800.0,0,0,0,0,8,5,NORMAL,0
10977.09,0.91,0,30,0.1349,7,2,12000.0,4800.0,0,0,0,0,3,8,NORMAL,0
99202.89,8.27,1,0,0.7309,6,3,12000.0,4800.0,1,1,1,1,88,76,EXTREME,1
1276.78,0.85,0,10,0.2269,21,3,1500.0,600.0,0,0,0,0,10,10,NORMAL,0
16213.27,1.35,0,2,0.0994,9,6,12000.0,4800.0,0,0,0,0,0,15,NORMAL,0
4128.36,0.83,0,2,0.0545,19,5,5000.0,2000.0,0,0,0,0,13,12,NORMAL,0
9995.39,0.83,0,13,0.1436,13,3,12000.0,4800.0,0,0,0,0,1,15,NORMAL,0
50449.78,4.2,1,0,0.4134,2,6,12000.0,4800.0,1,1,0,0,71,55,SUSPICIOUS,1
5979.84,0.5,1,0,0.0428,13,3,12000.0,4800.0,0,0,1,0,4,8,NORMAL,0
1312.27,0.87,0,45,0.0715,19,2,1500.0,600.0,0,0,0,0,12,15,NORMAL,0
3218.31,0.64,0,14,0.1927,12,1,5000.0,2000.0,0,0,0,0,10,0,NORMAL,0
6524.52,0.82,0,35,0.2143,16,4,8000.0,3200.0,0,0,0,0,0,11,NORMAL,0
27239.23,5.45,1,0,0.4228,17,4,5000.0,2000.0,1,1,1,0,84,77,EXTREME,1
44236.54,5.53,1,0,0.3185,2,6,8000.0,3200.0,0,0,1,1,6,16,SUSPICIOUS,1
44248.4,5.53,1,0,0.309,2,4,8000.0,3200.0,1,0,0,0,53,18,SUSPICIOUS,1
2407.8,0.48,0,35,0.1843,17,1,5000.0,2000.0,0,0,0,0,14,10,NORMAL,0
15000.0,5.0,1,0,0.5097,10,6,3000.0,1200.0,1,1,0,0,98,91,EXTREME,1
4047.9,0.81,0,13,0.232,11,2,5000.0,2000.0,0,0,0,0,15,1,NORMAL,0
15000.0,10.0,1,0,1.0762,6,3,1500.0,600.0,1,1,1,0,97,70,EXTREME,1
1192.48,0.79,0,28,0.0983,11,4,1500.0,600.0,0,0,0,0,7,11,NORMAL,0
37932.02,3.16,0,1,0.2152,2,5,12000.0,4800.0,1,1,1,1,54,77,SUSPICIOUS,1
43618.07,5.45,1,0,0.3484,19,0,8000.0,3200.0,1,1,1,0,72,56,SUSPICIOUS,1
7640.54,0.96,0,8,0.1187,10,0,8000.0,3200.0,0,0,0,0,4,5,NORMAL,0
3528.72,1.18,0,38,0.1183,9,0,3000.0,1200.0,0,0,0,0,4,7,NORMAL,0
3528.63,1.18,0,9,0.0856,11,5,3000.0,1200.0,0,0,0,0,10,3,NORMAL,0
19606.67,6.54,1,0,0.5377,3,5,3000.0,1200.0,1,1,0,0,88,95,EXTREME,1
7070.35,0.88,0,5,0.185,9,4,8000.0,3200.0,0,0,0,0,10,7,NORMAL,0
5475.28,3.65,1,0,0.4566,2,6,1500.0,600.0,0,1,0,0,17,58,SUSPICIOUS,1
3510.15,0.7,0,43,0.17,16,5,5000.0,2000.0,0,0,0,0,3,14,NORMAL,0
1752.85,1.17,0,17,0.0445,10,4,1500.0,600.0,0,0,0,0,3,3,NORMAL,0
1856.31,0.62,0,29,0.1851,8,0,3000.0,1200.0,0,0,0,1,9,3,NORMAL,0
46970.6,9.39,1,0,1.1216,17,4,5000.0,2000.0,1,1,1,0,84,70,EXTREME,1
7337.55,0.92,0,43,0.1714,7,4,8000.0,3200.0,0,0,0,0,6,5,NORMAL,0
25803.49,5.16,1,0,0.9517,18,1,5000.0,2000.0,1,1,1,0,99,84,EXTREME,1
8039.41,2.68,0,2,0.3515,14,5,3000.0,1200.0,0,0,0,0,19,13,SUSPICIOUS,0
3640.25,1.21,0,41,0.1052,15,5,3000.0,1200.0,0,0,0,0,0,3,NORMAL,0
8221.51,0.69,0,22,0.2075,14,5,12000.0,4800.0,0,0,0,0,5,9,NORMAL,0
1174.59,0.78,0,14,0.0434,20,6,1500.0,600.0,0,0,0,0,15,13,NORMAL,0
15000.0,10.0,1,0,1.1625,4,6,1500.0,600.0,1,1,0,1,84,87,EXTREME,1
1205.92,0.24,1,0,0.1247,9,3,5000.0,2000.0,0,0,0,0,12,8,NORMAL,0
5484.66,1.1,0,43,0.0673,17,6,5000.0,2000.0,0,0,0,1,8,3,NORMAL,0
5274.69,3.52,0,3,0.4439,2,5,1500.0,600.0,0,1,0,0,39,70,SUSPICIOUS,1
5248.79,0.66,0,31,0.1822,22,1,8000.0,3200.0,0,0,0,0,3,5,NORMAL,0
4209.4,0.84,0,16,0.0968,18,1,5000.0,2000.0,0,0,0,1,6,9,NORMAL,0
2385.95,0.8,0,31,0.1461,13,1,3000.0,1200.0,0,0,0,0,3,1,NORMAL,0
15000.0,10.0,1,0,0.9501,1,5,1500.0,600.0,1,1,1,0,91,82,EXTREME,1
1456.78,0.97,0,18,0.0936,17,4,1500.0,600.0,0,0,0,0,11,13,NORMAL,0
3872.75,0.77,1,0,0.2112,15,5,5000.0,2000.0,0,0,0,0,7,11,NORMAL,0
3961.52,0.79,0,44,0.1737,16,6,5000.0,2000.0,0,0,0,0,4,0,NORMAL,0
30815.04,6.16,1,0,0.8821,5,6,5000.0,2000.0,1,1,1,1,96,76,EXTREME,1
5206.03,0.65,0,38,0.2192,16,2,8000.0,3200.0,0,0,0,0,4,5,NORMAL,0
12441.42,1.04,0,23,0.1801,21,6,12000.0,4800.0,0,0,0,0,9,4,NORMAL,0
10886.32,0.91,0,28,0.1957,7,6,12000.0,4800.0,0,0,0,0,8,10,NORMAL,0
12523.97,1.04,0,21,0.2442,19,5,12000.0,4800.0,0,0,0,0,9,2,NORMAL,0
14659.19,1.22,0,34,0.1808,9,0,12000.0,4800.0,0,0,0,0,10,5,NORMAL,0
1699.3,1.13,0,34,0.1641,16,3,1500.0,600.0,0,0,0,0,5,7,NORMAL,0
4513.61,0.56,0,26,0.1175,18,3,8000.0,3200.0,0,0,0,1,7,13,NORMAL,0
4168.58,0.83,0,14,0.0825,8,0,5000.0,2000.0,0,0,0,1,11,12,NORMAL,0
53480.33,10.7,1,0,1.0054,22,3,5000.0,2000.0,1,1,0,1,98,79,EXTREME,1
7696.64,0.96,0,30,0.2495,17,4,8000.0,3200.0,0,0,0,0,4,6,NORMAL,0
7989.71,1.0,0,25,0.1985,21,2,8000.0,3200.0,0,0,0,0,3,12,NORMAL,0
45769.4,5.72,1,0,0.475,23,3,8000.0,3200.0,0,1,0,0,35,55,SUSPICIOUS,1
5573.58,0.7,0,9,0.0577,20,4,8000.0,3200.0,0,0,0,0,13,14,NORMAL,0
132995.53,11.08,1,0,0.5469,18,5,12000.0,4800.0,1,1,1,1,93,74,EXTREME,1
7006.16,0.88,0,13,0.1457,17,0,8000.0,3200.0,0,0,0,0,11,13,NORMAL,0
36757.75,4.59,1,0,0.3789,4,0,8000.0,3200.0,0,1,0,0,48,55,SUSPICIOUS,1
15000.0,10.0,1,0,0.7758,17,3,1500.0,600.0,1,1,0,1,95,82,EXTREME,1
2567.99,0.86,0,23,0.0477,17,4,3000.0,1200.0,0,0,0,0,3,13,NORMAL,0
4252.73,0.85,0,41,0.1914,8,5,5000.0,2000.0,0,0,0,0,12,3,NORMAL,0
22198.92,4.44,0,2,0.2025,23,6,5000.0,2000.0,1,0,1,0,60,41,SUSPICIOUS,1
1518.69,0.51,0,20,0.0674,20,3,3000.0,1200.0,0,0,0,0,5,4,NORMAL,0
1683.83,0.56,1,0,0.087,19,5,3000.0,1200.0,0,0,0,0,10,13,NORMAL,0
6350.78,0.53,1,0,0.2317,8,3,12000.0,4800.0,0,0,0,0,5,15,NORMAL,0
2248.44,0.75,0,30,0.1265,15,3,3000.0,1200.0,0,0,0,0,13,13,NORMAL,0
37604.31,4.7,1,0,0.2112,2,1,8000.0,3200.0,0,0,0,0,43,8,SUSPICIOUS,1
4705.78,0.94,0,23,0.1927,12,2,5000.0,2000.0,0,0,0,0,8,2,NORMAL,0
3242.28,1.08,0,21,0.208,9,0,3000.0,1200.0,0,0,0,0,10,15,NORMAL,0
11418.28,0.95,0,35,0.1739,7,3,12000.0,4800.0,0,0,0,0,0,7,NORMAL,0
2424.62,0.48,0,28,0.2436,7,2,5000.0,2000.0,0,0,0,0,6,7,NORMAL,0
6547.17,4.36,1,0,0.4398,3,4,1500.0,600.0,0,1,0,0,1,65,SUSPICIOUS,1
52995.61,4.42,1,0,0.3667,1,0,12000.0,4800.0,0,1,0,0,47,74,SUSPICIOUS,1
4484.93,0.9,0,15,0.1566,7,2,5000.0,2000.0,0,0,0,0,1,9,NORMAL,0
5435.85,0.68,1,0,0.1252,10,1,8000.0,3200.0,0,0,0,0,0,12,NORMAL,0
5690.44,1.14,0,28,0.0585,7,2,5000.0,2000.0,0,0,0,0,0,0,NORMAL,0
2905.44,0.58,0,45,0.1624,22,2,5000.0,2000.0,0,0,0,0,8,1,NORMAL,0
12767.8,4.26,1,0,0.2862,2,3,3000.0,1200.0,0,1,0,0,49,58,SUSPICIOUS,1
4670.73,0.93,0,36,0.2301,7,2,5000.0,2000.0,0,0,0,0,14,6,NORMAL,0
5270.4,0.44,0,22,0.0678,9,6,12000.0,4800.0,0,0,0,0,8,11,NORMAL,0
6279.3,0.52,0,20,0.1172,19,3,12000.0,4800.0,0,0,0,0,7,13,NORMAL,0
24404.85,8.13,1,0,0.467,6,6,3000.0,1200.0,1,1,0,1,94,89,EXTREME,1
8860.5,5.91,1,0,0.5017,3,6,1500.0,600.0,1,1,1,0,57,80,SUSPICIOUS,1
4538.58,0.91,0,42,0.229,10,2,5000.0,2000.0,0,0,0,0,1,7,NORMAL,0
41828.06,5.23,1,0,0.5418,23,2,8000.0,3200.0,1,1,1,1,92,75,EXTREME,1
3911.68,1.3,0,30,0.0586,12,0,3000.0,1200.0,0,0,0,0,10,15,NORMAL,0
50.0,0.03,0,36,0.1292,19,4,1500.0,600.0,0,0,0,0,5,14,NORMAL,0
11051.36,0.92,0,11,0.2464,18,3,12000.0,4800.0,0,0,0,0,9,10,NORMAL,0
1161.71,0.77,0,5,0.1388,8,3,1500.0,600.0,0,0,0,0,0,0,NORMAL,0
34603.63,4.33,1,0,0.8592,14,2,8000.0,3200.0,1,1,0,1,88,77,EXTREME,1
14962.2,1.25,0,19,0.1164,22,0,12000.0,4800.0,0,0,0,0,13,3,NORMAL,0
7145.68,0.89,0,26,0.044,9,0,8000.0,3200.0,0,0,0,0,2,7,NORMAL,0
9494.33,3.16,1,0,0.3596,2,3,3000.0,1200.0,1,0,0,0,63,42,SUSPICIOUS,1
4788.06,3.19,1,0,0.4898,4,1,1500.0,600.0,0,1,1,0,44,79,SUSPICIOUS,1
1449.76,0.97,0,20,0.2275,17,6,1500.0,600.0,0,0,0,0,3,2,NORMAL,0
10574.9,0.88,0,39,0.0736,9,2,12000.0,4800.0,0,0,0,0,7,12,NORMAL,0
4381.7,0.55,0,45,0.2449,19,3,8000.0,3200.0,0,0,0,0,15,13,NORMAL,0
13965.29,4.66,1,0,0.2105,19,1,3000.0,1200.0,1,0,0,0,50,14,SUSPICIOUS,1
3670.05,0.46,0,19,0.0888,17,0,8000.0,3200.0,0,0,0,0,5,11,NORMAL,0
55987.93,11.2,1,0,1.0052,11,2,5000.0,2000.0,1,1,1,0,85,87,EXTREME,1
8397.34,0.7,0,42,0.0933,10,0,12000.0,4800.0,0,0,0,0,8,7,NORMAL,0
3914.54,0.78,0,31,0.2168,15,5,5000.0,2000.0,0,0,0,0,7,0,NORMAL,0
84637.49,10.58,1,0,1.1283,0,6,8000.0,3200.0,1,1,0,0,94,81,EXTREME,1
11269.89,0.94,0,39,0.156,18,6,12000.0,4800.0,0,0,0,0,12,14,NORMAL,0
1342.61,0.9,0,18,0.0781,8,4,1500.0,600.0,0,0,0,0,7,13,NORMAL,0
66854.63,5.57,1,0,0.5704,3,5,12000.0,4800.0,0,0,0,0,16,0,SUSPICIOUS,1
4887.73,0.61,0,30,0.2059,9,5,8000.0,3200.0,0,0,0,0,12,15,NORMAL,0
73723.13,9.22,1,0,1.0427,17,0,8000.0,3200.0,1,1,0,0,91,90,EXTREME,1
4106.01,0.82,0,10,0.163,18,4,5000.0,2000.0,0,0,0,0,5,8,NORMAL,0
831.34,0.55,0,18,0.1085,12,0,1500.0,600.0,0,0,0,0,6,3,NORMAL,0
67330.34,5.61,1,0,0.4082,4,6,12000.0,4800.0,1,0,0,0,70,2,SUSPICIOUS,1
697.02,0.46,0,44,0.1448,21,6,1500.0,600.0,0,0,1,0,9,3,NORMAL,0
3015.09,1.01,0,28,0.2299,15,3,3000.0,1200.0,0,0,0,0,6,1,NORMAL,0
66741.4,8.34,1,0,0.7316,7,2,8000.0,3200.0,1,1,1,1,95,87,EXTREME,1
2668.01,0.89,0,3,0.086,11,6,3000.0,1200.0,0,0,0,0,3,3,NORMAL,0
5470.63,1.09,0,29,0.0572,15,3,5000.0,2000.0,0,0,0,0,9,8,NORMAL,0
22653.04,4.53,1,0,0.8755,16,1,5000.0,2000.0,1,1,0,0,85,85,EXTREME,1
7162.58,0.6,0,5,0.1473,14,3,12000.0,4800.0,0,0,0,0,3,0,NORMAL,0
2148.73,0.72,0,40,0.147,15,3,3000.0,1200.0,0,0,0,0,7,4,NORMAL,0
8853.41,2.95,1,0,0.5639,19,2,3000.0,1200.0,0,0,1,0,3,48,SUSPICIOUS,0
6533.44,0.82,0,34,0.1173,10,2,8000.0,3200.0,0,0,0,0,14,14,NORMAL,0
2704.11,0.9,0,22,0.1692,13,4,3000.0,1200.0,0,0,0,0,1,12,NORMAL,0
7028.62,0.88,0,27,0.2249,10,0,8000.0,3200.0,0,0,0,0,2,5,NORMAL,0
4252.25,0.85,0,45,0.0964,11,3,5000.0,2000.0,0,0,0,0,1,7,NORMAL,0
11085.59,0.92,0,31,0.0992,13,2,12000.0,4800.0,0,0,0,0,9,1,NORMAL,0
11384.64,0.95,0,37,0.1009,7,2,12000.0,4800.0,0,0,0,0,11,8,NORMAL,0
30881.75,3.86,1,0,0.3356,19,2,8000.0,3200.0,1,1,0,0,68,75,SUSPICIOUS,1
3722.34,0.74,0,15,0.1985,11,5,5000.0,2000.0,0,0,0,0,9,2,NORMAL,0
2144.72,0.71,0,14,0.1426,13,6,3000.0,1200.0,0,0,0,0,5,12,NORMAL,0
7684.12,0.64,1,0,0.1735,16,2,12000.0,4800.0,0,0,1,0,1,4,NORMAL,0
26541.8,3.32,1,0,0.2437,2,0,8000.0,3200.0,1,1,0,0,67,56,SUSPICIOUS,1
25526.43,8.51,1,0,0.7466,5,0,3000.0,1200.0,1,1,0,0,90,74,EXTREME,1
3936.85,2.62,1,0,0.3507,4,3,1500.0,600.0,0,0,0,0,11,44,SUSPICIOUS,0
3574.84,0.71,0,18,0.101,21,3,5000.0,2000.0,0,0,0,0,4,4,NORMAL,0
5889.32,0.74,0,24,0.0947,20,5,8000.0,3200.0,0,0,0,0,13,15,NORMAL,0
1142.3,0.76,0,6,0.2133,18,5,1500.0,600.0,0,0,0,0,11,15,NORMAL,0
13274.32,1.11,0,10,0.2465,21,4,12000.0,4800.0,0,0,0,0,8,6,NORMAL,0
9137.16,1.14,0,6,0.217,18,6,8000.0,3200.0,0,0,0,0,12,3,NORMAL,0
4586.26,0.57,0,36,0.057,22,6,8000.0,3200.0,0,0,0,0,10,2,NORMAL,0
1775.44,1.18,0,29,0.0692,13,3,1500.0,600.0,0,0,0,0,8,1,NORMAL,0
8907.01,0.74,0,7,0.1124,19,6,12000.0,4800.0,0,0,1,0,5,3,NORMAL,0
5106.38,3.4,1,0,0.5138,4,0,1500.0,600.0,1,0,1,0,56,16,SUSPICIOUS,0
16962.6,5.65,0,3,0.5734,1,2,3000.0,1200.0,0,0,1,0,48,43,SUSPICIOUS,1
3951.74,0.79,0,32,0.2072,13,3,5000.0,2000.0,0,0,0,0,13,4,NORMAL,0
3214.77,0.64,0,7,0.244,19,5,5000.0,2000.0,0,0,0,0,0,11,NORMAL,0
3064.24,1.02,0,10,0.1246,12,1,3000.0,1200.0,0,0,0,0,12,4,NORMAL,0
3065.08,1.02,0,8,0.0928,22,3,3000.0,1200.0,0,0,0,0,7,0,NORMAL,0
47989.2,6.0,0,1,0.2324,0,1,8000.0,3200.0,1,0,1,0,60,17,SUSPICIOUS,1
1034.32,0.69,0,24,0.2345,12,5,1500.0,600.0,0,0,0,0,13,7,NORMAL,0
6195.13,1.24,0,35,0.2209,11,2,5000.0,2000.0,0,0,0,0,10,3,NORMAL,0
7549.83,5.03,1,0,0.2482,19,1,1500.0,600.0,0,1,0,1,43,50,SUSPICIOUS,1
14887.9,4.96,0,2,0.3225,3,4,3000.0,1200.0,1,0,0,1,58,9,SUSPICIOUS,1
4558.41,0.91,0,33,0.1078,13,1,5000.0,2000.0,0,0,0,0,9,3,NORMAL,0
6592.55,0.55,1,0,0.1401,12,5,12000.0,4800.0,0,0,0,0,9,3,NORMAL,0
87357.09,10.92,1,0,0.7776,17,3,8000.0,3200.0,1,1,1,0,96,88,EXTREME,1
3674.46,1.22,0,2,0.0401,17,6,3000.0,1200.0,0,0,0,0,9,10,NORMAL,0
87138.57,10.89,1,0,0.5842,6,3,8000.0,3200.0,1,1,0,0,86,75,EXTREME,1
8989.51,0.75,0,14,0.1347,15,2,12000.0,4800.0,0,0,0,0,8,15,NORMAL,0
21064.05,7.02,1,0,0.8733,2,2,3000.0,1200.0,1,1,0,0,100,90,EXTREME,1
3166.53,1.06,0,4,0.0526,10,6,3000.0,1200.0,0,0,0,0,4,11,NORMAL,0
2310.07,0.77,0,5,0.0682,22,0,3000.0,1200.0,0,0,0,0,11,7,NORMAL,0
14372.5,1.2,0,29,0.1793,8,0,12000.0,4800.0,0,0,0,0,6,15,NORMAL,0
67630.69,8.45,1,0,0.5042,7,3,8000.0,3200.0,1,1,1,1,92,89,EXTREME,1
1057.21,0.7,0,38,0.1723,14,0,1500.0,600.0,0,0,0,0,0,9,NORMAL,0
41969.54,3.5,1,0,0.2152,23,6,12000.0,4800.0,1,0,0,1,72,40,SUSPICIOUS,1
4419.61,0.88,0,12,0.1369,7,3,5000.0,2000.0,0,0,0,0,2,0,NORMAL,0
10337.88,0.86,1,0,0.2093,18,1,12000.0,4800.0,0,0,0,0,14,4,NORMAL,0
6314.83,0.79,0,18,0.0413,16,3,8000.0,3200.0,0,0,0,0,14,11,NORMAL,0
825.3,0.55,0,20,0.1077,9,3,1500.0,600.0,0,0,0,0,9,6,NORMAL,0
11543.09,0.96,0,35,0.1523,19,6,12000.0,4800.0,0,0,1,0,14,0,NORMAL,0
1222.4,0.81,0,37,0.1551,11,6,1500.0,600.0,0,0,0,0,15,11,NORMAL,0
9193.45,0.77,0,13,0.1731,13,0,12000.0,4800.0,0,0,0,0,14,10,NORMAL,0
9303.89,1.16,0,28,0.2136,10,3,8000.0,3200.0,0,0,0,0,10,8,NORMAL,0
1618.43,1.08,1,0,0.2179,13,1,1500.0,600.0,0,0,0,0,5,0,NORMAL,0
1223.84,0.82,0,29,0.1425,14,3,1500.0,600.0,0,0,0,0,2,9,NORMAL,0
15000.0,10.0,1,0,0.8025,21,5,1500.0,600.0,1,1,1,0,85,89,EXTREME,1
7865.07,0.66,0,13,0.1315,11,6,12000.0,4800.0,0,0,0,0,1,7,NORMAL,0
2717.88,0.91,0,29,0.1062,9,5,3000.0,1200.0,0,0,0,0,14,14,NORMAL,0
1915.32,0.64,0,35,0.0814,14,3,3000.0,1200.0,0,0,0,0,3,4,NORMAL,0
2517.9,0.84,0,22,0.0691,8,0,3000.0,1200.0,0,0,0,0,2,2,NORMAL,0
3404.09,1.13,0,17,0.2326,22,1,3000.0,1200.0,0,0,0,0,1,2,NORMAL,0
3375.21,1.13,0,14,0.1967,20,2,3000.0,1200.0,0,0,0,0,4,3,NORMAL,0
6224.83,1.24,0,5,0.1923,8,0,5000.0,2000.0,0,0,0,0,2,2,NORMAL,0
1598.29,1.07,0,3,0.1472,18,5,1500.0,600.0,0,0,0,0,3,2,NORMAL,0
4638.27,0.93,1,0,0.187,10,1,5000.0,2000.0,0,0,0,0,5,10,NORMAL,0
17006.44,5.67,1,0,0.506,23,0,3000.0,1200.0,0,0,1,1,5,42,SUSPICIOUS,1
8108.78,1.01,0,2,0.1322,10,2,8000.0,3200.0,0,0,0,0,7,15,NORMAL,0
11069.73,0.92,1,0,0.0979,10,2,12000.0,4800.0,0,0,0,0,3,8,NORMAL,0
7885.22,5.26,1,0,0.3638,0,4,1500.0,600.0,0,0,0,1,49,9,SUSPICIOUS,1
32747.76,2.73,1,0,0.3343,3,3,12000.0,4800.0,0,0,0,0,9,15,SUSPICIOUS,1
1777.79,0.59,0,45,0.0805,16,3,3000.0,1200.0,0,0,0,0,10,0,NORMAL,0
129657.99,10.8,1,0,1.115,17,1,12000.0,4800.0,1,1,1,0,91,93,EXTREME,1
46041.44,5.76,1,0,0.214,23,4,8000.0,3200.0,0,0,0,0,16,46,SUSPICIOUS,1
7253.86,0.91,1,0,0.2462,21,6,8000.0,3200.0,0,0,0,0,14,11,NORMAL,0
3362.14,0.42,0,31,0.055,19,0,8000.0,3200.0,0,0,0,0,1,9,NORMAL,0
3335.22,1.11,1,0,0.0834,18,1,3000.0,1200.0,0,0,0,0,12,4,NORMAL,0
7696.88,0.64,0,31,0.1526,7,5,12000.0,4800.0,0,0,0,0,14,12,NORMAL,0
36938.26,4.62,1,0,0.4083,3,2,8000.0,3200.0,0,1,1,0,10,68,SUSPICIOUS,1
31965.91,6.39,1,0,0.6445,18,2,5000.0,2000.0,1,1,0,1,88,83,EXTREME,1
24887.45,3.11,0,3,0.5575,1,4,8000.0,3200.0,0,1,0,0,16,54,SUSPICIOUS,1
57083.67,4.76,0,2,0.5664,2,4,12000.0,4800.0,0,1,0,0,19,69,SUSPICIOUS,1
1187.03,0.79,0,36,0.1697,20,0,1500.0,600.0,0,0,0,0,12,0,NORMAL,0
1521.34,1.01,0,45,0.1714,21,0,1500.0,600.0,0,0,0,0,15,14,NORMAL,0
63903.18,5.33,1,0,1.0831,1,4,12000.0,4800.0,1,1,1,0,81,94,EXTREME,1
22198.83,4.44,1,0,0.5165,0,6,5000.0,2000.0,0,0,0,0,46,0,SUSPICIOUS,1
39734.08,4.97,1,0,0.2015,0,3,8000.0,3200.0,0,0,0,0,36,5,SUSPICIOUS,1
2008.24,0.67,0,35,0.2013,21,1,3000.0,1200.0,0,0,1,0,14,8,NORMAL,0
3301.88,0.66,0,39,0.0456,15,6,5000.0,2000.0,0,0,0,0,3,13,NORMAL,0
1225.28,0.82,0,10,0.0801,22,4,1500.0,600.0,0,0,1,0,14,7,NORMAL,0
6433.48,1.29,0,14,0.1996,10,5,5000.0,2000.0,0,0,0,0,5,10,NORMAL,0
2680.44,0.34,0,3,0.0943,18,5,8000.0,3200.0,0,0,0,0,10,1,NORMAL,0
1842.93,0.23,0,20,0.189,22,0,8000.0,3200.0,0,0,0,0,11,12,NORMAL,0
2713.01,0.34,1,0,0.2429,7,0,8000.0,3200.0,0,0,0,0,15,8,NORMAL,0
36256.45,3.02,1,0,0.5306,1,1,12000.0,4800.0,0,0,0,0,41,4,SUSPICIOUS,1
8535.61,1.07,0,38,0.1166,22,2,8000.0,3200.0,0,0,0,0,14,3,NORMAL,0
62980.37,5.25,1,0,0.347,0,3,12000.0,4800.0,0,1,0,0,14,61,SUSPICIOUS,1
40960.65,3.41,1,0,0.5406,3,0,12000.0,4800.0,0,1,0,0,3,80,SUSPICIOUS,1
10882.22,0.91,0,16,0.1093,21,0,12000.0,4800.0,0,0,0,0,1,6,NORMAL,0
941.31,0.63,0,28,0.1157,9,4,1500.0,600.0,0,0,0,0,7,14,NORMAL,0
36332.59,4.54,1,0,0.962,2,1,8000.0,3200.0,1,1,0,0,91,80,EXTREME,1
3049.03,0.61,0,38,0.0811,10,6,5000.0,2000.0,0,0,0,0,15,5,NORMAL,0
5971.11,1.19,0,37,0.2409,15,5,5000.0,2000.0,0,0,0,0,8,9,NORMAL,0
51921.26,4.33,1,0,0.5403,1,0,12000.0,4800.0,1,1,0,0,63,60,SUSPICIOUS,1
19522.73,6.51,1,0,0.8655,6,6,3000.0,1200.0,1,1,0,0,96,72,EXTREME,1
3122.11,1.04,0,2,0.1382,13,4,3000.0,1200.0,0,0,0,0,12,10,NORMAL,0
1015.2,0.68,0,10,0.2425,12,4,1500.0,600.0,0,0,0,0,14,4,NORMAL,0
58078.76,7.26,1,0,1.1625,21,1,8000.0,3200.0,1,1,1,0,89,87,EXTREME,1
4252.51,0.53,1,0,0.0866,7,5,8000.0,3200.0,0,0,0,0,13,4,NORMAL,0
8548.37,5.7,0,1,0.418,2,6,1500.0,600.0,0,1,1,1,43,69,SUSPICIOUS,1
15526.24,1.29,0,29,0.2168,20,2,12000.0,4800.0,0,0,0,0,13,11,NORMAL,0
2780.8,0.93,0,39,0.0576,8,1,3000.0,1200.0,0,0,0,0,14,8,NORMAL,0
28383.19,3.55,1,0,0.5904,2,6,8000.0,3200.0,0,1,0,0,45,75,SUSPICIOUS,1
13808.52,2.76,1,0,0.5316,2,0,5000.0,2000.0,0,0,1,0,2,19,SUSPICIOUS,1
2115.55,0.71,0,5,0.0755,12,4,3000.0,1200.0,0,0,0,0,14,13,NORMAL,0
1832.77,1.22,0,7,0.2017,9,1,1500.0,600.0,0,0,0,0,11,0,NORMAL,0
11771.38,3.92,1,0,0.5432,4,6,3000.0,1200.0,0,1,1,0,19,75,SUSPICIOUS,1
31855.0,6.37,1,0,0.55,9,2,5000.0,2000.0,1,1,0,0,94,73,EXTREME,1
2784.13,0.56,0,25,0.097,20,4,5000.0,2000.0,0,0,0,0,8,15,NORMAL,0
6176.03,0.77,1,0,0.0545,12,4,8000.0,3200.0,0,0,0,0,2,15,NORMAL,0
6419.85,0.8,0,39,0.2443,16,2,8000.0,3200.0,0,0,0,0,9,5,NORMAL,0
12456.39,1.04,0,13,0.0971,8,0,12000.0,4800.0,0,0,0,0,9,5,NORMAL,0
1999.03,0.4,0,19,0.2482,22,0,5000.0,2000.0,0,0,1,0,5,1,NORMAL,0
1130.01,0.75,0,4,0.1527,19,6,1500.0,600.0,0,0,0,0,5,8,NORMAL,0
49907.55,4.16,1,0,0.4774,23,1,12000.0,4800.0,1,1,1,1,74,74,SUSPICIOUS,1
9667.25,1.21,0,23,0.1675,8,2,8000.0,3200.0,0,0,0,0,9,3,NORMAL,0
4489.31,0.9,0,19,0.1277,16,5,5000.0,2000.0,0,0,0,0,3,2,NORMAL,0
3445.66,1.15,0,27,0.1349,7,3,3000.0,1200.0,0,0,0,0,3,13,NORMAL,0
5876.38,1.18,0,34,0.0553,19,1,5000.0,2000.0,0,0,0,0,15,0,NORMAL,0
1460.91,0.97,0,4,0.1578,11,3,1500.0,600.0,0,0,0,0,2,12,NORMAL,0
5055.49,1.01,0,41,0.1465,17,4,5000.0,2000.0,0,0,0,0,0,3,NORMAL,0
3503.27,0.7,1,0,0.2465,9,3,5000.0,2000.0,0,0,1,0,11,11,NORMAL,0
2632.81,0.88,0,37,0.0642,9,1,3000.0,1200.0,0,0,1,0,15,15,NORMAL,0
16695.31,3.34,0,3,0.398,2,5,5000.0,2000.0,1,0,0,0,72,47,SUSPICIOUS,1
12545.17,1.05,0,7,0.1777,22,2,12000.0,4800.0,0,0,0,0,1,1,NORMAL,0
3178.91,1.06,0,36,0.2294,15,1,3000.0,1200.0,0,0,0,0,5,7,NORMAL,0
10854.33,3.62,1,0,0.2554,4,2,3000.0,1200.0,0,0,0,1,9,5,SUSPICIOUS,1
28023.67,3.5,1,0,0.4006,3,5,8000.0,3200.0,1,0,0,1,54,5,SUSPICIOUS,1
2631.01,0.88,0,11,0.1783,17,3,3000.0,1200.0,0,0,0,0,3,15,NORMAL,0
41106.81,8.22,1,0,0.6442,8,5,5000.0,2000.0,1,1,1,0,82,84,EXTREME,1
5788.59,0.48,0,7,0.1935,9,5,12000.0,4800.0,0,0,0,0,4,9,NORMAL,0
2013.89,0.67,0,12,0.1659,14,2,3000.0,1200.0,0,0,0,0,15,11,NORMAL,0
15583.57,1.3,0,3,0.1998,14,4,12000.0,4800.0,0,0,0,0,15,8,NORMAL,0
8061.86,5.37,1,0,0.4444,14,3,1500.0,600.0,1,0,0,0,58,8,SUSPICIOUS,1
11974.97,1.0,0,19,0.194,11,6,12000.0,4800.0,0,0,0,0,14,7,NORMAL,0
3177.16,1.06,0,16,0.0829,15,4,3000.0,1200.0,0,0,0,0,6,6,NORMAL,0
6726.79,0.84,0,16,0.1434,17,0,8000.0,3200.0,0,0,0,0,7,6,NORMAL,0
4539.91,0.57,0,9,0.0705,20,2,8000.0,3200.0,0,0,0,0,11,12,NORMAL,0
45491.04,5.69,0,1,0.3417,1,6,8000.0,3200.0,0,0,0,1,2,45,SUSPICIOUS,1
15787.28,5.26,1,0,0.3464,2,6,3000.0,1200.0,0,0,1,0,11,47,SUSPICIOUS,1
4070.94,0.81,0,5,0.1885,14,5,5000.0,2000.0,0,0,0,0,8,2,NORMAL,0
16128.72,5.38,1,0,0.5739,2,1,3000.0,1200.0,1,1,0,0,64,74,SUSPICIOUS,1
7138.58,0.89,0,4,0.242,19,4,8000.0,3200.0,0,0,0,1,12,13,NORMAL,0
6191.31,0.77,1,0,0.1707,20,6,8000.0,3200.0,0,0,0,0,9,13,NORMAL,0
9261.21,0.77,0,30,0.1057,20,4,12000.0,4800.0,0,0,0,0,3,5,NORMAL,0
10570.59,0.88,0,7,0.0581,7,1,12000.0,4800.0,0,0,0,0,9,6,NORMAL,0
8031.53,5.35,1,0,0.5735,23,1,1500.0,600.0,1,0,0,1,59,16,SUSPICIOUS,1
2387.45,0.8,1,0,0.2344,14,5,3000.0,1200.0,0,0,0,0,0,12,NORMAL,0
2756.75,0.92,0,40,0.1851,19,6,3000.0,1200.0,0,0,0,0,2,3,NORMAL,0
55361.62,11.07,1,0,1.0116,2,2,5000.0,2000.0,1,1,1,0,82,93,EXTREME,1
28676.5,5.74,0,3,0.55,3,4,5000.0,2000.0,1,0,0,1,58,19,SUSPICIOUS,1
30789.45,2.57,1,0,0.2014,19,0,12000.0,4800.0,0,0,0,0,45,40,SUSPICIOUS,0
4957.67,0.99,0,44,0.0799,9,1,5000.0,2000.0,0,0,0,0,8,14,NORMAL,0
1023.37,0.68,0,15,0.1581,14,0,1500.0,600.0,0,0,0,0,5,0,NORMAL,0
2880.2,0.58,0,11,0.09,20,0,5000.0,2000.0,0,0,0,1,13,1,NORMAL,0
9532.28,0.79,0,11,0.1967,13,5,12000.0,4800.0,0,0,0,0,5,2,NORMAL,0
644.26,0.43,1,0,0.243,10,0,1500.0,600.0,0,0,0,0,13,1,NORMAL,0
10619.46,0.88,0,32,0.182,16,5,12000.0,4800.0,0,0,0,0,4,1,NORMAL,0
7277.0,0.91,0,27,0.2172,20,5,8000.0,3200.0,0,0,0,0,7,3,NORMAL,0
2544.15,0.51,0,6,0.1653,15,1,5000.0,2000.0,0,0,0,0,4,6,NORMAL,0
9226.55,3.08,1,0,0.5555,19,6,3000.0,1200.0,0,0,0,0,20,0,SUSPICIOUS,1
2510.64,0.84,0,31,0.2311,18,0,3000.0,1200.0,0,0,0,0,8,9,NORMAL,0
8077.14,0.67,0,33,0.2361,16,5,12000.0,4800.0,0,0,1,0,6,13,NORMAL,0
7890.78,0.99,1,0,0.1901,22,5,8000.0,3200.0,0,0,0,0,12,7,NORMAL,0
2396.09,0.8,0,11,0.2166,17,3,3000.0,1200.0,0,0,0,0,11,8,NORMAL,0
9516.29,0.79,0,4,0.0615,13,6,12000.0,4800.0,0,0,0,0,3,0,NORMAL,0
5993.41,0.75,0,10,0.0764,13,1,8000.0,3200.0,0,0,0,0,10,13,NORMAL,0
14394.0,4.8,1,0,0.3167,2,1,3000.0,1200.0,0,1,0,0,39,56,SUSPICIOUS,1
3354.64,1.12,0,2,0.1163,19,6,3000.0,1200.0,0,0,0,1,10,14,NORMAL,0
7517.84,0.94,0,42,0.0718,10,3,8000.0,3200.0,0,0,0,0,8,7,NORMAL,0
7080.62,0.59,0,41,0.1527,13,5,12000.0,4800.0,0,0,0,0,0,7,NORMAL,0
7347.32,0.92,0,29,0.2388,7,6,8000.0,3200.0,0,0,0,0,4,12,NORMAL,0
9933.71,1.24,0,37,0.1126,10,3,8000.0,3200.0,0,0,0,0,13,13,NORMAL,0
90949.35,11.37,1,0,1.188,10,6,8000.0,3200.0,1,1,1,1,98,84,EXTREME,1
9521.57,1.19,0,29,0.1172,8,1,8000.0,3200.0,0,0,0,0,5,15,NORMAL,0
3149.6,0.63,0,19,0.2486,12,2,5000.0,2000.0,0,0,0,0,9,10,NORMAL,0
3516.44,0.7,0,44,0.1573,12,0,5000.0,2000.0,0,0,0,0,1,3,NORMAL,0
3420.3,0.29,0,12,0.2438,9,1,12000.0,4800.0,0,0,0,0,15,4,NORMAL,0
1293.07,0.86,0,28,0.197,14,2,1500.0,600.0,0,0,0,0,5,2,NORMAL,0
4347.46,0.87,0,32,0.0682,22,3,5000.0,2000.0,0,0,0,0,6,1,NORMAL,0
1379.3,0.92,0,19,0.0801,8,6,1500.0,600.0,0,0,0,1,15,14,NORMAL,0
7092.89,4.73,1,0,0.2356,23,1,1500.0,600.0,1,0,0,0,67,43,SUSPICIOUS,1
2217.63,0.44,0,29,0.2151,22,0,5000.0,2000.0,0,0,0,0,3,1,NORMAL,0
83161.93,6.93,1,0,0.6206,17,0,12000.0,4800.0,1,1,1,0,93,82,EXTREME,1
2530.93,0.51,0,29,0.0694,8,5,5000.0,2000.0,0,0,0,0,13,10,NORMAL,0
1849.51,0.62,0,22,0.2227,15,3,3000.0,1200.0,0,0,1,0,6,15,NORMAL,0
7876.41,5.25,1,0,0.2578,19,3,1500.0,600.0,0,0,0,1,16,43,SUSPICIOUS,1
80745.52,6.73,1,0,1.1298,1,3,12000.0,4800.0,1,1,1,1,100,89,EXTREME,1
10873.74,1.36,0,44,0.0835,10,1,8000.0,3200.0,0,0,0,0,6,10,NORMAL,0
2383.66,0.79,0,43,0.085,8,3,3000.0,1200.0,0,0,0,0,4,0,NORMAL,0
1330.64,0.89,0,4,0.1723,8,3,1500.0,600.0,0,0,0,0,7,15,NORMAL,0
9197.73,0.77,1,0,0.059,21,3,12000.0,4800.0,0,0,0,1,0,14,NORMAL,0
38031.91,4.75,1,0,0.3347,3,5,8000.0,3200.0,1,1,0,0,72,52,SUSPICIOUS,1
32835.86,2.74,1,0,0.2342,0,1,12000.0,4800.0,0,0,0,0,14,17,SUSPICIOUS,1
3981.72,0.8,0,23,0.1335,16,6,5000.0,2000.0,0,0,0,0,3,8,NORMAL,0
515.64,0.34,0,41,0.048,19,0,1500.0,600.0,0,0,0,1,7,13,NORMAL,0
661.04,0.44,0,26,0.2242,9,3,1500.0,600.0,0,0,0,0,6,3,NORMAL,0
3111.62,1.04,0,14,0.1012,12,4,3000.0,1200.0,0,0,0,0,0,8,NORMAL,0
7049.55,0.88,0,19,0.211,10,3,8000.0,3200.0,0,0,0,0,9,8,NORMAL,0
55027.7,11.01,1,0,0.9084,13,4,5000.0,2000.0,1,1,0,0,83,80,EXTREME,1
4037.14,0.81,0,21,0.1768,7,5,5000.0,2000.0,0,0,0,0,15,8,NORMAL,0
10698.42,0.89,0,3,0.129,10,1,12000.0,4800.0,0,0,0,0,11,14,NORMAL,0
1687.69,0.56,0,35,0.1916,11,2,3000.0,1200.0,0,0,0,0,14,2,NORMAL,0
5089.03,0.64,0,40,0.1224,17,0,8000.0,3200.0,0,0,0,0,0,0,NORMAL,0
9379.12,0.78,0,41,0.1336,20,2,12000.0,4800.0,0,0,0,0,14,0,NORMAL,0
4413.25,0.55,0,7,0.1247,19,0,8000.0,3200.0,0,0,0,0,4,9,NORMAL,0
3133.66,0.39,0,24,0.0535,18,0,8000.0,3200.0,0,0,0,0,13,4,NORMAL,0
2415.99,0.81,0,8,0.2052,15,1,3000.0,1200.0,0,0,0,0,4,9,NORMAL,0
8305.78,1.04,0,9,0.0842,9,4,8000.0,3200.0,0,0,0,0,8,0,NORMAL,0
7252.48,0.91,0,23,0.184,8,6,8000.0,3200.0,0,0,0,0,1,4,NORMAL,0
3388.45,1.13,0,30,0.0614,10,0,3000.0,1200.0,0,0,0,0,4,3,NORMAL,0
2084.38,0.42,0,34,0.1012,13,3,5000.0,2000.0,0,0,0,0,5,12,NORMAL,0
15000.0,5.0,1,0,0.5773,22,2,3000.0,1200.0,1,1,1,0,98,78,EXTREME,1
7527.92,5.02,1,0,0.335,2,0,1500.0,600.0,0,1,1,1,7,61,SUSPICIOUS,1
9020.4,0.75,0,6,0.1053,12,6,12000.0,4800.0,0,0,0,0,7,2,NORMAL,0
3678.76,0.74,0,39,0.1852,7,2,5000.0,2000.0,0,0,0,0,7,2,NORMAL,0
7681.66,2.56,1,0,0.3257,3,4,3000.0,1200.0,1,1,0,0,54,50,SUSPICIOUS,0
746.91,0.5,0,40,0.1796,13,4,1500.0,600.0,0,0,0,1,14,8,NORMAL,0
5003.63,1.0,0,7,0.0952,21,3,5000.0,2000.0,0,0,0,1,8,5,NORMAL,0
1055.1,0.7,0,5,0.215,10,4,1500.0,600.0,0,0,0,0,15,1,NORMAL,0
8225.36,0.69,0,36,0.0814,11,6,12000.0,4800.0,0,0,0,0,8,1,NORMAL,0
137373.11,11.45,1,0,0.4702,13,4,12000.0,4800.0,1,1,1,1,81,84,EXTREME,1
6834.36,0.57,0,38,0.1374,18,5,12000.0,4800.0,0,0,0,0,1,14,NORMAL,0
14758.01,1.23,0,3,0.1305,18,5,12000.0,4800.0,0,0,0,0,1,10,NORMAL,0
2637.5,0.88,0,3,0.0505,11,3,3000.0,1200.0,0,0,0,0,15,2,NORMAL,0
10339.83,1.29,0,16,0.1818,17,2,8000.0,3200.0,0,0,0,0,6,2,NORMAL,0
22631.62,2.83,1,0,0.3629,1,2,8000.0,3200.0,0,0,0,0,5,3,SUSPICIOUS,1
8041.24,2.68,1,0,0.318,4,4,3000.0,1200.0,1,1,0,0,72,75,SUSPICIOUS,1
1616.24,1.08,0,28,0.203,10,4,1500.0,600.0,0,0,1,0,11,14,NORMAL,0
1245.78,0.83,0,12,0.0526,22,1,1500.0,600.0,0,0,0,0,14,13,NORMAL,0
7899.15,0.99,0,40,0.1106,17,3,8000.0,3200.0,0,0,0,0,5,1,NORMAL,0
1485.46,0.5,0,22,0.0551,19,3,3000.0,1200.0,0,0,0,0,7,15,NORMAL,0
27142.21,5.43,0,1,0.3593,3,2,5000.0,2000.0,0,0,0,1,7,47,SUSPICIOUS,1
3909.25,2.61,1,0,0.4415,2,4,1500.0,600.0,0,1,0,0,16,57,SUSPICIOUS,1
1359.0,0.91,1,0,0.0799,17,4,1500.0,600.0,0,0,0,0,0,14,NORMAL,0
796.09,0.53,0,7,0.0749,15,5,1500.0,600.0,0,0,0,0,10,7,NORMAL,0
135563.96,11.3,1,0,0.7013,16,5,12000.0,4800.0,1,1,1,0,89,80,EXTREME,1
35311.49,4.41,1,0,0.3669,2,6,8000.0,3200.0,0,1,1,1,38,68,SUSPICIOUS,1
2896.01,0.58,0,4,0.1488,17,0,5000.0,2000.0,0,0,0,0,0,14,NORMAL,0
1922.85,0.64,0,29,0.1506,20,0,3000.0,1200.0,0,0,0,0,9,9,NORMAL,0
3917.71,0.78,0,30,0.1136,14,0,5000.0,2000.0,0,0,0,0,1,1,NORMAL,0
46736.17,5.84,1,0,0.3774,2,3,8000.0,3200.0,0,1,0,1,39,78,SUSPICIOUS,1
18619.75,3.72,1,0,0.4717,23,1,5000.0,2000.0,0,1,0,1,15,57,SUSPICIOUS,1
3831.75,0.77,0,28,0.212,20,4,5000.0,2000.0,0,0,0,0,9,5,NORMAL,0
4957.04,0.99,0,12,0.2231,13,6,5000.0,2000.0,0,0,1,0,4,8,NORMAL,0
7839.69,2.61,1,0,0.4335,1,1,3000.0,1200.0,1,1,0,0,72,79,SUSPICIOUS,1
29699.33,5.94,1,0,0.2594,3,4,5000.0,2000.0,1,0,1,0,54,18,SUSPICIOUS,1
5864.34,1.17,1,0,0.1328,22,6,5000.0,2000.0,0,0,0,0,8,3,NORMAL,0
8975.12,2.99,1,0,0.5273,1,0,3000.0,1200.0,1,0,1,0,62,14,SUSPICIOUS,1
23400.9,4.68,1,0,0.3656,3,6,5000.0,2000.0,1,0,0,1,64,14,SUSPICIOUS,1
7414.01,0.93,0,26,0.1326,13,0,8000.0,3200.0,0,0,0,0,14,4,NORMAL,0
85965.59,10.75,1,0,0.5405,20,4,8000.0,3200.0,1,1,0,1,84,85,EXTREME,1
15000.0,10.0,1,0,0.8104,8,6,1500.0,600.0,1,1,1,0,92,79,EXTREME,1
2549.54,0.85,0,44,0.1328,19,1,3000.0,1200.0,0,0,0,0,11,14,NORMAL,0
3447.47,1.15,0,41,0.0779,19,3,3000.0,1200.0,0,0,0,0,8,10,NORMAL,0
4262.53,0.85,0,16,0.0652,12,4,5000.0,2000.0,0,0,0,0,3,11,NORMAL,0
34002.11,4.25,1,0,0.2942,2,4,8000.0,3200.0,0,0,0,0,9,0,SUSPICIOUS,1
5422.61,0.68,0,44,0.1328,16,0,8000.0,3200.0,0,0,0,0,15,4,NORMAL,0
1234.02,0.82,0,8,0.1479,22,0,1500.0,600.0,0,0,0,0,15,0,NORMAL,0
1527.1,1.02,0,12,0.1429,10,0,1500.0,600.0,0,0,0,0,11,5,NORMAL,0
11348.48,1.42,0,15,0.2434,20,0,8000.0,3200.0,0,0,1,0,7,5,NORMAL,0
43554.6,5.44,0,1,0.2776,2,5,8000.0,3200.0,0,0,0,0,41,18,SUSPICIOUS,1
11205.53,0.93,0,7,0.2079,9,1,12000.0,4800.0,0,0,0,0,0,15,NORMAL,0
7939.87,5.29,0,3,0.362,1,4,1500.0,600.0,1,0,0,1,62,19,SUSPICIOUS,1
3484.77,1.16,0,33,0.0599,15,0,3000.0,1200.0,0,0,0,0,13,5,NORMAL,0
50705.4,4.23,1,0,0.2861,2,0,12000.0,4800.0,0,0,1,0,4,48,SUSPICIOUS,1
6376.44,0.53,0,43,0.2412,19,6,12000.0,4800.0,0,0,0,0,4,14,NORMAL,0
5734.33,0.72,0,18,0.2424,11,4,8000.0,3200.0,0,0,0,0,8,4,NORMAL,0
967.78,0.65,0,34,0.2173,7,2,1500.0,600.0,0,0,0,0,9,11,NORMAL,0
1879.64,0.63,1,0,0.0622,19,4,3000.0,1200.0,0,0,0,0,15,7,NORMAL,0
2869.97,0.57,0,34,0.1358,10,5,5000.0,2000.0,0,0,0,0,11,4,NORMAL,0
9123.01,1.14,0,8,0.2442,11,5,8000.0,3200.0,0,0,0,0,11,7,NORMAL,0
9645.37,0.8,1,0,0.1432,13,3,12000.0,4800.0,0,0,0,0,13,8,NORMAL,0
1907.14,1.27,0,10,0.1885,19,0,1500.0,600.0,0,0,0,0,0,2,NORMAL,0
23501.03,7.83,1,0,0.6522,21,2,3000.0,1200.0,1,1,0,0,86,89,EXTREME,1
17753.68,5.92,1,0,0.4506,19,1,3000.0,1200.0,0,1,0,1,5,59,SUSPICIOUS,1
5507.52,0.69,0,30,0.0845,9,2,8000.0,3200.0,0,0,0,0,4,6,NORMAL,0
112696.18,9.39,1,0,0.5915,1,3,12000.0,4800.0,1,1,0,0,82,92,EXTREME,1
2234.23,0.74,0,33,0.1242,15,3,3000.0,1200.0,0,0,1,0,9,13,NORMAL,0
29819.03,5.96,1,0,0.2318,0,3,5000.0,2000.0,0,0,0,0,37,19,SUSPICIOUS,1
5707.35,0.48,0,9,0.0825,18,6,12000.0,4800.0,0,0,0,0,13,0,NORMAL,0
5248.84,1.05,0,2,0.1245,9,0,5000.0,2000.0,0,0,0,0,13,10,NORMAL,0
24515.64,4.9,0,3,0.3597,3,5,5000.0,2000.0,0,1,0,1,13,54,SUSPICIOUS,1
4257.66,0.85,0,13,0.1912,7,1,5000.0,2000.0,0,0,0,0,15,8,NORMAL,0
18797.67,6.27,1,0,0.4445,22,4,3000.0,1200.0,1,1,0,0,86,84,EXTREME,1
25044.76,5.01,1,0,0.5391,0,6,5000.0,2000.0,0,0,1,0,36,44,SUSPICIOUS,1
3237.86,0.65,1,0,0.0447,21,2,5000.0,2000.0,0,0,0,0,3,11,NORMAL,0
4979.22,1.0,0,20,0.1923,22,5,5000.0,2000.0,0,0,0,0,8,3,NORMAL,0
3964.6,0.79,0,3,0.1353,22,3,5000.0,2000.0,0,0,0,0,8,9,NORMAL,0
65536.31,5.46,1,0,0.6433,3,4,12000.0,4800.0,1,1,1,1,92,79,EXTREME,1
16290.77,10.86,1,0,1.0131,12,2,1500.0,600.0,1,1,1,0,89,93,EXTREME,1
1505.95,1.0,0,29,0.0506,12,5,1500.0,600.0,0,0,0,0,4,4,NORMAL,0
3246.42,0.65,0,29,0.1435,12,3,5000.0,2000.0,0,0,0,0,12,4,NORMAL,0
1288.04,0.86,0,36,0.248,9,6,1500.0,600.0,0,0,0,0,9,1,NORMAL,0
7118.98,0.89,0,43,0.2347,19,0,8000.0,3200.0,0,0,0,0,9,13,NORMAL,0
7383.05,4.92,0,1,0.5273,14,4,1500.0,600.0,1,0,1,1,58,45,SUSPICIOUS,1
11291.91,0.94,0,33,0.0425,15,2,12000.0,4800.0,0,0,0,0,9,15,NORMAL,0
9755.33,0.81,0,6,0.0878,8,2,12000.0,4800.0,0,0,0,0,1,1,NORMAL,0
11715.78,0.98,0,16,0.1067,17,5,12000.0,4800.0,0,0,0,0,15,3,NORMAL,0
9098.93,0.76,0,7,0.1651,12,5,12000.0,4800.0,0,0,0,0,2,4,NORMAL,0
3761.99,0.75,0,23,0.085,11,5,5000.0,2000.0,0,0,0,0,9,3,NORMAL,0
5278.8,0.66,0,44,0.0495,17,3,8000.0,3200.0,0,0,0,0,13,1,NORMAL,0
15000.0,10.0,1,0,0.812,10,6,1500.0,600.0,1,1,1,1,89,72,EXTREME,1
1489.1,0.99,0,3,0.0589,8,1,1500.0,600.0,0,0,0,0,12,2,NORMAL,0
25107.28,5.02,1,0,0.5708,19,5,5000.0,2000.0,0,0,1,0,20,43,SUSPICIOUS,1
11236.86,0.94,0,28,0.1009,20,4,12000.0,4800.0,0,0,0,0,0,0,NORMAL,0
10013.73,0.83,0,11,0.1199,17,5,12000.0,4800.0,0,0,0,0,3,11,NORMAL,0
27743.05,3.47,1,0,0.2808,2,6,8000.0,3200.0,0,1,1,0,3,50,SUSPICIOUS,1
92522.42,11.57,1,0,0.7323,16,0,8000.0,3200.0,1,1,1,1,85,89,EXTREME,1
9919.17,0.83,0,38,0.1878,21,2,12000.0,4800.0,0,0,0,0,5,13,NORMAL,0
6818.45,0.85,1,0,0.0519,20,1,8000.0,3200.0,0,0,0,0,9,9,NORMAL,0
2109.98,0.7,0,4,0.1892,9,5,3000.0,1200.0,0,0,1,0,2,13,NORMAL,0
5297.67,0.66,0,45,0.0917,17,5,8000.0,3200.0,0,0,0,0,13,2,NORMAL,0
945.11,0.63,1,0,0.2014,13,3,1500.0,600.0,0,0,0,0,8,4,NORMAL,0
1209.65,0.81,0,41,0.2343,19,0,1500.0,600.0,0,0,0,0,1,15,NORMAL,0
2088.59,0.26,0,25,0.116,17,3,8000.0,3200.0,0,0,0,0,4,6,NORMAL,0
9949.17,1.24,0,28,0.218,9,5,8000.0,3200.0,0,0,0,0,9,10,NORMAL,0
64843.91,5.4,0,3,0.4926,23,0,12000.0,4800.0,0,0,0,0,17,0,SUSPICIOUS,1
1437.13,0.96,0,3,0.2191,11,3,1500.0,600.0,0,0,0,0,12,4,NORMAL,0
4037.42,2.69,1,0,0.5411,0,4,1500.0,600.0,0,0,0,1,37,40,SUSPICIOUS,1
7069.03,0.88,0,41,0.1966,21,5,8000.0,3200.0,0,0,0,0,0,13,NORMAL,0
10916.21,0.91,1,0,0.2476,9,0,12000.0,4800.0,0,0,0,0,15,4,NORMAL,0
63710.61,7.96,1,0,0.5408,16,2,8000.0,3200.0,1,1,1,0,91,73,EXTREME,1
797.31,0.53,0,18,0.0826,16,6,1500.0,600.0,0,0,0,0,2,14,NORMAL,0
15000.0,10.0,1,0,0.9222,10,6,1500.0,600.0,1,1,1,0,95,90,EXTREME,1
2624.26,0.87,0,43,0.2071,15,1,3000.0,1200.0,0,0,0,0,15,9,NORMAL,0
2158.19,0.72,0,37,0.2411,13,4,3000.0,1200.0,0,0,0,0,5,12,NORMAL,0
8499.56,0.71,0,16,0.0929,9,0,12000.0,4800.0,0,0,0,0,11,4,NORMAL,0
7161.74,4.77,1,0,0.2197,4,1,1500.0,600.0,0,0,0,0,0,43,SUSPICIOUS,1
8421.83,1.05,0,19,0.1474,19,6,8000.0,3200.0,0,0,0,0,5,14,NORMAL,0
2502.73,0.83,0,17,0.0478,11,5,3000.0,1200.0,0,0,0,0,4,8,NORMAL,0
7231.77,0.9,0,25,0.1139,13,3,8000.0,3200.0,0,0,0,0,15,7,NORMAL,0
5289.43,1.06,0,6,0.0619,11,0,5000.0,2000.0,0,0,0,0,5,13,NORMAL,0
7042.52,0.88,1,0,0.1634,8,3,8000.0,3200.0,0,0,0,0,6,11,NORMAL,0
1182.13,0.79,0,42,0.2184,20,6,1500.0,600.0,0,0,0,0,13,6,NORMAL,0
2761.03,0.92,0,44,0.2072,18,3,3000.0,1200.0,0,0,0,0,14,9,NORMAL,0
34307.27,4.29,1,0,0.7163,4,1,8000.0,3200.0,1,1,1,0,91,83,EXTREME,1
1468.56,0.98,0,14,0.063,9,6,1500.0,600.0,0,0,0,0,2,9,NORMAL,0
68778.03,5.73,1,0,0.5364,0,1,12000.0,4800.0,1,1,0,1,52,56,SUSPICIOUS,1
34791.68,6.96,1,0,0.5114,4,3,5000.0,2000.0,1,1,1,0,82,89,EXTREME,1
8930.85,1.12,0,7,0.1809,16,5,8000.0,3200.0,0,0,0,0,12,5,NORMAL,0
10591.01,1.32,0,14,0.2466,16,2,8000.0,3200.0,0,0,0,0,6,3,NORMAL,0
1218.63,0.81,0,29,0.1311,8,6,1500.0,600.0,0,0,0,0,8,0,NORMAL,0
1350.01,0.9,0,37,0.1627,14,5,1500.0,600.0,0,0,1,0,13,14,NORMAL,0
1249.87,0.83,0,7,0.152,15,5,1500.0,600.0,0,0,0,0,14,9,NORMAL,0
1077.11,0.72,0,45,0.2458,9,5,1500.0,600.0,0,0,0,0,5,4,NORMAL,0
2840.89,0.57,0,13,0.0865,21,1,5000.0,2000.0,0,0,0,0,9,9,NORMAL,0
3686.57,0.74,0,16,0.1458,13,2,5000.0,2000.0,0,0,0,0,15,13,NORMAL,0
4194.88,0.35,0,14,0.0718,17,1,12000.0,4800.0,0,0,0,0,15,15,NORMAL,0
3013.07,1.0,0,30,0.0533,16,4,3000.0,1200.0,0,0,0,0,8,7,NORMAL,0
28439.14,5.69,1,0,0.3618,14,0,5000.0,2000.0,0,1,0,0,49,63,SUSPICIOUS,1
8179.76,0.68,0,38,0.1638,8,1,12000.0,4800.0,0,0,0,0,8,15,NORMAL,0
3612.39,0.72,0,38,0.1134,17,1,5000.0,2000.0,0,0,0,0,3,3,NORMAL,0
1049.62,0.7,0,5,0.2091,13,1,1500.0,600.0,0,0,0,0,2,5,NORMAL,0
10763.1,1.35,0,43,0.2273,20,1,8000.0,3200.0,0,0,0,0,11,2,NORMAL,0
1395.26,0.47,0,8,0.1743,11,6,3000.0,1200.0,0,0,0,0,7,6,NORMAL,0
4961.67,0.99,0,11,0.1771,10,0,5000.0,2000.0,0,0,0,0,1,14,NORMAL,0
10358.02,0.86,0,44,0.1772,22,0,12000.0,4800.0,0,0,0,0,0,11,NORMAL,0
3068.91,0.61,0,37,0.2246,8,4,5000.0,2000.0,0,0,0,0,12,13,NORMAL,0
1321.48,0.88,0,15,0.1706,19,1,1500.0,600.0,0,0,0,0,4,7,NORMAL,0
3868.55,1.29,0,29,0.1603,15,4,3000.0,1200.0,0,0,0,0,9,13,NORMAL,0
11882.04,0.99,0,11,0.0432,16,4,12000.0,4800.0,0,0,0,0,11,1,NORMAL,0
4778.01,0.96,0,7,0.1258,8,6,5000.0,2000.0,0,0,0,0,15,15,NORMAL,0
2772.31,0.55,0,10,0.0484,19,3,5000.0,2000.0,0,0,0,0,4,14,NORMAL,0
3254.4,0.65,0,33,0.0424,11,6,5000.0,2000.0,0,0,0,0,1,0,NORMAL,0
3853.85,0.48,0,35,0.1475,11,1,8000.0,3200.0,0,0,0,0,15,4,NORMAL,0
10457.45,0.87,0,6,0.1439,17,4,12000.0,4800.0,0,0,0,0,15,15,NORMAL,0
4304.74,0.86,0,27,0.2312,19,3,5000.0,2000.0,0,0,0,0,14,0,NORMAL,0
12143.77,4.05,0,2,0.5289,0,1,3000.0,1200.0,0,0,0,0,42,18,SUSPICIOUS,1
40758.06,5.09,0,1,0.2745,23,3,8000.0,3200.0,0,1,1,0,46,79,SUSPICIOUS,1
4312.97,0.54,0,36,0.0862,8,3,8000.0,3200.0,0,0,0,0,4,12,NORMAL,0
2011.24,0.67,0,21,0.0554,22,6,3000.0,1200.0,0,0,0,0,15,14,NORMAL,0
10555.38,0.88,0,19,0.0655,14,3,12000.0,4800.0,0,0,0,0,0,1,NORMAL,0
850.54,0.57,0,26,0.0999,9,3,1500.0,600.0,0,0,0,0,11,11,NORMAL,0
2329.11,0.78,0,6,0.1715,18,2,3000.0,1200.0,0,0,1,1,4,10,NORMAL,0
2061.23,0.69,1,0,0.1609,21,1,3000.0,1200.0,0,0,0,0,15,13,NORMAL,0
10985.19,0.92,0,14,0.2419,14,1,12000.0,4800.0,0,0,0,0,3,10,NORMAL,0
1558.2,0.52,0,15,0.0483,11,4,3000.0,1200.0,0,0,0,0,11,13,NORMAL,0
2795.71,0.35,1,0,0.1458,14,1,8000.0,3200.0,0,0,0,0,12,4,NORMAL,0
8645.74,5.76,1,0,0.5646,0,3,1500.0,600.0,0,0,0,0,1,9,SUSPICIOUS,1
836.76,0.56,0,34,0.1486,19,5,1500.0,600.0,0,0,0,0,11,2,NORMAL,0
35114.4,2.93,0,1,0.426,19,1,12000.0,4800.0,0,1,0,0,14,75,SUSPICIOUS,1
70936.6,5.91,1,0,0.5351,0,5,12000.0,4800.0,0,1,0,0,41,69,SUSPICIOUS,1
1173.1,0.78,0,22,0.2188,17,4,1500.0,600.0,0,0,0,0,4,7,NORMAL,0
1147.7,0.38,0,20,0.1712,16,5,3000.0,1200.0,0,0,0,0,3,11,NORMAL,0
2502.52,0.83,0,36,0.2167,14,0,3000.0,1200.0,0,0,0,0,12,15,NORMAL,0
2491.06,0.83,0,45,0.1044,22,6,3000.0,1200.0,0,0,0,0,1,8,NORMAL,0
29536.44,5.91,1,0,0.3954,23,2,5000.0,2000.0,1,0,1,0,73,40,SUSPICIOUS,1
2078.75,0.69,0,25,0.2308,8,6,3000.0,1200.0,0,0,0,0,6,4,NORMAL,0
2399.82,0.8,0,2,0.2374,13,0,3000.0,1200.0,0,0,0,0,15,7,NORMAL,0
2477.28,0.31,0,11,0.1928,15,6,8000.0,3200.0,0,0,0,0,12,3,NORMAL,0
7027.8,0.88,0,36,0.1794,10,6,8000.0,3200.0,0,0,0,0,5,6,NORMAL,0
12634.07,1.58,0,14,0.0508,12,5,8000.0,3200.0,0,0,0,0,11,12,NORMAL,0
5282.51,3.52,1,0,0.268,1,2,1500.0,600.0,0,0,0,1,38,0,SUSPICIOUS,1
7757.69,0.97,0,6,0.138,22,4,8000.0,3200.0,0,0,0,0,3,5,NORMAL,0
71989.44,6.0,1,0,0.5057,8,2,12000.0,4800.0,1,1,0,0,88,74,EXTREME,1
2392.27,0.8,0,7,0.197,22,4,3000.0,1200.0,0,0,0,0,3,12,NORMAL,0
29183.15,5.84,1,0,0.3452,14,2,5000.0,2000.0,0,0,1,0,36,49,SUSPICIOUS,1
1351.32,0.9,0,22,0.0516,11,0,1500.0,600.0,0,0,0,1,9,5,NORMAL,0
1259.92,0.84,0,18,0.2239,8,5,1500.0,600.0,0,0,0,0,12,9,NORMAL,0
2173.51,0.72,1,0,0.1834,15,6,3000.0,1200.0,0,0,0,0,2,4,NORMAL,0
1116.56,0.74,0,40,0.1045,20,2,1500.0,600.0,0,0,1,0,7,14,NORMAL,0
13283.16,1.11,0,40,0.2101,14,6,12000.0,4800.0,0,0,0,0,5,7,NORMAL,0
29083.12,9.69,1,0,1.1798,14,6,3000.0,1200.0,1,1,0,0,80,89,EXTREME,1
16603.15,5.53,0,2,0.4773,1,3,3000.0,1200.0,0,0,0,0,47,10,SUSPICIOUS,1
8767.91,2.92,1,0,0.504,23,1,3000.0,1200.0,1,0,0,0,71,0,SUSPICIOUS,1
1095.41,0.73,0,8,0.1249,7,2,1500.0,600.0,0,0,0,0,2,3,NORMAL,0
7218.04,4.81,1,0,0.22,0,3,1500.0,600.0,0,0,0,0,1,4,SUSPICIOUS,1
3910.15,0.49,0,28,0.2206,22,3,8000.0,3200.0,0,0,0,0,0,6,NORMAL,0
1242.37,0.83,0,16,0.1916,13,5,1500.0,600.0,0,0,0,0,9,7,NORMAL,0
31240.02,2.6,1,0,0.3199,19,0,12000.0,4800.0,0,1,1,0,41,66,SUSPICIOUS,1
5633.75,0.7,0,11,0.0717,15,6,8000.0,3200.0,0,0,0,0,12,12,NORMAL,0
1670.58,1.11,0,36,0.165,20,0,1500.0,600.0,0,0,0,0,6,5,NORMAL,0
1629.02,1.09,0,29,0.0731,16,4,1500.0,600.0,0,0,1,0,4,8,NORMAL,0
4618.89,0.92,0,30,0.2011,10,0,5000.0,2000.0,0,0,0,0,2,14,NORMAL,0
1644.99,0.55,0,32,0.0607,12,2,3000.0,1200.0,0,0,0,0,12,15,NORMAL,0
4747.11,3.16,0,3,0.3782,2,6,1500.0,600.0,1,0,0,0,69,16,SUSPICIOUS,1
2666.71,0.53,1,0,0.0908,16,1,5000.0,2000.0,0,0,0,0,2,0,NORMAL,0
7231.05,0.6,0,30,0.1871,15,3,12000.0,4800.0,0,0,0,0,13,14,NORMAL,0
9396.3,0.78,0,7,0.2466,16,1,12000.0,4800.0,0,0,1,0,4,15,NORMAL,0
3364.03,0.67,0,31,0.2242,12,0,5000.0,2000.0,0,0,0,0,1,10,NORMAL,0
7741.98,0.65,0,40,0.051,20,2,12000.0,4800.0,0,0,0,0,7,10,NORMAL,0
3418.85,1.14,0,13,0.0467,22,3,3000.0,1200.0,0,0,0,0,13,14,NORMAL,0
41292.12,3.44,1,0,0.3009,1,0,12000.0,4800.0,1,1,1,0,75,79,SUSPICIOUS,1
1208.49,0.81,0,14,0.228,19,1,1500.0,600.0,0,0,0,0,1,13,NORMAL,0
2695.1,0.9,0,18,0.2411,15,3,3000.0,1200.0,0,0,0,0,0,13,NORMAL,0
9935.36,1.24,1,0,0.0705,11,2,8000.0,3200.0,0,0,0,0,4,13,NORMAL,0
5185.6,1.04,0,42,0.1333,17,3,5000.0,2000.0,0,0,0,0,13,3,NORMAL,0
1006.32,0.67,1,0,0.1151,17,5,1500.0,600.0,0,0,0,0,10,11,NORMAL,0
12857.14,2.57,0,2,0.2797,3,4,5000.0,2000.0,1,0,0,0,63,15,SUSPICIOUS,1
9885.91,3.3,1,0,0.5253,4,1,3000.0,1200.0,1,0,1,1,54,48,SUSPICIOUS,1
1927.12,1.28,0,6,0.0477,13,3,1500.0,600.0,0,0,0,0,2,3,NORMAL,0
11197.62,0.93,0,36,0.0843,17,6,12000.0,4800.0,0,0,0,0,8,6,NORMAL,0
76493.36,9.56,1,0,0.4622,17,2,8000.0,3200.0,1,1,1,0,81,95,EXTREME,1
8310.27,5.54,1,0,0.4119,0,2,1500.0,600.0,0,0,0,0,2,47,SUSPICIOUS,1
1402.34,0.47,0,14,0.1086,17,0,3000.0,1200.0,0,0,0,0,13,4,NORMAL,0
4490.21,0.9,1,0,0.1164,14,6,5000.0,2000.0,0,0,0,0,7,7,NORMAL,0
5490.98,0.46,0,44,0.1782,17,5,12000.0,4800.0,0,0,0,0,1,10,NORMAL,0
7620.52,0.64,0,39,0.2362,17,4,12000.0,4800.0,0,0,0,0,2,9,NORMAL,0
5874.49,1.17,0,23,0.054,17,3,5000.0,2000.0,0,0,0,0,15,8,NORMAL,0
2690.13,0.9,0,5,0.0478,14,3,3000.0,1200.0,0,0,1,0,9,14,NORMAL,0
21677.1,2.71,0,3,0.5652,0,2,8000.0,3200.0,0,0,1,1,17,19,SUSPICIOUS,1
2412.98,0.48,0,15,0.0811,21,3,5000.0,2000.0,0,0,0,0,7,0,NORMAL,0
1566.65,1.04,0,2,0.0818,21,3,1500.0,600.0,0,0,0,0,0,8,NORMAL,0
15000.0,10.0,1,0,0.8758,14,0,1500.0,600.0,1,1,0,0,90,84,EXTREME,1
6949.37,0.87,0,3,0.1459,12,3,8000.0,3200.0,0,0,0,0,2,7,NORMAL,0
1542.37,0.51,0,25,0.1421,16,0,3000.0,1200.0,0,0,0,0,0,7,NORMAL,0
1210.04,0.81,0,34,0.1467,9,4,1500.0,600.0,0,0,0,0,12,13,NORMAL,0
1252.58,0.84,0,21,0.0568,17,3,1500.0,600.0,0,0,0,0,5,8,NORMAL,0
4151.96,0.83,0,44,0.1737,18,5,5000.0,2000.0,0,0,0,0,6,12,NORMAL,0
7035.92,4.69,0,2,0.2799,4,0,1500.0,600.0,1,1,0,0,53,58,SUSPICIOUS,1
1703.74,0.57,1,0,0.1533,8,3,3000.0,1200.0,0,0,0,0,7,8,NORMAL,0
3504.36,1.17,0,3,0.216,12,3,3000.0,1200.0,0,0,0,0,14,9,NORMAL,0
2241.55,0.75,0,41,0.1188,17,5,3000.0,1200.0,0,0,0,0,2,14,NORMAL,0
2659.21,0.89,0,22,0.0791,11,3,3000.0,1200.0,0,0,0,0,7,15,NORMAL,0
2721.36,0.91,0,14,0.2293,20,0,3000.0,1200.0,0,0,0,0,14,3,NORMAL,0
9941.51,0.83,0,23,0.1504,22,4,12000.0,4800.0,0,0,0,0,3,0,NORMAL,0
5663.16,1.13,1,0,0.1059,13,2,5000.0,2000.0,0,0,0,0,9,5,NORMAL,0
2573.11,0.86,0,43,0.2037,17,3,3000.0,1200.0,0,0,0,0,12,2,NORMAL,0
4067.44,2.71,1,0,0.4276,4,1,1500.0,600.0,1,1,0,0,56,71,SUSPICIOUS,1
3818.2,2.55,1,0,0.3739,23,0,1500.0,600.0,1,0,1,0,50,40,SUSPICIOUS,1
2221.28,0.44,0,14,0.0729,16,1,5000.0,2000.0,0,0,0,0,0,9,NORMAL,0
45219.87,5.65,1,0,0.2626,4,4,8000.0,3200.0,0,0,0,1,1,6,SUSPICIOUS,1
2733.17,0.55,1,0,0.1692,11,5,5000.0,2000.0,0,0,0,0,1,0,NORMAL,0
12217.18,1.02,0,30,0.1078,9,4,12000.0,4800.0,0,0,0,0,7,5,NORMAL,0
10486.63,1.31,0,8,0.0441,10,5,8000.0,3200.0,0,0,0,0,4,0,NORMAL,0
3864.33,0.77,0,15,0.1724,22,0,5000.0,2000.0,0,0,0,0,15,13,NORMAL,0
6159.77,0.51,0,39,0.1611,13,2,12000.0,4800.0,0,0,0,0,6,5,NORMAL,0
48969.94,6.12,1,0,0.7217,19,0,8000.0,3200.0,1,1,1,1,83,84,EXTREME,1
7508.62,0.94,0,30,0.2177,8,1,8000.0,3200.0,0,0,0,0,2,13,NORMAL,0
12910.56,1.08,0,31,0.0802,20,2,12000.0,4800.0,0,0,0,0,0,13,NORMAL,0
3849.28,2.57,1,0,0.5847,1,5,1500.0,600.0,0,0,0,0,38,14,SUSPICIOUS,1
2950.79,0.59,0,37,0.1535,17,0,5000.0,2000.0,0,0,0,0,6,15,NORMAL,0
7595.16,0.63,0,21,0.2212,7,4,12000.0,4800.0,0,0,0,0,9,4,NORMAL,0
2407.13,0.48,0,5,0.2105,22,1,5000.0,2000.0,0,0,0,0,9,7,NORMAL,0
4728.59,0.59,0,20,0.2277,22,3,8000.0,3200.0,0,0,0,0,4,11,NORMAL,0
1408.07,0.94,0,20,0.1394,13,5,1500.0,600.0,0,0,0,0,5,11,NORMAL,0
4741.26,0.95,0,35,0.0881,7,3,5000.0,2000.0,0,0,0,0,11,8,NORMAL,0
8983.89,5.99,1,0,0.5348,4,1,1500.0,600.0,1,0,1,0,66,40,SUSPICIOUS,1
2578.17,0.86,0,9,0.2022,14,5,3000.0,1200.0,0,0,0,0,14,0,NORMAL,0
2435.99,0.81,0,36,0.1676,22,6,3000.0,1200.0,0,0,0,0,1,5,NORMAL,0
1758.42,1.17,1,0,0.1139,8,3,1500.0,600.0,0,0,0,0,3,0,NORMAL,0
1521.15,1.01,0,26,0.1998,22,3,1500.0,600.0,0,0,0,0,14,10,NORMAL,0
8761.43,0.73,0,44,0.1744,22,1,12000.0,4800.0,0,0,0,0,12,9,NORMAL,0
6286.65,1.26,0,44,0.139,12,4,5000.0,2000.0,0,0,0,0,0,8,NORMAL,0
6574.55,0.55,1,0,0.2428,16,6,12000.0,4800.0,0,0,0,0,5,6,NORMAL,0
11436.25,0.95,0,7,0.1621,9,4,12000.0,4800.0,0,0,0,0,1,3,NORMAL,0
4016.95,0.8,0,30,0.2021,13,3,5000.0,2000.0,0,0,0,0,0,0,NORMAL,0
1095.24,0.73,0,14,0.086,19,6,1500.0,600.0,0,0,0,0,5,12,NORMAL,0
44669.64,5.58,1,0,0.3886,0,1,8000.0,3200.0,0,0,0,0,19,44,SUSPICIOUS,1
7188.26,0.9,0,39,0.0443,14,3,8000.0,3200.0,0,0,0,0,10,14,NORMAL,0
6334.22,0.53,0,39,0.1766,9,4,12000.0,4800.0,0,0,1,0,0,2,NORMAL,0
2737.17,0.55,0,19,0.0424,22,6,5000.0,2000.0,0,0,0,0,8,9,NORMAL,0
3621.18,1.21,0,7,0.186,22,0,3000.0,1200.0,0,0,0,0,15,8,NORMAL,0
1752.2,1.17,0,32,0.1686,14,1,1500.0,600.0,0,0,0,0,11,6,NORMAL,0
24099.43,3.01,1,0,0.3323,19,3,8000.0,3200.0,0,0,1,0,38,14,SUSPICIOUS,0
6226.6,0.52,0,36,0.1906,17,1,12000.0,4800.0,0,0,0,0,3,13,NORMAL,0
28741.59,5.75,1,0,0.3055,19,2,5000.0,2000.0,1,1,0,0,51,58,SUSPICIOUS,1
1944.92,0.65,0,11,0.1211,12,3,3000.0,1200.0,0,0,0,0,7,9,NORMAL,0
15000.0,10.0,1,0,1.1256,11,2,1500.0,600.0,1,1,0,0,90,90,EXTREME,1
46374.11,3.86,1,0,0.2902,19,3,12000.0,4800.0,0,1,1,0,5,71,SUSPICIOUS,1
40706.59,5.09,0,2,0.2779,23,5,8000.0,3200.0,0,0,0,0,14,0,SUSPICIOUS,1
15000.0,10.0,1,0,0.6813,1,1,1500.0,600.0,1,1,1,1,93,79,EXTREME,1
1245.94,0.83,0,28,0.183,11,0,1500.0,600.0,0,0,0,0,4,0,NORMAL,0
36061.07,4.51,0,2,0.3396,1,5,8000.0,3200.0,0,0,0,0,49,8,SUSPICIOUS,1
7376.3,0.92,0,16,0.1233,19,3,8000.0,3200.0,0,0,0,0,7,14,NORMAL,0
1409.57,0.94,0,2,0.2163,18,4,1500.0,600.0,0,0,0,0,15,15,NORMAL,0
13497.87,2.7,1,0,0.566,0,3,5000.0,2000.0,0,1,0,0,20,62,SUSPICIOUS,1
8030.95,0.67,0,9,0.0582,18,3,12000.0,4800.0,0,0,0,0,10,5,NORMAL,0
59947.32,5.0,1,0,0.5517,4,2,12000.0,4800.0,1,1,0,1,97,70,EXTREME,1
6167.85,0.77,0,40,0.0859,13,4,8000.0,3200.0,0,0,0,0,7,10,NORMAL,0
7724.31,0.97,0,44,0.2402,19,1,8000.0,3200.0,0,0,0,0,3,8,NORMAL,0
1234.05,0.82,0,40,0.1347,17,0,1500.0,600.0,0,0,0,0,9,2,NORMAL,0
4138.54,2.76,1,0,0.3539,19,1,1500.0,600.0,0,1,0,0,17,55,SUSPICIOUS,0
31638.23,3.95,1,0,0.3369,4,4,8000.0,3200.0,0,0,0,1,15,16,SUSPICIOUS,1
14349.41,1.2,0,5,0.1149,11,0,12000.0,4800.0,0,0,1,0,5,8,NORMAL,0
78304.84,9.79,1,0,0.7855,12,5,8000.0,3200.0,1,1,0,0,83,89,EXTREME,1
28110.11,3.51,1,0,0.4068,19,1,8000.0,3200.0,0,0,0,0,37,20,SUSPICIOUS,1
1019.94,0.68,0,7,0.0484,21,3,1500.0,600.0,0,0,0,0,6,11,NORMAL,0
13885.65,2.78,0,1,0.2659,23,3,5000.0,2000.0,0,0,1,0,18,40,SUSPICIOUS,1
13830.06,1.15,0,14,0.1095,18,0,12000.0,4800.0,0,0,0,0,4,0,NORMAL,0
4597.88,0.92,0,27,0.1447,8,0,5000.0,2000.0,0,0,0,0,9,15,NORMAL,0
8054.98,5.37,1,0,0.2531,0,4,1500.0,600.0,0,0,0,0,47,47,SUSPICIOUS,1
1724.33,1.15,1,0,0.0419,13,0,1500.0,600.0,0,0,0,0,3,11,NORMAL,0
2335.84,0.78,0,30,0.2447,7,0,3000.0,1200.0,0,0,0,0,10,13,NORMAL,0
9399.74,1.17,0,37,0.24,16,0,8000.0,3200.0,0,0,0,0,12,4,NORMAL,0
1007.23,0.67,0,18,0.0952,16,3,1500.0,600.0,0,0,0,0,0,11,NORMAL,0
3461.21,1.15,0,6,0.2019,13,4,3000.0,1200.0,0,0,0,0,10,15,NORMAL,0
4382.21,0.88,0,40,0.0887,17,3,5000.0,2000.0,0,0,0,0,4,8,NORMAL,0
7421.08,0.93,0,37,0.1244,10,4,8000.0,3200.0,0,0,0,0,5,14,NORMAL,0
6854.35,0.57,0,28,0.1476,19,5,12000.0,4800.0,0,0,0,0,14,6,NORMAL,0
8818.82,0.73,0,36,0.1493,8,5,12000.0,4800.0,0,0,0,0,10,13,NORMAL,0
6744.06,0.84,0,15,0.2471,16,4,8000.0,3200.0,0,0,0,0,15,12,NORMAL,0
13407.85,1.12,1,0,0.0508,10,5,12000.0,4800.0,0,0,0,0,2,9,NORMAL,0
6383.59,0.8,0,9,0.1956,12,1,8000.0,3200.0,0,0,0,0,1,11,NORMAL,0
3265.35,0.65,0,37,0.1499,14,2,5000.0,2000.0,0,0,0,0,4,12,NORMAL,0
26840.42,3.36,0,3,0.2721,14,6,8000.0,3200.0,1,0,0,1,64,49,SUSPICIOUS,1
55729.53,4.64,1,0,0.9361,23,5,12000.0,4800.0,1,1,0,0,99,75,EXTREME,1
1359.86,0.91,0,36,0.1888,8,4,1500.0,600.0,0,0,0,0,10,13,NORMAL,0
9111.43,0.76,0,13,0.0915,13,3,12000.0,4800.0,0,0,0,0,15,7,NORMAL,0
25124.51,5.02,0,1,0.5005,19,1,5000.0,2000.0,0,0,0,1,40,0,SUSPICIOUS,1
3745.08,0.47,0,9,0.1228,9,3,8000.0,3200.0,0,0,0,0,9,3,NORMAL,0
15477.65,1.29,0,44,0.1345,14,2,12000.0,4800.0,0,0,0,0,0,10,NORMAL,0
3684.66,0.74,0,13,0.0924,11,3,5000.0,2000.0,0,0,0,0,13,4,NORMAL,0
143074.9,11.92,1,0,0.9939,12,6,12000.0,4800.0,1,1,1,0,87,88,EXTREME,1
6042.5,1.21,0,26,0.1289,13,4,5000.0,2000.0,0,0,0,0,2,5,NORMAL,0
942.51,0.63,1,0,0.2131,22,0,1500.0,600.0,0,0,0,0,13,0,NORMAL,0
3603.24,1.2,1,0,0.0539,14,5,3000.0,1200.0,0,0,0,0,7,12,NORMAL,0
2733.93,0.91,0,7,0.1551,15,2,3000.0,1200.0,0,0,0,0,8,14,NORMAL,0
5097.05,1.02,0,35,0.1831,21,1,5000.0,2000.0,0,0,0,0,11,0,NORMAL,0
32796.28,4.1,1,0,0.2567,3,3,8000.0,3200.0,0,1,1,0,0,55,SUSPICIOUS,1
28744.61,3.59,0,3,0.204,1,2,8000.0,3200.0,0,1,0,0,7,61,SUSPICIOUS,1
2544.24,0.85,0,44,0.129,8,6,3000.0,1200.0,0,0,0,0,0,3,NORMAL,0
12539.09,1.04,0,36,0.1686,19,2,12000.0,4800.0,0,0,0,0,10,1,NORMAL,0
1252.44,0.83,0,26,0.1378,9,5,1500.0,600.0,0,0,0,0,6,9,NORMAL,0
3845.67,0.48,0,3,0.1206,19,0,8000.0,3200.0,0,0,0,0,4,3,NORMAL,0
3612.14,0.72,0,28,0.1419,13,2,5000.0,2000.0,0,0,0,0,1,13,NORMAL,0
33892.31,4.24,1,0,0.5505,3,4,8000.0,3200.0,1,1,0,0,70,71,SUSPICIOUS,1
2693.05,0.9,0,21,0.1758,11,0,3000.0,1200.0,0,0,0,0,0,6,NORMAL,0
10824.43,0.9,0,14,0.1913,18,1,12000.0,4800.0,0,0,0,0,9,4,NORMAL,0
2171.84,0.43,0,34,0.0448,21,1,5000.0,2000.0,0,0,0,0,11,5,NORMAL,0
3806.02,0.48,0,13,0.1705,7,2,8000.0,3200.0,0,0,0,0,7,1,NORMAL,0
1016.33,0.68,0,19,0.1717,7,6,1500.0,600.0,0,0,1,1,10,3,NORMAL,0
60178.09,5.01,1,0,0.2186,19,1,12000.0,4800.0,1,0,0,0,61,46,SUSPICIOUS,1
16402.55,5.47,1,0,0.2979,23,6,3000.0,1200.0,1,0,1,0,58,5,SUSPICIOUS,1
1523.81,0.51,0,31,0.2485,11,5,3000.0,1200.0,0,0,0,0,10,3,NORMAL,0
3953.57,0.79,0,33,0.1984,20,2,5000.0,2000.0,0,0,0,0,2,9,NORMAL,0
7457.25,0.93,0,9,0.2052,7,6,8000.0,3200.0,0,0,0,0,6,5,NORMAL,0
13555.49,1.13,0,18,0.1809,22,4,12000.0,4800.0,0,0,0,0,9,3,NORMAL,0
2673.58,0.89,0,16,0.1853,18,1,3000.0,1200.0,0,0,0,0,4,0,NORMAL,0
3566.75,1.19,1,0,0.0804,8,5,3000.0,1200.0,0,0,0,1,4,11,NORMAL,0
2674.94,0.89,0,38,0.1984,7,2,3000.0,1200.0,0,0,0,0,5,13,NORMAL,0
50089.98,4.17,1,0,0.3264,4,3,12000.0,4800.0,0,1,0,0,35,68,SUSPICIOUS,1
4985.2,1.0,0,29,0.0548,9,1,5000.0,2000.0,0,0,0,0,3,4,NORMAL,0
8080.57,0.67,0,36,0.1908,9,3,12000.0,4800.0,0,0,0,0,5,12,NORMAL,0
9652.25,0.8,0,10,0.0736,14,6,12000.0,4800.0,0,0,0,0,7,9,NORMAL,0
1067.03,0.71,1,0,0.1593,17,2,1500.0,600.0,0,0,0,0,11,14,NORMAL,0
738.3,0.49,0,2,0.1019,15,5,1500.0,600.0,0,0,0,0,9,2,NORMAL,0
553.79,0.37,0,6,0.1844,13,0,1500.0,600.0,0,0,0,0,7,4,NORMAL,0
1292.33,0.86,0,32,0.2097,16,6,1500.0,600.0,0,0,0,0,3,11,NORMAL,0
1555.85,1.04,0,10,0.1307,21,3,1500.0,600.0,0,0,0,0,11,2,NORMAL,0
7114.21,4.74,1,0,0.2133,0,2,1500.0,600.0,1,0,1,0,53,11,SUSPICIOUS,1
11716.52,0.98,0,32,0.2041,11,4,12000.0,4800.0,0,0,0,0,8,5,NORMAL,0
1267.68,0.85,0,29,0.2375,20,6,1500.0,600.0,0,0,0,0,9,15,NORMAL,0
2320.47,0.77,0,22,0.2072,17,3,3000.0,1200.0,0,0,0,0,9,11,NORMAL,0
9664.24,3.22,1,0,0.4324,3,1,3000.0,1200.0,1,1,0,1,70,53,SUSPICIOUS,1
6040.88,0.76,0,39,0.0931,21,6,8000.0,3200.0,0,0,0,0,11,13,NORMAL,0
2223.71,0.74,0,42,0.2116,16,5,3000.0,1200.0,0,0,0,0,14,13,NORMAL,0
38752.81,7.75,1,0,0.8564,11,6,5000.0,2000.0,1,1,1,1,100,72,EXTREME,1
19819.8,3.96,1,0,0.4621,2,0,5000.0,2000.0,1,0,1,0,62,13,SUSPICIOUS,1
5765.99,0.48,0,19,0.1377,12,6,12000.0,4800.0,0,0,0,0,15,4,NORMAL,0
3659.35,0.46,0,39,0.1627,22,2,8000.0,3200.0,0,0,0,0,2,3,NORMAL,0
2802.53,0.93,0,16,0.1235,13,4,3000.0,1200.0,0,0,0,0,13,0,NORMAL,0
39705.16,7.94,1,0,0.6916,21,5,5000.0,2000.0,1,1,0,0,98,88,EXTREME,1
1226.71,0.82,0,42,0.0974,18,5,1500.0,600.0,0,0,0,0,12,2,NORMAL,0
3979.47,0.5,0,21,0.0577,16,0,8000.0,3200.0,0,0,0,1,4,12,NORMAL,0
2283.86,0.76,0,10,0.2457,14,6,3000.0,1200.0,0,0,0,0,5,4,NORMAL,0
4749.45,0.59,0,44,0.0524,21,1,8000.0,3200.0,0,0,0,0,3,13,NORMAL,0
3701.11,1.23,0,29,0.0594,19,4,3000.0,1200.0,0,0,0,0,2,14,NORMAL,0
39324.78,3.28,1,0,0.3112,2,1,12000.0,4800.0,1,0,0,0,72,16,SUSPICIOUS,1
1674.4,0.33,0,5,0.0517,20,6,5000.0,2000.0,0,0,0,1,15,7,NORMAL,0
3808.63,1.27,0,28,0.1771,7,6,3000.0,1200.0,0,0,0,0,11,13,NORMAL,0
6654.06,0.83,0,5,0.202,21,3,8000.0,3200.0,0,0,0,0,4,5,NORMAL,0
1129.06,0.38,0,37,0.1554,20,1,3000.0,1200.0,0,0,0,0,3,0,NORMAL,0
49140.76,4.1,1,0,0.5821,4,0,12000.0,4800.0,1,1,0,0,51,73,SUSPICIOUS,1
6479.92,0.81,0,11,0.2356,15,1,8000.0,3200.0,0,0,0,0,5,2,NORMAL,0
2491.65,0.83,0,31,0.1987,16,5,3000.0,1200.0,0,0,0,0,5,15,NORMAL,0
999.85,0.2,0,36,0.183,22,1,5000.0,2000.0,0,0,0,0,8,4,NORMAL,0
5182.24,3.45,1,0,0.3311,0,5,1500.0,600.0,0,0,0,1,35,18,SUSPICIOUS,1
37647.85,7.53,1,0,0.699,20,2,5000.0,2000.0,1,1,0,0,97,95,EXTREME,1
5818.43,1.16,0,19,0.0475,13,1,5000.0,2000.0,0,0,0,0,9,11,NORMAL,0
39877.64,3.32,1,0,0.5973,1,5,12000.0,4800.0,0,0,0,1,2,1,SUSPICIOUS,0
35028.64,2.92,1,0,0.2858,4,4,12000.0,4800.0,0,1,0,0,14,80,SUSPICIOUS,1
3488.65,1.16,0,30,0.2035,14,2,3000.0,1200.0,0,0,0,0,9,10,NORMAL,0
10599.72,0.88,0,42,0.2214,10,1,12000.0,4800.0,0,0,0,0,4,7,NORMAL,0
2013.64,1.34,0,33,0.2031,19,5,1500.0,600.0,0,0,0,0,8,14,NORMAL,0
4057.61,1.35,0,24,0.1193,14,4,3000.0,1200.0,0,0,0,1,5,5,NORMAL,0
8405.26,1.05,0,42,0.1619,22,3,8000.0,3200.0,0,0,0,0,14,15,NORMAL,0
29608.82,5.92,1,0,0.4023,0,3,5000.0,2000.0,0,0,0,1,1,6,SUSPICIOUS,1
2022.8,1.35,0,18,0.2226,14,3,1500.0,600.0,0,0,0,0,7,4,NORMAL,0
4520.69,0.9,0,26,0.055,9,2,5000.0,2000.0,0,0,0,0,2,5,NORMAL,0
7579.89,0.95,0,14,0.0618,15,5,8000.0,3200.0,0,0,0,0,3,8,NORMAL,0
6949.78,0.87,0,45,0.107,10,0,8000.0,3200.0,0,0,0,1,10,1,NORMAL,0
1994.13,0.66,1,0,0.1725,12,0,3000.0,1200.0,0,0,0,0,0,13,NORMAL,0
12623.22,1.05,0,9,0.1554,16,5,12000.0,4800.0,0,0,0,0,7,10,NORMAL,0
3343.07,1.11,1,0,0.1703,8,3,3000.0,1200.0,0,0,0,0,10,15,NORMAL,0
9957.55,0.83,1,0,0.1274,17,4,12000.0,4800.0,0,0,0,0,9,11,NORMAL,0
3926.54,0.79,0,20,0.1961,18,1,5000.0,2000.0,0,0,0,0,13,0,NORMAL,0
15031.17,10.02,1,0,0.6087,0,6,1500.0,600.0,1,1,0,1,99,86,EXTREME,1
2177.21,0.73,1,0,0.1877,12,5,3000.0,1200.0,0,0,0,0,13,4,NORMAL,0
2461.21,0.82,0,20,0.1969,20,3,3000.0,1200.0,0,0,0,0,3,9,NORMAL,0
8763.83,1.1,0,30,0.1025,7,5,8000.0,3200.0,0,0,0,0,14,12,NORMAL,0
60552.23,7.57,1,0,0.923,20,0,8000.0,3200.0,1,1,0,0,80,73,EXTREME,1
20623.77,4.12,1,0,0.459,14,4,5000.0,2000.0,1,1,0,0,58,76,SUSPICIOUS,1
4515.23,3.01,0,1,0.42,4,5,1500.0,600.0,1,0,0,0,57,0,SUSPICIOUS,1
3540.24,0.71,0,9,0.1518,13,5,5000.0,2000.0,0,0,0,0,2,9,NORMAL,0
1467.2,0.98,1,0,0.1002,17,5,1500.0,600.0,0,0,0,0,5,12,NORMAL,0
16503.43,11.0,1,0,0.4209,14,2,1500.0,600.0,1,1,0,0,81,84,EXTREME,1
4191.2,0.84,0,11,0.0738,9,3,5000.0,2000.0,0,0,0,0,0,13,NORMAL,0
6067.89,1.21,0,6,0.1474,13,0,5000.0,2000.0,0,0,0,0,2,12,NORMAL,0
34064.57,4.26,0,1,0.548,14,1,8000.0,3200.0,0,1,1,1,13,77,SUSPICIOUS,1
3358.51,0.67,0,29,0.1164,12,3,5000.0,2000.0,0,0,0,0,4,15,NORMAL,0
123780.38,10.32,1,0,0.6045,3,5,12000.0,4800.0,1,1,1,0,89,84,EXTREME,1
2719.73,0.91,0,12,0.1225,22,0,3000.0,1200.0,0,0,0,0,9,13,NORMAL,0
8799.26,1.1,1,0,0.196,15,0,8000.0,3200.0,0,0,0,0,3,8,NORMAL,0
12829.62,1.07,0,11,0.1631,14,3,12000.0,4800.0,0,0,0,1,6,4,NORMAL,0
2660.73,0.89,0,40,0.2093,7,6,3000.0,1200.0,0,0,0,0,2,6,NORMAL,0
914.2,0.61,0,29,0.1429,14,4,1500.0,600.0,0,0,0,0,13,12,NORMAL,0
55959.91,6.99,1,0,0.7549,12,3,8000.0,3200.0,1,1,0,0,80,77,EXTREME,1
12550.21,4.18,1,0,0.4382,4,1,3000.0,1200.0,0,0,0,0,7,14,SUSPICIOUS,1
4761.05,0.95,0,2,0.1556,13,1,5000.0,2000.0,0,0,0,0,12,1,NORMAL,0
5800.83,0.73,0,24,0.0559,12,3,8000.0,3200.0,0,0,0,0,1,7,NORMAL,0
4602.44,0.92,0,41,0.0535,19,0,5000.0,2000.0,0,0,0,0,9,6,NORMAL,0
38056.12,4.76,1,0,0.5994,3,4,8000.0,3200.0,0,1,0,0,0,76,SUSPICIOUS,1
5910.81,0.49,0,19,0.1889,12,3,12000.0,4800.0,0,0,0,0,14,11,NORMAL,0
10090.71,1.26,0,12,0.1375,8,0,8000.0,3200.0,0,0,0,0,4,8,NORMAL,0
9494.51,0.79,0,41,0.1725,13,1,12000.0,4800.0,0,0,0,0,15,3,NORMAL,0
1069.08,0.71,0,22,0.0648,21,0,1500.0,600.0,0,0,0,0,14,3,NORMAL,0
1052.06,0.7,0,15,0.2085,21,3,1500.0,600.0,0,0,0,0,2,6,NORMAL,0
7712.04,0.64,0,29,0.1619,15,2,12000.0,4800.0,0,0,0,0,7,8,NORMAL,0
40545.77,5.07,1,0,0.6177,14,2,8000.0,3200.0,1,1,0,0,86,95,EXTREME,1
37640.35,4.71,1,0,0.4973,0,0,8000.0,3200.0,1,1,1,0,68,79,SUSPICIOUS,1
11974.71,1.0,0,13,0.1171,19,4,12000.0,4800.0,0,0,1,0,13,10,NORMAL,0
8240.56,5.49,1,0,0.3382,14,2,1500.0,600.0,1,0,1,0,57,0,SUSPICIOUS,1
10900.25,0.91,0,36,0.1823,8,3,12000.0,4800.0,0,0,0,0,12,0,NORMAL,0
5552.33,0.69,0,13,0.1743,13,3,8000.0,3200.0,0,0,0,0,0,1,NORMAL,0
3421.64,1.14,0,3,0.2299,20,1,3000.0,1200.0,0,0,0,0,7,15,NORMAL,0
3225.97,1.08,0,9,0.0428,22,5,3000.0,1200.0,0,0,0,0,14,5,NORMAL,0
921.37,0.61,0,14,0.1807,10,3,1500.0,600.0,0,0,0,0,10,2,NORMAL,0
3202.7,0.64,0,13,0.0614,13,2,5000.0,2000.0,0,0,1,0,15,1,NORMAL,0
4750.02,0.4,0,7,0.1418,8,1,12000.0,4800.0,0,0,0,0,0,1,NORMAL,0
28968.32,5.79,1,0,0.4611,1,5,5000.0,2000.0,1,0,0,0,68,43,SUSPICIOUS,1
12570.13,1.05,0,18,0.0704,11,2,12000.0,4800.0,0,0,0,0,11,8,NORMAL,0
2540.73,0.85,0,12,0.1841,13,1,3000.0,1200.0,0,0,0,0,2,5,NORMAL,0
1151.88,0.77,0,34,0.1781,13,1,1500.0,600.0,0,0,0,0,0,6,NORMAL,0
15351.8,5.12,1,0,0.7931,13,5,3000.0,1200.0,1,1,0,0,98,70,EXTREME,1
46539.07,5.82,1,0,0.3986,3,0,8000.0,3200.0,0,0,0,0,16,41,SUSPICIOUS,1
10733.09,0.89,1,0,0.1929,22,3,12000.0,4800.0,0,0,0,0,12,15,NORMAL,0
10547.6,3.52,1,0,0.4917,23,5,3000.0,1200.0,0,1,1,1,16,69,SUSPICIOUS,1
977.0,0.65,0,45,0.0496,13,5,1500.0,600.0,0,0,0,0,12,2,NORMAL,0
4959.07,0.99,1,0,0.0446,8,1,5000.0,2000.0,0,0,0,0,7,11,NORMAL,0
5824.23,3.88,0,3,0.4641,19,4,1500.0,600.0,0,0,0,0,9,11,SUSPICIOUS,1
11831.3,3.94,0,2,0.5551,3,0,3000.0,1200.0,0,0,1,0,43,0,SUSPICIOUS,1
34194.47,11.4,1,0,0.7212,19,4,3000.0,1200.0,1,1,1,0,84,84,EXTREME,1
1524.17,1.02,0,40,0.1035,7,0,1500.0,600.0,0,0,0,0,15,10,NORMAL,0
1525.21,1.02,0,38,0.0898,15,0,1500.0,600.0,0,0,0,0,13,11,NORMAL,0
102552.29,8.55,1,0,0.6866,12,2,12000.0,4800.0,1,1,0,0,91,89,EXTREME,1
1643.9,1.1,0,30,0.0535,8,1,1500.0,600.0,0,0,0,0,5,4,NORMAL,0
1821.21,0.61,0,8,0.0845,16,5,3000.0,1200.0,0,0,0,0,6,6,NORMAL,0
1878.59,0.63,0,5,0.1758,16,5,3000.0,1200.0,0,0,0,0,5,10,NORMAL,0
13760.45,4.59,1,0,0.4325,19,5,3000.0,1200.0,0,1,0,1,45,68,SUSPICIOUS,1
3199.26,1.07,0,27,0.1647,9,4,3000.0,1200.0,0,0,0,0,13,0,NORMAL,0
1680.49,1.12,0,35,0.1408,16,1,1500.0,600.0,0,0,1,0,15,7,NORMAL,0
5894.78,1.18,0,10,0.2382,20,1,5000.0,2000.0,0,0,0,0,0,1,NORMAL,0
30694.7,3.84,1,0,0.509,2,2,8000.0,3200.0,1,0,0,0,50,12,SUSPICIOUS,1
53029.65,4.42,1,0,0.4313,4,1,12000.0,4800.0,0,0,0,0,7,11,SUSPICIOUS,1
22504.65,4.5,1,0,0.6475,2,6,5000.0,2000.0,1,1,1,0,89,70,EXTREME,1
12140.23,1.01,0,37,0.1048,18,1,12000.0,4800.0,0,0,0,0,6,14,NORMAL,0
55507.88,11.1,1,0,1.0023,17,2,5000.0,2000.0,1,1,0,0,80,95,EXTREME,1
45406.57,3.78,1,0,0.4007,2,5,12000.0,4800.0,1,0,0,1,56,49,SUSPICIOUS,1
23728.91,4.75,1,0,0.5733,23,5,5000.0,2000.0,1,1,1,0,58,65,SUSPICIOUS,1
1263.82,0.84,0,10,0.2356,21,0,1500.0,600.0,0,0,0,0,7,11,NORMAL,0
62829.47,5.24,1,0,0.4067,2,6,12000.0,4800.0,1,0,1,0,58,0,SUSPICIOUS,1
7849.17,0.98,0,4,0.2301,9,1,8000.0,3200.0,0,0,0,0,10,12,NORMAL,0
4932.12,0.62,0,11,0.0968,16,3,8000.0,3200.0,0,0,0,0,5,13,NORMAL,0
2969.39,0.59,0,44,0.1346,14,2,5000.0,2000.0,0,0,0,0,11,2,NORMAL,0
29144.32,5.83,1,0,0.3821,2,3,5000.0,2000.0,1,1,0,0,57,56,SUSPICIOUS,1
4946.97,0.62,1,0,0.087,14,3,8000.0,3200.0,0,0,0,0,1,13,NORMAL,0
3583.07,0.72,0,45,0.0406,22,2,5000.0,2000.0,0,0,0,0,0,2,NORMAL,0
2488.11,0.83,0,31,0.2325,8,0,3000.0,1200.0,0,0,0,0,14,2,NORMAL,0
2118.49,0.42,0,11,0.2031,11,2,5000.0,2000.0,0,0,0,0,12,0,NORMAL,0
1071.37,0.71,0,21,0.1536,16,3,1500.0,600.0,0,0,0,0,10,8,NORMAL,0
59812.09,11.96,1,0,0.5396,4,4,5000.0,2000.0,1,1,1,0,93,71,EXTREME,1
2027.29,0.68,0,13,0.2047,10,3,3000.0,1200.0,0,0,0,0,5,10,NORMAL,0
10020.3,0.84,0,30,0.1486,11,1,12000.0,4800.0,0,0,0,0,13,15,NORMAL,0
3554.57,0.44,0,39,0.1011,19,1,8000.0,3200.0,0,0,0,0,14,15,NORMAL,0
1275.23,0.26,0,30,0.2344,9,6,5000.0,2000.0,0,0,0,0,15,4,NORMAL,0
999.66,0.67,0,30,0.0438,20,1,1500.0,600.0,0,0,0,0,6,15,NORMAL,0
4744.71,0.95,0,11,0.1888,21,5,5000.0,2000.0,0,0,0,0,6,5,NORMAL,0
4980.3,3.32,1,0,0.5824,3,3,1500.0,600.0,1,0,1,0,65,4,SUSPICIOUS,1
2629.86,0.88,0,36,0.0725,7,3,3000.0,1200.0,0,0,0,0,9,10,NORMAL,0
14059.27,2.81,1,0,0.5123,4,2,5000.0,2000.0,0,0,0,1,41,7,SUSPICIOUS,0
598.84,0.4,0,7,0.2104,11,2,1500.0,600.0,0,0,0,0,8,10,NORMAL,0
1312.04,0.87,0,21,0.0857,11,2,1500.0,600.0,0,0,0,0,1,1,NORMAL,0
11395.5,0.95,0,39,0.0667,8,2,12000.0,4800.0,0,0,0,0,2,1,NORMAL,0
997.89,0.67,0,21,0.1979,11,5,1500.0,600.0,0,0,0,0,6,9,NORMAL,0
2736.19,0.91,0,10,0.1329,20,0,3000.0,1200.0,0,0,0,0,14,15,NORMAL,0
4303.37,0.86,0,32,0.1232,11,1,5000.0,2000.0,0,0,0,0,12,3,NORMAL,0
1300.74,0.87,0,10,0.1056,12,1,1500.0,600.0,0,0,0,0,9,2,NORMAL,0
8924.38,1.12,0,11,0.2002,9,5,8000.0,3200.0,0,0,0,0,3,14,NORMAL,0
2937.1,0.59,0,41,0.1226,7,0,5000.0,2000.0,0,0,0,0,5,15,NORMAL,0
6705.91,4.47,1,0,0.5627,2,3,1500.0,600.0,0,0,1,1,20,8,SUSPICIOUS,1
8729.9,2.91,0,3,0.5262,19,0,3000.0,1200.0,1,0,1,0,68,5,SUSPICIOUS,1
4605.42,0.58,0,7,0.1173,14,3,8000.0,3200.0,0,0,0,0,12,8,NORMAL,0
23826.39,4.77,1,0,0.3296,14,0,5000.0,2000.0,0,0,0,1,13,5,SUSPICIOUS,1
5289.08,0.66,0,40,0.0757,9,4,8000.0,3200.0,0,0,0,0,15,2,NORMAL,0
17109.08,5.7,1,0,0.3403,4,1,3000.0,1200.0,0,0,1,1,7,47,SUSPICIOUS,1
11266.23,1.41,0,29,0.1914,16,2,8000.0,3200.0,0,0,0,0,9,15,NORMAL,0
2368.94,0.79,0,38,0.1966,7,2,3000.0,1200.0,0,0,1,0,15,2,NORMAL,0
3257.26,1.09,0,32,0.1635,10,3,3000.0,1200.0,0,0,0,0,2,10,NORMAL,0
9419.63,1.18,0,5,0.2039,15,2,8000.0,3200.0,0,0,0,0,0,6,NORMAL,0
39247.39,7.85,1,0,0.7405,22,5,5000.0,2000.0,1,1,0,1,82,79,EXTREME,1
1671.44,0.56,0,4,0.1123,11,4,3000.0,1200.0,0,0,0,0,13,6,NORMAL,0
994.47,0.66,0,34,0.2209,17,0,1500.0,600.0,0,0,0,0,14,9,NORMAL,0
1384.37,0.92,0,35,0.2354,11,2,1500.0,600.0,0,0,0,0,5,7,NORMAL,0
21417.47,7.14,1,0,0.7679,7,4,3000.0,1200.0,1,1,0,0,81,82,EXTREME,1
13479.94,1.12,0,38,0.0494,13,4,12000.0,4800.0,0,0,1,0,2,1,NORMAL,0
5404.27,3.6,1,0,0.495,23,0,1500.0,600.0,1,0,0,0,60,40,SUSPICIOUS,1
12468.14,1.04,0,44,0.1311,8,3,12000.0,4800.0,0,0,0,0,7,7,NORMAL,0
15000.0,10.0,1,0,0.4427,19,0,1500.0,600.0,1,1,0,0,83,78,EXTREME,1
3151.78,1.05,0,26,0.1565,7,4,3000.0,1200.0,0,0,0,0,8,14,NORMAL,0
3772.59,1.26,0,18,0.2299,7,5,3000.0,1200.0,0,0,1,0,13,3,NORMAL,0
33504.89,11.17,1,0,0.8159,4,6,3000.0,1200.0,1,1,0,0,84,91,EXTREME,1
3114.36,1.04,0,25,0.0845,17,2,3000.0,1200.0,0,0,0,0,15,4,NORMAL,0
8435.67,0.7,0,42,0.1066,9,4,12000.0,4800.0,0,0,1,0,14,4,NORMAL,0
27645.9,5.53,0,2,0.3985,19,5,5000.0,2000.0,0,1,0,1,14,72,SUSPICIOUS,1
1533.77,1.02,0,18,0.2116,13,4,1500.0,600.0,0,0,1,0,15,4,NORMAL,0
6397.57,0.8,0,41,0.1103,19,2,8000.0,3200.0,0,0,0,0,14,9,NORMAL,0
11707.42,3.9,0,3,0.2073,1,4,3000.0,1200.0,0,0,1,0,15,0,SUSPICIOUS,1
5430.27,1.09,0,18,0.0831,7,0,5000.0,2000.0,0,0,0,0,11,6,NORMAL,0
1348.19,0.9,1,0,0.1157,13,2,1500.0,600.0,0,0,0,0,6,9,NORMAL,0
42319.89,3.53,1,0,0.3313,1,2,12000.0,4800.0,0,0,0,0,2,14,SUSPICIOUS,1
30919.61,3.86,1,0,0.4087,3,1,8000.0,3200.0,0,0,0,0,15,16,SUSPICIOUS,1
36698.8,4.59,1,0,0.5018,23,1,8000.0,3200.0,1,0,1,0,61,18,SUSPICIOUS,1
15000.0,10.0,1,0,0.9728,10,4,1500.0,600.0,1,1,1,0,98,70,EXTREME,1
1052.0,0.7,1,0,0.2354,17,5,1500.0,600.0,0,0,0,0,2,9,NORMAL,0
3721.79,0.74,0,25,0.1442,16,6,5000.0,2000.0,0,0,0,0,7,9,NORMAL,0
4656.56,0.93,0,12,0.2376,19,6,5000.0,2000.0,0,0,0,0,10,4,NORMAL,0
13737.79,1.14,0,5,0.1314,19,4,12000.0,4800.0,0,0,0,0,11,4,NORMAL,0
26273.49,3.28,1,0,0.2306,2,5,8000.0,3200.0,0,0,1,0,11,14,SUSPICIOUS,1
1294.06,0.86,0,34,0.0701,15,6,1500.0,600.0,0,0,0,0,6,0,NORMAL,0
4512.47,0.9,0,37,0.1165,17,3,5000.0,2000.0,0,0,0,0,6,7,NORMAL,0
5993.01,0.75,1,0,0.1154,8,1,8000.0,3200.0,0,0,0,0,12,5,NORMAL,0
55693.16,4.64,1,0,0.4706,3,6,12000.0,4800.0,0,0,0,0,6,11,SUSPICIOUS,1
9808.14,1.23,0,9,0.1376,12,0,8000.0,3200.0,0,0,0,0,15,1,NORMAL,0
10032.31,0.84,0,34,0.166,13,3,12000.0,4800.0,0,0,0,0,6,12,NORMAL,0
1245.53,0.83,0,43,0.0785,22,1,1500.0,600.0,0,0,0,0,14,9,NORMAL,0
15000.0,10.0,1,0,0.6407,17,3,1500.0,600.0,1,1,0,1,97,88,EXTREME,1
13516.44,1.13,0,20,0.1008,7,0,12000.0,4800.0,0,0,0,0,5,10,NORMAL,0
34294.25,4.29,1,0,0.3854,1,1,8000.0,3200.0,0,0,0,0,45,0,SUSPICIOUS,1
34343.24,11.45,1,0,0.6769,1,6,3000.0,1200.0,1,1,1,0,91,90,EXTREME,1
26111.34,5.22,1,0,0.589,14,2,5000.0,2000.0,0,1,0,0,14,63,SUSPICIOUS,1
91826.66,11.48,1,0,0.8995,23,1,8000.0,3200.0,1,1,1,0,86,85,EXTREME,1
21350.97,4.27,1,0,0.2085,1,6,5000.0,2000.0,0,1,0,0,12,74,SUSPICIOUS,1
16161.65,5.39,1,0,1.0478,0,6,3000.0,1200.0,1,1,1,0,92,72,EXTREME,1
4167.85,2.78,0,2,0.3929,19,4,1500.0,600.0,1,0,1,0,54,42,SUSPICIOUS,1
1154.15,0.23,0,4,0.056,21,6,5000.0,2000.0,0,0,0,0,15,10,NORMAL,0
2585.11,0.52,0,43,0.1646,12,1,5000.0,2000.0,0,0,0,0,7,13,NORMAL,0
5884.96,1.18,0,31,0.2442,7,3,5000.0,2000.0,0,0,0,0,13,1,NORMAL,0
8326.28,1.04,0,10,0.1392,14,0,8000.0,3200.0,0,0,0,0,3,5,NORMAL,0
130812.18,10.9,1,0,0.5114,2,4,12000.0,4800.0,1,1,1,1,99,87,EXTREME,1
92994.49,11.62,1,0,0.9468,21,2,8000.0,3200.0,1,1,1,0,88,81,EXTREME,1
22306.4,2.79,1,0,0.2975,0,6,8000.0,3200.0,1,0,1,1,53,16,SUSPICIOUS,0
3241.86,1.08,0,42,0.1356,16,1,3000.0,1200.0,0,0,0,0,7,3,NORMAL,0
9902.88,1.24,0,22,0.1642,7,3,8000.0,3200.0,0,0,0,0,4,1,NORMAL,0
15243.16,5.08,1,0,0.3337,14,0,3000.0,1200.0,1,1,1,0,57,78,SUSPICIOUS,1
15777.23,5.26,1,0,0.2201,14,6,3000.0,1200.0,0,1,0,0,44,53,SUSPICIOUS,1
4580.6,0.92,0,12,0.1567,13,2,5000.0,2000.0,0,0,0,0,14,10,NORMAL,0
3960.09,0.79,0,16,0.0704,19,0,5000.0,2000.0,0,0,0,0,1,6,NORMAL,0
47340.49,3.95,1,0,0.3278,0,5,12000.0,4800.0,1,0,0,0,55,43,SUSPICIOUS,1
9660.73,0.81,0,13,0.1679,12,6,12000.0,4800.0,0,0,0,0,13,9,NORMAL,0
6572.35,0.82,1,0,0.0443,16,2,8000.0,3200.0,0,0,0,0,12,5,NORMAL,0
2874.73,0.96,0,18,0.0722,10,3,3000.0,1200.0,0,0,0,0,3,11,NORMAL,0
10691.77,0.89,0,21,0.0641,7,2,12000.0,4800.0,0,0,0,0,10,8,NORMAL,0
3321.68,0.66,0,33,0.1505,11,4,5000.0,2000.0,0,0,0,0,4,9,NORMAL,0
9525.96,0.79,0,29,0.1247,10,6,12000.0,4800.0,0,0,0,0,14,1,NORMAL,0
122202.74,10.18,1,0,0.8435,0,0,12000.0,4800.0,1,1,0,1,93,72,EXTREME,1
1678.13,1.12,0,9,0.1184,20,3,1500.0,600.0,0,0,0,0,14,10,NORMAL,0
6448.86,0.81,0,41,0.208,12,5,8000.0,3200.0,0,0,0,0,8,8,NORMAL,0
1313.62,0.88,0,22,0.1044,10,6,1500.0,600.0,0,0,0,0,10,11,NORMAL,0
14613.94,1.22,0,25,0.2379,10,6,12000.0,4800.0,0,0,0,0,9,4,NORMAL,0
15000.0,10.0,1,0,0.6366,5,0,1500.0,600.0,1,1,0,0,85,70,EXTREME,1
6667.68,0.83,0,28,0.0426,10,2,8000.0,3200.0,0,0,0,0,10,5,NORMAL,0
2840.36,0.95,0,8,0.1993,11,5,3000.0,1200.0,0,0,0,0,1,8,NORMAL,0
15044.67,5.01,1,0,0.4044,3,0,3000.0,1200.0,0,0,0,1,2,9,SUSPICIOUS,1
15000.0,10.0,1,0,0.6643,20,2,1500.0,600.0,1,1,0,1,99,71,EXTREME,1
2550.42,0.85,0,17,0.1595,19,5,3000.0,1200.0,0,0,0,0,1,11,NORMAL,0
7318.3,4.88,1,0,0.2284,14,3,1500.0,600.0,0,0,0,0,13,7,SUSPICIOUS,1
11126.16,0.93,0,16,0.2389,10,5,12000.0,4800.0,0,0,0,0,12,2,NORMAL,0
2295.77,0.77,0,39,0.1999,15,1,3000.0,1200.0,0,0,0,0,12,6,NORMAL,0
4773.39,0.95,0,33,0.1151,9,2,5000.0,2000.0,0,0,0,0,12,7,NORMAL,0
6039.36,0.5,0,6,0.1875,9,1,12000.0,4800.0,0,0,0,0,0,2,NORMAL,0
1208.11,0.81,0,3,0.0568,12,6,1500.0,600.0,0,0,0,0,15,14,NORMAL,0
36540.26,4.57,1,0,0.4075,19,6,8000.0,3200.0,0,1,0,0,42,68,SUSPICIOUS,1
29887.19,5.98,1,0,0.2433,14,2,5000.0,2000.0,0,0,0,0,48,15,SUSPICIOUS,1
7555.38,0.63,0,20,0.2374,9,1,12000.0,4800.0,0,0,0,1,4,3,NORMAL,0
988.61,0.66,0,41,0.1842,18,4,1500.0,600.0,0,0,0,0,8,8,NORMAL,0
5463.18,1.09,0,18,0.0473,21,0,5000.0,2000.0,0,0,0,0,9,2,NORMAL,0
7554.46,0.94,0,25,0.0701,16,0,8000.0,3200.0,0,0,0,0,8,11,NORMAL,0
1775.65,0.59,1,0,0.0773,8,1,3000.0,1200.0,0,0,0,0,5,13,NORMAL,0
8424.53,0.7,0,13,0.1603,11,3,12000.0,4800.0,0,0,0,0,7,6,NORMAL,0
1189.75,0.79,0,9,0.0546,9,5,1500.0,600.0,0,0,0,0,5,4,NORMAL,0
38325.8,4.79,1,0,0.8424,4,2,8000.0,3200.0,1,1,0,0,82,72,EXTREME,1
4445.94,0.56,0,13,0.073,10,4,8000.0,3200.0,0,0,0,0,10,6,NORMAL,0
3721.77,1.24,0,32,0.1136,7,1,3000.0,1200.0,0,0,0,0,9,0,NORMAL,0
11819.85,0.98,1,0,0.2136,18,2,12000.0,4800.0,0,0,0,0,7,12,NORMAL,0
3712.51,0.74,0,8,0.1579,13,0,5000.0,2000.0,0,0,0,0,15,10,NORMAL,0
15339.89,3.07,0,2,0.4621,14,4,5000.0,2000.0,1,0,0,0,72,44,SUSPICIOUS,1
4270.34,0.85,0,27,0.2148,11,3,5000.0,2000.0,0,0,0,0,9,5,NORMAL,0
1473.42,0.98,0,9,0.1224,8,1,1500.0,600.0,0,0,0,0,2,3,NORMAL,0
20939.87,2.62,1,0,0.4845,19,4,8000.0,3200.0,0,1,0,0,15,59,SUSPICIOUS,1
40389.94,5.05,1,0,0.3998,3,4,8000.0,3200.0,0,0,0,0,1,13,SUSPICIOUS,1
40299.98,5.04,1,0,0.6524,2,0,8000.0,3200.0,1,1,1,1,94,85,EXTREME,1
5605.44,0.7,0,18,0.0539,19,3,8000.0,3200.0,0,0,0,0,1,12,NORMAL,0
12049.74,1.0,0,35,0.1536,16,6,12000.0,4800.0,0,0,0,0,9,8,NORMAL,0
1485.59,0.99,0,41,0.1968,19,2,1500.0,600.0,0,0,0,0,11,7,NORMAL,0
4001.66,0.8,0,13,0.1275,12,3,5000.0,2000.0,0,0,0,0,13,13,NORMAL,0
1825.63,0.61,0,23,0.1175,17,6,3000.0,1200.0,0,0,0,0,8,2,NORMAL,0
2727.54,0.91,0,7,0.0565,19,4,3000.0,1200.0,0,0,0,1,3,13,NORMAL,0
7844.04,0.98,0,22,0.2425,17,3,8000.0,3200.0,0,0,0,0,15,15,NORMAL,0
64311.17,8.04,1,0,1.0697,17,1,8000.0,3200.0,1,1,1,1,93,92,EXTREME,1
3571.0,0.71,0,25,0.1694,22,0,5000.0,2000.0,0,0,0,0,0,10,NORMAL,0
3772.19,1.26,0,32,0.2334,12,2,3000.0,1200.0,0,0,0,0,12,3,NORMAL,0
3879.5,0.78,1,0,0.1552,21,2,5000.0,2000.0,0,0,0,0,4,13,NORMAL,0
4983.31,1.0,0,12,0.0544,19,1,5000.0,2000.0,0,0,0,0,15,11,NORMAL,0
2589.72,0.86,0,3,0.1282,10,6,3000.0,1200.0,0,0,0,0,7,13,NORMAL,0
2915.64,0.97,0,44,0.2076,16,6,3000.0,1200.0,0,0,0,0,0,5,NORMAL,0
26399.71,5.28,1,0,0.6552,16,5,5000.0,2000.0,1,1,1,0,88,91,EXTREME,1
15312.33,1.28,0,44,0.1776,16,3,12000.0,4800.0,0,0,0,0,1,14,NORMAL,0
40932.2,5.12,1,0,0.54,23,2,8000.0,3200.0,0,1,0,0,41,78,SUSPICIOUS,1
3119.12,0.62,0,22,0.2314,10,6,5000.0,2000.0,0,0,0,0,0,9,NORMAL,0
5518.62,1.1,0,18,0.1226,13,1,5000.0,2000.0,0,0,0,0,7,10,NORMAL,0
35315.51,4.41,1,0,0.2769,4,4,8000.0,3200.0,0,1,0,0,8,57,SUSPICIOUS,1
1367.77,0.46,0,30,0.0724,7,4,3000.0,1200.0,0,0,0,0,4,15,NORMAL,0
5309.22,3.54,0,3,0.314,14,2,1500.0,600.0,1,0,0,1,66,3,SUSPICIOUS,1
1423.03,0.95,0,35,0.1108,17,1,1500.0,600.0,0,0,0,0,8,11,NORMAL,0
28236.89,5.65,1,0,0.4771,1,0,5000.0,2000.0,0,1,1,0,1,78,SUSPICIOUS,1
4475.42,0.9,0,7,0.1766,10,6,5000.0,2000.0,0,0,0,0,11,9,NORMAL,0
1542.59,0.51,0,32,0.2433,15,1,3000.0,1200.0,0,0,0,0,14,13,NORMAL,0
1073.27,0.72,0,3,0.2263,8,5,1500.0,600.0,0,0,0,0,10,7,NORMAL,0
15000.0,10.0,1,0,0.589,7,4,1500.0,600.0,1,1,0,0,99,86,EXTREME,1
4021.37,0.8,0,18,0.1745,13,3,5000.0,2000.0,0,0,0,0,8,13,NORMAL,0
14570.37,1.21,1,0,0.1055,17,1,12000.0,4800.0,0,0,0,0,2,1,NORMAL,0
4230.4,0.53,0,22,0.1528,15,0,8000.0,3200.0,0,0,0,0,9,15,NORMAL,0
3239.58,1.08,0,3,0.1319,17,2,3000.0,1200.0,0,0,1,0,13,1,NORMAL,0
9012.19,1.13,0,5,0.1732,22,6,8000.0,3200.0,0,0,0,0,13,11,NORMAL,0
5631.14,0.47,0,22,0.2068,14,1,12000.0,4800.0,0,0,0,0,8,12,NORMAL,0
4344.67,0.36,1,0,0.0663,7,5,12000.0,4800.0,0,0,0,0,14,13,NORMAL,0
7467.28,4.98,1,0,0.4661,23,4,1500.0,600.0,1,0,0,1,75,48,SUSPICIOUS,1
1123.94,0.75,0,11,0.1546,14,2,1500.0,600.0,0,0,1,0,7,15,NORMAL,0
2423.0,0.81,0,41,0.21,18,3,3000.0,1200.0,0,0,0,0,11,7,NORMAL,0
14175.01,1.18,0,41,0.0952,14,1,12000.0,4800.0,0,0,0,0,4,15,NORMAL,0
910.37,0.61,0,15,0.1707,15,4,1500.0,600.0,0,0,0,0,3,3,NORMAL,0
4251.74,1.42,0,13,0.2081,22,2,3000.0,1200.0,0,0,0,0,3,11,NORMAL,0
7176.91,0.9,0,42,0.1192,14,4,8000.0,3200.0,0,0,0,0,3,0,NORMAL,0
2469.01,0.82,1,0,0.1222,14,4,3000.0,1200.0,0,0,0,0,12,1,NORMAL,0
9861.06,0.82,0,38,0.2012,13,2,12000.0,4800.0,0,0,0,0,0,12,NORMAL,0
17368.01,5.79,0,1,0.2127,23,0,3000.0,1200.0,1,1,1,0,54,67,SUSPICIOUS,1
7835.46,0.98,0,37,0.0636,14,1,8000.0,3200.0,0,0,0,1,1,4,NORMAL,0
26225.95,3.28,1,0,0.2332,23,6,8000.0,3200.0,0,0,1,0,6,4,SUSPICIOUS,1
8274.67,5.52,1,0,0.5938,3,3,1500.0,600.0,1,1,0,0,53,77,SUSPICIOUS,1
2049.91,0.68,0,5,0.2242,20,5,3000.0,1200.0,0,0,1,0,7,8,NORMAL,0
8415.44,5.61,1,0,0.3398,2,1,1500.0,600.0,0,1,1,1,48,76,SUSPICIOUS,1
2278.71,0.76,0,28,0.1421,20,1,3000.0,1200.0,0,0,0,0,13,2,NORMAL,0
4473.34,0.89,0,7,0.1003,11,5,5000.0,2000.0,0,0,0,0,7,7,NORMAL,0
3122.93,1.04,0,22,0.1252,11,1,3000.0,1200.0,0,0,0,0,5,9,NORMAL,0
6019.21,0.75,0,27,0.2394,22,4,8000.0,3200.0,0,0,0,0,4,15,NORMAL,0
1651.26,1.1,0,5,0.0838,18,5,1500.0,600.0,0,0,0,0,14,14,NORMAL,0
15000.0,10.0,1,0,0.805,9,0,1500.0,600.0,1,1,0,0,94,86,EXTREME,1
37282.47,4.66,0,3,0.5064,3,3,8000.0,3200.0,1,1,0,0,71,78,SUSPICIOUS,1
7896.93,0.99,0,10,0.0508,17,1,8000.0,3200.0,0,0,0,0,3,1,NORMAL,0
1214.83,0.81,0,18,0.2357,9,1,1500.0,600.0,0,0,0,0,7,7,NORMAL,0
2339.92,0.78,0,44,0.2474,11,1,3000.0,1200.0,0,0,0,0,10,4,NORMAL,0
6107.79,0.76,0,9,0.0493,15,0,8000.0,3200.0,0,0,0,0,14,12,NORMAL,0
5312.06,1.06,0,8,0.2236,14,5,5000.0,2000.0,0,0,0,0,0,2,NORMAL,0
4854.8,0.97,1,0,0.2469,21,6,5000.0,2000.0,0,0,0,0,12,4,NORMAL,0
10073.0,0.84,1,0,0.1688,15,1,12000.0,4800.0,0,0,0,0,2,3,NORMAL,0
1025.74,0.68,0,38,0.2101,12,0,1500.0,600.0,0,0,0,0,12,4,NORMAL,0
4098.66,0.82,1,0,0.1063,7,0,5000.0,2000.0,0,0,0,0,13,13,NORMAL,0
5534.7,3.69,0,3,0.445,19,5,1500.0,600.0,0,0,1,1,10,45,SUSPICIOUS,1
3137.11,1.05,1,0,0.0868,12,4,3000.0,1200.0,0,0,0,0,7,3,NORMAL,0
3243.01,1.08,0,35,0.1757,12,1,3000.0,1200.0,0,0,0,0,11,12,NORMAL,0
7352.66,0.92,0,12,0.2023,20,1,8000.0,3200.0,0,0,0,0,8,14,NORMAL,0
13503.45,4.5,1,0,0.5568,2,3,3000.0,1200.0,0,0,1,0,14,6,SUSPICIOUS,1
14591.62,4.86,0,1,0.3584,0,0,3000.0,1200.0,0,0,0,0,5,11,SUSPICIOUS,1
1425.88,0.95,0,19,0.2294,19,5,1500.0,600.0,0,0,0,0,14,13,NORMAL,0
2336.11,0.78,0,33,0.2322,17,6,3000.0,1200.0,0,0,0,0,7,5,NORMAL,0
3268.14,1.09,0,22,0.1945,20,2,3000.0,1200.0,0,0,0,0,8,3,NORMAL,0
1096.9,0.73,1,0,0.2125,7,1,1500.0,600.0,0,0,0,0,5,8,NORMAL,0
8243.2,0.69,0,45,0.1465,16,1,12000.0,4800.0,0,0,0,0,12,8,NORMAL,0
25610.7,3.2,1,0,0.5371,0,3,8000.0,3200.0,1,1,0,0,55,58,SUSPICIOUS,0
85652.18,10.71,1,0,0.6411,13,6,8000.0,3200.0,1,1,1,1,91,72,EXTREME,1
18005.31,1.5,0,16,0.2463,7,1,12000.0,4800.0,0,0,0,0,6,8,NORMAL,0
16706.28,1.39,0,20,0.1097,8,3,12000.0,4800.0,0,0,0,0,9,5,NORMAL,0
1841.57,0.61,0,3,0.0812,22,4,3000.0,1200.0,0,0,1,0,8,8,NORMAL,0
3769.28,2.51,0,2,0.4122,19,3,1500.0,600.0,0,0,0,0,49,13,SUSPICIOUS,1
32058.85,6.41,1,0,1.1793,4,6,5000.0,2000.0,1,1,0,0,83,82,EXTREME,1
106263.83,8.86,1,0,0.5359,16,3,12000.0,4800.0,1,1,0,0,98,85,EXTREME,1
70459.55,5.87,1,0,0.6347,10,4,12000.0,4800.0,1,1,0,0,93,76,EXTREME,1
3041.91,1.01,0,44,0.0819,9,2,3000.0,1200.0,0,0,1,0,4,12,NORMAL,0
7726.19,0.97,0,37,0.0544,21,2,8000.0,3200.0,0,0,1,0,3,0,NORMAL,0
17897.15,3.58,1,0,0.2718,23,3,5000.0,2000.0,1,0,0,1,71,8,SUSPICIOUS,1
4520.08,3.01,1,0,0.4733,2,6,1500.0,600.0,0,0,0,0,15,1,SUSPICIOUS,1
5818.35,0.73,0,32,0.1506,14,6,8000.0,3200.0,0,0,0,0,4,4,NORMAL,0
7880.64,5.25,1,0,0.3443,3,1,1500.0,600.0,0,0,0,1,44,48,SUSPICIOUS,1
9394.6,1.17,0,20,0.0702,13,1,8000.0,3200.0,0,0,0,0,1,2,NORMAL,0
22165.88,4.43,1,0,0.4593,0,5,5000.0,2000.0,1,1,0,0,68,61,SUSPICIOUS,1
22522.51,7.51,1,0,0.6802,6,0,3000.0,1200.0,1,1,0,1,84,92,EXTREME,1
9961.87,0.83,0,37,0.1012,21,0,12000.0,4800.0,0,0,0,0,8,12,NORMAL,0
117711.11,9.81,1,0,0.4388,4,0,12000.0,4800.0,1,1,1,1,87,93,EXTREME,1
2451.38,0.82,0,33,0.0951,13,0,3000.0,1200.0,0,0,0,0,13,9,NORMAL,0
16730.89,3.35,1,0,0.4123,23,6,5000.0,2000.0,0,1,0,0,20,63,SUSPICIOUS,1
973.57,0.65,0,34,0.1243,15,2,1500.0,600.0,0,0,0,0,4,2,NORMAL,0
6245.36,4.16,0,1,0.4047,1,4,1500.0,600.0,0,1,0,0,0,59,SUSPICIOUS,1
16806.79,5.6,1,0,0.5907,3,2,3000.0,1200.0,1,0,1,0,72,11,SUSPICIOUS,1
1160.75,0.77,0,22,0.2114,7,0,1500.0,600.0,0,0,0,1,13,9,NORMAL,0
3015.38,1.01,0,25,0.1592,14,4,3000.0,1200.0,0,0,0,0,13,14,NORMAL,0
1102.65,0.74,1,0,0.1883,7,0,1500.0,600.0,0,0,0,1,2,7,NORMAL,0
1752.56,0.58,0,44,0.0735,18,5,3000.0,1200.0,0,0,0,0,9,7,NORMAL,0
4190.02,0.84,0,29,0.1874,17,3,5000.0,2000.0,0,0,0,0,1,4,NORMAL,0
8233.38,5.49,1,0,0.3582,2,2,1500.0,600.0,1,0,0,1,59,5,SUSPICIOUS,1
6098.02,0.51,0,11,0.0985,15,1,12000.0,4800.0,0,0,0,0,13,1,NORMAL,0
7926.11,5.28,1,0,0.4322,1,0,1500.0,600.0,0,0,0,1,41,41,SUSPICIOUS,1
1685.46,1.12,0,35,0.2138,20,6,1500.0,600.0,0,0,0,0,11,6,NORMAL,0
13909.47,1.16,0,44,0.0532,18,5,12000.0,4800.0,0,0,0,0,6,4,NORMAL,0
8044.55,0.67,0,25,0.0899,11,5,12000.0,4800.0,0,0,1,0,8,10,NORMAL,0
15024.13,5.01,1,0,0.5846,0,5,3000.0,1200.0,0,0,1,0,8,13,SUSPICIOUS,1
8366.93,1.05,0,39,0.1622,12,2,8000.0,3200.0,0,0,0,0,12,12,NORMAL,0
3084.25,1.03,0,39,0.131,20,4,3000.0,1200.0,0,0,0,0,0,3,NORMAL,0
11943.44,1.0,0,14,0.2147,8,2,12000.0,4800.0,0,0,0,0,9,14,NORMAL,0
1943.92,0.65,0,41,0.0971,11,5,3000.0,1200.0,0,0,0,0,5,2,NORMAL,0
2910.26,0.97,0,7,0.2127,19,3,3000.0,1200.0,0,0,0,0,2,15,NORMAL,0
6597.34,0.82,0,31,0.2211,10,1,8000.0,3200.0,0,0,0,0,13,0,NORMAL,0
1549.38,0.52,0,39,0.1245,9,3,3000.0,1200.0,0,0,0,0,11,1,NORMAL,0
1078.38,0.72,0,44,0.0421,13,2,1500.0,600.0,0,0,0,0,3,15,NORMAL,0
8524.74,0.71,0,14,0.2326,22,3,12000.0,4800.0,0,0,0,0,6,12,NORMAL,0
1891.0,1.26,0,11,0.0491,20,6,1500.0,600.0,0,0,0,0,12,9,NORMAL,0
1710.05,0.57,0,39,0.1841,14,0,3000.0,1200.0,0,0,0,0,2,4,NORMAL,0
5453.08,3.64,1,0,0.3006,3,0,1500.0,600.0,0,0,1,1,35,20,SUSPICIOUS,1
64380.7,5.37,0,1,0.5016,2,5,12000.0,4800.0,1,0,0,0,74,5,SUSPICIOUS,1
10359.12,0.86,0,20,0.1733,22,2,12000.0,4800.0,0,0,0,0,6,7,NORMAL,0
2401.88,0.8,0,11,0.1073,11,4,3000.0,1200.0,0,0,0,0,15,8,NORMAL,0
25666.08,8.56,1,0,1.1585,6,1,3000.0,1200.0,1,1,1,1,84,85,EXTREME,1
13655.92,4.55,1,0,0.2493,1,3,3000.0,1200.0,0,0,1,1,16,12,SUSPICIOUS,1
5859.07,0.49,0,23,0.1955,11,4,12000.0,4800.0,0,0,0,0,13,12,NORMAL,0
7456.01,0.62,0,22,0.1468,14,6,12000.0,4800.0,0,0,0,1,0,14,NORMAL,0
3264.73,0.65,0,14,0.2157,7,3,5000.0,2000.0,0,0,0,0,15,7,NORMAL,0
80435.15,6.7,1,0,0.897,14,3,12000.0,4800.0,1,1,1,0,91,77,EXTREME,1
2927.58,0.59,0,38,0.2459,17,5,5000.0,2000.0,0,0,0,0,7,6,NORMAL,0
35645.85,11.88,1,0,0.5577,23,2,3000.0,1200.0,1,1,0,0,80,82,EXTREME,1
1796.84,0.36,0,17,0.0858,7,1,5000.0,2000.0,0,0,0,0,10,8,NORMAL,0
2194.46,0.73,0,36,0.041,19,3,3000.0,1200.0,0,0,0,0,8,9,NORMAL,0
4229.82,0.53,0,37,0.1848,19,4,8000.0,3200.0,0,0,0,0,5,12,NORMAL,0
3858.35,0.77,0,32,0.201,8,5,5000.0,2000.0,0,0,0,0,3,3,NORMAL,0
630.14,0.42,0,16,0.2078,22,0,1500.0,600.0,0,0,0,0,10,10,NORMAL,0
3840.55,0.77,0,19,0.1713,15,1,5000.0,2000.0,0,0,0,0,7,13,NORMAL,0
1387.8,0.93,0,9,0.0872,12,1,1500.0,600.0,0,0,0,0,11,2,NORMAL,0
1258.22,0.84,0,44,0.0655,7,2,1500.0,600.0,0,0,0,0,1,9,NORMAL,0
34273.82,2.86,1,0,0.3269,0,5,12000.0,4800.0,0,1,0,0,3,65,SUSPICIOUS,1
14268.45,2.85,1,0,0.2573,3,2,5000.0,2000.0,0,1,0,1,11,63,SUSPICIOUS,1
58731.24,7.34,1,0,0.5089,23,6,8000.0,3200.0,1,1,0,1,90,87,EXTREME,1
23723.87,2.97,1,0,0.2174,1,3,8000.0,3200.0,0,1,0,0,43,59,SUSPICIOUS,1
7347.52,0.92,0,9,0.1627,8,1,8000.0,3200.0,0,0,0,0,14,12,NORMAL,0
27076.26,5.42,1,0,0.3771,4,5,5000.0,2000.0,1,1,0,0,73,64,SUSPICIOUS,1
15000.0,10.0,1,0,0.5314,11,1,1500.0,600.0,1,1,1,0,90,75,EXTREME,1
17708.59,5.9,1,0,0.2668,1,4,3000.0,1200.0,1,1,1,0,72,69,SUSPICIOUS,1
37772.77,4.72,1,0,0.586,3,0,8000.0,3200.0,0,1,1,1,10,64,SUSPICIOUS,1
8869.81,5.91,0,3,0.5649,19,5,1500.0,600.0,1,1,0,0,70,80,SUSPICIOUS,1
28405.78,5.68,1,0,0.2849,1,0,5000.0,2000.0,0,0,0,0,48,9,SUSPICIOUS,1
10137.61,0.84,0,26,0.1604,21,5,12000.0,4800.0,0,0,0,0,4,0,NORMAL,0
38423.19,7.68,1,0,0.4043,10,2,5000.0,2000.0,1,1,1,1,80,77,EXTREME,1
20001.96,2.5,1,0,0.4985,4,6,8000.0,3200.0,1,0,1,0,63,4,SUSPICIOUS,1
13336.87,4.45,1,0,0.3447,14,6,3000.0,1200.0,0,0,0,0,11,49,SUSPICIOUS,1
10600.7,0.88,0,43,0.1641,17,2,12000.0,4800.0,0,0,0,0,15,2,NORMAL,0
5094.58,1.02,0,8,0.1288,20,3,5000.0,2000.0,0,0,0,0,9,8,NORMAL,0
1406.01,0.94,0,23,0.2177,20,0,1500.0,600.0,0,0,0,0,0,0,NORMAL,0
25387.31,5.08,1,0,0.3373,1,0,5000.0,2000.0,1,1,0,1,65,68,SUSPICIOUS,1
4677.62,0.94,0,25,0.0866,8,5,5000.0,2000.0,0,0,0,0,14,6,NORMAL,0
6944.28,0.87,0,44,0.0723,9,1,8000.0,3200.0,0,0,0,0,3,7,NORMAL,0
7143.42,1.43,0,35,0.0515,8,4,5000.0,2000.0,0,0,0,0,15,11,NORMAL,0
24272.95,4.85,1,0,1.1767,23,3,5000.0,2000.0,1,1,0,0,80,70,EXTREME,1
6643.34,0.83,0,30,0.096,19,0,8000.0,3200.0,0,0,0,0,8,4,NORMAL,0
3605.66,0.72,0,31,0.1454,7,6,5000.0,2000.0,0,0,0,0,5,4,NORMAL,0
29736.31,3.72,1,0,0.262,23,1,8000.0,3200.0,0,0,1,1,9,1,SUSPICIOUS,1
5783.32,1.16,0,31,0.2031,19,6,5000.0,2000.0,0,0,0,0,2,10,NORMAL,0
2888.62,0.96,0,2,0.1998,16,2,3000.0,1200.0,0,0,0,0,3,11,NORMAL,0
1448.55,0.97,0,14,0.2162,18,0,1500.0,600.0,0,0,0,0,8,13,NORMAL,0
9311.3,1.16,0,36,0.0982,17,2,8000.0,3200.0,0,0,0,0,14,13,NORMAL,0
14368.33,1.2,0,43,0.2333,19,3,12000.0,4800.0,0,0,1,0,6,14,NORMAL,0
1560.51,1.04,0,32,0.1223,10,3,1500.0,600.0,0,0,0,0,8,6,NORMAL,0
15000.0,10.0,1,0,1.0402,5,2,1500.0,600.0,1,1,1,0,91,73,EXTREME,1
10360.15,0.86,0,9,0.1539,7,4,12000.0,4800.0,0,0,0,0,2,0,NORMAL,0
8056.21,1.01,0,39,0.1829,7,5,8000.0,3200.0,0,0,0,0,3,0,NORMAL,0
5911.92,1.18,0,37,0.0919,7,6,5000.0,2000.0,0,0,0,1,6,1,NORMAL,0
43403.37,5.43,0,3,0.5747,19,1,8000.0,3200.0,0,1,1,1,19,52,SUSPICIOUS,1
3513.22,0.7,0,42,0.1458,12,5,5000.0,2000.0,0,0,0,0,1,5,NORMAL,0
14190.17,1.18,0,15,0.1688,22,2,12000.0,4800.0,0,0,0,0,5,4,NORMAL,0
7537.75,0.63,0,21,0.2199,11,0,12000.0,4800.0,0,0,0,0,8,10,NORMAL,0
1591.28,0.53,0,7,0.0854,8,0,3000.0,1200.0,0,0,0,0,6,12,NORMAL,0
1687.22,0.56,0,31,0.2427,14,2,3000.0,1200.0,0,0,0,0,13,3,NORMAL,0
2198.87,0.73,0,20,0.143,17,3,3000.0,1200.0,0,0,0,0,4,14,NORMAL,0
5530.8,1.11,0,15,0.2421,15,2,5000.0,2000.0,0,0,0,0,9,12,NORMAL,0
38434.96,3.2,1,0,0.5794,19,0,12000.0,4800.0,0,1,1,0,13,73,SUSPICIOUS,1
7969.91,1.0,0,5,0.2419,20,4,8000.0,3200.0,0,0,0,0,12,11,NORMAL,0
4021.7,2.68,1,0,0.3611,4,6,1500.0,600.0,0,0,0,0,37,47,SUSPICIOUS,1
1296.26,0.86,0,17,0.1095,9,1,1500.0,600.0,0,0,0,0,14,3,NORMAL,0
9958.38,0.83,0,39,0.1603,11,4,12000.0,4800.0,0,0,0,0,3,1,NORMAL,0
1386.53,0.92,0,36,0.2222,17,4,1500.0,600.0,0,0,0,0,2,5,NORMAL,0
2795.26,0.93,0,31,0.1311,20,6,3000.0,1200.0,0,0,0,0,1,7,NORMAL,0
21092.46,4.22,0,2,0.2596,4,3,5000.0,2000.0,0,0,1,0,12,43,SUSPICIOUS,1
20516.15,4.1,1,0,0.6616,1,6,5000.0,2000.0,1,1,0,0,99,70,EXTREME,1
21917.09,2.74,0,3,0.5842,4,0,8000.0,3200.0,0,1,1,0,13,54,SUSPICIOUS,1
8625.49,0.72,0,14,0.1415,16,5,12000.0,4800.0,0,0,0,0,13,9,NORMAL,0
5006.42,1.0,1,0,0.134,21,3,5000.0,2000.0,0,0,0,0,5,2,NORMAL,0
2339.79,0.78,0,36,0.1956,17,4,3000.0,1200.0,0,0,0,0,7,0,NORMAL,0
4906.46,0.98,0,5,0.1327,11,2,5000.0,2000.0,0,0,0,0,15,10,NORMAL,0
31825.84,6.37,1,0,0.9537,6,2,5000.0,2000.0,1,1,0,1,85,87,EXTREME,1
60296.52,7.54,1,0,1.1244,3,5,8000.0,3200.0,1,1,1,0,83,94,EXTREME,1
2022.94,0.25,1,0,0.218,21,4,8000.0,3200.0,0,0,0,0,2,4,NORMAL,0
4397.94,0.88,1,0,0.1702,18,3,5000.0,2000.0,0,0,0,0,2,0,NORMAL,0
3245.8,0.65,0,5,0.0524,13,2,5000.0,2000.0,0,0,0,0,10,6,NORMAL,0
6481.7,0.81,0,10,0.0703,20,2,8000.0,3200.0,0,0,0,0,3,2,NORMAL,0
5367.21,0.67,0,38,0.1987,13,3,8000.0,3200.0,0,0,0,0,14,10,NORMAL,0
36991.98,4.62,0,1,0.3561,3,4,8000.0,3200.0,0,1,1,0,17,73,SUSPICIOUS,1
3163.8,1.05,0,8,0.0857,9,5,3000.0,1200.0,0,0,0,0,10,5,NORMAL,0
10425.86,3.48,1,0,0.5447,1,1,3000.0,1200.0,1,0,0,0,69,5,SUSPICIOUS,1
2265.21,0.76,0,18,0.1134,21,0,3000.0,1200.0,0,0,0,0,10,9,NORMAL,0
986.02,0.66,0,39,0.1875,16,1,1500.0,600.0,0,0,0,0,4,8,NORMAL,0
37706.93,3.14,1,0,0.3866,1,6,12000.0,4800.0,0,0,0,0,36,18,SUSPICIOUS,0
1845.24,1.23,0,7,0.1251,21,1,1500.0,600.0,0,0,0,0,7,6,NORMAL,0
1881.89,1.25,0,4,0.1375,18,0,1500.0,600.0,0,0,0,0,10,6,NORMAL,0
62550.51,7.82,1,0,1.0291,9,0,8000.0,3200.0,1,1,0,1,91,79,EXTREME,1
9246.89,0.77,0,8,0.1333,18,2,12000.0,4800.0,0,0,0,0,13,6,NORMAL,0
1262.04,0.84,0,33,0.2437,17,0,1500.0,600.0,0,0,1,0,7,0,NORMAL,0
6858.34,4.57,0,1,0.2699,2,3,1500.0,600.0,0,0,1,0,7,12,SUSPICIOUS,1
3610.93,0.72,0,31,0.133,16,1,5000.0,2000.0,0,0,0,0,6,14,NORMAL,0
15000.0,10.0,1,0,0.8507,0,5,1500.0,600.0,1,1,1,1,100,79,EXTREME,1
2376.1,0.79,0,2,0.204,13,5,3000.0,1200.0,0,0,0,0,10,0,NORMAL,0
9173.95,0.76,1,0,0.0506,10,6,12000.0,4800.0,0,0,0,0,3,5,NORMAL,0
98.61,0.02,0,24,0.184,11,1,5000.0,2000.0,0,0,0,0,2,5,NORMAL,0
23041.27,4.61,1,0,0.4349,17,6,5000.0,2000.0,1,1,0,0,80,92,EXTREME,1
1053.67,0.7,0,25,0.1662,14,2,1500.0,600.0,0,0,0,0,12,3,NORMAL,0
6629.57,4.42,1,0,0.4702,2,5,1500.0,600.0,0,1,0,1,17,65,SUSPICIOUS,1
15000.0,10.0,1,0,0.6455,15,5,1500.0,600.0,1,1,1,0,80,85,EXTREME,1
15527.4,3.11,1,0,0.5731,4,5,5000.0,2000.0,0,1,0,0,17,65,SUSPICIOUS,1
2440.42,0.31,1,0,0.1343,16,0,8000.0,3200.0,0,0,0,0,13,10,NORMAL,0
1253.69,0.84,0,41,0.1131,20,1,1500.0,600.0,0,0,0,0,10,9,NORMAL,0
6425.67,0.8,0,42,0.1098,7,2,8000.0,3200.0,0,0,0,0,9,10,NORMAL,0
5845.33,1.17,0,34,0.2369,9,4,5000.0,2000.0,0,0,0,0,12,7,NORMAL,0
35524.99,11.84,1,0,0.6549,17,5,3000.0,1200.0,1,1,0,1,91,72,EXTREME,1
9896.15,1.24,0,34,0.234,10,3,8000.0,3200.0,0,0,0,0,4,13,NORMAL,0
4164.97,0.83,0,3,0.1113,20,0,5000.0,2000.0,0,0,0,0,10,6,NORMAL,0
1472.73,0.98,0,19,0.1243,19,1,1500.0,600.0,0,0,0,0,4,11,NORMAL,0
9078.26,0.76,0,27,0.0593,21,5,12000.0,4800.0,0,0,0,0,13,2,NORMAL,0
815.49,0.54,1,0,0.1759,22,5,1500.0,600.0,0,0,0,0,9,1,NORMAL,0
11340.72,0.95,0,28,0.1099,7,0,12000.0,4800.0,0,0,0,0,7,2,NORMAL,0
7538.6,0.94,0,37,0.0734,15,6,8000.0,3200.0,0,0,1,0,4,5,NORMAL,0
2454.54,0.31,0,5,0.1354,16,6,8000.0,3200.0,0,0,0,0,12,1,NORMAL,0
1565.68,0.52,0,34,0.2399,9,6,3000.0,1200.0,0,0,0,0,12,1,NORMAL,0
8904.9,1.11,0,43,0.1451,18,6,8000.0,3200.0,0,0,0,0,15,14,NORMAL,0
69111.55,5.76,1,0,0.2003,23,1,12000.0,4800.0,0,0,0,0,5,45,SUSPICIOUS,1
24124.07,3.02,0,1,0.351,19,3,8000.0,3200.0,1,0,0,0,74,13,SUSPICIOUS,1
4200.06,0.84,0,41,0.1368,19,4,5000.0,2000.0,0,0,0,0,1,8,NORMAL,0
2417.37,0.2,0,12,0.1087,19,3,12000.0,4800.0,0,0,0,0,4,9,NORMAL,0
4184.99,0.84,0,42,0.1164,9,3,5000.0,2000.0,0,0,0,0,13,5,NORMAL,0
15969.8,5.32,0,1,0.3439,14,6,3000.0,1200.0,0,0,1,0,10,2,SUSPICIOUS,1
8044.73,0.67,0,16,0.0537,13,0,12000.0,4800.0,0,0,0,0,11,7,NORMAL,0
2201.7,0.73,0,43,0.2492,14,0,3000.0,1200.0,0,0,0,0,10,12,NORMAL,0
14471.7,1.21,0,16,0.1804,8,3,12000.0,4800.0,0,0,0,0,15,3,NORMAL,0
20728.41,6.91,1,0,0.4659,21,3,3000.0,1200.0,1,1,0,0,99,84,EXTREME,1
5968.37,0.75,0,32,0.0613,21,5,8000.0,3200.0,0,0,0,0,11,4,NORMAL,0
1622.95,1.08,0,24,0.1486,10,6,1500.0,600.0,0,0,0,0,7,7,NORMAL,0
82947.07,6.91,1,0,1.112,1,2,12000.0,4800.0,1,1,0,1,89,72,EXTREME,1
1134.52,0.76,1,0,0.1989,8,1,1500.0,600.0,0,0,0,0,0,15,NORMAL,0
8759.49,0.73,0,17,0.1988,14,6,12000.0,4800.0,0,0,0,0,8,12,NORMAL,0
1271.55,0.25,0,32,0.1665,13,2,5000.0,2000.0,0,0,0,0,0,8,NORMAL,0
13199.04,4.4,1,0,0.2799,19,0,3000.0,1200.0,1,1,0,0,65,52,SUSPICIOUS,1
862.0,0.57,0,9,0.1463,19,5,1500.0,600.0,0,0,0,0,1,13,NORMAL,0
64045.32,5.34,1,0,0.9693,2,3,12000.0,4800.0,1,1,0,1,99,84,EXTREME,1
5172.37,0.65,0,23,0.2244,16,1,8000.0,3200.0,0,0,1,0,0,11,NORMAL,0
8379.86,5.59,0,1,0.4113,2,3,1500.0,600.0,0,0,1,0,12,47,SUSPICIOUS,1
85299.49,10.66,1,0,0.8465,0,5,8000.0,3200.0,1,1,0,0,99,71,EXTREME,1
10082.58,3.36,0,3,0.4552,14,1,3000.0,1200.0,0,1,1,0,11,61,SUSPICIOUS,1
1342.68,0.9,0,39,0.1828,11,5,1500.0,600.0,0,0,0,0,11,4,NORMAL,0
2284.91,0.76,0,22,0.2045,7,3,3000.0,1200.0,0,0,0,0,13,8,NORMAL,0
3985.06,0.8,0,11,0.1167,10,5,5000.0,2000.0,0,0,1,0,6,15,NORMAL,0
43560.93,5.45,1,0,0.3243,14,3,8000.0,3200.0,1,0,0,0,53,18,SUSPICIOUS,1
64461.23,5.37,1,0,0.5588,19,5,12000.0,4800.0,1,0,0,0,75,18,SUSPICIOUS,1
6342.45,4.23,1,0,0.4213,2,5,1500.0,600.0,0,0,0,0,12,44,SUSPICIOUS,1
1973.58,1.32,0,23,0.1783,9,5,1500.0,600.0,0,0,0,1,9,10,NORMAL,0
4405.83,0.88,0,8,0.1419,13,5,5000.0,2000.0,0,0,0,0,7,14,NORMAL,0
7092.93,4.73,1,0,0.3683,1,1,1500.0,600.0,1,1,1,0,68,79,SUSPICIOUS,1
1402.96,0.94,0,8,0.1297,18,6,1500.0,600.0,0,0,0,0,9,5,NORMAL,0
16652.95,5.55,1,0,0.2055,4,1,3000.0,1200.0,1,1,0,0,59,77,SUSPICIOUS,1
6597.85,1.32,0,2,0.1553,7,5,5000.0,2000.0,0,0,0,0,10,4,NORMAL,0
1259.99,0.84,0,21,0.2201,20,1,1500.0,600.0,0,0,0,0,0,7,NORMAL,0
23828.23,2.98,0,1,0.5999,3,1,8000.0,3200.0,1,1,1,0,75,55,SUSPICIOUS,1
1849.88,1.23,0,13,0.2083,14,4,1500.0,600.0,0,0,0,0,13,9,NORMAL,0
4136.48,0.83,0,43,0.1419,21,2,5000.0,2000.0,0,0,0,0,10,9,NORMAL,0
3293.16,1.1,0,43,0.1928,7,4,3000.0,1200.0,0,0,1,0,3,14,NORMAL,0
12877.13,1.07,0,33,0.2476,16,1,12000.0,4800.0,0,0,0,0,4,13,NORMAL,0
1591.54,0.53,0,39,0.2485,21,3,3000.0,1200.0,0,0,0,0,1,14,NORMAL,0
8146.84,5.43,1,0,0.2924,4,3,1500.0,600.0,0,1,1,0,45,79,SUSPICIOUS,1
45822.46,3.82,1,0,0.306,19,1,12000.0,4800.0,1,0,0,0,50,4,SUSPICIOUS,1
12745.61,1.06,0,43,0.2072,9,0,12000.0,4800.0,0,0,0,0,8,11,NORMAL,0
10008.2,1.25,0,36,0.2257,7,2,8000.0,3200.0,0,0,0,0,1,14,NORMAL,0
6315.86,1.26,0,31,0.2113,21,5,5000.0,2000.0,0,0,0,1,2,0,NORMAL,0
1983.79,0.66,1,0,0.051,17,5,3000.0,1200.0,0,0,0,0,4,15,NORMAL,0
3114.53,1.04,0,16,0.0671,16,6,3000.0,1200.0,0,0,0,0,15,7,NORMAL,0
1568.73,1.05,0,4,0.2282,16,5,1500.0,600.0,0,0,0,0,11,11,NORMAL,0
32970.45,2.75,0,3,0.2402,2,6,12000.0,4800.0,0,1,1,0,0,76,SUSPICIOUS,1
7350.79,0.92,0,10,0.0638,11,5,8000.0,3200.0,0,0,1,0,7,12,NORMAL,0
43764.36,5.47,0,2,0.5124,19,4,8000.0,3200.0,1,1,1,1,50,52,SUSPICIOUS,1
1617.64,1.08,0,13,0.0985,7,3,1500.0,600.0,0,0,0,0,5,14,NORMAL,0
3691.06,0.31,0,26,0.1598,11,4,12000.0,4800.0,0,0,0,0,15,8,NORMAL,0
5142.39,1.03,0,5,0.2427,17,0,5000.0,2000.0,0,0,0,0,5,9,NORMAL,0
1458.61,0.97,0,37,0.1724,16,2,1500.0,600.0,0,0,0,0,1,6,NORMAL,0
3243.14,1.08,0,40,0.0777,19,6,3000.0,1200.0,0,0,0,0,5,10,NORMAL,0
2069.51,0.69,0,32,0.118,18,6,3000.0,1200.0,0,0,0,0,8,2,NORMAL,0
3367.89,1.12,0,13,0.2359,21,0,3000.0,1200.0,0,0,0,0,1,4,NORMAL,0
840.79,0.56,0,39,0.1593,12,1,1500.0,600.0,0,0,0,0,4,6,NORMAL,0
7051.62,0.88,0,19,0.2459,16,2,8000.0,3200.0,0,0,0,0,3,5,NORMAL,0
1262.76,0.84,0,30,0.2107,20,3,1500.0,600.0,0,0,0,0,0,14,NORMAL,0
23849.85,4.77,1,0,0.2014,19,0,5000.0,2000.0,0,1,0,0,41,63,SUSPICIOUS,1
703.38,0.23,0,7,0.0767,17,0,3000.0,1200.0,0,0,0,0,2,13,NORMAL,0
5572.64,3.72,1,0,0.5986,1,5,1500.0,600.0,0,1,1,0,43,68,SUSPICIOUS,1
8667.43,0.72,0,19,0.123,22,2,12000.0,4800.0,0,0,0,0,12,10,NORMAL,0
23994.99,4.8,1,0,0.2929,2,2,5000.0,2000.0,0,0,0,0,44,0,SUSPICIOUS,1
1810.18,1.21,1,0,0.1043,15,3,1500.0,600.0,0,0,0,0,11,0,NORMAL,0
3511.07,0.7,0,12,0.1116,11,1,5000.0,2000.0,0,0,0,0,0,7,NORMAL,0
13480.97,4.49,1,0,0.4806,4,6,3000.0,1200.0,1,1,0,0,55,67,SUSPICIOUS,1
11186.05,0.93,0,14,0.2349,18,1,12000.0,4800.0,0,0,0,0,1,3,NORMAL,0
8993.23,1.12,0,7,0.0509,21,6,8000.0,3200.0,0,0,0,0,13,6,NORMAL,0
8915.96,0.74,0,29,0.1292,18,1,12000.0,4800.0,0,0,0,0,11,2,NORMAL,0
44877.38,3.74,0,2,0.4476,1,5,12000.0,4800.0,0,1,0,1,40,65,SUSPICIOUS,1
2095.51,0.7,0,24,0.1124,18,0,3000.0,1200.0,0,0,0,0,0,7,NORMAL,0
4914.45,0.61,0,34,0.2108,7,2,8000.0,3200.0,0,0,0,0,0,2,NORMAL,0
2973.37,0.99,0,19,0.1304,8,0,3000.0,1200.0,0,0,0,0,3,2,NORMAL,0
47069.05,5.88,1,0,0.9053,23,6,8000.0,3200.0,1,1,0,0,82,70,EXTREME,1
2797.81,0.56,0,23,0.1358,13,6,5000.0,2000.0,0,0,0,0,7,3,NORMAL,0
1581.83,1.05,0,33,0.1252,19,2,1500.0,600.0,0,0,0,0,8,13,NORMAL,0
1329.57,0.89,1,0,0.1029,12,4,1500.0,600.0,0,0,0,0,14,3,NORMAL,0
624.19,0.42,0,45,0.2335,9,1,1500.0,600.0,0,0,1,0,14,10,NORMAL,0
1195.17,0.8,0,28,0.1901,10,3,1500.0,600.0,0,0,0,0,7,10,NORMAL,0
10417.83,0.87,0,9,0.225,22,3,12000.0,4800.0,0,0,0,0,5,3,NORMAL,0
1033.73,0.69,0,7,0.2095,12,2,1500.0,600.0,0,0,0,0,10,6,NORMAL,0
9088.32,1.14,0,32,0.0692,7,4,8000.0,3200.0,0,0,0,0,6,15,NORMAL,0
3643.42,0.46,0,36,0.1657,13,6,8000.0,3200.0,0,0,1,0,15,10,NORMAL,0
1389.72,0.93,0,4,0.2318,12,3,1500.0,600.0,0,0,0,0,0,7,NORMAL,0
29868.88,3.73,1,0,0.3592,0,2,8000.0,3200.0,0,1,0,0,15,71,SUSPICIOUS,1
2412.57,0.8,0,21,0.1392,8,0,3000.0,1200.0,0,0,0,0,10,5,NORMAL,0
7755.18,0.97,0,26,0.1589,13,2,8000.0,3200.0,0,0,0,0,6,15,NORMAL,0
4965.48,0.62,0,45,0.1248,19,2,8000.0,3200.0,0,0,0,0,2,9,NORMAL,0
2287.93,0.76,0,14,0.0659,15,5,3000.0,1200.0,0,0,0,0,3,8,NORMAL,0
16951.14,5.65,1,0,0.4257,23,6,3000.0,1200.0,0,1,1,0,10,74,SUSPICIOUS,1
3227.29,1.08,0,13,0.0449,10,3,3000.0,1200.0,0,0,0,0,6,8,NORMAL,0
28829.06,5.77,1,0,0.4348,0,0,5000.0,2000.0,1,1,0,0,60,73,SUSPICIOUS,1
2425.14,0.81,0,34,0.2498,13,6,3000.0,1200.0,0,0,1,0,6,1,NORMAL,0
4857.62,0.61,0,35,0.1076,12,6,8000.0,3200.0,0,0,1,0,10,15,NORMAL,0
5322.52,0.67,0,12,0.054,12,2,8000.0,3200.0,0,0,0,0,15,2,NORMAL,0
2079.73,0.69,0,32,0.109,19,1,3000.0,1200.0,0,0,0,0,14,12,NORMAL,0
9787.86,1.22,0,35,0.2236,14,4,8000.0,3200.0,0,0,0,0,13,5,NORMAL,0
2302.01,0.77,0,28,0.1625,17,3,3000.0,1200.0,0,0,0,0,3,15,NORMAL,0
1641.47,1.09,1,0,0.0808,18,3,1500.0,600.0,0,0,0,0,9,8,NORMAL,0
7159.39,0.89,0,45,0.1419,16,4,8000.0,3200.0,0,0,0,0,4,14,NORMAL,0
2392.77,0.8,0,45,0.0803,10,4,3000.0,1200.0,0,0,0,0,7,0,NORMAL,0
1503.18,1.0,0,33,0.0903,11,0,1500.0,600.0,0,0,0,0,6,13,NORMAL,0
76975.49,9.62,1,0,0.5136,15,4,8000.0,3200.0,1,1,1,1,89,85,EXTREME,1
1243.84,0.83,0,39,0.1461,11,0,1500.0,600.0,0,0,0,0,9,3,NORMAL,0
3372.5,1.12,0,13,0.157,18,3,3000.0,1200.0,0,0,0,0,1,3,NORMAL,0
71587.77,5.97,1,0,0.2432,14,2,12000.0,4800.0,1,0,1,0,62,0,SUSPICIOUS,1
37205.12,4.65,1,0,0.2816,19,5,8000.0,3200.0,0,1,0,0,6,76,SUSPICIOUS,1
2538.48,0.85,0,38,0.0543,21,2,3000.0,1200.0,0,0,0,0,2,5,NORMAL,0
68831.18,5.74,1,0,0.3768,14,3,12000.0,4800.0,1,1,1,0,56,74,SUSPICIOUS,1
8172.23,5.45,1,0,0.4632,3,0,1500.0,600.0,0,0,0,0,43,41,SUSPICIOUS,1
141737.54,11.81,1,0,0.5413,3,6,12000.0,4800.0,1,1,0,1,97,76,EXTREME,1
33084.19,4.14,1,0,0.4717,1,6,8000.0,3200.0,0,1,1,0,0,70,SUSPICIOUS,1
2275.74,0.76,0,13,0.0504,18,4,3000.0,1200.0,0,0,0,0,0,0,NORMAL,0
1551.9,1.03,0,20,0.1791,20,1,1500.0,600.0,0,0,0,0,4,0,NORMAL,0
8492.5,1.06,0,28,0.2492,14,5,8000.0,3200.0,0,0,0,0,8,2,NORMAL,0
4148.13,0.83,0,13,0.2463,8,6,5000.0,2000.0,0,0,0,0,4,1,NORMAL,0
8364.19,1.05,0,8,0.1162,21,2,8000.0,3200.0,0,0,0,0,15,14,NORMAL,0
1743.99,0.58,0,20,0.0839,20,3,3000.0,1200.0,0,0,0,0,13,9,NORMAL,0
23571.03,4.71,0,3,0.2031,3,2,5000.0,2000.0,1,0,0,0,59,43,SUSPICIOUS,1
5057.17,1.01,0,30,0.207,19,2,5000.0,2000.0,0,0,1,0,1,12,NORMAL,0
6185.01,1.24,0,34,0.112,13,6,5000.0,2000.0,0,0,0,0,13,7,NORMAL,0
26115.27,8.71,1,0,1.1704,19,2,3000.0,1200.0,1,1,0,0,100,80,EXTREME,1
14309.28,4.77,1,0,0.5477,19,0,3000.0,1200.0,1,0,0,0,61,42,SUSPICIOUS,1
77773.71,9.72,1,0,0.9335,14,5,8000.0,3200.0,1,1,1,0,81,82,EXTREME,1
5543.11,0.69,0,5,0.2367,9,4,8000.0,3200.0,0,0,0,0,14,2,NORMAL,0
4921.95,0.41,0,14,0.0961,9,0,12000.0,4800.0,0,0,0,0,10,10,NORMAL,0
10271.56,3.42,0,2,0.2527,19,6,3000.0,1200.0,0,0,0,1,16,5,SUSPICIOUS,1
1456.55,0.97,0,23,0.2249,19,6,1500.0,600.0,0,0,0,0,9,13,NORMAL,0
15000.0,10.0,1,0,0.5773,8,4,1500.0,600.0,1,1,0,1,98,77,EXTREME,1
7455.75,0.93,0,40,0.2378,22,5,8000.0,3200.0,0,0,0,0,0,1,NORMAL,0
50.0,0.0,0,12,0.1572,19,0,12000.0,4800.0,0,0,0,0,5,10,NORMAL,0
1915.35,0.38,1,0,0.2226,10,0,5000.0,2000.0,0,0,1,0,5,5,NORMAL,0
1058.88,0.35,1,0,0.0452,11,1,3000.0,1200.0,0,0,1,0,6,14,NORMAL,0
3959.44,0.33,0,13,0.2356,14,1,12000.0,4800.0,0,0,0,0,4,6,NORMAL,0
1379.62,0.92,0,2,0.0721,13,1,1500.0,600.0,0,0,0,0,10,5,NORMAL,0
1000.81,0.67,0,10,0.0674,10,3,1500.0,600.0,0,0,1,0,9,12,NORMAL,0
5642.68,0.47,0,34,0.1951,15,3,12000.0,4800.0,0,0,0,0,13,0,NORMAL,0
13143.21,1.1,1,0,0.1944,21,3,12000.0,4800.0,0,0,0,0,0,8,NORMAL,0
37830.95,3.15,0,1,0.5095,14,5,12000.0,4800.0,0,1,1,0,19,75,SUSPICIOUS,1
9700.44,1.21,0,23,0.0849,13,5,8000.0,3200.0,0,0,0,0,15,9,NORMAL,0
1160.83,0.77,1,0,0.0791,15,6,1500.0,600.0,0,0,0,0,1,11,NORMAL,0
5909.57,3.94,0,3,0.5857,3,0,1500.0,600.0,1,1,0,1,51,74,SUSPICIOUS,1
9414.27,1.18,0,26,0.1724,17,6,8000.0,3200.0,0,0,0,0,9,10,NORMAL,0
8196.95,0.68,0,19,0.0648,11,1,12000.0,4800.0,0,0,0,0,13,12,NORMAL,0
2950.73,0.98,0,13,0.0869,9,4,3000.0,1200.0,0,0,0,0,14,6,NORMAL,0
2688.15,0.54,0,23,0.0704,7,2,5000.0,2000.0,0,0,0,0,11,4,NORMAL,0
1030.16,0.69,0,28,0.1834,13,4,1500.0,600.0,0,0,0,0,0,14,NORMAL,0
8764.85,2.92,1,0,0.5081,14,1,3000.0,1200.0,0,0,1,0,19,42,SUSPICIOUS,1
7592.14,2.53,1,0,0.4836,14,6,3000.0,1200.0,1,0,0,1,70,18,SUSPICIOUS,1
1284.62,0.86,0,33,0.046,12,3,1500.0,600.0,0,0,0,0,6,0,NORMAL,0
10600.97,0.88,0,5,0.0514,8,1,12000.0,4800.0,0,0,0,0,0,2,NORMAL,0
6728.61,4.49,1,0,0.4236,2,0,1500.0,600.0,0,1,0,0,0,74,SUSPICIOUS,1
34413.46,2.87,1,0,0.3161,19,4,12000.0,4800.0,0,1,0,0,45,58,SUSPICIOUS,0
24933.16,3.12,1,0,0.2558,23,5,8000.0,3200.0,0,0,0,0,11,16,SUSPICIOUS,0
1697.4,1.13,0,21,0.0734,12,5,1500.0,600.0,0,0,0,0,1,11,NORMAL,0
2476.04,0.83,0,16,0.1386,18,4,3000.0,1200.0,0,0,0,0,15,10,NORMAL,0
9081.57,1.14,0,18,0.2173,16,3,8000.0,3200.0,0,0,0,0,12,1,NORMAL,0
4616.26,0.92,0,11,0.0786,7,6,5000.0,2000.0,0,0,0,0,0,0,NORMAL,0
1414.15,0.94,0,6,0.1311,8,4,1500.0,600.0,0,0,0,0,14,0,NORMAL,0
5085.85,3.39,1,0,0.2642,1,4,1500.0,600.0,1,0,0,0,57,40,SUSPICIOUS,1
3331.28,0.67,0,6,0.1148,10,6,5000.0,2000.0,0,0,0,0,7,8,NORMAL,0
7215.51,0.6,0,7,0.1782,21,5,12000.0,4800.0,0,0,0,0,7,0,NORMAL,0
9522.68,0.79,0,24,0.1783,17,6,12000.0,4800.0,0,0,0,0,15,4,NORMAL,0
4781.33,0.4,0,8,0.1496,10,3,12000.0,4800.0,0,0,0,0,4,5,NORMAL,0
16479.48,5.49,1,0,0.2936,4,5,3000.0,1200.0,0,1,1,0,40,80,SUSPICIOUS,1
22385.68,4.48,1,0,0.3442,4,2,5000.0,2000.0,0,1,1,0,0,60,SUSPICIOUS,1
1561.0,0.52,0,7,0.1563,21,0,3000.0,1200.0,0,0,0,0,0,12,NORMAL,0
2699.17,0.9,0,28,0.0599,8,4,3000.0,1200.0,0,0,0,0,9,9,NORMAL,0
1447.62,0.97,0,33,0.1663,19,5,1500.0,600.0,0,0,0,0,5,13,NORMAL,0
9579.04,3.19,1,0,0.4571,23,6,3000.0,1200.0,0,1,0,0,4,75,SUSPICIOUS,1
4739.83,0.59,0,24,0.075,17,4,8000.0,3200.0,0,0,0,0,0,7,NORMAL,0
4384.33,1.46,0,23,0.2086,9,5,3000.0,1200.0,0,0,0,0,6,2,NORMAL,0
5338.97,3.56,1,0,0.4648,23,0,1500.0,600.0,1,0,0,1,50,2,SUSPICIOUS,1
7268.72,0.91,0,39,0.2377,14,0,8000.0,3200.0,0,0,0,0,9,11,NORMAL,0
4917.97,0.98,0,22,0.2332,20,5,5000.0,2000.0,0,0,0,0,12,0,NORMAL,0
4331.86,0.87,0,8,0.0654,7,4,5000.0,2000.0,0,0,0,0,3,0,NORMAL,0
1983.24,0.66,0,42,0.2166,19,0,3000.0,1200.0,0,0,0,0,10,1,NORMAL,0
873.92,0.58,1,0,0.2208,7,6,1500.0,600.0,0,0,0,0,6,0,NORMAL,0
3966.65,0.79,0,5,0.2452,21,4,5000.0,2000.0,0,0,0,0,14,1,NORMAL,0
3045.93,1.02,0,7,0.231,16,5,3000.0,1200.0,0,0,0,0,4,14,NORMAL,0
42931.43,5.37,0,1,0.3736,2,4,8000.0,3200.0,0,0,1,0,15,17,SUSPICIOUS,1
3118.81,0.62,0,44,0.1107,8,3,5000.0,2000.0,0,0,0,0,10,10,NORMAL,0
11099.38,0.92,0,23,0.0773,15,1,12000.0,4800.0,0,0,0,0,15,10,NORMAL,0
5726.08,3.82,1,0,0.3347,14,2,1500.0,600.0,0,0,1,1,49,12,SUSPICIOUS,1
654.14,0.44,0,2,0.0462,18,6,1500.0,600.0,0,0,0,0,5,1,NORMAL,0
4593.52,0.92,1,0,0.2144,19,4,5000.0,2000.0,0,0,0,0,7,2,NORMAL,0
2269.82,0.76,0,28,0.1441,15,6,3000.0,1200.0,0,0,0,0,8,8,NORMAL,0
8679.75,2.89,1,0,0.2267,0,3,3000.0,1200.0,0,0,0,0,44,15,SUSPICIOUS,1
7627.51,0.95,0,14,0.0717,7,6,8000.0,3200.0,0,0,0,0,6,0,NORMAL,0
32379.25,6.48,1,0,0.6814,9,5,5000.0,2000.0,1,1,1,0,84,86,EXTREME,1
10927.35,0.91,0,11,0.0642,17,4,12000.0,4800.0,0,0,0,0,15,0,NORMAL,0
4475.11,0.9,0,11,0.1876,13,3,5000.0,2000.0,0,0,0,0,0,4,NORMAL,0
2477.38,0.83,0,40,0.0658,10,1,3000.0,1200.0,0,0,0,0,7,5,NORMAL,0
2954.79,0.59,0,21,0.0404,13,2,5000.0,2000.0,0,0,0,0,7,12,NORMAL,0
9639.09,0.8,0,38,0.0622,8,1,12000.0,4800.0,0,0,0,0,0,12,NORMAL,0
5692.62,0.71,0,14,0.0441,7,5,8000.0,3200.0,0,0,0,0,1,7,NORMAL,0
36607.32,7.32,1,0,1.1051,14,3,5000.0,2000.0,1,1,1,0,82,77,EXTREME,1
9526.45,3.18,1,0,0.5847,3,6,3000.0,1200.0,1,1,1,1,51,59,SUSPICIOUS,0
13914.16,2.78,0,3,0.5931,4,6,5000.0,2000.0,1,0,0,0,71,13,SUSPICIOUS,1
1196.36,0.8,1,0,0.1509,11,2,1500.0,600.0,0,0,0,0,13,2,NORMAL,0
16870.69,5.62,0,3,0.3611,14,1,3000.0,1200.0,0,0,0,0,47,49,SUSPICIOUS,1
9251.7,0.77,1,0,0.1159,7,6,12000.0,4800.0,0,0,0,0,9,6,NORMAL,0
3935.53,0.79,0,40,0.096,8,3,5000.0,2000.0,0,0,1,0,9,5,NORMAL,0
3332.86,0.42,0,43,0.1252,9,1,8000.0,3200.0,0,0,0,0,14,0,NORMAL,0
952.64,0.32,0,41,0.1587,9,4,3000.0,1200.0,0,0,0,0,1,13,NORMAL,0
4757.46,0.95,0,25,0.0764,7,6,5000.0,2000.0,0,0,0,0,6,1,NORMAL,0
5799.01,0.72,0,8,0.2062,22,2,8000.0,3200.0,0,0,0,0,6,6,NORMAL,0
11994.75,1.0,1,0,0.2359,7,0,12000.0,4800.0,0,0,0,0,6,13,NORMAL,0
26811.81,5.36,1,0,0.3035,2,0,5000.0,2000.0,1,1,1,1,56,74,SUSPICIOUS,1
11194.8,0.93,0,20,0.1071,19,4,12000.0,4800.0,0,0,0,0,5,5,NORMAL,0
14927.16,1.24,0,21,0.1999,7,3,12000.0,4800.0,0,0,0,0,4,3,NORMAL,0
69227.69,5.77,1,0,0.4351,23,4,12000.0,4800.0,0,1,0,0,49,57,SUSPICIOUS,1
1282.05,0.85,0,41,0.1383,8,3,1500.0,600.0,0,0,0,0,7,11,NORMAL,0
1139.66,0.76,0,41,0.1333,16,0,1500.0,600.0,0,0,0,0,14,7,NORMAL,0
3643.54,1.21,0,9,0.2032,7,6,3000.0,1200.0,0,0,0,0,6,6,NORMAL,0
5795.21,0.48,0,44,0.1623,17,4,12000.0,4800.0,0,0,0,0,2,8,NORMAL,0
6729.41,0.84,0,26,0.0886,9,5,8000.0,3200.0,0,0,0,0,1,1,NORMAL,0
1901.57,1.27,0,16,0.1719,10,4,1500.0,600.0,0,0,0,0,11,3,NORMAL,0
16814.55,1.4,0,15,0.0983,19,0,12000.0,4800.0,0,0,0,0,14,2,NORMAL,0
3156.14,0.63,0,3,0.1418,18,5,5000.0,2000.0,0,0,0,0,12,13,NORMAL,0
8551.67,1.07,0,38,0.0512,8,0,8000.0,3200.0,0,0,0,0,6,11,NORMAL,0
91660.89,11.46,1,0,0.8628,2,1,8000.0,3200.0,1,1,1,0,99,75,EXTREME,1
1168.43,0.78,0,39,0.2171,19,3,1500.0,600.0,0,0,0,0,12,3,NORMAL,0
36212.97,4.53,1,0,0.4263,2,3,8000.0,3200.0,1,1,0,0,68,55,SUSPICIOUS,1
58016.8,4.83,1,0,0.5282,0,5,12000.0,4800.0,0,0,1,0,11,10,SUSPICIOUS,1
1862.92,1.24,0,17,0.2122,20,5,1500.0,600.0,0,0,0,0,13,11,NORMAL,0
62474.18,5.21,0,2,0.2098,14,5,12000.0,4800.0,0,1,0,1,8,77,SUSPICIOUS,1
94794.28,7.9,1,0,1.0644,17,5,12000.0,4800.0,1,1,1,1,86,76,EXTREME,1
1070.19,0.71,1,0,0.1809,17,4,1500.0,600.0,0,0,0,0,8,15,NORMAL,0
18991.39,3.8,1,0,0.2693,3,3,5000.0,2000.0,0,0,0,0,6,0,SUSPICIOUS,1
3971.07,0.5,0,27,0.0437,22,3,8000.0,3200.0,0,0,0,0,2,4,NORMAL,0
4416.8,0.88,0,23,0.1228,11,6,5000.0,2000.0,0,0,0,0,1,15,NORMAL,0
9218.09,0.77,0,42,0.1595,15,6,12000.0,4800.0,0,0,0,0,1,3,NORMAL,0
11413.43,0.95,0,13,0.1209,12,6,12000.0,4800.0,0,0,0,0,7,12,NORMAL,0
9985.2,1.25,0,4,0.0465,12,6,8000.0,3200.0,0,0,0,0,5,10,NORMAL,0
5370.65,0.67,1,0,0.1027,13,2,8000.0,3200.0,0,0,0,0,11,6,NORMAL,0
964.34,0.64,0,35,0.1432,22,4,1500.0,600.0,0,0,0,0,7,13,NORMAL,0
1687.46,1.12,0,24,0.0793,16,3,1500.0,600.0,0,0,0,0,7,9,NORMAL,0
5570.89,3.71,1,0,0.518,3,5,1500.0,600.0,0,0,0,1,9,3,SUSPICIOUS,1
9917.48,0.83,1,0,0.0774,9,2,12000.0,4800.0,0,0,0,0,6,8,NORMAL,0
8451.47,5.63,1,0,0.2227,23,2,1500.0,600.0,0,1,1,1,5,64,SUSPICIOUS,1
855.95,0.57,0,28,0.1722,7,3,1500.0,600.0,0,0,0,0,11,1,NORMAL,0
32807.78,4.1,1,0,0.5572,0,3,8000.0,3200.0,1,0,0,0,64,6,SUSPICIOUS,1
8649.83,1.08,0,41,0.1739,9,5,8000.0,3200.0,0,0,0,0,14,4,NORMAL,0
29461.34,5.89,1,0,0.4152,23,6,5000.0,2000.0,1,1,1,0,62,78,SUSPICIOUS,1
1140.42,0.76,1,0,0.0841,22,6,1500.0,600.0,0,0,0,0,14,0,NORMAL,0
5123.36,1.02,0,25,0.0533,13,4,5000.0,2000.0,0,0,0,0,7,5,NORMAL,0
9637.74,1.2,0,9,0.0485,21,2,8000.0,3200.0,0,0,0,0,8,2,NORMAL,0
15000.0,10.0,1,0,0.4722,13,6,1500.0,600.0,1,1,0,0,80,93,EXTREME,1
6287.13,0.52,0,9,0.0726,10,2,12000.0,4800.0,0,0,0,0,15,3,NORMAL,0
58896.9,11.78,1,0,0.4859,2,2,5000.0,2000.0,1,1,1,0,100,79,EXTREME,1
2206.38,0.74,0,23,0.1687,20,6,3000.0,1200.0,0,0,0,0,1,1,NORMAL,0
5765.6,1.15,0,3,0.1703,11,5,5000.0,2000.0,0,0,0,0,15,14,NORMAL,0
51716.93,4.31,1,0,0.2797,1,3,12000.0,4800.0,0,1,0,0,46,79,SUSPICIOUS,1
2255.96,0.75,0,32,0.1824,18,1,3000.0,1200.0,0,0,0,0,15,11,NORMAL,0
6856.64,0.86,0,27,0.2096,8,5,8000.0,3200.0,0,0,0,0,12,4,NORMAL,0
5029.04,1.01,0,41,0.1721,13,0,5000.0,2000.0,0,0,0,1,7,7,NORMAL,0
3777.84,1.26,0,27,0.0482,12,6,3000.0,1200.0,0,0,0,0,10,10,NORMAL,0
4166.75,0.83,0,7,0.0414,20,4,5000.0,2000.0,0,0,0,0,15,6,NORMAL,0
12028.01,4.01,0,1,0.2996,1,0,3000.0,1200.0,0,0,1,0,3,19,SUSPICIOUS,1
49517.25,4.13,1,0,0.2998,1,1,12000.0,4800.0,1,1,1,1,66,74,SUSPICIOUS,1
1469.52,0.29,0,7,0.0444,17,0,5000.0,2000.0,0,0,0,0,4,14,NORMAL,0
23823.52,4.76,0,2,0.5856,2,3,5000.0,2000.0,1,1,0,0,73,59,SUSPICIOUS,1
1042.88,0.7,0,33,0.0799,18,4,1500.0,600.0,0,0,0,0,11,4,NORMAL,0
2864.51,0.95,0,2,0.2201,17,3,3000.0,1200.0,0,0,0,0,12,5,NORMAL,0
2308.97,0.77,0,7,0.1261,10,6,3000.0,1200.0,0,0,0,0,7,10,NORMAL,0
10077.04,0.84,0,23,0.238,17,6,12000.0,4800.0,0,0,0,0,5,10,NORMAL,0
6075.66,0.76,0,42,0.0508,8,3,8000.0,3200.0,0,0,0,0,6,11,NORMAL,0
2373.26,0.79,0,34,0.2125,11,0,3000.0,1200.0,0,0,0,0,11,9,NORMAL,0
1796.46,0.6,0,13,0.1692,12,3,3000.0,1200.0,0,0,0,0,2,12,NORMAL,0
71715.02,8.96,1,0,1.1404,20,4,8000.0,3200.0,1,1,0,0,81,71,EXTREME,1
15126.11,10.08,1,0,0.461,13,0,1500.0,600.0,1,1,1,0,85,90,EXTREME,1
1398.47,0.93,0,8,0.1988,18,4,1500.0,600.0,0,0,0,0,9,15,NORMAL,0
5607.2,0.7,0,34,0.2213,16,4,8000.0,3200.0,0,0,0,0,7,13,NORMAL,0
2572.51,0.86,0,4,0.1581,13,2,3000.0,1200.0,0,0,0,0,14,2,NORMAL,0
3762.08,1.25,0,8,0.1039,9,2,3000.0,1200.0,0,0,0,0,15,0,NORMAL,0
893.19,0.6,1,0,0.0958,7,2,1500.0,600.0,0,0,0,1,5,12,NORMAL,0
3839.8,0.77,0,33,0.1962,20,5,5000.0,2000.0,0,0,0,0,3,9,NORMAL,0
3637.51,0.73,1,0,0.0531,14,6,5000.0,2000.0,0,0,0,0,13,3,NORMAL,0
20453.09,4.09,1,0,0.3029,23,1,5000.0,2000.0,1,0,0,0,58,19,SUSPICIOUS,1
2112.28,0.42,0,24,0.2121,11,2,5000.0,2000.0,0,0,1,0,2,3,NORMAL,0
1663.94,1.11,0,2,0.2054,12,1,1500.0,600.0,0,0,0,0,6,9,NORMAL,0
2261.85,0.28,0,20,0.1563,18,2,8000.0,3200.0,0,0,0,0,11,10,NORMAL,0
3028.66,0.61,0,25,0.2105,17,5,5000.0,2000.0,0,0,0,0,0,1,NORMAL,0
1478.72,0.99,0,43,0.1369,12,4,1500.0,600.0,0,0,0,0,12,14,NORMAL,0
4777.23,0.4,0,7,0.1603,11,4,12000.0,4800.0,0,0,0,0,10,0,NORMAL,0
1016.38,0.68,0,21,0.2492,14,6,1500.0,600.0,0,0,1,0,9,3,NORMAL,0
2510.09,0.84,0,3,0.0622,13,0,3000.0,1200.0,0,0,0,0,3,2,NORMAL,0
2448.76,0.82,0,36,0.156,16,4,3000.0,1200.0,0,0,0,0,13,13,NORMAL,0
2011.77,0.67,0,19,0.1944,10,6,3000.0,1200.0,0,0,0,0,11,7,NORMAL,0
1565.2,1.04,0,7,0.1659,15,1,1500.0,600.0,0,0,0,0,12,1,NORMAL,0
15000.0,10.0,1,0,0.5901,22,2,1500.0,600.0,1,1,0,0,88,78,EXTREME,1
8482.08,1.06,0,18,0.1035,9,5,8000.0,3200.0,0,0,0,1,2,0,NORMAL,0
11729.0,0.98,0,25,0.0838,8,1,12000.0,4800.0,0,0,0,0,5,13,NORMAL,0
8293.45,5.53,1,0,0.5829,19,0,1500.0,600.0,0,0,1,0,36,9,SUSPICIOUS,1
8755.16,1.09,0,38,0.1575,11,1,8000.0,3200.0,0,0,0,0,9,1,NORMAL,0
3628.9,0.73,0,41,0.2203,22,4,5000.0,2000.0,0,0,0,0,1,10,NORMAL,0
2605.42,0.87,0,5,0.1098,15,0,3000.0,1200.0,0,0,0,0,13,7,NORMAL,0
2091.61,0.7,0,30,0.2341,8,6,3000.0,1200.0,0,0,0,0,0,13,NORMAL,0
1925.71,0.64,0,14,0.1682,7,5,3000.0,1200.0,0,0,0,0,0,10,NORMAL,0
6001.49,0.75,0,20,0.2012,10,6,8000.0,3200.0,0,0,0,0,14,1,NORMAL,0
1615.08,1.08,0,39,0.0893,18,6,1500.0,600.0,0,0,0,0,3,6,NORMAL,0
15000.0,5.0,1,0,0.4184,18,5,3000.0,1200.0,1,1,0,0,89,79,EXTREME,1
15000.0,10.0,1,0,0.5653,3,0,1500.0,600.0,1,1,1,1,85,89,EXTREME,1
6048.14,0.76,0,36,0.2005,17,1,8000.0,3200.0,0,0,0,0,13,2,NORMAL,0
7322.37,0.92,0,39,0.1193,7,1,8000.0,3200.0,0,0,0,0,10,3,NORMAL,0
1571.9,1.05,0,17,0.2402,12,3,1500.0,600.0,0,0,0,0,10,15,NORMAL,0
7875.64,5.25,1,0,0.401,4,0,1500.0,600.0,1,0,1,0,70,7,SUSPICIOUS,1
34860.24,6.97,1,0,0.93,13,3,5000.0,2000.0,1,1,1,0,92,92,EXTREME,1
5436.79,3.62,1,0,0.569,1,0,1500.0,600.0,1,0,1,0,59,45,SUSPICIOUS,1
3535.12,0.71,1,0,0.174,17,1,5000.0,2000.0,0,0,0,0,9,4,NORMAL,0
11228.87,0.94,0,28,0.179,20,4,12000.0,4800.0,0,0,0,0,14,13,NORMAL,0
64264.09,5.36,1,0,0.3869,2,4,12000.0,4800.0,0,0,1,0,3,40,SUSPICIOUS,1
69774.78,8.72,1,0,0.9672,13,2,8000.0,3200.0,1,1,0,0,81,79,EXTREME,1
5505.95,0.69,1,0,0.1558,16,0,8000.0,3200.0,0,0,0,0,0,7,NORMAL,0
2846.0,0.57,0,42,0.2212,8,0,5000.0,2000.0,0,0,0,0,7,0,NORMAL,0
12609.18,1.05,0,3,0.1458,15,2,12000.0,4800.0,0,0,0,0,12,0,NORMAL,0
3404.81,0.68,0,11,0.0452,13,0,5000.0,2000.0,0,0,0,0,4,4,NORMAL,0
1105.85,0.37,0,19,0.0508,18,3,3000.0,1200.0,0,0,0,0,2,7,NORMAL,0
1868.23,0.37,0,18,0.1421,21,4,5000.0,2000.0,0,0,0,0,2,4,NORMAL,0
4169.53,0.83,0,32,0.0888,18,0,5000.0,2000.0,0,0,0,0,10,9,NORMAL,0
7507.9,0.94,0,30,0.1879,20,3,8000.0,3200.0,0,0,0,0,8,15,NORMAL,0
25290.89,5.06,1,0,0.5276,3,2,5000.0,2000.0,1,1,1,0,53,61,SUSPICIOUS,1
4173.6,0.52,0,4,0.0452,14,1,8000.0,3200.0,0,0,0,0,13,15,NORMAL,0
5133.72,0.64,0,16,0.2438,8,0,8000.0,3200.0,0,0,0,0,14,4,NORMAL,0
15000.0,10.0,1,0,0.8991,15,4,1500.0,600.0,1,1,0,1,87,92,EXTREME,1
43958.69,3.66,1,0,0.3501,3,2,12000.0,4800.0,0,0,0,0,39,44,SUSPICIOUS,1
8931.93,1.12,0,22,0.1774,13,4,8000.0,3200.0,0,0,0,0,4,5,NORMAL,0
1931.18,0.64,0,23,0.1473,14,6,3000.0,1200.0,0,0,0,0,8,12,NORMAL,0
1292.42,0.86,0,21,0.1548,11,2,1500.0,600.0,0,0,0,0,4,12,NORMAL,0
10433.66,0.87,1,0,0.0805,18,0,12000.0,4800.0,0,0,0,0,11,12,NORMAL,0
14832.28,1.24,0,34,0.2223,21,0,12000.0,4800.0,0,0,0,0,4,2,NORMAL,0
7570.11,0.95,0,28,0.0608,18,2,8000.0,3200.0,0,0,0,0,11,0,NORMAL,0
1384.87,0.17,0,35,0.1326,7,0,8000.0,3200.0,0,0,0,0,6,13,NORMAL,0
912.76,0.61,1,0,0.0825,21,3,1500.0,600.0,0,0,0,0,3,7,NORMAL,0
1940.87,0.65,0,23,0.1645,18,3,3000.0,1200.0,0,0,0,0,8,5,NORMAL,0
2702.61,0.9,0,40,0.1512,13,6,3000.0,1200.0,0,0,0,0,10,8,NORMAL,0
745.95,0.5,1,0,0.2329,15,1,1500.0,600.0,0,0,0,0,12,14,NORMAL,0
1552.98,0.52,0,8,0.1144,9,0,3000.0,1200.0,0,0,1,1,8,7,NORMAL,0
3894.36,0.78,0,4,0.2021,12,2,5000.0,2000.0,0,0,0,0,1,9,NORMAL,0
8085.43,1.01,0,7,0.1378,14,2,8000.0,3200.0,0,0,0,0,10,2,NORMAL,0
5150.8,1.03,0,39,0.1858,22,1,5000.0,2000.0,0,0,0,0,9,15,NORMAL,0
1304.01,0.87,0,40,0.0719,12,6,1500.0,600.0,0,0,0,0,9,2,NORMAL,0
35071.72,4.38,1,0,0.2957,3,0,8000.0,3200.0,1,0,0,0,57,19,SUSPICIOUS,1
8578.53,1.07,1,0,0.1147,11,5,8000.0,3200.0,0,0,0,0,4,0,NORMAL,0
3394.32,1.13,0,30,0.1703,10,5,3000.0,1200.0,0,0,0,1,15,14,NORMAL,0
1321.14,0.88,0,36,0.0496,18,6,1500.0,600.0,0,0,0,0,10,2,NORMAL,0
5533.53,1.11,0,40,0.1556,14,5,5000.0,2000.0,0,0,0,0,3,2,NORMAL,0
71605.14,5.97,1,0,0.6419,11,1,12000.0,4800.0,1,1,1,1,90,90,EXTREME,1
33540.1,4.19,1,0,0.6733,9,1,8000.0,3200.0,1,1,1,0,84,89,EXTREME,1
80336.99,6.69,1,0,0.4082,18,0,12000.0,4800.0,1,1,0,0,90,85,EXTREME,1
3922.1,0.78,1,0,0.2022,14,5,5000.0,2000.0,0,0,0,0,13,5,NORMAL,0
2245.39,0.75,0,12,0.109,18,1,3000.0,1200.0,0,0,0,0,12,10,NORMAL,0
10819.28,3.61,1,0,0.4768,2,0,3000.0,1200.0,0,1,1,0,40,58,SUSPICIOUS,1
17775.98,5.93,1,0,0.5428,2,2,3000.0,1200.0,1,0,0,0,66,18,SUSPICIOUS,1
919.88,0.61,0,44,0.2192,12,6,1500.0,600.0,0,0,0,0,2,3,NORMAL,0
2495.38,0.83,0,16,0.2211,8,3,3000.0,1200.0,0,0,0,0,8,6,NORMAL,0
8476.03,1.06,0,40,0.0495,11,0,8000.0,3200.0,0,0,0,0,13,10,NORMAL,0
5718.52,1.14,0,29,0.1745,21,1,5000.0,2000.0,0,0,0,0,6,14,NORMAL,0
1140.76,0.38,0,31,0.1784,22,5,3000.0,1200.0,0,0,0,0,13,10,NORMAL,0
6831.82,0.85,0,20,0.1281,18,5,8000.0,3200.0,0,0,0,0,15,1,NORMAL,0
1342.69,0.9,1,0,0.0687,7,5,1500.0,600.0,0,0,0,0,11,6,NORMAL,0
19901.49,6.63,1,0,0.452,1,5,3000.0,1200.0,1,1,0,0,84,78,EXTREME,1
4892.85,0.98,0,25,0.1763,11,3,5000.0,2000.0,0,0,0,0,14,8,NORMAL,0
2160.85,0.72,0,21,0.0798,11,1,3000.0,1200.0,0,0,0,0,6,14,NORMAL,0
7583.92,2.53,1,0,0.284,2,6,3000.0,1200.0,1,0,0,1,54,40,SUSPICIOUS,1
4273.75,0.85,0,27,0.2108,12,6,5000.0,2000.0,0,0,0,0,5,15,NORMAL,0
8636.24,0.72,0,34,0.055,11,3,12000.0,4800.0,0,0,0,0,5,8,NORMAL,0
32548.78,4.07,1,0,0.3062,4,2,8000.0,3200.0,1,0,0,0,66,4,SUSPICIOUS,1
4872.16,0.97,0,38,0.1669,16,4,5000.0,2000.0,0,0,0,0,5,15,NORMAL,0
3588.32,0.72,0,33,0.1311,15,0,5000.0,2000.0,0,0,1,0,7,0,NORMAL,0
7338.04,0.92,1,0,0.1286,14,2,8000.0,3200.0,0,0,0,0,3,12,NORMAL,0
13832.33,1.15,0,18,0.1963,15,6,12000.0,4800.0,0,0,0,0,12,9,NORMAL,0
5000.64,0.63,0,26,0.181,17,3,8000.0,3200.0,0,0,0,1,13,0,NORMAL,0
5654.62,0.71,0,19,0.2078,17,0,8000.0,3200.0,0,0,0,0,7,1,NORMAL,0
1342.57,0.45,0,16,0.1014,17,6,3000.0,1200.0,0,0,0,0,15,9,NORMAL,0
42134.26,3.51,1,0,0.3743,4,4,12000.0,4800.0,0,0,0,0,7,42,SUSPICIOUS,1
5831.27,1.17,0,20,0.0573,21,2,5000.0,2000.0,0,0,0,1,8,3,NORMAL,0
3851.07,1.28,0,40,0.1091,18,5,3000.0,1200.0,0,0,0,0,14,12,NORMAL,0
2911.91,0.58,0,35,0.1676,16,4,5000.0,2000.0,0,0,0,0,1,14,NORMAL,0
38606.1,7.72,1,0,0.8435,0,0,5000.0,2000.0,1,1,0,0,89,93,EXTREME,1
52211.11,4.35,1,0,0.9311,22,1,12000.0,4800.0,1,1,0,1,92,85,EXTREME,1
22530.28,4.51,1,0,0.441,3,2,5000.0,2000.0,1,1,0,0,66,78,SUSPICIOUS,1
52542.71,6.57,1,0,0.5314,2,2,8000.0,3200.0,1,1,1,1,90,72,EXTREME,1
6339.08,1.27,0,16,0.1953,11,4,5000.0,2000.0,0,0,1,0,10,4,NORMAL,0
1369.31,0.91,0,20,0.0692,20,6,1500.0,600.0,0,0,0,0,7,15,NORMAL,0
39345.45,4.92,1,0,0.4286,4,3,8000.0,3200.0,0,1,0,0,11,61,SUSPICIOUS,1
12803.45,2.56,0,2,0.3881,19,2,5000.0,2000.0,0,0,0,1,19,18,SUSPICIOUS,1
15000.0,10.0,1,0,0.4327,8,4,1500.0,600.0,1,1,0,0,88,83,EXTREME,1
11748.17,0.98,0,36,0.1629,13,2,12000.0,4800.0,0,0,0,0,1,11,NORMAL,0
8539.02,1.07,0,36,0.0687,7,2,8000.0,3200.0,0,0,0,0,8,4,NORMAL,0
4511.68,0.9,0,9,0.0596,14,6,5000.0,2000.0,0,0,0,0,9,12,NORMAL,0
2662.0,0.89,0,28,0.1575,16,4,3000.0,1200.0,0,0,0,0,11,1,NORMAL,0
2308.2,0.46,0,13,0.0878,17,5,5000.0,2000.0,0,0,0,0,0,8,NORMAL,0
1229.61,0.82,0,9,0.2415,20,1,1500.0,600.0,0,0,0,0,1,1,NORMAL,0
1340.68,0.89,0,18,0.0585,18,4,1500.0,600.0,0,0,0,0,13,1,NORMAL,0
15000.0,10.0,1,0,0.5292,1,4,1500.0,600.0,1,1,1,1,85,91,EXTREME,1
51083.47,4.26,1,0,0.3579,19,1,12000.0,4800.0,0,0,0,0,43,48,SUSPICIOUS,1
2012.49,0.67,0,10,0.2012,22,3,3000.0,1200.0,0,0,1,0,0,8,NORMAL,0
131100.18,10.93,1,0,1.123,0,6,12000.0,4800.0,1,1,1,0,83,70,EXTREME,1
4683.41,0.94,0,24,0.0708,15,0,5000.0,2000.0,0,0,0,0,0,6,NORMAL,0
1148.62,0.77,0,37,0.147,13,2,1500.0,600.0,0,0,0,0,10,15,NORMAL,0
11688.75,0.97,0,34,0.1789,21,4,12000.0,4800.0,0,0,0,0,4,12,NORMAL,0
56576.41,4.71,1,0,0.4608,1,3,12000.0,4800.0,0,1,0,1,8,65,SUSPICIOUS,1
32049.37,4.01,1,0,0.4945,2,4,8000.0,3200.0,0,0,0,0,16,14,SUSPICIOUS,1
3662.12,1.22,0,35,0.1741,17,0,3000.0,1200.0,0,0,0,0,12,13,NORMAL,0
26242.09,3.28,1,0,0.3295,4,2,8000.0,3200.0,0,0,0,0,36,8,SUSPICIOUS,1
4077.26,1.36,0,18,0.0773,16,3,3000.0,1200.0,0,0,0,0,5,7,NORMAL,0
3115.15,1.04,0,5,0.2347,17,2,3000.0,1200.0,0,0,0,0,8,0,NORMAL,0
16869.8,11.25,1,0,1.0116,8,1,1500.0,600.0,1,1,0,0,84,70,EXTREME,1
15229.27,1.27,0,12,0.0462,22,4,12000.0,4800.0,0,0,0,0,0,8,NORMAL,0
8252.07,1.03,1,0,0.1955,19,5,8000.0,3200.0,0,0,0,0,14,13,NORMAL,0
45206.53,3.77,0,2,0.4736,2,4,12000.0,4800.0,0,0,0,1,16,46,SUSPICIOUS,1
2379.99,0.79,0,12,0.1959,19,4,3000.0,1200.0,0,0,0,0,10,11,NORMAL,0
2087.62,0.42,0,6,0.1954,22,3,5000.0,2000.0,0,0,0,0,0,0,NORMAL,0
5430.95,3.62,1,0,0.5884,0,6,1500.0,600.0,1,0,0,0,59,47,SUSPICIOUS,1
1571.4,1.05,0,7,0.1033,12,6,1500.0,600.0,0,0,0,0,1,14,NORMAL,0
1470.19,0.98,0,31,0.1364,11,2,1500.0,600.0,0,0,0,0,0,4,NORMAL,0
11964.41,1.0,0,39,0.0856,20,5,12000.0,4800.0,0,0,0,0,0,8,NORMAL,0
6268.06,0.52,1,0,0.1185,13,6,12000.0,4800.0,0,0,0,0,8,2,NORMAL,0
12185.21,1.02,0,32,0.07,15,1,12000.0,4800.0,0,0,0,0,6,7,NORMAL,0
7256.37,0.91,0,14,0.1307,13,6,8000.0,3200.0,0,0,0,0,3,3,NORMAL,0
63604.3,5.3,1,0,0.56,1,5,12000.0,4800.0,0,1,0,0,17,74,SUSPICIOUS,1
6465.78,0.81,0,18,0.066,20,1,8000.0,3200.0,0,0,0,0,11,7,NORMAL,0
1538.32,1.03,0,15,0.1347,13,0,1500.0,600.0,0,0,0,0,8,11,NORMAL,0
14197.89,2.84,1,0,0.5754,14,0,5000.0,2000.0,0,1,0,0,7,76,SUSPICIOUS,1
4062.65,0.81,0,16,0.2382,22,5,5000.0,2000.0,0,0,0,0,0,4,NORMAL,0
3384.22,1.13,1,0,0.2138,21,5,3000.0,1200.0,0,0,0,0,15,4,NORMAL,0
2897.79,0.97,0,23,0.0419,13,0,3000.0,1200.0,0,0,0,0,5,6,NORMAL,0
1674.37,0.56,0,12,0.1069,19,3,3000.0,1200.0,0,0,0,0,3,6,NORMAL,0
10533.67,0.88,0,2,0.071,17,2,12000.0,4800.0,0,0,0,0,11,5,NORMAL,0
66417.41,5.53,0,1,0.3354,1,0,12000.0,4800.0,0,1,1,0,40,61,SUSPICIOUS,1
50261.44,4.19,1,0,0.4032,1,0,12000.0,4800.0,0,1,0,0,18,72,SUSPICIOUS,1
53461.4,4.46,1,0,0.5668,3,4,12000.0,4800.0,1,0,0,1,75,3,SUSPICIOUS,1
1152.25,0.77,0,3,0.1582,7,1,1500.0,600.0,0,0,0,0,7,15,NORMAL,0
8949.68,5.97,1,0,0.5293,19,1,1500.0,600.0,0,1,0,0,16,70,SUSPICIOUS,1
4462.12,0.89,0,29,0.1672,7,5,5000.0,2000.0,0,0,0,0,3,1,NORMAL,0
2911.48,0.97,0,42,0.1972,8,2,3000.0,1200.0,0,0,1,0,8,12,NORMAL,0
13036.49,1.09,0,40,0.2315,12,1,12000.0,4800.0,0,0,0,0,10,5,NORMAL,0
2490.45,0.83,0,5,0.2059,22,4,3000.0,1200.0,0,0,0,0,1,10,NORMAL,0
28664.13,5.73,1,0,0.2015,1,0,5000.0,2000.0,0,1,0,1,13,62,SUSPICIOUS,1
556.44,0.37,1,0,0.1058,17,1,1500.0,600.0,0,0,0,0,11,9,NORMAL,0
11981.09,3.99,1,0,0.5713,19,2,3000.0,1200.0,1,0,0,1,51,4,SUSPICIOUS,1
2963.09,0.59,0,38,0.0571,17,6,5000.0,2000.0,0,0,0,0,12,3,NORMAL,0
4714.14,0.59,0,36,0.111,21,1,8000.0,3200.0,0,0,0,0,7,0,NORMAL,0
17520.96,5.84,0,1,0.3192,14,1,3000.0,1200.0,0,1,0,1,2,60,SUSPICIOUS,1
1413.39,0.94,0,38,0.213,13,1,1500.0,600.0,0,0,0,0,3,15,NORMAL,0
94562.92,11.82,1,0,0.5675,1,0,8000.0,3200.0,1,1,1,1,90,94,EXTREME,1
4976.81,0.62,0,8,0.0978,7,1,8000.0,3200.0,0,0,0,0,14,12,NORMAL,0
13170.18,1.1,0,34,0.0667,15,0,12000.0,4800.0,0,0,0,0,8,4,NORMAL,0
4709.2,0.94,0,3,0.0487,17,2,5000.0,2000.0,0,0,0,0,2,1,NORMAL,0
14711.22,2.94,0,2,0.4422,14,3,5000.0,2000.0,0,1,0,0,43,54,SUSPICIOUS,1
6253.56,1.25,0,13,0.0578,12,5,5000.0,2000.0,0,0,0,0,14,8,NORMAL,0
3468.11,0.69,1,0,0.1098,10,3,5000.0,2000.0,0,0,0,0,4,14,NORMAL,0
11561.97,0.96,1,0,0.066,20,4,12000.0,4800.0,0,0,0,0,7,8,NORMAL,0
4055.48,0.51,0,27,0.093,21,5,8000.0,3200.0,0,0,0,0,5,1,NORMAL,0
2858.43,0.57,0,11,0.2453,22,2,5000.0,2000.0,0,0,0,0,15,0,NORMAL,0
7474.1,0.93,0,45,0.0824,21,0,8000.0,3200.0,0,0,0,0,10,6,NORMAL,0
7124.45,0.89,0,9,0.1423,15,6,8000.0,3200.0,0,0,0,0,3,13,NORMAL,0
3151.36,1.05,0,36,0.0779,11,2,3000.0,1200.0,0,0,0,0,13,14,NORMAL,0
52304.84,6.54,1,0,0.5526,3,3,8000.0,3200.0,1,1,0,0,97,79,EXTREME,1
3809.47,0.48,0,18,0.1369,17,5,8000.0,3200.0,0,0,0,0,12,0,NORMAL,0
5484.88,3.66,1,0,0.347,1,2,1500.0,600.0,1,1,0,0,62,56,SUSPICIOUS,1
2588.4,0.86,0,10,0.1868,12,0,3000.0,1200.0,0,0,0,0,14,13,NORMAL,0
1628.74,0.54,0,16,0.2196,12,1,3000.0,1200.0,0,0,0,0,3,7,NORMAL,0
8939.63,0.74,0,36,0.1436,22,1,12000.0,4800.0,0,0,0,0,5,10,NORMAL,0
3964.41,0.33,0,5,0.1682,14,6,12000.0,4800.0,0,0,0,0,9,15,NORMAL,0
12951.93,1.08,0,17,0.1035,14,1,12000.0,4800.0,0,0,0,0,1,3,NORMAL,0
4335.44,0.36,0,6,0.1322,7,5,12000.0,4800.0,0,0,0,0,3,15,NORMAL,0
104181.48,8.68,1,0,0.8531,23,2,12000.0,4800.0,1,1,1,0,81,81,EXTREME,1
6590.9,0.82,0,17,0.1305,7,3,8000.0,3200.0,0,0,0,0,13,5,NORMAL,0
29029.26,5.81,1,0,0.4009,23,4,5000.0,2000.0,1,0,0,1,61,48,SUSPICIOUS,1
4011.4,0.5,0,20,0.1529,17,3,8000.0,3200.0,0,0,0,0,12,10,NORMAL,0
1606.77,0.54,0,34,0.2308,22,5,3000.0,1200.0,0,0,0,0,6,0,NORMAL,0
5226.32,3.48,1,0,0.2237,23,5,1500.0,600.0,1,0,0,0,61,4,SUSPICIOUS,1
2686.92,0.9,0,3,0.1094,7,3,3000.0,1200.0,0,0,0,0,8,0,NORMAL,0
1444.89,0.96,0,7,0.1924,21,5,1500.0,600.0,0,0,0,0,0,12,NORMAL,0
29930.7,5.99,1,0,0.4818,0,6,5000.0,2000.0,0,0,0,0,40,8,SUSPICIOUS,1
1677.42,1.12,0,36,0.0617,22,1,1500.0,600.0,0,0,0,0,6,7,NORMAL,0
20053.39,2.51,0,3,0.5289,3,2,8000.0,3200.0,1,1,1,0,50,70,SUSPICIOUS,1
39262.47,3.27,1,0,0.5226,19,2,12000.0,4800.0,0,1,0,0,10,74,SUSPICIOUS,1
2960.25,0.99,0,17,0.1319,22,5,3000.0,1200.0,0,0,0,0,15,10,NORMAL,0
1772.98,1.18,0,7,0.2005,10,3,1500.0,600.0,0,0,0,0,8,10,NORMAL,0
7201.68,0.9,0,21,0.1855,16,5,8000.0,3200.0,0,0,0,0,10,1,NORMAL,0
6089.17,0.76,0,43,0.2445,15,4,8000.0,3200.0,0,0,0,0,1,8,NORMAL,0
15147.96,10.1,1,0,0.9684,3,0,1500.0,600.0,1,1,0,0,82,70,EXTREME,1
4180.54,0.52,0,12,0.1189,7,2,8000.0,3200.0,0,0,0,0,9,14,NORMAL,0
11644.52,0.97,0,26,0.2133,19,3,12000.0,4800.0,0,0,0,0,11,2,NORMAL,0
40081.91,5.01,1,0,0.3071,3,5,8000.0,3200.0,0,0,1,0,46,20,SUSPICIOUS,1
21279.3,2.66,1,0,0.3178,19,3,8000.0,3200.0,0,0,0,0,38,49,SUSPICIOUS,0
42208.97,5.28,0,1,0.5044,23,0,8000.0,3200.0,0,0,0,0,15,48,SUSPICIOUS,1
22935.21,2.87,0,3,0.574,4,0,8000.0,3200.0,0,1,0,0,4,68,SUSPICIOUS,1
9396.67,1.17,0,20,0.2255,8,3,8000.0,3200.0,0,0,0,0,9,15,NORMAL,0
6937.57,0.58,0,18,0.2466,9,5,12000.0,4800.0,0,0,0,0,13,0,NORMAL,0
464.56,0.31,0,32,0.1862,18,5,1500.0,600.0,0,0,0,0,15,8,NORMAL,0
3472.98,1.16,0,24,0.0497,8,6,3000.0,1200.0,0,0,0,0,8,6,NORMAL,0
8023.73,5.35,1,0,0.3116,23,2,1500.0,600.0,0,1,0,1,5,53,SUSPICIOUS,1
7129.55,0.59,0,21,0.1331,20,4,12000.0,4800.0,0,0,0,0,7,5,NORMAL,0
25777.96,8.59,1,0,0.8628,18,6,3000.0,1200.0,1,1,0,0,92,72,EXTREME,1
1808.15,1.21,0,35,0.1153,15,4,1500.0,600.0,0,0,0,0,3,4,NORMAL,0
8598.54,5.73,1,0,0.2337,2,2,1500.0,600.0,0,1,1,1,15,67,SUSPICIOUS,1
10676.33,3.56,1,0,0.4915,0,4,3000.0,1200.0,0,1,0,0,8,72,SUSPICIOUS,1
4083.49,0.51,0,28,0.1891,22,6,8000.0,3200.0,0,0,0,0,1,10,NORMAL,0
9923.5,0.83,0,9,0.0872,8,3,12000.0,4800.0,0,0,0,0,11,15,NORMAL,0
7699.02,2.57,1,0,0.5517,19,4,3000.0,1200.0,1,0,1,1,66,8,SUSPICIOUS,1
35792.36,4.47,1,0,0.3484,1,3,8000.0,3200.0,0,0,0,1,42,17,SUSPICIOUS,1
17624.89,5.87,1,0,0.2581,14,5,3000.0,1200.0,0,0,0,0,43,20,SUSPICIOUS,1
1034.73,0.69,1,0,0.2004,17,4,1500.0,600.0,0,0,0,0,9,0,NORMAL,0
2348.53,0.29,0,24,0.0464,13,2,8000.0,3200.0,0,0,1,0,13,14,NORMAL,0
7038.91,0.88,0,44,0.096,16,0,8000.0,3200.0,0,0,0,0,5,5,NORMAL,0
3441.9,1.15,0,41,0.097,16,5,3000.0,1200.0,0,0,0,0,12,2,NORMAL,0
13025.04,4.34,1,0,0.287,4,1,3000.0,1200.0,0,0,0,0,43,2,SUSPICIOUS,1
6663.12,4.44,1,0,0.5561,19,2,1500.0,600.0,0,0,0,1,1,19,SUSPICIOUS,1
946.83,0.63,0,27,0.2057,10,4,1500.0,600.0,0,0,0,0,4,1,NORMAL,0
2573.15,0.86,0,40,0.1946,11,2,3000.0,1200.0,0,0,0,0,1,13,NORMAL,0
16265.82,5.42,1,0,1.1387,8,5,3000.0,1200.0,1,1,1,0,100,92,EXTREME,1
7705.75,0.96,0,42,0.1573,20,1,8000.0,3200.0,0,0,0,0,2,9,NORMAL,0
6267.57,0.78,0,2,0.098,9,6,8000.0,3200.0,0,0,0,0,3,11,NORMAL,0
17305.0,1.44,0,14,0.1681,9,4,12000.0,4800.0,0,0,0,0,3,3,NORMAL,0
8512.1,1.06,0,35,0.2399,8,3,8000.0,3200.0,0,0,0,0,1,15,NORMAL,0
3162.06,1.05,1,0,0.1579,14,4,3000.0,1200.0,0,0,0,0,5,5,NORMAL,0
1716.13,1.14,0,24,0.2352,13,2,1500.0,600.0,0,0,0,0,9,3,NORMAL,0
544.75,0.36,0,10,0.2251,12,2,1500.0,600.0,0,0,0,0,14,2,NORMAL,0
9931.99,0.83,0,27,0.1043,21,5,12000.0,4800.0,0,0,0,0,15,7,NORMAL,0
1692.02,1.13,0,9,0.2144,21,0,1500.0,600.0,0,0,0,0,6,14,NORMAL,0
51083.42,10.22,1,0,0.6988,20,5,5000.0,2000.0,1,1,1,0,93,91,EXTREME,1
8745.27,2.92,1,0,0.4812,1,5,3000.0,1200.0,0,0,1,0,5,6,SUSPICIOUS,1
81870.53,10.23,1,0,0.827,1,0,8000.0,3200.0,1,1,0,0,91,70,EXTREME,1
15000.0,10.0,1,0,0.7004,12,1,1500.0,600.0,1,1,0,0,92,87,EXTREME,1
8545.45,0.71,0,6,0.0474,22,6,12000.0,4800.0,0,0,0,0,6,8,NORMAL,0
1048.23,0.7,0,25,0.0422,18,3,1500.0,600.0,0,0,0,0,6,4,NORMAL,0
3022.17,1.01,1,0,0.1273,18,5,3000.0,1200.0,0,0,0,0,14,4,NORMAL,0
2758.0,0.34,1,0,0.2036,15,2,8000.0,3200.0,0,0,0,0,5,8,NORMAL,0
2677.46,0.89,1,0,0.1837,20,0,3000.0,1200.0,0,0,0,0,9,12,NORMAL,0
1347.67,0.9,0,14,0.0829,22,3,1500.0,600.0,0,0,0,0,5,12,NORMAL,0
49184.91,4.1,1,0,0.3183,3,6,12000.0,4800.0,0,0,1,0,4,16,SUSPICIOUS,1
13281.21,1.11,0,45,0.1902,8,1,12000.0,4800.0,0,0,0,0,10,14,NORMAL,0
6701.83,0.56,0,39,0.0804,22,1,12000.0,4800.0,0,0,0,0,11,3,NORMAL,0
11606.36,1.45,0,7,0.1375,17,5,8000.0,3200.0,0,0,0,0,11,2,NORMAL,0
23935.32,4.79,1,0,0.5292,4,2,5000.0,2000.0,1,1,0,1,57,73,SUSPICIOUS,1
19687.0,3.94,1,0,0.5672,1,0,5000.0,2000.0,0,1,0,0,11,69,SUSPICIOUS,1
27390.09,5.48,1,0,1.1313,23,1,5000.0,2000.0,1,1,1,1,88,73,EXTREME,1
7291.64,0.91,0,12,0.1467,13,3,8000.0,3200.0,0,0,0,0,10,3,NORMAL,0
2477.95,0.5,0,28,0.2434,14,2,5000.0,2000.0,0,0,0,0,12,12,NORMAL,0
8814.76,0.73,0,26,0.2097,15,0,12000.0,4800.0,0,0,0,0,15,12,NORMAL,0
2620.0,0.52,0,2,0.1416,15,4,5000.0,2000.0,0,0,1,0,3,5,NORMAL,0
5658.04,1.13,0,43,0.1199,13,3,5000.0,2000.0,0,0,0,0,0,5,NORMAL,0
50013.8,4.17,1,0,0.5944,2,5,12000.0,4800.0,1,1,1,1,64,70,SUSPICIOUS,1
3751.49,1.25,0,33,0.0602,7,6,3000.0,1200.0,0,0,0,0,5,15,NORMAL,0
2024.5,0.67,0,15,0.0706,8,0,3000.0,1200.0,0,0,0,0,15,6,NORMAL,0
43192.07,5.4,1,0,0.3194,0,4,8000.0,3200.0,0,0,0,0,1,46,SUSPICIOUS,1
26929.26,5.39,1,0,0.4575,4,5,5000.0,2000.0,1,0,1,0,61,17,SUSPICIOUS,1
2253.66,0.75,0,42,0.0571,15,6,3000.0,1200.0,0,0,0,0,9,15,NORMAL,0
2615.78,0.87,0,15,0.0602,16,3,3000.0,1200.0,0,0,0,0,11,9,NORMAL,0
31034.33,2.59,1,0,0.5974,19,2,12000.0,4800.0,1,1,0,0,67,65,SUSPICIOUS,1
7669.24,0.96,0,15,0.2303,15,4,8000.0,3200.0,0,0,0,0,11,12,NORMAL,0
5102.49,1.02,0,29,0.1064,18,2,5000.0,2000.0,0,0,0,0,12,0,NORMAL,0
3331.3,1.11,0,35,0.2477,11,2,3000.0,1200.0,0,0,0,0,3,13,NORMAL,0
3776.26,1.26,0,3,0.1274,14,0,3000.0,1200.0,0,0,0,0,5,4,NORMAL,0
2880.78,0.96,0,7,0.0805,17,4,3000.0,1200.0,0,0,0,0,1,15,NORMAL,0
6025.24,0.75,1,0,0.0583,12,6,8000.0,3200.0,0,0,0,0,11,12,NORMAL,0
1557.46,1.04,1,0,0.1385,9,1,1500.0,600.0,0,0,0,0,5,2,NORMAL,0
7833.63,5.22,0,1,0.5852,19,4,1500.0,600.0,1,1,1,1,54,72,SUSPICIOUS,1
44090.23,8.82,1,0,1.1715,16,3,5000.0,2000.0,1,1,0,0,91,92,EXTREME,1
13706.17,1.14,0,39,0.2343,12,5,12000.0,4800.0,0,0,0,0,1,11,NORMAL,0
26456.65,5.29,0,1,0.5655,1,3,5000.0,2000.0,0,1,1,0,1,55,SUSPICIOUS,1
52666.02,4.39,1,0,0.4503,23,0,12000.0,4800.0,0,0,0,0,46,11,SUSPICIOUS,1
9464.08,0.79,0,21,0.1497,11,5,12000.0,4800.0,0,0,0,0,8,2,NORMAL,0
3262.28,1.09,1,0,0.1339,8,0,3000.0,1200.0,0,0,0,0,11,13,NORMAL,0
61102.66,5.09,1,0,0.3891,19,3,12000.0,4800.0,0,0,1,0,9,5,SUSPICIOUS,1
2755.85,0.92,0,44,0.2337,16,1,3000.0,1200.0,0,0,0,0,6,4,NORMAL,0
1430.25,0.95,0,37,0.1537,20,4,1500.0,600.0,0,0,1,0,9,8,NORMAL,0
6738.84,0.84,0,44,0.0844,20,6,8000.0,3200.0,0,0,0,0,3,11,NORMAL,0
2593.05,0.86,0,39,0.131,12,2,3000.0,1200.0,0,0,0,0,12,14,NORMAL,0
1118.99,0.75,0,22,0.1172,16,6,1500.0,600.0,0,0,0,0,2,7,NORMAL,0
24333.2,4.87,1,0,0.2911,0,0,5000.0,2000.0,1,1,0,0,56,77,SUSPICIOUS,1
8242.0,5.49,1,0,0.3023,3,2,1500.0,600.0,0,0,1,0,20,4,SUSPICIOUS,1
1616.73,1.08,0,26,0.0659,18,6,1500.0,600.0,0,0,0,0,9,12,NORMAL,0
6475.3,0.81,0,34,0.1366,20,2,8000.0,3200.0,0,0,0,0,13,3,NORMAL,0
1094.2,0.73,0,13,0.2475,16,5,1500.0,600.0,0,0,0,0,0,9,NORMAL,0
7814.33,0.98,0,21,0.1839,22,2,8000.0,3200.0,0,0,0,0,0,4,NORMAL,0
8313.06,1.04,0,37,0.0538,15,2,8000.0,3200.0,0,0,0,0,9,11,NORMAL,0
3343.07,0.67,0,30,0.1799,13,1,5000.0,2000.0,0,0,0,0,2,12,NORMAL,0
24154.89,3.02,1,0,0.3728,3,3,8000.0,3200.0,0,1,1,0,38,60,SUSPICIOUS,1
10823.56,0.9,1,0,0.0546,11,3,12000.0,4800.0,0,0,0,0,7,7,NORMAL,0
4193.69,0.84,1,0,0.0639,12,0,5000.0,2000.0,0,0,0,0,15,4,NORMAL,0
8257.04,0.69,0,10,0.0862,21,1,12000.0,4800.0,0,0,0,0,4,8,NORMAL,0
3837.49,0.77,0,11,0.1706,8,3,5000.0,2000.0,0,0,0,0,3,5,NORMAL,0
3243.27,1.08,1,0,0.2039,13,5,3000.0,1200.0,0,0,0,0,0,0,NORMAL,0
2975.41,0.99,0,11,0.0998,15,2,3000.0,1200.0,0,0,0,0,8,8,NORMAL,0
2132.88,0.71,0,30,0.2227,21,0,3000.0,1200.0,0,0,0,0,11,10,NORMAL,0
1330.79,0.89,1,0,0.1383,12,6,1500.0,600.0,0,0,0,0,10,4,NORMAL,0
4900.99,0.98,0,16,0.0511,12,6,5000.0,2000.0,0,0,0,0,6,6,NORMAL,0
33360.26,11.12,1,0,0.6796,21,1,3000.0,1200.0,1,1,0,1,96,75,EXTREME,1
15709.9,5.24,1,0,0.3662,1,6,3000.0,1200.0,0,1,0,0,5,58,SUSPICIOUS,1
8721.35,0.73,0,31,0.1495,11,5,12000.0,4800.0,0,0,0,0,2,2,NORMAL,0
9442.94,0.79,0,33,0.1732,8,2,12000.0,4800.0,0,0,0,0,1,5,NORMAL,0
28070.85,5.61,1,0,0.4736,0,6,5000.0,2000.0,0,1,0,0,7,50,SUSPICIOUS,1
4979.64,1.0,0,16,0.1202,14,0,5000.0,2000.0,0,0,0,0,11,14,NORMAL,0
1568.92,1.05,0,37,0.19,17,3,1500.0,600.0,0,0,0,0,14,4,NORMAL,0
9755.48,3.25,0,1,0.3692,23,4,3000.0,1200.0,1,0,0,0,72,12,SUSPICIOUS,1
17294.9,5.76,1,0,0.4811,14,6,3000.0,1200.0,1,1,0,1,90,71,EXTREME,1
5223.22,1.04,0,10,0.2222,20,1,5000.0,2000.0,0,0,0,0,4,13,NORMAL,0
1398.39,0.93,0,38,0.1508,20,2,1500.0,600.0,0,0,0,0,8,15,NORMAL,0
6710.31,1.34,1,0,0.0629,10,5,5000.0,2000.0,0,0,0,0,12,12,NORMAL,0
3433.8,1.14,0,15,0.2488,9,6,3000.0,1200.0,0,0,0,0,6,3,NORMAL,0
49014.63,4.08,0,2,0.3998,19,3,12000.0,4800.0,0,0,0,1,36,1,SUSPICIOUS,1
2601.1,0.87,0,12,0.0422,21,5,3000.0,1200.0,0,0,0,0,12,5,NORMAL,0
1018.9,0.68,0,25,0.1303,11,4,1500.0,600.0,0,0,0,0,10,2,NORMAL,0
1139.59,0.76,0,43,0.0717,7,4,1500.0,600.0,0,0,0,0,2,0,NORMAL,0
6142.55,0.77,0,22,0.2393,8,5,8000.0,3200.0,0,0,0,0,5,15,NORMAL,0
5979.57,0.5,0,30,0.2035,13,0,12000.0,4800.0,0,0,0,0,11,6,NORMAL,0
13885.72,1.16,0,27,0.1494,22,5,12000.0,4800.0,0,0,0,0,7,5,NORMAL,0
7002.8,1.4,0,36,0.2081,11,1,5000.0,2000.0,0,0,0,0,8,3,NORMAL,0
35528.29,11.84,1,0,0.8617,21,6,3000.0,1200.0,1,1,0,0,83,72,EXTREME,1
8123.56,0.68,0,28,0.0792,10,0,12000.0,4800.0,0,0,0,0,7,15,NORMAL,0
52666.71,4.39,1,0,0.2135,19,4,12000.0,4800.0,0,1,1,0,5,58,SUSPICIOUS,1
14070.54,1.17,0,45,0.1638,18,5,12000.0,4800.0,0,0,0,0,9,0,NORMAL,0
1944.21,1.3,0,16,0.2306,7,0,1500.0,600.0,0,0,0,0,5,3,NORMAL,0
4043.22,0.81,0,20,0.1247,13,1,5000.0,2000.0,0,0,0,0,1,5,NORMAL,0
12471.17,1.04,0,23,0.1631,11,6,12000.0,4800.0,0,0,1,0,15,9,NORMAL,0
63269.7,5.27,1,0,0.4578,4,4,12000.0,4800.0,1,1,0,0,86,89,EXTREME,1
1533.73,1.02,0,36,0.0949,8,0,1500.0,600.0,0,0,0,0,10,2,NORMAL,0
1551.3,0.52,0,17,0.2452,14,4,3000.0,1200.0,0,0,0,0,9,4,NORMAL,0
4744.65,3.16,0,3,0.22,4,1,1500.0,600.0,1,0,0,0,71,46,SUSPICIOUS,1
3312.14,0.66,0,25,0.2347,19,2,5000.0,2000.0,0,0,0,0,0,9,NORMAL,0
6237.37,1.25,0,25,0.1157,7,1,5000.0,2000.0,0,0,0,0,6,12,NORMAL,0
15000.0,5.0,1,0,0.6733,9,1,3000.0,1200.0,1,1,0,1,89,84,EXTREME,1
3349.81,0.67,0,11,0.1397,13,1,5000.0,2000.0,0,0,0,0,12,1,NORMAL,0
1506.53,1.0,0,9,0.2069,11,0,1500.0,600.0,0,0,0,0,14,0,NORMAL,0
13868.47,1.16,0,24,0.0454,16,1,12000.0,4800.0,0,0,0,0,6,14,NORMAL,0
1255.95,0.84,0,30,0.1046,8,4,1500.0,600.0,0,0,0,0,14,5,NORMAL,0
8651.49,5.77,1,0,0.2447,14,2,1500.0,600.0,1,1,0,0,66,54,SUSPICIOUS,1
1071.16,0.71,0,32,0.1431,16,1,1500.0,600.0,0,0,1,0,11,3,NORMAL,0
4357.41,0.54,0,34,0.1548,21,0,8000.0,3200.0,0,0,0,0,2,12,NORMAL,0
5330.49,1.07,0,31,0.1116,13,0,5000.0,2000.0,0,0,0,0,12,4,NORMAL,0
9238.13,0.77,0,29,0.1964,18,2,12000.0,4800.0,0,0,0,0,2,10,NORMAL,0
2094.36,0.7,0,11,0.2253,11,2,3000.0,1200.0,0,0,0,0,14,10,NORMAL,0
6321.09,0.79,0,37,0.1823,7,1,8000.0,3200.0,0,0,0,0,9,13,NORMAL,0
3908.58,0.78,0,25,0.2195,10,6,5000.0,2000.0,0,0,0,0,15,10,NORMAL,0
5369.93,0.45,0,38,0.1798,11,0,12000.0,4800.0,0,0,1,0,11,14,NORMAL,0
7455.19,0.93,0,10,0.1881,18,3,8000.0,3200.0,0,0,0,1,14,5,NORMAL,0
4636.6,0.93,0,43,0.2429,14,5,5000.0,2000.0,0,0,0,0,13,9,NORMAL,0
51565.09,6.45,1,0,1.0094,15,4,8000.0,3200.0,1,1,0,0,80,92,EXTREME,1
6374.56,0.8,0,15,0.1478,15,6,8000.0,3200.0,0,0,0,0,3,13,NORMAL,0
37500.55,7.5,1,0,1.0792,23,5,5000.0,2000.0,1,1,0,1,84,87,EXTREME,1
1385.47,0.92,0,17,0.1906,17,5,1500.0,600.0,0,0,0,0,2,13,NORMAL,0
3441.45,0.69,0,33,0.2109,8,4,5000.0,2000.0,0,0,0,0,6,13,NORMAL,0
954.78,0.64,0,13,0.0528,7,1,1500.0,600.0,0,0,0,0,7,3,NORMAL,0
4021.55,1.34,1,0,0.2398,15,2,3000.0,1200.0,0,0,0,0,1,2,NORMAL,0
4649.91,0.93,0,21,0.04,7,4,5000.0,2000.0,0,0,0,0,1,7,NORMAL,0
20521.41,4.1,1,0,0.5255,3,0,5000.0,2000.0,1,0,1,0,72,41,SUSPICIOUS,1
9868.91,0.82,0,14,0.235,7,3,12000.0,4800.0,0,0,0,0,14,5,NORMAL,0
2241.43,0.75,0,23,0.2351,17,3,3000.0,1200.0,0,0,0,1,8,5,NORMAL,0
11319.77,0.94,0,30,0.2097,21,5,12000.0,4800.0,0,0,0,0,0,3,NORMAL,0
10149.35,0.85,1,0,0.0489,15,3,12000.0,4800.0,0,0,0,0,9,1,NORMAL,0
7024.33,0.59,0,35,0.1465,18,4,12000.0,4800.0,0,0,0,0,2,5,NORMAL,0
926.34,0.31,0,12,0.1087,10,5,3000.0,1200.0,0,0,0,0,2,8,NORMAL,0
2237.78,0.45,1,0,0.2493,18,3,5000.0,2000.0,0,0,0,0,6,3,NORMAL,0
1118.13,0.75,0,10,0.1585,15,5,1500.0,600.0,0,0,0,0,4,12,NORMAL,0
9338.61,0.78,0,13,0.0807,13,6,12000.0,4800.0,0,0,0,0,12,4,NORMAL,0
7660.48,0.64,0,5,0.1549,21,0,12000.0,4800.0,0,0,0,0,15,9,NORMAL,0
6041.59,1.21,0,10,0.1646,22,3,5000.0,2000.0,0,0,0,0,11,1,NORMAL,0
36047.79,3.0,1,0,0.3593,4,6,12000.0,4800.0,0,1,0,0,3,58,SUSPICIOUS,0
143399.0,11.95,1,0,1.0861,21,0,12000.0,4800.0,1,1,1,0,100,78,EXTREME,1
11126.69,0.93,0,33,0.0441,10,0,12000.0,4800.0,0,0,0,0,11,7,NORMAL,0
2841.38,0.95,1,0,0.2153,15,1,3000.0,1200.0,0,0,0,0,3,13,NORMAL,0
922.55,0.62,0,45,0.1802,21,2,1500.0,600.0,0,0,0,0,12,0,NORMAL,0
4693.45,0.59,0,36,0.2092,12,2,8000.0,3200.0,0,0,0,0,1,10,NORMAL,0
10691.02,0.89,0,26,0.1558,15,4,12000.0,4800.0,0,0,0,0,7,15,NORMAL,0
1161.42,0.77,0,6,0.2216,16,0,1500.0,600.0,0,0,0,0,6,10,NORMAL,0
7312.8,0.91,0,2,0.1699,16,3,8000.0,3200.0,0,0,0,0,11,4,NORMAL,0
9253.38,0.77,0,44,0.0579,16,2,12000.0,4800.0,0,0,0,0,0,12,NORMAL,0
48181.38,9.64,1,0,1.0895,19,5,5000.0,2000.0,1,1,0,1,90,83,EXTREME,1
5125.74,1.03,1,0,0.0873,17,4,5000.0,2000.0,0,0,0,0,13,8,NORMAL,0
4404.32,0.88,0,2,0.1874,18,5,5000.0,2000.0,0,0,0,0,4,4,NORMAL,0
10519.52,0.88,0,42,0.2067,13,1,12000.0,4800.0,0,0,0,0,7,13,NORMAL,0
51299.0,4.27,1,0,0.4385,23,5,12000.0,4800.0,0,0,0,0,41,8,SUSPICIOUS,1
34620.2,4.33,0,2,0.5009,0,0,8000.0,3200.0,0,1,1,0,0,78,SUSPICIOUS,1
1071.49,0.71,0,6,0.2401,11,0,1500.0,600.0,0,0,0,0,3,2,NORMAL,0
2933.05,0.98,0,13,0.2228,8,5,3000.0,1200.0,0,0,0,0,11,11,NORMAL,0
7146.15,0.6,0,43,0.0411,14,4,12000.0,4800.0,0,0,0,0,14,0,NORMAL,0
79675.17,9.96,1,0,1.047,1,2,8000.0,3200.0,1,1,1,1,99,74,EXTREME,1
5217.72,1.04,0,44,0.0738,22,5,5000.0,2000.0,0,0,0,0,11,5,NORMAL,0
1102.42,0.73,0,36,0.0843,16,2,1500.0,600.0,0,0,0,0,14,4,NORMAL,0
1904.63,0.63,0,9,0.2201,7,4,3000.0,1200.0,0,0,0,0,13,11,NORMAL,0
102657.8,8.55,1,0,0.7829,3,4,12000.0,4800.0,1,1,1,0,89,76,EXTREME,1
10166.36,0.85,0,7,0.1241,15,2,12000.0,4800.0,0,0,0,0,3,10,NORMAL,0
5239.19,0.65,0,11,0.1916,16,6,8000.0,3200.0,0,0,0,0,1,6,NORMAL,0
8782.47,5.85,1,0,0.5375,2,3,1500.0,600.0,0,0,1,0,41,42,SUSPICIOUS,1
20370.52,4.07,1,0,0.9508,7,6,5000.0,2000.0,1,1,1,0,90,94,EXTREME,1
36543.56,4.57,0,2,0.2634,1,0,8000.0,3200.0,1,1,0,0,60,78,SUSPICIOUS,1
7035.04,0.88,0,4,0.1517,11,1,8000.0,3200.0,0,0,0,1,14,4,NORMAL,0
2619.46,0.87,0,4,0.2026,8,0,3000.0,1200.0,0,0,0,0,15,1,NORMAL,0
1168.36,0.78,1,0,0.2208,9,3,1500.0,600.0,0,0,1,0,1,12,NORMAL,0
529.14,0.35,0,18,0.0948,14,3,1500.0,600.0,0,0,0,0,9,11,NORMAL,0
10291.27,0.86,0,34,0.0747,14,2,12000.0,4800.0,0,0,0,0,15,1,NORMAL,0
20078.71,4.02,0,3,0.4407,19,4,5000.0,2000.0,1,1,1,1,62,66,SUSPICIOUS,1
2911.01,0.58,1,0,0.1416,11,1,5000.0,2000.0,0,0,0,0,12,0,NORMAL,0
3549.91,1.18,0,15,0.1646,20,1,3000.0,1200.0,0,0,0,0,15,15,NORMAL,0
25343.09,8.45,1,0,0.6037,17,6,3000.0,1200.0,1,1,0,0,98,94,EXTREME,1
3429.92,1.14,0,8,0.2057,9,5,3000.0,1200.0,0,0,0,0,14,3,NORMAL,0
4251.09,0.85,0,14,0.0815,10,3,5000.0,2000.0,0,0,0,0,9,12,NORMAL,0
15096.46,1.26,0,29,0.1431,16,3,12000.0,4800.0,0,0,0,0,3,9,NORMAL,0
45633.58,3.8,1,0,0.5557,1,5,12000.0,4800.0,0,0,1,0,5,40,SUSPICIOUS,1
4947.18,0.62,0,42,0.0806,9,1,8000.0,3200.0,0,0,0,0,7,6,NORMAL,0
1709.85,0.57,0,22,0.1302,16,4,3000.0,1200.0,0,0,0,0,12,15,NORMAL,0
3333.26,0.67,0,25,0.1904,14,5,5000.0,2000.0,0,0,0,0,0,6,NORMAL,0
1153.62,0.77,0,21,0.2199,19,1,1500.0,600.0,0,0,1,0,1,15,NORMAL,0
15000.0,10.0,1,0,0.6223,15,2,1500.0,600.0,1,1,0,0,91,90,EXTREME,1
6266.91,0.78,0,18,0.0514,17,3,8000.0,3200.0,0,0,0,0,0,2,NORMAL,0
3120.88,1.04,0,12,0.2482,14,4,3000.0,1200.0,0,0,0,0,8,10,NORMAL,0
8143.75,1.02,0,38,0.1663,16,4,8000.0,3200.0,0,0,0,0,4,10,NORMAL,0
22968.65,2.87,1,0,0.2731,1,2,8000.0,3200.0,0,1,1,1,15,74,SUSPICIOUS,1
1465.53,0.98,0,5,0.1256,20,5,1500.0,600.0,0,0,0,0,2,6,NORMAL,0
16575.31,5.53,1,0,0.4071,4,3,3000.0,1200.0,0,0,0,1,16,46,SUSPICIOUS,1
10469.48,3.49,0,3,0.2463,2,3,3000.0,1200.0,1,0,0,0,73,1,SUSPICIOUS,1
29501.51,5.9,1,0,0.2607,3,6,5000.0,2000.0,0,1,0,0,0,57,SUSPICIOUS,1
55836.48,4.65,1,0,0.7335,18,2,12000.0,4800.0,1,1,0,0,90,88,EXTREME,1
678.43,0.45,0,45,0.2165,9,2,1500.0,600.0,0,0,0,0,1,4,NORMAL,0
2556.05,0.85,0,2,0.1565,12,5,3000.0,1200.0,0,0,0,0,14,6,NORMAL,0
2544.22,0.85,0,26,0.111,22,5,3000.0,1200.0,0,0,0,0,11,12,NORMAL,0
4140.56,0.83,0,39,0.2355,17,4,5000.0,2000.0,0,0,0,0,4,5,NORMAL,0
8474.83,5.65,1,0,0.3687,23,6,1500.0,600.0,0,0,0,0,12,47,SUSPICIOUS,1
9500.77,0.79,0,41,0.2264,18,4,12000.0,4800.0,0,0,0,0,9,2,NORMAL,0
9932.0,0.83,0,21,0.1642,15,2,12000.0,4800.0,0,0,0,0,3,12,NORMAL,0
1153.38,0.77,0,24,0.217,14,5,1500.0,600.0,0,0,1,0,8,10,NORMAL,0
2420.66,0.81,0,11,0.0947,8,0,3000.0,1200.0,0,0,0,0,2,10,NORMAL,0
3313.68,1.1,1,0,0.1574,16,1,3000.0,1200.0,0,0,0,0,5,6,NORMAL,0
5941.7,0.74,0,34,0.1373,18,1,8000.0,3200.0,0,0,0,0,8,0,NORMAL,0
5523.32,0.69,0,38,0.1722,8,1,8000.0,3200.0,0,0,0,0,11,15,NORMAL,0
9911.73,0.83,0,12,0.1536,8,2,12000.0,4800.0,0,0,0,0,12,13,NORMAL,0
23094.03,4.62,1,0,0.3427,14,2,5000.0,2000.0,0,0,1,0,19,15,SUSPICIOUS,1
16706.14,11.14,1,0,0.9601,19,3,1500.0,600.0,1,1,1,0,85,95,EXTREME,1
16268.83,1.36,0,45,0.1097,21,4,12000.0,4800.0,0,0,0,0,1,12,NORMAL,0
1895.3,0.63,0,37,0.2483,14,0,3000.0,1200.0,0,0,0,0,7,9,NORMAL,0
25785.79,3.22,1,0,0.5558,0,0,8000.0,3200.0,0,1,0,0,6,67,SUSPICIOUS,1
63340.96,5.28,1,0,0.509,19,3,12000.0,4800.0,0,0,1,1,43,17,SUSPICIOUS,1
2211.31,0.74,0,43,0.0886,7,1,3000.0,1200.0,0,0,0,0,13,0,NORMAL,0
6972.47,0.87,0,33,0.1516,22,1,8000.0,3200.0,0,0,0,0,11,8,NORMAL,0
17727.22,5.91,1,0,0.4673,3,2,3000.0,1200.0,1,0,0,0,62,43,SUSPICIOUS,1
3394.65,0.68,0,16,0.1093,19,2,5000.0,2000.0,0,0,0,0,11,4,NORMAL,0
838.87,0.56,0,33,0.1886,19,3,1500.0,600.0,0,0,0,0,13,15,NORMAL,0
9613.62,1.2,0,14,0.227,21,5,8000.0,3200.0,0,0,0,0,11,4,NORMAL,0
14602.13,1.22,0,43,0.233,19,6,12000.0,4800.0,0,0,0,0,1,1,NORMAL,0
4643.33,3.1,1,0,0.5001,1,1,1500.0,600.0,1,0,0,0,61,2,SUSPICIOUS,1
3254.23,0.65,0,32,0.1699,11,2,5000.0,2000.0,0,0,0,0,4,7,NORMAL,0
31783.38,10.59,1,0,0.4676,19,4,3000.0,1200.0,1,1,1,0,81,82,EXTREME,1
8367.32,1.05,0,30,0.1362,16,2,8000.0,3200.0,0,0,0,0,14,14,NORMAL,0
1440.88,0.96,0,4,0.0849,12,3,1500.0,600.0,0,0,0,0,7,12,NORMAL,0
8612.5,2.87,1,0,0.4758,19,5,3000.0,1200.0,0,0,0,0,14,41,SUSPICIOUS,1
4811.22,0.96,0,17,0.2333,8,1,5000.0,2000.0,0,0,0,0,6,4,NORMAL,0
34310.94,2.86,1,0,0.4326,23,5,12000.0,4800.0,1,1,1,1,67,76,SUSPICIOUS,1
5381.85,3.59,1,0,0.4345,19,6,1500.0,600.0,0,1,0,0,19,66,SUSPICIOUS,1
4856.46,0.61,1,0,0.141,8,0,8000.0,3200.0,0,0,1,0,3,3,NORMAL,0
5670.81,1.13,0,12,0.217,15,2,5000.0,2000.0,0,0,0,0,3,4,NORMAL,0
960.27,0.64,0,44,0.1876,13,2,1500.0,600.0,0,0,0,0,14,14,NORMAL,0
4780.31,0.96,0,26,0.1399,21,5,5000.0,2000.0,0,0,0,0,0,13,NORMAL,0
2477.08,0.83,0,38,0.1606,21,1,3000.0,1200.0,0,0,0,0,7,6,NORMAL,0
15000.0,10.0,1,0,0.8093,3,3,1500.0,600.0,1,1,1,0,95,72,EXTREME,1
3806.94,1.27,1,0,0.1419,20,2,3000.0,1200.0,0,0,0,0,3,3,NORMAL,0
27563.74,3.45,1,0,0.4254,3,4,8000.0,3200.0,1,1,0,0,67,71,SUSPICIOUS,1
25360.93,8.45,1,0,0.616,19,4,3000.0,1200.0,1,1,0,0,94,72,EXTREME,1
4950.95,0.99,1,0,0.2376,9,1,5000.0,2000.0,0,0,0,0,15,15,NORMAL,0
2187.39,0.73,0,36,0.0581,7,2,3000.0,1200.0,0,0,0,0,6,12,NORMAL,0
26246.89,8.75,1,0,1.1776,22,2,3000.0,1200.0,1,1,1,0,83,91,EXTREME,1
4214.39,0.84,0,45,0.0739,17,5,5000.0,2000.0,0,0,0,0,2,6,NORMAL,0
10308.2,0.86,0,7,0.197,10,6,12000.0,4800.0,0,0,0,0,3,10,NORMAL,0
2011.59,0.67,0,35,0.1957,16,1,3000.0,1200.0,0,0,0,0,1,13,NORMAL,0
4679.37,0.58,0,9,0.0665,10,1,8000.0,3200.0,0,0,0,0,15,12,NORMAL,0
106175.92,8.85,1,0,1.026,8,1,12000.0,4800.0,1,1,1,0,95,74,EXTREME,1
1342.28,0.45,0,31,0.2322,11,1,3000.0,1200.0,0,0,0,0,11,13,NORMAL,0
1998.48,1.33,0,34,0.1831,21,1,1500.0,600.0,0,0,0,0,6,10,NORMAL,0
2472.92,0.82,0,44,0.0419,17,1,3000.0,1200.0,0,0,0,0,9,15,NORMAL,0
2567.96,0.86,0,15,0.0494,21,3,3000.0,1200.0,0,0,0,0,4,3,NORMAL,0
10566.94,3.52,0,3,0.5139,4,4,3000.0,1200.0,1,0,1,1,71,15,SUSPICIOUS,1
8782.91,2.93,1,0,0.2756,4,3,3000.0,1200.0,0,0,0,0,5,18,SUSPICIOUS,0
9573.92,1.2,0,6,0.0676,22,0,8000.0,3200.0,0,0,1,0,1,2,NORMAL,0
14301.38,4.77,1,0,0.2334,2,4,3000.0,1200.0,0,1,0,0,19,56,SUSPICIOUS,1
7626.69,0.95,0,42,0.242,20,3,8000.0,3200.0,0,0,0,0,5,9,NORMAL,0
6144.34,0.77,0,16,0.1343,14,0,8000.0,3200.0,0,0,0,0,7,1,NORMAL,0
22873.81,2.86,1,0,0.4773,14,4,8000.0,3200.0,0,1,0,0,49,52,SUSPICIOUS,0
5746.86,1.15,0,24,0.179,11,3,5000.0,2000.0,0,0,0,0,7,11,NORMAL,0
1103.81,0.74,0,8,0.0983,22,6,1500.0,600.0,0,0,0,0,3,0,NORMAL,0
3569.54,1.19,0,29,0.1461,11,4,3000.0,1200.0,0,0,0,0,4,9,NORMAL,0
15000.0,10.0,1,0,0.7756,3,2,1500.0,600.0,1,1,1,0,91,82,EXTREME,1
2542.24,0.51,0,34,0.1898,18,5,5000.0,2000.0,0,0,0,0,4,2,NORMAL,0
1563.26,1.04,0,15,0.1452,15,0,1500.0,600.0,0,0,0,0,8,1,NORMAL,0
1570.92,1.05,0,8,0.1793,11,5,1500.0,600.0,0,0,0,0,10,13,NORMAL,0
1512.17,1.01,0,17,0.1776,15,4,1500.0,600.0,0,0,0,0,7,13,NORMAL,0
19025.0,3.8,1,0,0.3396,19,0,5000.0,2000.0,1,1,0,1,64,72,SUSPICIOUS,1
11632.8,0.97,0,35,0.1893,21,2,12000.0,4800.0,0,0,0,0,10,15,NORMAL,0
24826.36,4.97,1,0,0.8808,17,3,5000.0,2000.0,1,1,1,0,89,91,EXTREME,1
1254.1,0.84,1,0,0.1781,7,0,1500.0,600.0,0,0,1,0,5,2,NORMAL,0
2405.28,0.8,0,27,0.1676,11,0,3000.0,1200.0,0,0,1,0,10,3,NORMAL,0
2448.89,0.82,0,35,0.2079,10,1,3000.0,1200.0,0,0,0,0,11,4,NORMAL,0
1250.27,0.83,0,10,0.2041,9,6,1500.0,600.0,0,0,0,0,6,10,NORMAL,0
2477.54,0.83,0,35,0.0686,17,2,3000.0,1200.0,0,0,0,0,15,13,NORMAL,0
2413.72,0.8,0,12,0.237,18,4,3000.0,1200.0,0,0,0,1,12,0,NORMAL,0
46586.02,9.32,1,0,1.1469,6,2,5000.0,2000.0,1,1,1,0,84,92,EXTREME,1
13459.07,2.69,1,0,0.2635,3,5,5000.0,2000.0,1,0,0,0,65,47,SUSPICIOUS,1
6708.05,4.47,1,0,0.5518,0,3,1500.0,600.0,0,0,0,0,11,3,SUSPICIOUS,1
1158.51,0.77,1,0,0.072,22,2,1500.0,600.0,0,0,0,0,0,3,NORMAL,0
37924.83,4.74,1,0,0.5746,4,1,8000.0,3200.0,1,1,0,1,55,71,SUSPICIOUS,1
2420.71,0.81,0,10,0.2135,21,4,3000.0,1200.0,0,0,0,0,4,5,NORMAL,0
1936.04,0.65,0,35,0.2032,22,3,3000.0,1200.0,0,0,0,0,3,4,NORMAL,0
32050.55,4.01,1,0,0.9318,7,5,8000.0,3200.0,1,1,1,0,92,82,EXTREME,1
4354.39,2.9,1,0,0.5362,2,4,1500.0,600.0,0,1,1,1,2,73,SUSPICIOUS,1
51537.13,4.29,1,0,0.3344,19,2,12000.0,4800.0,1,0,0,1,52,48,SUSPICIOUS,1
1946.64,0.65,0,13,0.1898,14,1,3000.0,1200.0,0,0,0,0,11,2,NORMAL,0
12493.11,4.16,1,0,0.3021,23,1,3000.0,1200.0,1,0,1,0,71,7,SUSPICIOUS,1
2497.72,0.83,0,15,0.076,9,0,3000.0,1200.0,0,0,1,0,8,15,NORMAL,0
1328.33,0.89,0,11,0.178,14,4,1500.0,600.0,0,0,0,0,12,7,NORMAL,0
13011.08,1.08,0,45,0.1803,8,3,12000.0,4800.0,0,0,0,0,13,4,NORMAL,0
33828.94,6.77,1,0,0.7691,5,1,5000.0,2000.0,1,1,1,0,100,90,EXTREME,1
3919.74,0.78,0,16,0.249,11,0,5000.0,2000.0,0,0,0,0,4,0,NORMAL,0
3429.21,1.14,0,30,0.2302,18,4,3000.0,1200.0,0,0,0,0,9,7,NORMAL,0
6613.48,0.83,0,28,0.0968,11,3,8000.0,3200.0,0,0,1,0,13,7,NORMAL,0
9140.64,0.76,0,12,0.1501,14,1,12000.0,4800.0,0,0,0,0,2,15,NORMAL,0
40798.81,5.1,0,3,0.5739,3,1,8000.0,3200.0,1,0,0,0,51,45,SUSPICIOUS,1
4288.56,0.86,0,41,0.1071,22,5,5000.0,2000.0,0,0,0,0,1,12,NORMAL,0
6133.55,0.77,0,40,0.2185,18,6,8000.0,3200.0,0,0,0,0,0,15,NORMAL,0
4569.83,0.57,0,27,0.1923,14,1,8000.0,3200.0,0,0,0,0,8,2,NORMAL,0
794.63,0.53,0,38,0.2365,7,5,1500.0,600.0,0,0,0,0,8,11,NORMAL,0
1796.92,0.6,0,13,0.2268,7,1,3000.0,1200.0,0,0,0,0,10,10,NORMAL,0
6283.15,4.19,1,0,0.3616,2,5,1500.0,600.0,0,0,0,0,3,13,SUSPICIOUS,1
1041.9,0.69,0,15,0.1379,19,5,1500.0,600.0,0,0,0,0,3,1,NORMAL,0
2583.48,0.52,0,27,0.0665,16,5,5000.0,2000.0,0,0,0,0,2,13,NORMAL,0
3916.25,0.78,0,19,0.1514,18,6,5000.0,2000.0,0,0,1,0,7,12,NORMAL,0
67401.56,5.62,1,0,1.0055,3,4,12000.0,4800.0,1,1,0,0,84,94,EXTREME,1
12807.09,1.07,0,21,0.1489,18,0,12000.0,4800.0,0,0,0,0,13,3,NORMAL,0
47899.13,3.99,1,0,0.5544,4,0,12000.0,4800.0,0,0,0,0,37,16,SUSPICIOUS,1
124295.33,10.36,1,0,0.5057,4,1,12000.0,4800.0,1,1,0,1,99,85,EXTREME,1
15000.0,10.0,1,0,1.1346,18,4,1500.0,600.0,1,1,0,1,82,84,EXTREME,1
2464.81,0.82,0,14,0.1927,8,5,3000.0,1200.0,0,0,0,0,11,11,NORMAL,0
3905.24,0.49,0,32,0.0469,18,5,8000.0,3200.0,0,0,0,0,1,6,NORMAL,0
6119.93,0.51,1,0,0.182,19,1,12000.0,4800.0,0,0,0,0,9,15,NORMAL,0
30327.06,2.53,0,1,0.307,19,2,12000.0,4800.0,0,0,1,0,8,44,SUSPICIOUS,1
72138.77,6.01,1,0,0.6887,8,2,12000.0,4800.0,1,1,1,0,93,74,EXTREME,1
6374.28,0.8,0,19,0.1853,7,0,8000.0,3200.0,0,0,0,0,12,8,NORMAL,0
8175.53,1.02,1,0,0.056,7,1,8000.0,3200.0,0,0,0,0,15,5,NORMAL,0
3296.48,1.1,0,24,0.2276,16,3,3000.0,1200.0,0,0,0,0,15,5,NORMAL,0
17896.2,3.58,1,0,0.4471,1,5,5000.0,2000.0,1,0,0,0,66,43,SUSPICIOUS,1
35784.55,11.93,1,0,0.7296,18,2,3000.0,1200.0,1,1,1,0,88,82,EXTREME,1
615.83,0.41,0,15,0.1392,14,2,1500.0,600.0,0,0,0,0,4,7,NORMAL,0
11911.75,0.99,0,23,0.1258,15,3,12000.0,4800.0,0,0,0,0,12,6,NORMAL,0
8986.45,0.75,0,35,0.1392,11,5,12000.0,4800.0,0,0,0,0,10,8,NORMAL,0
4018.91,0.8,0,9,0.2402,9,2,5000.0,2000.0,0,0,0,0,0,8,NORMAL,0
17022.28,1.42,0,33,0.1295,19,5,12000.0,4800.0,0,0,0,0,5,15,NORMAL,0
5425.46,1.09,0,28,0.08,11,1,5000.0,2000.0,0,0,0,0,3,13,NORMAL,0
3444.93,1.15,0,25,0.1796,13,3,3000.0,1200.0,0,0,0,0,2,8,NORMAL,0
9356.36,0.78,0,25,0.0858,20,4,12000.0,4800.0,0,0,0,0,4,9,NORMAL,0
15000.0,10.0,1,0,1.169,20,6,1500.0,600.0,1,1,0,0,83,75,EXTREME,1
3700.36,0.74,0,3,0.091,13,6,5000.0,2000.0,0,0,0,0,2,5,NORMAL,0
10638.84,0.89,0,12,0.1562,12,0,12000.0,4800.0,0,0,0,0,14,8,NORMAL,0
23196.06,4.64,1,0,0.5266,19,1,5000.0,2000.0,0,0,1,0,4,3,SUSPICIOUS,1
15000.0,10.0,1,0,0.5499,0,0,1500.0,600.0,1,1,1,1,82,70,EXTREME,1
15000.0,10.0,1,0,0.5066,22,4,1500.0,600.0,1,1,0,1,80,88,EXTREME,1
3933.92,0.49,0,33,0.1169,15,3,8000.0,3200.0,0,0,0,0,2,4,NORMAL,0
11183.28,1.4,0,7,0.0564,22,1,8000.0,3200.0,0,0,0,0,13,9,NORMAL,0
3318.6,0.41,1,0,0.1045,19,6,8000.0,3200.0,0,0,0,0,3,3,NORMAL,0
9002.79,0.75,0,15,0.1708,10,0,12000.0,4800.0,0,0,0,0,6,14,NORMAL,0
4983.5,1.0,0,15,0.1955,22,2,5000.0,2000.0,0,0,1,0,3,6,NORMAL,0
3913.7,0.78,1,0,0.0949,15,5,5000.0,2000.0,0,0,0,0,8,4,NORMAL,0
2109.94,0.7,0,30,0.2065,14,4,3000.0,1200.0,0,0,0,0,0,0,NORMAL,0
22027.53,7.34,1,0,0.6539,21,4,3000.0,1200.0,1,1,0,0,83,90,EXTREME,1
6953.47,0.87,0,15,0.1098,18,2,8000.0,3200.0,0,0,0,0,13,8,NORMAL,0
15000.0,10.0,1,0,0.919,22,5,1500.0,600.0,1,1,0,1,85,77,EXTREME,1
3945.74,0.79,0,5,0.1353,17,5,5000.0,2000.0,0,0,0,1,8,11,NORMAL,0
7030.48,0.88,0,40,0.0786,11,0,8000.0,3200.0,0,0,0,0,9,14,NORMAL,0
57802.29,4.82,1,0,0.435,4,1,12000.0,4800.0,0,0,0,0,47,20,SUSPICIOUS,1
42103.66,3.51,1,0,0.2477,23,4,12000.0,4800.0,0,0,0,1,13,10,SUSPICIOUS,1
37931.66,4.74,1,0,0.5207,23,4,8000.0,3200.0,0,1,0,0,43,73,SUSPICIOUS,1
8816.71,1.1,0,11,0.2262,10,4,8000.0,3200.0,0,0,0,0,10,0,NORMAL,0
854.38,0.57,0,17,0.2337,8,4,1500.0,600.0,0,0,0,0,0,11,NORMAL,0
45183.83,5.65,1,0,0.917,5,5,8000.0,3200.0,1,1,1,0,100,87,EXTREME,1
231.39,0.15,0,12,0.0962,13,4,1500.0,600.0,0,0,0,0,0,3,NORMAL,0
2484.64,0.83,0,44,0.1226,8,1,3000.0,1200.0,0,0,0,0,1,12,NORMAL,0
7599.56,0.95,0,43,0.1117,22,2,8000.0,3200.0,0,0,0,0,3,8,NORMAL,0
121611.57,10.13,1,0,1.0672,9,4,12000.0,4800.0,1,1,1,0,80,70,EXTREME,1
17657.54,5.89,1,0,0.2521,1,6,3000.0,1200.0,0,0,0,0,43,6,SUSPICIOUS,1
56313.73,4.69,1,0,0.5875,23,6,12000.0,4800.0,1,0,1,0,72,49,SUSPICIOUS,1
8157.7,0.68,0,44,0.1215,21,4,12000.0,4800.0,0,0,0,0,9,5,NORMAL,0
8349.98,0.7,0,38,0.2291,22,3,12000.0,4800.0,0,0,0,0,11,3,NORMAL,0
28194.39,9.4,1,0,1.1653,4,6,3000.0,1200.0,1,1,0,1,98,85,EXTREME,1
1283.68,0.86,0,21,0.0531,12,5,1500.0,600.0,0,0,0,0,4,13,NORMAL,0
15000.0,10.0,1,0,0.7187,23,6,1500.0,600.0,1,1,1,1,87,80,EXTREME,1
6129.78,0.77,0,29,0.2353,20,5,8000.0,3200.0,0,0,1,0,10,9,NORMAL,0
11131.92,0.93,0,44,0.2141,7,2,12000.0,4800.0,0,0,0,0,15,3,NORMAL,0
16128.34,5.38,0,3,0.5968,2,6,3000.0,1200.0,1,0,0,0,62,5,SUSPICIOUS,1
2886.71,0.96,0,6,0.1996,19,4,3000.0,1200.0,0,0,0,0,9,9,NORMAL,0
6435.17,1.29,0,5,0.2021,13,1,5000.0,2000.0,0,0,0,0,5,0,NORMAL,0
35392.02,11.8,1,0,0.4846,22,6,3000.0,1200.0,1,1,1,0,98,78,EXTREME,1
6815.15,0.85,0,32,0.2152,22,3,8000.0,3200.0,0,0,0,0,3,2,NORMAL,0
10281.04,1.29,1,0,0.0698,11,6,8000.0,3200.0,0,0,0,0,3,5,NORMAL,0
4499.16,0.9,0,31,0.1105,18,1,5000.0,2000.0,0,0,0,0,7,5,NORMAL,0
1497.75,0.5,0,4,0.0744,12,4,3000.0,1200.0,0,0,0,0,6,0,NORMAL,0
5761.36,1.15,0,45,0.2446,9,3,5000.0,2000.0,0,0,0,0,0,12,NORMAL,0
1685.71,1.12,0,41,0.0981,12,0,1500.0,600.0,0,0,0,0,4,14,NORMAL,0
1907.93,0.64,0,13,0.1056,18,1,3000.0,1200.0,0,0,0,0,3,15,NORMAL,0
2409.46,0.8,0,7,0.1136,17,3,3000.0,1200.0,0,0,0,0,15,2,NORMAL,0
1097.19,0.73,1,0,0.0947,16,6,1500.0,600.0,0,0,0,0,9,3,NORMAL,0
17519.74,3.5,0,1,0.5417,14,0,5000.0,2000.0,0,1,1,0,36,74,SUSPICIOUS,1
18084.78,6.03,1,0,0.8762,6,5,3000.0,1200.0,1,1,0,0,100,90,EXTREME,1
3832.46,1.28,0,40,0.1175,10,1,3000.0,1200.0,0,0,0,0,5,0,NORMAL,0
10314.14,1.29,0,35,0.1164,8,2,8000.0,3200.0,0,0,0,0,5,14,NORMAL,0
3130.94,1.04,0,28,0.1615,7,6,3000.0,1200.0,0,0,0,0,3,9,NORMAL,0
1377.9,0.92,0,4,0.17,11,2,1500.0,600.0,0,0,0,0,14,7,NORMAL,0
1331.45,0.89,1,0,0.1252,14,1,1500.0,600.0,0,0,0,0,1,13,NORMAL,0
40708.02,5.09,1,0,0.4989,23,1,8000.0,3200.0,1,1,1,1,55,65,SUSPICIOUS,1
7126.51,0.89,0,22,0.0909,15,5,8000.0,3200.0,0,0,0,0,10,10,NORMAL,0
2415.1,0.48,1,0,0.2288,12,3,5000.0,2000.0,0,0,1,0,2,2,NORMAL,0
3254.4,1.08,0,5,0.1514,8,2,3000.0,1200.0,0,0,0,0,2,13,NORMAL,0
70981.97,5.92,0,3,0.3202,0,5,12000.0,4800.0,0,0,0,0,42,10,SUSPICIOUS,1
1023.3,0.68,0,15,0.0792,10,2,1500.0,600.0,0,0,0,1,12,6,NORMAL,0
3763.37,0.75,1,0,0.1899,16,2,5000.0,2000.0,0,0,0,0,2,15,NORMAL,0
4378.51,0.88,0,22,0.0676,14,5,5000.0,2000.0,0,0,0,0,2,10,NORMAL,0
11785.54,0.98,0,8,0.2455,8,2,12000.0,4800.0,0,0,0,0,5,4,NORMAL,0
10396.89,3.47,1,0,0.5055,19,2,3000.0,1200.0,1,0,0,0,54,9,SUSPICIOUS,1
2164.8,0.72,0,3,0.0871,16,3,3000.0,1200.0,0,0,0,0,14,15,NORMAL,0
7363.17,0.92,0,16,0.1884,11,6,8000.0,3200.0,0,0,0,0,12,11,NORMAL,0
4022.67,0.8,1,0,0.1417,16,5,5000.0,2000.0,0,0,0,0,15,14,NORMAL,0
10428.51,1.3,0,31,0.1664,16,1,8000.0,3200.0,0,0,1,0,12,5,NORMAL,0
836.11,0.56,0,9,0.0557,15,1,1500.0,600.0,0,0,0,0,7,1,NORMAL,0
13767.39,1.15,0,43,0.1346,19,0,12000.0,4800.0,0,0,0,0,7,9,NORMAL,0
1933.54,1.29,0,41,0.0406,14,3,1500.0,600.0,0,0,0,0,15,7,NORMAL,0
4462.04,0.56,0,29,0.1616,20,4,8000.0,3200.0,0,0,0,0,3,14,NORMAL,0
595.64,0.4,0,31,0.1935,17,1,1500.0,600.0,0,0,0,0,7,4,NORMAL,0
86909.49,10.86,1,0,0.4001,16,1,8000.0,3200.0,1,1,1,1,87,72,EXTREME,1
1002.4,0.67,0,38,0.0524,9,4,1500.0,600.0,0,0,0,0,2,0,NORMAL,0
1046.85,0.7,0,13,0.1073,14,4,1500.0,600.0,0,0,0,1,2,5,NORMAL,0
3110.55,0.62,0,42,0.1597,18,6,5000.0,2000.0,0,0,0,0,10,7,NORMAL,0
8421.07,1.05,0,24,0.1078,12,6,8000.0,3200.0,0,0,0,0,2,0,NORMAL,0
44250.73,3.69,0,3,0.3736,4,4,12000.0,4800.0,1,1,1,0,67,77,SUSPICIOUS,1
74231.05,9.28,1,0,1.1391,22,0,8000.0,3200.0,1,1,0,1,81,89,EXTREME,1
27040.19,5.41,1,0,1.1981,22,3,5000.0,2000.0,1,1,0,0,93,72,EXTREME,1
59727.05,4.98,1,0,0.2695,2,3,12000.0,4800.0,1,1,0,1,52,73,SUSPICIOUS,1
28722.85,5.74,1,0,0.6594,0,6,5000.0,2000.0,1,1,1,0,88,86,EXTREME,1
4658.84,0.93,0,16,0.1659,19,4,5000.0,2000.0,0,0,0,0,6,2,NORMAL,0
4443.31,0.89,0,17,0.0986,14,3,5000.0,2000.0,0,0,0,0,4,10,NORMAL,0
2698.03,0.9,1,0,0.0889,18,2,3000.0,1200.0,0,0,0,0,12,2,NORMAL,0
10541.27,0.88,1,0,0.0892,16,1,12000.0,4800.0,0,0,0,0,10,15,NORMAL,0
21040.16,7.01,1,0,0.6743,15,3,3000.0,1200.0,1,1,0,0,84,74,EXTREME,1
11983.55,1.0,0,19,0.1477,9,4,12000.0,4800.0,0,0,0,0,4,9,NORMAL,0
1657.15,0.33,0,30,0.076,11,0,5000.0,2000.0,0,0,0,0,1,5,NORMAL,0
12918.42,1.08,0,42,0.1753,18,1,12000.0,4800.0,0,0,0,0,0,15,NORMAL,0
21930.38,2.74,1,0,0.3363,23,4,8000.0,3200.0,0,1,0,1,5,69,SUSPICIOUS,1
8468.68,1.06,0,23,0.1152,9,3,8000.0,3200.0,0,0,0,0,10,9,NORMAL,0
4746.58,0.59,0,5,0.1687,22,1,8000.0,3200.0,0,0,0,0,6,3,NORMAL,0
2677.81,0.89,0,7,0.0618,10,4,3000.0,1200.0,0,0,0,0,1,2,NORMAL,0
56944.41,4.75,1,0,0.4569,0,3,12000.0,4800.0,1,1,1,0,66,57,SUSPICIOUS,1
4274.21,0.85,0,36,0.1581,12,0,5000.0,2000.0,0,0,0,0,14,14,NORMAL,0
39299.46,7.86,1,0,1.0849,23,1,5000.0,2000.0,1,1,0,1,95,83,EXTREME,1
1493.52,1.0,0,13,0.0749,14,6,1500.0,600.0,0,0,0,0,14,10,NORMAL,0
3286.51,1.1,0,43,0.2372,21,0,3000.0,1200.0,0,0,0,0,8,10,NORMAL,0
8907.69,0.74,0,37,0.2495,11,6,12000.0,4800.0,0,0,0,0,12,3,NORMAL,0
9154.6,0.76,0,6,0.1913,21,5,12000.0,4800.0,0,0,0,0,15,11,NORMAL,0
1647.75,1.1,1,0,0.1018,22,3,1500.0,600.0,0,0,0,0,5,14,NORMAL,0
2689.17,0.54,0,41,0.0595,10,3,5000.0,2000.0,0,0,0,0,2,0,NORMAL,0
8370.97,1.05,0,43,0.0916,7,4,8000.0,3200.0,0,0,0,0,1,3,NORMAL,0
6100.23,1.22,0,2,0.1019,11,1,5000.0,2000.0,0,0,0,0,2,3,NORMAL,0
7817.53,0.98,0,32,0.1009,22,6,8000.0,3200.0,0,0,0,0,12,12,NORMAL,0
2501.77,0.83,1,0,0.1668,19,3,3000.0,1200.0,0,0,0,0,12,9,NORMAL,0
4374.52,0.55,1,0,0.0813,9,2,8000.0,3200.0,0,0,0,0,8,5,NORMAL,0
15000.0,10.0,1,0,0.43,20,0,1500.0,600.0,1,1,1,0,92,85,EXTREME,1
3033.05,1.01,0,7,0.1698,17,1,3000.0,1200.0,0,0,0,0,10,4,NORMAL,0
7284.22,1.46,0,37,0.1614,13,5,5000.0,2000.0,0,0,0,0,2,6,NORMAL,0
19514.53,3.9,1,0,0.3758,0,1,5000.0,2000.0,1,0,1,0,65,14,SUSPICIOUS,1
2623.06,0.87,0,17,0.1827,22,6,3000.0,1200.0,0,0,0,1,14,3,NORMAL,0
9420.94,0.79,0,44,0.2428,11,6,12000.0,4800.0,0,0,0,0,0,12,NORMAL,0
1925.95,0.64,0,25,0.0532,16,4,3000.0,1200.0,0,0,0,0,3,8,NORMAL,0
1736.27,0.58,0,21,0.1275,17,4,3000.0,1200.0,0,0,0,0,3,3,NORMAL,0
2160.24,0.72,0,8,0.0899,21,2,3000.0,1200.0,0,0,0,0,7,9,NORMAL,0
2465.12,0.21,0,11,0.2244,14,5,12000.0,4800.0,0,0,0,0,12,11,NORMAL,0
52358.01,10.47,1,0,0.5586,3,0,5000.0,2000.0,1,1,0,0,88,81,EXTREME,1
2629.08,0.88,0,11,0.1882,8,6,3000.0,1200.0,0,0,0,0,15,15,NORMAL,0
45298.87,3.77,1,0,0.2024,3,2,12000.0,4800.0,0,0,0,0,36,9,SUSPICIOUS,1
4975.4,1.0,0,18,0.2383,13,0,5000.0,2000.0,0,0,0,0,6,13,NORMAL,0
3350.66,0.67,1,0,0.1525,11,0,5000.0,2000.0,0,0,0,0,8,1,NORMAL,0
2081.17,0.69,0,38,0.0466,7,3,3000.0,1200.0,0,0,0,0,5,9,NORMAL,0
16952.24,11.3,1,0,0.4015,13,6,1500.0,600.0,1,1,0,1,86,71,EXTREME,1
14144.22,1.18,0,26,0.2216,19,6,12000.0,4800.0,0,0,0,0,4,9,NORMAL,0
15256.11,5.09,1,0,0.531,14,3,3000.0,1200.0,1,1,0,1,66,79,SUSPICIOUS,1
8720.33,1.09,0,38,0.1498,21,5,8000.0,3200.0,0,0,0,0,13,9,NORMAL,0
2620.09,0.87,0,33,0.1817,19,0,3000.0,1200.0,0,0,0,0,0,0,NORMAL,0
31085.95,3.89,1,0,0.2491,1,4,8000.0,3200.0,0,0,1,0,41,4,SUSPICIOUS,1
11376.13,0.95,0,14,0.1322,14,2,12000.0,4800.0,0,0,0,0,0,5,NORMAL,0
1904.8,0.63,0,44,0.155,11,3,3000.0,1200.0,0,0,0,0,3,8,NORMAL,0
30564.34,3.82,1,0,0.4271,3,4,8000.0,3200.0,1,1,0,0,70,70,SUSPICIOUS,1
7747.78,0.65,0,32,0.1883,13,4,12000.0,4800.0,0,0,0,0,2,4,NORMAL,0
8107.79,1.01,0,44,0.0472,11,2,8000.0,3200.0,0,0,0,0,3,4,NORMAL,0
702.33,0.47,0,40,0.1789,9,3,1500.0,600.0,0,0,0,0,13,9,NORMAL,0
5531.11,1.11,0,5,0.2329,8,0,5000.0,2000.0,0,0,0,0,7,0,NORMAL,0
39314.1,4.91,1,0,0.2905,3,1,8000.0,3200.0,0,0,0,0,13,20,SUSPICIOUS,1
901.96,0.6,0,32,0.1716,8,1,1500.0,600.0,0,0,0,0,2,4,NORMAL,0
1752.15,1.17,0,11,0.0657,22,5,1500.0,600.0,0,0,0,0,10,5,NORMAL,0
42705.34,3.56,1,0,0.4149,3,6,12000.0,4800.0,0,0,0,0,4,2,SUSPICIOUS,1
5560.51,1.11,0,5,0.1328,17,3,5000.0,2000.0,0,0,0,0,0,8,NORMAL,0
5829.43,0.49,0,12,0.203,15,1,12000.0,4800.0,0,0,0,0,14,14,NORMAL,0
2081.42,0.69,0,34,0.2019,19,3,3000.0,1200.0,0,0,0,0,14,1,NORMAL,0
7327.64,0.92,0,36,0.0609,15,3,8000.0,3200.0,0,0,0,0,12,4,NORMAL,0
75078.3,9.38,1,0,0.4824,18,2,8000.0,3200.0,1,1,0,1,84,83,EXTREME,1
2730.81,0.91,1,0,0.2117,21,6,3000.0,1200.0,0,0,0,0,7,10,NORMAL,0
18712.68,3.74,1,0,0.4686,23,6,5000.0,2000.0,0,1,0,1,5,71,SUSPICIOUS,1
13639.42,1.14,0,43,0.1058,20,4,12000.0,4800.0,0,0,1,0,14,15,NORMAL,0
12572.06,1.05,0,19,0.1151,16,5,12000.0,4800.0,0,0,0,0,1,7,NORMAL,0
7849.59,0.98,0,24,0.1275,8,2,8000.0,3200.0,0,0,0,0,15,6,NORMAL,0
1891.13,0.63,0,14,0.2485,19,0,3000.0,1200.0,0,0,0,0,3,14,NORMAL,0
1588.94,0.53,1,0,0.2124,8,5,3000.0,1200.0,0,0,0,0,5,1,NORMAL,0
39086.51,3.26,1,0,0.2518,19,6,12000.0,4800.0,1,0,0,0,50,6,SUSPICIOUS,0
4160.37,0.83,0,4,0.2056,16,1,5000.0,2000.0,0,0,1,0,4,8,NORMAL,0
2120.52,0.42,0,8,0.0924,8,5,5000.0,2000.0,0,0,0,0,2,2,NORMAL,0
11802.86,0.98,0,45,0.2495,11,2,12000.0,4800.0,0,0,0,0,2,14,NORMAL,0
46736.51,5.84,0,2,0.4238,23,0,8000.0,3200.0,0,0,1,0,3,48,SUSPICIOUS,1
1184.14,0.79,0,44,0.0826,8,3,1500.0,600.0,0,0,0,0,2,8,NORMAL,0
5620.48,0.7,0,33,0.1059,13,2,8000.0,3200.0,0,0,0,0,15,10,NORMAL,0
5796.09,1.16,0,41,0.2277,21,5,5000.0,2000.0,0,0,0,0,13,7,NORMAL,0
5711.42,0.71,0,21,0.0761,21,5,8000.0,3200.0,0,0,0,0,8,4,NORMAL,0
1853.58,1.24,0,30,0.2444,13,5,1500.0,600.0,0,0,0,0,13,15,NORMAL,0
32569.4,10.86,1,0,1.0013,4,3,3000.0,1200.0,1,1,1,0,87,93,EXTREME,1
813.38,0.54,0,39,0.0527,16,3,1500.0,600.0,0,0,0,0,11,13,NORMAL,0
17037.69,11.36,1,0,0.7753,21,3,1500.0,600.0,1,1,0,1,81,75,EXTREME,1
2236.25,0.45,0,22,0.217,9,5,5000.0,2000.0,0,0,0,0,8,4,NORMAL,0
4960.2,0.62,0,38,0.0871,15,2,8000.0,3200.0,0,0,0,0,14,10,NORMAL,0
969.15,0.65,0,33,0.2062,13,3,1500.0,600.0,0,0,0,0,15,13,NORMAL,0
9150.41,0.76,0,31,0.1607,11,6,12000.0,4800.0,0,0,0,0,12,7,NORMAL,0
26148.92,5.23,0,1,0.4587,0,0,5000.0,2000.0,0,1,0,1,49,68,SUSPICIOUS,1
1571.81,1.05,0,38,0.07,12,2,1500.0,600.0,0,0,0,0,1,13,NORMAL,0
9822.71,1.23,1,0,0.2238,19,2,8000.0,3200.0,0,0,0,0,1,12,NORMAL,0
13882.74,1.16,0,29,0.1255,7,0,12000.0,4800.0,0,0,0,0,6,6,NORMAL,0
3308.53,0.41,0,31,0.1459,21,3,8000.0,3200.0,0,0,0,0,12,14,NORMAL,0
4083.24,1.36,0,15,0.1814,9,1,3000.0,1200.0,0,0,0,0,15,11,NORMAL,0
4850.93,0.61,0,35,0.1801,13,4,8000.0,3200.0,0,0,0,0,13,3,NORMAL,0
13684.69,4.56,1,0,0.292,0,2,3000.0,1200.0,0,1,1,0,40,51,SUSPICIOUS,1
5256.55,1.05,0,5,0.2055,9,6,5000.0,2000.0,0,0,0,0,15,12,NORMAL,0
15431.77,5.14,1,0,0.5785,3,3,3000.0,1200.0,0,0,0,0,41,0,SUSPICIOUS,1
2522.66,0.84,0,17,0.2387,17,1,3000.0,1200.0,0,0,0,0,10,1,NORMAL,0
11803.52,0.98,0,7,0.1505,8,4,12000.0,4800.0,0,0,0,0,12,7,NORMAL,0
7713.91,0.96,0,24,0.1701,21,1,8000.0,3200.0,0,0,0,0,10,1,NORMAL,0
7405.21,0.62,1,0,0.1239,17,4,12000.0,4800.0,0,0,1,0,15,6,NORMAL,0
6773.41,1.35,0,9,0.2424,12,1,5000.0,2000.0,0,0,0,0,8,5,NORMAL,0
3896.96,0.49,1,0,0.1774,17,5,8000.0,3200.0,0,0,0,0,3,10,NORMAL,0
3327.45,1.11,0,25,0.0997,18,4,3000.0,1200.0,0,0,0,0,14,2,NORMAL,0
9177.0,1.15,0,40,0.21,7,1,8000.0,3200.0,0,0,0,0,3,7,NORMAL,0
1813.58,1.21,0,43,0.0617,14,4,1500.0,600.0,0,0,0,0,9,15,NORMAL,0
9947.09,1.24,0,8,0.0703,7,2,8000.0,3200.0,0,0,1,0,5,9,NORMAL,0
6198.97,0.77,0,8,0.1683,10,3,8000.0,3200.0,0,0,0,0,9,9,NORMAL,0
2738.5,0.91,1,0,0.0505,8,3,3000.0,1200.0,0,0,0,0,5,2,NORMAL,0
1278.2,0.85,0,2,0.1755,15,6,1500.0,600.0,0,0,0,0,1,12,NORMAL,0
4663.87,0.58,0,33,0.0825,8,5,8000.0,3200.0,0,0,0,0,3,12,NORMAL,0
117030.08,9.75,1,0,1.0107,10,4,12000.0,4800.0,1,1,0,0,91,76,EXTREME,1
87841.74,10.98,1,0,1.0518,8,3,8000.0,3200.0,1,1,0,0,87,72,EXTREME,1
3796.67,0.76,0,11,0.2117,13,5,5000.0,2000.0,0,0,0,0,13,4,NORMAL,0
3555.5,1.19,0,6,0.1905,17,2,3000.0,1200.0,0,0,0,0,7,9,NORMAL,0
2657.54,0.89,0,12,0.1754,20,1,3000.0,1200.0,0,0,0,0,7,15,NORMAL,0
8362.95,1.05,0,19,0.1086,19,6,8000.0,3200.0,0,0,0,0,5,13,NORMAL,0
3174.87,1.06,0,10,0.1876,12,3,3000.0,1200.0,0,0,0,0,14,8,NORMAL,0
59242.75,7.41,1,0,0.7303,1,6,8000.0,3200.0,1,1,1,1,98,94,EXTREME,1
34198.19,6.84,1,0,0.9853,20,4,5000.0,2000.0,1,1,0,1,85,90,EXTREME,1
2948.38,0.59,0,6,0.1351,20,2,5000.0,2000.0,0,0,0,0,5,9,NORMAL,0
4411.08,0.55,0,18,0.1516,22,3,8000.0,3200.0,0,0,0,0,2,0,NORMAL,0
23401.75,4.68,0,1,0.5801,19,0,5000.0,2000.0,0,0,0,1,19,17,SUSPICIOUS,1
8441.91,2.81,1,0,0.2624,23,4,3000.0,1200.0,0,0,0,1,4,0,SUSPICIOUS,0
10641.74,1.33,0,3,0.236,11,4,8000.0,3200.0,0,0,0,0,6,13,NORMAL,0
6895.97,0.86,1,0,0.0588,7,2,8000.0,3200.0,0,0,0,0,7,6,NORMAL,0
8839.61,0.74,0,45,0.2238,20,4,12000.0,4800.0,0,0,0,1,13,15,NORMAL,0
19875.64,3.98,1,0,0.4751,0,3,5000.0,2000.0,0,0,1,0,38,16,SUSPICIOUS,1
13641.21,1.14,0,31,0.1949,8,4,12000.0,4800.0,0,0,0,0,10,7,NORMAL,0
6549.43,0.82,0,3,0.1006,17,6,8000.0,3200.0,0,0,0,0,2,1,NORMAL,0
2233.5,0.74,0,21,0.1661,20,0,3000.0,1200.0,0,0,0,0,1,11,NORMAL,0
13747.38,2.75,1,0,0.4595,0,6,5000.0,2000.0,0,1,0,0,11,70,SUSPICIOUS,1
16037.0,1.34,0,25,0.1776,7,5,12000.0,4800.0,0,0,0,0,3,2,NORMAL,0
7771.88,0.65,0,15,0.1092,8,6,12000.0,4800.0,0,0,0,0,5,13,NORMAL,0
14591.23,1.22,0,38,0.231,8,2,12000.0,4800.0,0,0,1,0,14,7,NORMAL,0
40975.69,5.12,1,0,0.4238,0,4,8000.0,3200.0,0,1,0,0,3,63,SUSPICIOUS,1
5893.06,1.18,0,2,0.0823,20,4,5000.0,2000.0,0,0,0,0,12,4,NORMAL,0
13520.91,4.51,1,0,0.5595,14,2,3000.0,1200.0,0,0,1,0,43,6,SUSPICIOUS,1
4175.52,1.39,0,11,0.1499,16,0,3000.0,1200.0,0,0,0,0,13,9,NORMAL,0
59599.65,11.92,1,0,0.5297,9,3,5000.0,2000.0,1,1,0,0,99,94,EXTREME,1
5625.83,1.13,0,31,0.0825,21,0,5000.0,2000.0,0,0,0,0,5,11,NORMAL,0
2818.75,0.94,0,8,0.2398,18,0,3000.0,1200.0,0,0,0,0,5,3,NORMAL,0
3814.05,0.32,0,36,0.1779,22,0,12000.0,4800.0,0,0,0,0,14,9,NORMAL,0
1935.52,0.39,1,0,0.1702,19,0,5000.0,2000.0,0,0,0,0,8,6,NORMAL,0
3163.91,1.05,0,3,0.1528,14,1,3000.0,1200.0,0,0,0,0,2,3,NORMAL,0
14012.54,1.17,0,20,0.183,20,5,12000.0,4800.0,0,0,0,0,2,3,NORMAL,0
4659.53,0.93,0,24,0.1417,15,0,5000.0,2000.0,0,0,0,0,9,11,NORMAL,0
50326.25,6.29,1,0,0.5935,11,4,8000.0,3200.0,1,1,0,1,94,86,EXTREME,1
6191.04,0.77,0,6,0.1211,14,2,8000.0,3200.0,0,0,0,0,8,15,NORMAL,0
9596.27,3.2,0,1,0.4296,23,3,3000.0,1200.0,0,1,0,1,11,58,SUSPICIOUS,0
12287.42,1.54,0,44,0.1445,10,1,8000.0,3200.0,0,0,0,0,2,8,NORMAL,0
11144.29,0.93,0,11,0.217,9,4,12000.0,4800.0,0,0,0,0,4,5,NORMAL,0
4697.36,0.59,0,16,0.0479,18,0,8000.0,3200.0,0,0,0,0,8,14,NORMAL,0
11249.24,0.94,0,21,0.1836,10,2,12000.0,4800.0,0,0,0,0,3,15,NORMAL,0
7285.83,4.86,1,0,0.4928,1,5,1500.0,600.0,0,1,0,1,19,79,SUSPICIOUS,1
2788.01,0.23,0,6,0.1651,21,2,12000.0,4800.0,0,0,0,0,2,12,NORMAL,0
7777.66,0.97,0,37,0.1602,15,1,8000.0,3200.0,0,0,0,0,14,12,NORMAL,0
1673.5,1.12,0,33,0.2273,18,5,1500.0,600.0,0,0,1,0,9,5,NORMAL,0
29638.19,5.93,0,3,0.4734,3,6,5000.0,2000.0,1,1,1,0,56,78,SUSPICIOUS,1
1439.23,0.96,0,32,0.0876,18,5,1500.0,600.0,0,0,0,0,12,5,NORMAL,0
18419.14,6.14,1,0,1.1547,2,1,3000.0,1200.0,1,1,1,0,89,91,EXTREME,1
10195.46,0.85,0,31,0.0614,20,2,12000.0,4800.0,0,0,0,0,2,4,NORMAL,0
4176.2,0.84,0,39,0.2368,7,4,5000.0,2000.0,0,0,0,0,3,12,NORMAL,0
44914.75,5.61,1,0,0.8775,20,4,8000.0,3200.0,1,1,1,0,92,80,EXTREME,1
57084.46,4.76,0,3,0.5991,23,1,12000.0,4800.0,0,0,0,0,9,0,SUSPICIOUS,1
6258.38,0.78,0,7,0.1737,14,6,8000.0,3200.0,0,0,0,0,14,14,NORMAL,0
2702.95,0.54,0,36,0.1749,12,4,5000.0,2000.0,0,0,0,0,7,0,NORMAL,0
12166.7,1.01,0,38,0.1896,9,4,12000.0,4800.0,0,0,0,0,5,0,NORMAL,0
2766.6,0.92,0,15,0.2115,17,6,3000.0,1200.0,0,0,0,0,7,5,NORMAL,0
11790.45,0.98,0,37,0.2305,22,0,12000.0,4800.0,0,0,0,0,4,4,NORMAL,0
5060.1,1.01,0,28,0.2182,16,0,5000.0,2000.0,0,0,0,0,13,3,NORMAL,0
6012.38,1.2,0,21,0.1463,7,3,5000.0,2000.0,0,0,0,0,8,2,NORMAL,0
1220.27,0.81,0,45,0.1143,11,1,1500.0,600.0,0,0,0,0,15,8,NORMAL,0
6701.87,0.84,0,39,0.1292,9,6,8000.0,3200.0,0,0,0,0,14,3,NORMAL,0
34790.82,4.35,1,0,0.843,16,4,8000.0,3200.0,1,1,1,0,84,72,EXTREME,1
1871.7,0.62,0,19,0.0552,19,2,3000.0,1200.0,0,0,0,0,12,15,NORMAL,0
5168.42,0.65,0,2,0.1086,9,0,8000.0,3200.0,0,0,0,0,12,5,NORMAL,0
3519.71,0.7,0,29,0.166,11,1,5000.0,2000.0,0,0,0,0,7,7,NORMAL,0
10714.0,3.57,1,0,0.3933,14,6,3000.0,1200.0,1,0,0,0,66,6,SUSPICIOUS,1
19322.06,1.61,0,39,0.0442,7,5,12000.0,4800.0,0,0,0,0,9,6,NORMAL,0
14558.68,2.91,1,0,0.3511,1,1,5000.0,2000.0,0,0,1,0,5,5,SUSPICIOUS,1
3040.77,1.01,0,3,0.0794,17,1,3000.0,1200.0,0,0,0,0,13,3,NORMAL,0
13586.87,1.13,0,24,0.0549,17,4,12000.0,4800.0,0,0,0,0,10,5,NORMAL,0
2108.0,0.7,0,5,0.217,20,3,3000.0,1200.0,0,0,0,0,11,1,NORMAL,0
12898.19,4.3,1,0,0.2711,2,3,3000.0,1200.0,0,1,1,1,37,65,SUSPICIOUS,1
2725.67,0.91,0,8,0.2128,21,3,3000.0,1200.0,0,0,0,0,14,9,NORMAL,0
1867.14,1.24,0,23,0.1262,19,0,1500.0,600.0,0,0,0,0,8,8,NORMAL,0
11719.4,0.98,0,24,0.0503,15,6,12000.0,4800.0,0,0,0,0,15,13,NORMAL,0
37947.16,7.59,1,0,1.159,19,3,5000.0,2000.0,1,1,0,0,93,73,EXTREME,1
25655.61,8.55,1,0,0.8487,21,5,3000.0,1200.0,1,1,1,0,97,95,EXTREME,1
3823.51,1.27,0,2,0.1463,10,3,3000.0,1200.0,0,0,0,0,12,4,NORMAL,0
6536.13,0.82,0,22,0.1474,19,4,8000.0,3200.0,0,0,0,0,0,5,NORMAL,0
4066.19,0.81,0,8,0.2337,15,5,5000.0,2000.0,0,0,0,0,3,2,NORMAL,0
1374.14,0.92,0,30,0.1308,19,0,1500.0,600.0,0,0,0,0,3,7,NORMAL,0
4646.28,0.39,0,9,0.2022,21,0,12000.0,4800.0,0,0,0,0,15,1,NORMAL,0
5630.7,0.7,0,25,0.1572,7,2,8000.0,3200.0,0,0,0,0,12,10,NORMAL,0
5236.27,1.05,0,22,0.2322,19,5,5000.0,2000.0,0,0,0,0,13,13,NORMAL,0
27768.93,5.55,0,2,0.206,1,4,5000.0,2000.0,1,0,0,0,64,17,SUSPICIOUS,1
1604.75,1.07,0,44,0.2451,9,6,1500.0,600.0,0,0,0,0,0,8,NORMAL,0
10700.9,0.89,0,15,0.1813,16,6,12000.0,4800.0,0,0,0,0,8,10,NORMAL,0
1822.76,1.22,0,44,0.1499,9,2,1500.0,600.0,0,0,0,0,2,12,NORMAL,0
8294.12,1.04,0,25,0.1596,13,6,8000.0,3200.0,0,0,0,0,2,6,NORMAL,0
67585.22,5.63,1,0,0.5874,19,3,12000.0,4800.0,0,0,1,0,47,7,SUSPICIOUS,1
76570.61,9.57,1,0,0.6993,2,2,8000.0,3200.0,1,1,0,1,84,73,EXTREME,1
4157.58,0.52,0,29,0.2428,19,5,8000.0,3200.0,0,0,0,0,11,11,NORMAL,0
2656.49,0.89,1,0,0.1199,15,1,3000.0,1200.0,0,0,1,0,2,14,NORMAL,0
1746.33,1.16,0,35,0.2201,15,3,1500.0,600.0,0,0,0,0,11,14,NORMAL,0
15000.0,10.0,1,0,1.0719,0,4,1500.0,600.0,1,1,1,0,83,90,EXTREME,1
4648.8,3.1,1,0,0.3637,14,4,1500.0,600.0,0,1,0,1,13,56,SUSPICIOUS,0
111870.59,9.32,1,0,1.1539,15,2,12000.0,4800.0,1,1,1,0,94,71,EXTREME,1
13869.32,1.16,0,26,0.1472,20,1,12000.0,4800.0,0,0,0,0,1,9,NORMAL,0
10461.16,0.87,0,7,0.2078,17,4,12000.0,4800.0,0,0,0,1,3,9,NORMAL,0
37833.47,3.15,1,0,0.3284,23,3,12000.0,4800.0,1,1,0,1,62,68,SUSPICIOUS,1
11531.68,0.96,0,21,0.1909,8,5,12000.0,4800.0,0,0,0,1,8,15,NORMAL,0
9242.33,1.16,0,31,0.1694,17,3,8000.0,3200.0,0,0,0,0,10,6,NORMAL,0
8913.46,1.11,0,14,0.0533,12,0,8000.0,3200.0,0,0,0,0,5,11,NORMAL,0
3627.07,1.21,0,39,0.1564,17,0,3000.0,1200.0,0,0,0,0,13,5,NORMAL,0
40472.45,5.06,0,3,0.4682,14,6,8000.0,3200.0,1,0,0,1,52,40,SUSPICIOUS,1
2003.28,0.67,0,18,0.097,12,0,3000.0,1200.0,0,0,0,0,15,7,NORMAL,0
68864.76,5.74,1,0,0.788,0,5,12000.0,4800.0,1,1,0,1,97,89,EXTREME,1
2557.33,0.85,0,41,0.2409,17,0,3000.0,1200.0,0,0,0,0,12,11,NORMAL,0
3517.14,0.7,0,5,0.1203,22,3,5000.0,2000.0,0,0,0,0,13,15,NORMAL,0
12076.43,1.01,0,15,0.071,14,5,12000.0,4800.0,0,0,0,0,9,3,NORMAL,0
1417.63,0.95,1,0,0.2018,19,4,1500.0,600.0,0,0,0,0,6,11,NORMAL,0
38817.06,3.23,0,3,0.423,3,3,12000.0,4800.0,0,1,1,0,18,50,SUSPICIOUS,1
29079.75,5.82,1,0,0.4799,1,2,5000.0,2000.0,0,0,0,1,14,17,SUSPICIOUS,1
1850.67,1.23,0,35,0.1402,19,1,1500.0,600.0,0,0,0,0,3,14,NORMAL,0
69476.79,5.79,1,0,0.497,4,2,12000.0,4800.0,1,0,1,0,63,19,SUSPICIOUS,1
14880.12,1.24,0,17,0.2172,17,5,12000.0,4800.0,0,0,0,0,15,5,NORMAL,0
51100.37,10.22,1,0,1.0634,19,1,5000.0,2000.0,1,1,1,0,91,91,EXTREME,1
6548.27,0.55,1,0,0.163,8,4,12000.0,4800.0,0,0,0,0,0,4,NORMAL,0
2791.47,0.56,0,21,0.2351,16,3,5000.0,2000.0,0,0,0,0,3,4,NORMAL,0
2769.98,0.35,0,33,0.1719,12,3,8000.0,3200.0,0,0,0,0,11,13,NORMAL,0
2259.49,1.51,0,10,0.1489,14,0,1500.0,600.0,0,0,0,0,9,9,NORMAL,0
2423.42,0.81,0,18,0.198,12,1,3000.0,1200.0,0,0,0,0,1,7,NORMAL,0
3587.39,0.72,0,17,0.2045,14,0,5000.0,2000.0,0,0,0,0,11,9,NORMAL,0
128326.76,10.69,1,0,1.0678,13,5,12000.0,4800.0,1,1,0,0,85,80,EXTREME,1
21815.34,4.36,0,1,0.4153,23,6,5000.0,2000.0,1,0,0,0,53,14,SUSPICIOUS,1
4371.12,0.87,0,27,0.1436,7,1,5000.0,2000.0,0,0,0,0,9,9,NORMAL,0
1193.27,0.8,0,20,0.0807,8,2,1500.0,600.0,0,0,0,0,8,0,NORMAL,0
2374.57,0.79,0,8,0.1434,21,4,3000.0,1200.0,0,0,0,0,9,9,NORMAL,0
15000.0,10.0,1,0,0.8462,4,4,1500.0,600.0,1,1,0,0,92,93,EXTREME,1
8552.83,1.07,0,23,0.2096,19,3,8000.0,3200.0,0,0,0,0,11,10,NORMAL,0
40105.14,3.34,1,0,0.3238,2,6,12000.0,4800.0,0,0,0,0,0,2,SUSPICIOUS,1
25866.48,5.17,1,0,0.4252,4,1,5000.0,2000.0,1,1,0,0,59,54,SUSPICIOUS,1
15000.0,10.0,1,0,1.0648,5,0,1500.0,600.0,1,1,1,0,87,88,EXTREME,1
1475.29,0.98,0,14,0.1328,22,3,1500.0,600.0,0,0,1,0,5,5,NORMAL,0
51135.19,10.23,1,0,0.6445,7,4,5000.0,2000.0,1,1,1,0,99,89,EXTREME,1
29286.47,3.66,1,0,0.2824,4,0,8000.0,3200.0,1,0,0,1,66,17,SUSPICIOUS,1
3417.6,1.14,0,3,0.1661,11,1,3000.0,1200.0,0,0,0,0,14,10,NORMAL,0
49165.77,9.83,1,0,0.9181,11,1,5000.0,2000.0,1,1,1,0,86,71,EXTREME,1
1697.34,1.13,0,12,0.1029,20,1,1500.0,600.0,0,0,1,0,15,3,NORMAL,0
10308.66,0.86,0,7,0.0752,18,3,12000.0,4800.0,0,0,0,0,2,2,NORMAL,0
33249.19,2.77,1,0,0.5241,2,3,12000.0,4800.0,0,0,0,1,3,2,SUSPICIOUS,0
5350.19,0.67,0,16,0.1494,7,0,8000.0,3200.0,0,0,0,0,7,3,NORMAL,0
6181.51,0.77,1,0,0.0517,20,6,8000.0,3200.0,0,0,0,0,6,2,NORMAL,0
9476.06,0.79,0,38,0.049,11,5,12000.0,4800.0,0,0,0,0,15,3,NORMAL,0
8912.45,0.74,0,4,0.1198,22,0,12000.0,4800.0,0,0,0,0,8,2,NORMAL,0
2610.0,0.87,0,8,0.0462,22,5,3000.0,1200.0,0,0,0,0,7,11,NORMAL,0
1125.49,0.75,0,3,0.1316,9,1,1500.0,600.0,0,0,0,0,3,13,NORMAL,0
4346.72,0.87,0,26,0.0905,20,2,5000.0,2000.0,0,0,0,0,0,5,NORMAL,0
6642.63,4.43,1,0,0.5213,0,4,1500.0,600.0,0,1,0,0,12,64,SUSPICIOUS,1
8171.55,5.45,1,0,0.5521,4,2,1500.0,600.0,0,0,0,0,10,45,SUSPICIOUS,1
6384.44,1.28,0,34,0.1162,17,4,5000.0,2000.0,0,0,0,0,11,3,NORMAL,0
12950.12,1.08,0,12,0.1428,15,6,12000.0,4800.0,0,0,0,1,11,2,NORMAL,0
9523.29,3.17,0,3,0.5468,23,4,3000.0,1200.0,0,0,0,0,18,4,SUSPICIOUS,1
42980.51,5.37,1,0,0.4834,22,3,8000.0,3200.0,1,1,0,1,97,80,EXTREME,1
43599.87,5.45,1,0,0.4018,1,3,8000.0,3200.0,1,1,0,1,73,78,SUSPICIOUS,1
35311.07,2.94,1,0,0.5953,23,5,12000.0,4800.0,0,1,0,0,20,57,SUSPICIOUS,0
22948.17,4.59,0,3,0.3711,1,4,5000.0,2000.0,0,0,0,0,15,20,SUSPICIOUS,1
13237.69,1.1,0,43,0.0774,18,0,12000.0,4800.0,0,0,0,0,13,0,NORMAL,0
7980.64,1.0,0,23,0.2228,7,2,8000.0,3200.0,0,0,0,0,11,3,NORMAL,0
1582.05,1.05,0,25,0.0641,22,2,1500.0,600.0,0,0,0,0,6,1,NORMAL,0
3930.26,0.79,0,34,0.0966,8,6,5000.0,2000.0,0,0,0,0,4,3,NORMAL,0
1286.15,0.86,0,4,0.1658,12,4,1500.0,600.0,0,0,0,0,6,12,NORMAL,0
55790.73,11.16,1,0,1.1704,22,2,5000.0,2000.0,1,1,0,1,80,93,EXTREME,1
2599.19,0.87,0,15,0.2446,12,3,3000.0,1200.0,0,0,0,0,1,0,NORMAL,0
2142.07,0.71,0,36,0.1568,19,6,3000.0,1200.0,0,0,0,0,10,12,NORMAL,0
12677.56,1.06,0,10,0.0525,19,1,12000.0,4800.0,0,0,0,1,12,10,NORMAL,0
3643.81,0.73,0,40,0.2139,20,4,5000.0,2000.0,0,0,0,0,11,9,NORMAL,0
661.39,0.44,1,0,0.2349,13,4,1500.0,600.0,0,0,0,0,6,3,NORMAL,0
2108.74,0.7,1,0,0.1783,19,4,3000.0,1200.0,0,0,0,0,7,15,NORMAL,0
5384.97,1.08,0,24,0.1901,10,4,5000.0,2000.0,0,0,0,0,10,5,NORMAL,0
8164.98,1.02,0,25,0.1284,16,5,8000.0,3200.0,0,0,0,0,11,15,NORMAL,0
1383.67,0.92,0,8,0.1512,13,3,1500.0,600.0,0,0,0,0,11,3,NORMAL,0
44582.69,3.72,1,0,0.2954,23,4,12000.0,4800.0,0,0,1,0,44,3,SUSPICIOUS,1
1975.57,0.66,1,0,0.0989,13,1,3000.0,1200.0,0,0,0,0,7,5,NORMAL,0
7254.72,0.91,0,22,0.0887,15,0,8000.0,3200.0,0,0,0,0,3,14,NORMAL,0
1285.53,0.86,0,21,0.1158,22,6,1500.0,600.0,0,0,0,0,10,12,NORMAL,0
43762.95,3.65,0,1,0.2844,1,3,12000.0,4800.0,1,0,1,1,69,44,SUSPICIOUS,1
44353.36,5.54,0,2,0.3136,3,1,8000.0,3200.0,1,0,0,0,72,17,SUSPICIOUS,1
3429.88,0.43,0,21,0.2028,14,0,8000.0,3200.0,0,0,1,0,11,15,NORMAL,0
11450.14,0.95,1,0,0.1667,13,6,12000.0,4800.0,0,0,1,0,12,7,NORMAL,0
1250.97,0.83,0,28,0.1959,20,2,1500.0,600.0,0,0,0,0,2,12,NORMAL,0
1484.79,0.99,0,17,0.1122,22,5,1500.0,600.0,0,0,0,0,13,7,NORMAL,0
6131.96,0.51,0,39,0.0757,10,4,12000.0,4800.0,0,0,0,0,7,2,NORMAL,0
11788.58,0.98,0,25,0.2099,18,0,12000.0,4800.0,0,0,0,0,14,13,NORMAL,0
12768.72,1.06,0,31,0.137,11,6,12000.0,4800.0,0,0,0,0,12,14,NORMAL,0
2980.3,0.99,0,24,0.2337,8,5,3000.0,1200.0,0,0,0,0,10,6,NORMAL,0
29729.04,3.72,0,3,0.3247,19,6,8000.0,3200.0,1,0,1,0,63,9,SUSPICIOUS,1
2413.67,0.8,0,23,0.1792,8,1,3000.0,1200.0,0,0,0,0,7,15,NORMAL,0
1010.41,0.34,0,19,0.0464,15,5,3000.0,1200.0,0,0,0,0,3,15,NORMAL,0
3343.85,0.67,0,11,0.2298,19,4,5000.0,2000.0,0,0,0,0,13,15,NORMAL,0
55509.36,4.63,1,0,0.7452,12,4,12000.0,4800.0,1,1,1,0,80,72,EXTREME,1
11565.62,0.96,0,8,0.0407,9,5,12000.0,4800.0,0,0,0,0,3,8,NORMAL,0
2677.21,0.89,0,3,0.1061,9,3,3000.0,1200.0,0,0,0,0,10,4,NORMAL,0
915.75,0.11,0,24,0.0712,10,2,8000.0,3200.0,0,0,0,0,12,4,NORMAL,0
3371.86,0.67,0,40,0.0614,21,6,5000.0,2000.0,0,0,0,0,15,13,NORMAL,0
15000.0,10.0,1,0,0.5041,6,1,1500.0,600.0,1,1,0,0,84,80,EXTREME,1
26536.16,5.31,1,0,0.5876,2,4,5000.0,2000.0,1,0,1,0,74,49,SUSPICIOUS,1
4883.36,0.98,0,42,0.1041,19,4,5000.0,2000.0,0,0,0,0,1,9,NORMAL,0
12921.11,2.58,0,1,0.4786,14,5,5000.0,2000.0,0,1,0,0,46,70,SUSPICIOUS,1
8012.95,0.67,0,7,0.233,17,4,12000.0,4800.0,0,0,0,1,7,1,NORMAL,0
15000.0,10.0,1,0,0.7981,20,4,1500.0,600.0,1,1,1,0,88,79,EXTREME,1
1207.83,0.81,0,43,0.1411,8,1,1500.0,600.0,0,0,0,0,1,6,NORMAL,0
26241.43,3.28,0,3,0.2304,23,4,8000.0,3200.0,0,0,1,0,6,1,SUSPICIOUS,1
9913.78,0.83,0,20,0.0779,11,3,12000.0,4800.0,0,0,0,0,8,6,NORMAL,0
1209.48,0.81,0,39,0.1499,15,0,1500.0,600.0,0,0,0,0,3,0,NORMAL,0
6460.98,0.54,1,0,0.1041,8,0,12000.0,4800.0,0,0,0,0,5,14,NORMAL,0
10329.07,0.86,0,37,0.1989,12,6,12000.0,4800.0,0,0,0,0,10,0,NORMAL,0
14897.82,2.98,1,0,0.5904,4,2,5000.0,2000.0,1,0,0,0,72,18,SUSPICIOUS,1
13402.4,1.12,1,0,0.0794,7,6,12000.0,4800.0,0,0,0,0,1,8,NORMAL,0
6120.43,0.51,0,28,0.2325,16,3,12000.0,4800.0,0,0,0,0,10,10,NORMAL,0
6619.34,0.83,0,3,0.2149,13,6,8000.0,3200.0,0,0,0,1,10,8,NORMAL,0
44242.94,5.53,1,0,0.5968,2,2,8000.0,3200.0,1,0,0,0,72,15,SUSPICIOUS,1
94294.04,11.79,1,0,0.7953,5,0,8000.0,3200.0,1,1,0,0,80,83,EXTREME,1
2818.79,0.94,0,30,0.0914,21,4,3000.0,1200.0,0,0,0,0,6,8,NORMAL,0
6563.86,0.82,1,0,0.1722,16,2,8000.0,3200.0,0,0,1,0,15,6,NORMAL,0
808.23,0.54,0,22,0.1941,11,5,1500.0,600.0,0,0,0,0,12,10,NORMAL,0
6587.58,0.82,0,45,0.081,16,0,8000.0,3200.0,0,0,0,0,14,4,NORMAL,0
13198.56,2.64,1,0,0.5607,23,3,5000.0,2000.0,1,1,1,0,59,64,SUSPICIOUS,1
15000.0,5.0,1,0,0.9612,1,0,3000.0,1200.0,1,1,1,1,87,93,EXTREME,1
8345.67,1.04,0,16,0.2278,21,4,8000.0,3200.0,0,0,0,0,11,1,NORMAL,0
5321.71,1.06,0,17,0.1134,15,4,5000.0,2000.0,0,0,0,0,5,1,NORMAL,0
13110.31,2.62,1,0,0.2783,4,2,5000.0,2000.0,1,1,0,0,62,76,SUSPICIOUS,1
1365.49,0.46,0,28,0.2287,13,5,3000.0,1200.0,0,0,0,0,10,13,NORMAL,0
5180.46,3.45,1,0,0.2855,0,2,1500.0,600.0,0,1,1,0,10,52,SUSPICIOUS,1
10812.46,0.9,0,16,0.2409,20,3,12000.0,4800.0,0,0,0,0,2,2,NORMAL,0
12074.23,1.01,0,24,0.1436,21,5,12000.0,4800.0,0,0,0,0,10,0,NORMAL,0
84869.45,10.61,1,0,0.9347,19,4,8000.0,3200.0,1,1,0,1,97,94,EXTREME,1
1634.61,1.09,1,0,0.0554,10,4,1500.0,600.0,0,0,0,0,10,0,NORMAL,0
11280.05,0.94,0,16,0.1916,8,4,12000.0,4800.0,0,0,1,0,4,3,NORMAL,0
1189.44,0.79,0,32,0.2465,22,4,1500.0,600.0,0,0,0,0,1,15,NORMAL,0
3518.67,0.7,0,42,0.2177,21,1,5000.0,2000.0,0,0,1,0,7,1,NORMAL,0
15000.0,10.0,1,0,0.584,12,5,1500.0,600.0,1,1,1,1,83,83,EXTREME,1
41848.66,5.23,1,0,0.4798,1,3,8000.0,3200.0,0,0,0,0,46,14,SUSPICIOUS,1
5717.3,1.14,0,44,0.0567,14,1,5000.0,2000.0,0,0,0,0,11,10,NORMAL,0
7045.36,0.59,0,5,0.1466,14,4,12000.0,4800.0,0,0,0,0,6,6,NORMAL,0
11793.38,3.93,1,0,0.3012,0,6,3000.0,1200.0,0,1,0,1,15,50,SUSPICIOUS,1
58884.46,11.78,1,0,0.5911,6,6,5000.0,2000.0,1,1,1,0,87,76,EXTREME,1
4844.49,0.61,0,35,0.0438,18,6,8000.0,3200.0,0,0,0,0,13,0,NORMAL,0
3143.71,0.63,0,21,0.0421,16,3,5000.0,2000.0,0,0,1,0,14,3,NORMAL,0
4381.34,0.88,0,37,0.1671,20,4,5000.0,2000.0,0,0,0,0,15,15,NORMAL,0
2045.29,1.36,0,41,0.0504,16,6,1500.0,600.0,0,0,0,0,6,13,NORMAL,0
45248.68,5.66,1,0,0.5891,14,1,8000.0,3200.0,0,0,1,0,45,14,SUSPICIOUS,1
4824.34,0.96,0,42,0.0855,12,5,5000.0,2000.0,0,0,0,0,3,6,NORMAL,0
45930.59,3.83,1,0,0.4275,19,2,12000.0,4800.0,0,1,1,0,4,50,SUSPICIOUS,1
6545.69,0.82,0,43,0.2124,19,6,8000.0,3200.0,0,0,0,0,6,4,NORMAL,0
50258.94,4.19,0,2,0.2788,3,0,12000.0,4800.0,1,0,0,0,53,10,SUSPICIOUS,1
26785.01,5.36,1,0,0.3833,4,4,5000.0,2000.0,0,1,0,0,9,65,SUSPICIOUS,1
13129.49,1.09,0,34,0.1161,20,2,12000.0,4800.0,0,0,0,0,7,0,NORMAL,0
10691.61,0.89,0,37,0.0571,17,0,12000.0,4800.0,0,0,0,0,12,9,NORMAL,0
46020.14,9.2,1,0,0.9454,13,6,5000.0,2000.0,1,1,0,0,89,91,EXTREME,1
44278.07,3.69,0,1,0.3196,23,3,12000.0,4800.0,1,0,1,0,75,17,SUSPICIOUS,1
4662.04,0.93,0,28,0.0496,11,3,5000.0,2000.0,0,0,0,0,14,2,NORMAL,0
5552.32,0.69,0,6,0.1652,19,3,8000.0,3200.0,0,0,0,0,7,3,NORMAL,0
26321.92,5.26,0,3,0.3492,14,0,5000.0,2000.0,0,0,0,0,36,1,SUSPICIOUS,1
20418.68,4.08,1,0,0.21,4,5,5000.0,2000.0,0,0,1,1,19,11,SUSPICIOUS,1
2342.28,0.78,0,26,0.0921,17,5,3000.0,1200.0,0,0,0,0,13,1,NORMAL,0
2241.62,0.75,0,45,0.1234,16,4,3000.0,1200.0,0,0,0,0,3,1,NORMAL,0
21376.88,2.67,0,3,0.5607,1,0,8000.0,3200.0,0,1,0,1,13,77,SUSPICIOUS,1
6746.51,0.84,0,18,0.1375,18,0,8000.0,3200.0,0,0,0,0,15,2,NORMAL,0
11218.88,3.74,1,0,0.3904,3,1,3000.0,1200.0,0,0,0,0,5,16,SUSPICIOUS,1
14344.1,4.78,0,1,0.2091,14,3,3000.0,1200.0,1,0,0,0,68,20,SUSPICIOUS,1
1346.12,0.9,0,19,0.097,13,4,1500.0,600.0,0,0,0,0,2,15,NORMAL,0
511.7,0.34,1,0,0.1226,17,5,1500.0,600.0,0,0,0,0,15,14,NORMAL,0
4178.93,0.84,1,0,0.1064,15,1,5000.0,2000.0,0,0,0,0,8,6,NORMAL,0
47686.05,3.97,0,3,0.2584,2,6,12000.0,4800.0,0,0,1,0,38,15,SUSPICIOUS,1
3450.11,1.15,0,4,0.2471,13,2,3000.0,1200.0,0,0,0,0,10,13,NORMAL,0
10387.3,0.87,0,42,0.0518,22,2,12000.0,4800.0,0,0,0,0,7,14,NORMAL,0
2804.65,0.93,0,5,0.1897,18,2,3000.0,1200.0,0,0,0,0,6,2,NORMAL,0
5126.41,1.03,1,0,0.2295,16,6,5000.0,2000.0,0,0,0,0,8,9,NORMAL,0
932.7,0.62,0,30,0.2093,9,3,1500.0,600.0,0,0,0,0,4,7,NORMAL,0
12666.33,1.06,0,38,0.2175,9,1,12000.0,4800.0,0,0,0,0,5,1,NORMAL,0
4425.58,0.89,0,12,0.0781,12,2,5000.0,2000.0,0,0,0,0,10,9,NORMAL,0
1912.94,0.64,0,38,0.0851,10,0,3000.0,1200.0,0,0,0,0,15,12,NORMAL,0
4439.02,0.89,0,5,0.1945,18,2,5000.0,2000.0,0,0,0,0,2,4,NORMAL,0
7622.77,0.64,0,37,0.2279,8,0,12000.0,4800.0,0,0,0,0,10,12,NORMAL,0
6854.98,0.86,0,44,0.0616,13,4,8000.0,3200.0,0,0,0,0,5,0,NORMAL,0
44987.87,5.62,1,0,0.8286,4,0,8000.0,3200.0,1,1,1,0,82,71,EXTREME,1
59703.03,4.98,0,1,0.3836,0,2,12000.0,4800.0,0,0,0,0,15,4,SUSPICIOUS,1
3072.89,1.02,0,43,0.1096,18,3,3000.0,1200.0,0,0,0,0,6,4,NORMAL,0
8921.61,5.95,1,0,0.4051,4,2,1500.0,600.0,1,1,0,0,72,77,SUSPICIOUS,1
1719.61,0.57,0,18,0.1447,12,3,3000.0,1200.0,0,0,0,0,15,1,NORMAL,0
15672.89,5.22,1,0,0.2042,19,1,3000.0,1200.0,0,0,0,0,47,45,SUSPICIOUS,1
4967.07,0.99,1,0,0.1578,20,6,5000.0,2000.0,0,0,0,0,11,11,NORMAL,0
7052.07,4.7,0,2,0.3593,14,5,1500.0,600.0,0,1,0,0,44,76,SUSPICIOUS,1
15044.09,5.01,1,0,0.4657,14,4,3000.0,1200.0,0,1,0,0,38,50,SUSPICIOUS,1
10373.26,0.86,0,41,0.1635,21,5,12000.0,4800.0,0,0,0,0,13,14,NORMAL,0
5539.63,0.46,0,36,0.1681,13,1,12000.0,4800.0,0,0,0,0,14,14,NORMAL,0
1651.81,1.1,0,25,0.1153,8,6,1500.0,600.0,0,0,0,0,6,8,NORMAL,0
2285.96,0.76,0,10,0.1563,17,2,3000.0,1200.0,0,0,0,0,9,9,NORMAL,0
13081.0,4.36,1,0,0.2026,2,5,3000.0,1200.0,1,0,1,1,71,3,SUSPICIOUS,1
78440.81,6.54,1,0,1.0922,10,1,12000.0,4800.0,1,1,0,0,86,89,EXTREME,1
1802.86,0.6,0,25,0.132,19,6,3000.0,1200.0,0,0,0,0,11,0,NORMAL,0
3630.08,1.21,0,27,0.2281,8,6,3000.0,1200.0,0,0,0,0,0,1,NORMAL,0
71182.36,5.93,1,0,0.5564,4,0,12000.0,4800.0,0,1,1,1,38,79,SUSPICIOUS,1
2814.32,0.94,0,30,0.1802,11,4,3000.0,1200.0,0,0,0,0,9,9,NORMAL,0
2654.75,0.88,0,27,0.2497,19,2,3000.0,1200.0,0,0,0,0,1,15,NORMAL,0
6910.61,0.86,0,7,0.1473,14,2,8000.0,3200.0,0,0,0,0,10,11,NORMAL,0
20339.7,2.54,0,3,0.3977,0,2,8000.0,3200.0,1,1,0,0,63,50,SUSPICIOUS,1
121694.78,10.14,1,0,0.7895,0,0,12000.0,4800.0,1,1,0,1,82,85,EXTREME,1
29244.61,5.85,1,0,0.2933,4,2,5000.0,2000.0,0,0,0,1,7,3,SUSPICIOUS,1
3970.08,0.79,0,22,0.0813,12,1,5000.0,2000.0,0,0,0,0,1,2,NORMAL,0
23112.39,4.62,1,0,0.2314,0,0,5000.0,2000.0,0,0,0,0,3,4,SUSPICIOUS,1
8022.36,5.35,1,0,0.5426,4,5,1500.0,600.0,1,1,0,0,66,80,SUSPICIOUS,1
2489.94,0.83,0,37,0.2145,8,4,3000.0,1200.0,0,0,0,0,5,12,NORMAL,0
4401.48,0.88,0,17,0.154,9,4,5000.0,2000.0,0,0,0,0,13,1,NORMAL,0
6877.88,4.59,1,0,0.2268,0,5,1500.0,600.0,1,0,0,0,58,18,SUSPICIOUS,1
51088.92,6.39,1,0,0.6169,20,5,8000.0,3200.0,1,1,0,0,88,85,EXTREME,1
8407.97,2.8,0,2,0.47,3,4,3000.0,1200.0,0,1,1,0,3,63,SUSPICIOUS,1
23723.57,4.74,1,0,0.4501,0,1,5000.0,2000.0,1,0,0,0,61,49,SUSPICIOUS,1
64638.17,5.39,1,0,0.336,2,6,12000.0,4800.0,0,0,0,1,43,20,SUSPICIOUS,1
2398.01,0.8,0,24,0.1517,16,1,3000.0,1200.0,0,0,0,0,5,2,NORMAL,0
7348.01,0.92,0,4,0.1407,11,1,8000.0,3200.0,0,0,0,0,8,8,NORMAL,0
8259.66,1.03,0,14,0.0785,21,4,8000.0,3200.0,0,0,0,0,9,10,NORMAL,0
4721.23,0.94,1,0,0.1684,22,2,5000.0,2000.0,0,0,0,0,10,4,NORMAL,0
1196.69,0.4,0,40,0.0726,18,4,3000.0,1200.0,0,0,0,1,15,13,NORMAL,0
795.51,0.53,0,27,0.1603,15,3,1500.0,600.0,0,0,0,0,0,3,NORMAL,0
24141.65,4.83,1,0,0.5394,19,0,5000.0,2000.0,1,1,1,1,53,63,SUSPICIOUS,1
4382.6,0.88,0,9,0.2475,22,2,5000.0,2000.0,0,0,0,0,15,12,NORMAL,0
3706.01,0.74,0,43,0.1836,21,3,5000.0,2000.0,0,0,0,0,12,5,NORMAL,0
7575.67,0.63,1,0,0.2239,20,1,12000.0,4800.0,0,0,0,0,5,7,NORMAL,0
15796.51,3.16,1,0,0.285,19,0,5000.0,2000.0,1,0,0,0,75,47,SUSPICIOUS,1
40957.66,5.12,1,0,0.4428,0,1,8000.0,3200.0,0,1,1,0,43,67,SUSPICIOUS,1
6058.94,0.5,0,38,0.0563,22,0,12000.0,4800.0,0,0,0,0,10,0,NORMAL,0
82726.78,10.34,1,0,0.9784,13,0,8000.0,3200.0,1,1,0,1,83,71,EXTREME,1
42743.28,5.34,1,0,0.6374,2,5,8000.0,3200.0,1,1,1,0,82,94,EXTREME,1
3018.83,1.01,1,0,0.2252,13,6,3000.0,1200.0,0,0,0,0,2,1,NORMAL,0
12113.69,1.01,0,36,0.0576,16,5,12000.0,4800.0,0,0,1,0,13,3,NORMAL,0
8540.12,1.07,0,11,0.1244,13,0,8000.0,3200.0,0,0,0,0,9,5,NORMAL,0
27210.47,9.07,1,0,0.6062,8,6,3000.0,1200.0,1,1,0,1,85,88,EXTREME,1
5499.6,1.1,0,21,0.0601,12,2,5000.0,2000.0,0,0,0,0,0,15,NORMAL,0
7580.25,0.95,1,0,0.1234,18,5,8000.0,3200.0,0,0,0,0,8,6,NORMAL,0
7018.89,4.68,0,2,0.3918,0,6,1500.0,600.0,0,0,1,1,2,8,SUSPICIOUS,1
2993.06,0.6,0,4,0.1054,13,1,5000.0,2000.0,0,0,0,0,0,0,NORMAL,0
1137.37,0.76,0,3,0.2318,21,4,1500.0,600.0,0,0,0,0,4,15,NORMAL,0
3445.16,0.69,0,14,0.1941,16,3,5000.0,2000.0,0,0,0,0,10,4,NORMAL,0
23333.38,4.67,1,0,0.297,23,5,5000.0,2000.0,0,0,0,1,19,14,SUSPICIOUS,1
9022.29,1.13,0,29,0.0748,13,6,8000.0,3200.0,0,0,0,0,14,15,NORMAL,0
4784.3,0.96,0,9,0.2151,18,1,5000.0,2000.0,0,0,0,0,12,12,NORMAL,0
3186.88,0.4,1,0,0.1043,15,0,8000.0,3200.0,0,0,0,0,2,11,NORMAL,0
4264.11,0.85,0,29,0.2303,21,1,5000.0,2000.0,0,0,0,0,12,9,NORMAL,0
112174.46,9.35,1,0,1.1164,23,6,12000.0,4800.0,1,1,0,1,87,79,EXTREME,1
7546.64,5.03,0,2,0.3295,0,5,1500.0,600.0,0,0,1,0,41,19,SUSPICIOUS,1
10295.25,0.86,0,25,0.1194,21,4,12000.0,4800.0,0,0,0,0,15,7,NORMAL,0
5675.81,0.71,0,44,0.1491,7,0,8000.0,3200.0,0,0,0,0,13,5,NORMAL,0
3794.56,1.26,0,8,0.0609,12,2,3000.0,1200.0,0,0,0,0,7,8,NORMAL,0
17239.28,3.45,1,0,0.5376,2,6,5000.0,2000.0,0,0,0,0,39,3,SUSPICIOUS,1
45744.21,5.72,0,3,0.511,23,3,8000.0,3200.0,0,0,1,1,48,11,SUSPICIOUS,1
30899.23,10.3,1,0,1.1335,6,1,3000.0,1200.0,1,1,0,0,98,80,EXTREME,1
1892.67,0.38,0,34,0.1662,22,6,5000.0,2000.0,0,0,0,0,15,12,NORMAL,0
6054.88,0.76,0,18,0.1854,12,2,8000.0,3200.0,0,0,0,0,3,0,NORMAL,0
11998.74,1.0,1,0,0.2143,9,4,12000.0,4800.0,0,0,0,0,2,7,NORMAL,0
952.31,0.63,0,29,0.0583,12,6,1500.0,600.0,0,0,0,0,1,2,NORMAL,0
3882.35,0.78,0,34,0.1756,14,2,5000.0,2000.0,0,0,0,0,14,14,NORMAL,0
867.06,0.58,0,27,0.0508,14,0,1500.0,600.0,0,0,0,0,10,15,NORMAL,0
1314.2,0.88,0,19,0.1088,18,0,1500.0,600.0,0,0,0,0,11,2,NORMAL,0
2441.49,0.81,0,10,0.1285,17,0,3000.0,1200.0,0,0,0,0,0,3,NORMAL,0
8027.44,5.35,1,0,0.367,4,4,1500.0,600.0,0,1,0,0,1,68,SUSPICIOUS,1
3241.28,0.65,0,18,0.1724,18,0,5000.0,2000.0,0,0,1,0,5,0,NORMAL,0
3952.48,0.79,0,9,0.1063,12,5,5000.0,2000.0,0,0,0,0,9,7,NORMAL,0
15257.81,1.27,0,37,0.2,19,4,12000.0,4800.0,0,0,0,0,15,8,NORMAL,0
12237.65,4.08,1,0,0.2388,19,5,3000.0,1200.0,0,0,0,0,10,3,SUSPICIOUS,1
7740.85,2.58,1,0,0.3073,3,6,3000.0,1200.0,1,0,0,0,75,13,SUSPICIOUS,1
2382.31,0.79,0,23,0.1043,14,6,3000.0,1200.0,0,0,0,0,5,2,NORMAL,0
7269.16,0.91,0,6,0.2246,16,1,8000.0,3200.0,0,0,0,0,7,11,NORMAL,0
8682.46,0.72,0,18,0.1329,18,0,12000.0,4800.0,0,0,0,0,10,9,NORMAL,0
4644.16,0.93,0,15,0.0572,20,3,5000.0,2000.0,0,0,0,0,4,6,NORMAL,0
8802.77,1.1,0,43,0.158,11,5,8000.0,3200.0,0,0,0,0,6,15,NORMAL,0
1576.47,1.05,0,6,0.2052,18,3,1500.0,600.0,0,0,0,0,7,5,NORMAL,0
1301.58,0.87,0,9,0.1048,7,5,1500.0,600.0,0,0,0,0,1,4,NORMAL,0
28493.74,9.5,1,0,0.9775,6,3,3000.0,1200.0,1,1,0,1,85,85,EXTREME,1
14300.24,1.19,0,10,0.1932,16,1,12000.0,4800.0,0,0,0,0,7,4,NORMAL,0
4641.43,0.93,0,5,0.1491,20,5,5000.0,2000.0,0,0,0,0,0,15,NORMAL,0
15650.38,1.3,0,30,0.1996,13,0,12000.0,4800.0,0,0,1,0,3,13,NORMAL,0
10523.51,3.51,0,1,0.5042,14,0,3000.0,1200.0,0,1,0,0,35,70,SUSPICIOUS,1
40000.21,5.0,1,0,0.3108,19,2,8000.0,3200.0,0,0,0,0,20,44,SUSPICIOUS,1
38819.82,3.23,1,0,0.4624,14,1,12000.0,4800.0,0,1,1,0,46,54,SUSPICIOUS,1
9495.36,1.19,0,34,0.2128,7,1,8000.0,3200.0,0,0,0,0,10,0,NORMAL,0
14353.89,1.2,0,5,0.0623,9,3,12000.0,4800.0,0,0,0,1,6,4,NORMAL,0
47189.27,9.44,1,0,0.5318,19,4,5000.0,2000.0,1,1,0,0,100,87,EXTREME,1
2189.85,0.73,0,26,0.1859,8,3,3000.0,1200.0,0,0,0,0,6,6,NORMAL,0
4689.96,0.59,1,0,0.0955,11,0,8000.0,3200.0,0,0,0,0,12,4,NORMAL,0
2009.79,0.67,0,39,0.1794,14,6,3000.0,1200.0,0,0,0,0,9,4,NORMAL,0
1410.72,0.94,0,22,0.0666,13,0,1500.0,600.0,0,0,0,0,5,9,NORMAL,0
1633.23,0.54,0,26,0.1149,18,6,3000.0,1200.0,0,0,0,0,5,11,NORMAL,0
6047.74,1.21,0,19,0.1859,21,2,5000.0,2000.0,0,0,0,0,10,15,NORMAL,0
11202.83,0.93,0,36,0.1708,10,4,12000.0,4800.0,0,0,0,0,14,10,NORMAL,0
24405.12,8.14,1,0,0.7562,5,3,3000.0,1200.0,1,1,1,1,84,78,EXTREME,1
17865.55,5.96,0,1,0.2322,19,1,3000.0,1200.0,0,0,0,0,49,16,SUSPICIOUS,1
22463.18,2.81,1,0,0.3632,2,3,8000.0,3200.0,0,0,1,0,10,19,SUSPICIOUS,1
37495.5,4.69,1,0,0.3306,0,6,8000.0,3200.0,1,0,0,0,59,18,SUSPICIOUS,1
8301.58,0.69,0,14,0.1565,10,4,12000.0,4800.0,0,0,0,0,13,5,NORMAL,0
25394.52,5.08,1,0,0.4505,23,2,5000.0,2000.0,0,1,1,0,6,72,SUSPICIOUS,1
9612.46,1.2,0,44,0.0901,16,3,8000.0,3200.0,0,0,0,0,6,12,NORMAL,0
1122.64,0.37,0,29,0.1305,9,0,3000.0,1200.0,0,0,0,0,6,3,NORMAL,0
1477.66,0.99,0,42,0.1857,20,2,1500.0,600.0,0,0,0,0,0,8,NORMAL,0
6950.71,0.87,1,0,0.2275,21,1,8000.0,3200.0,0,0,0,1,9,1,NORMAL,0
9115.69,1.14,0,27,0.0974,18,5,8000.0,3200.0,0,0,0,0,8,1,NORMAL,0
2880.69,0.96,0,44,0.2327,21,1,3000.0,1200.0,0,0,0,0,4,10,NORMAL,0
56252.11,4.69,1,0,0.538,0,2,12000.0,4800.0,0,0,1,1,20,40,SUSPICIOUS,1
1682.25,0.21,0,14,0.0719,7,6,8000.0,3200.0,0,0,0,1,6,0,NORMAL,0
1415.04,0.47,1,0,0.1451,17,5,3000.0,1200.0,0,0,0,0,8,5,NORMAL,0
2619.31,0.52,0,40,0.1505,22,5,5000.0,2000.0,0,0,0,0,13,7,NORMAL,0
21401.11,2.68,1,0,0.5488,19,5,8000.0,3200.0,0,1,0,0,12,71,SUSPICIOUS,1
2160.71,1.44,1,0,0.0577,8,4,1500.0,600.0,0,0,0,0,8,6,NORMAL,0
10308.55,0.86,1,0,0.0578,14,2,12000.0,4800.0,0,0,0,0,15,11,NORMAL,0
8995.34,6.0,1,0,0.2077,23,6,1500.0,600.0,0,0,1,0,16,1,SUSPICIOUS,1
5928.7,1.19,0,38,0.1921,18,5,5000.0,2000.0,0,0,0,0,8,0,NORMAL,0
3961.61,0.79,0,24,0.0442,17,2,5000.0,2000.0,0,0,0,0,8,4,NORMAL,0
5413.38,3.61,1,0,0.5403,1,1,1500.0,600.0,0,0,0,0,42,13,SUSPICIOUS,1
1632.79,1.09,0,14,0.1567,21,2,1500.0,600.0,0,0,0,0,10,12,NORMAL,0
39056.68,4.88,1,0,0.3103,0,3,8000.0,3200.0,1,0,1,0,68,42,SUSPICIOUS,1
11033.18,0.92,0,14,0.2213,12,6,12000.0,4800.0,0,0,0,0,3,9,NORMAL,0
18324.4,3.66,0,2,0.5609,1,0,5000.0,2000.0,0,1,0,0,41,57,SUSPICIOUS,1
2019.11,0.67,0,6,0.1618,9,2,3000.0,1200.0,0,0,0,0,6,3,NORMAL,0
10429.74,0.87,0,32,0.0626,8,1,12000.0,4800.0,0,0,0,0,1,4,NORMAL,0
37495.81,3.12,1,0,0.5864,14,0,12000.0,4800.0,0,0,0,0,49,7,SUSPICIOUS,1
11583.68,0.97,0,37,0.169,14,1,12000.0,4800.0,0,0,0,0,8,1,NORMAL,0
8653.7,0.72,0,28,0.2198,13,0,12000.0,4800.0,0,0,0,0,6,5,NORMAL,0
1933.64,1.29,0,8,0.0525,8,5,1500.0,600.0,0,0,0,0,5,4,NORMAL,0
5935.2,3.96,1,0,0.4797,4,2,1500.0,600.0,1,0,1,0,54,47,SUSPICIOUS,1
14839.2,1.24,0,6,0.1684,14,0,12000.0,4800.0,0,0,0,0,1,7,NORMAL,0
2541.82,0.85,0,3,0.0825,15,5,3000.0,1200.0,0,0,0,0,2,8,NORMAL,0
6481.98,1.3,0,2,0.1443,18,2,5000.0,2000.0,0,0,0,0,8,1,NORMAL,0
24205.52,4.84,1,0,0.3501,4,2,5000.0,2000.0,1,1,1,1,60,63,SUSPICIOUS,1
2284.66,0.76,1,0,0.1804,15,0,3000.0,1200.0,0,0,0,0,3,13,NORMAL,0
4356.67,0.87,0,16,0.118,22,6,5000.0,2000.0,0,0,0,0,10,7,NORMAL,0
62240.51,5.19,0,1,0.4102,0,1,12000.0,4800.0,0,1,1,1,4,80,SUSPICIOUS,1
8529.92,1.07,0,39,0.1956,7,0,8000.0,3200.0,0,0,0,1,4,1,NORMAL,0
3379.64,0.68,0,40,0.1942,8,0,5000.0,2000.0,0,0,0,0,3,15,NORMAL,0
6198.31,4.13,0,1,0.488,0,5,1500.0,600.0,0,1,0,0,19,65,SUSPICIOUS,1
1615.32,1.08,0,40,0.1369,13,2,1500.0,600.0,0,0,0,0,8,6,NORMAL,0
32125.56,4.02,1,0,0.2982,0,1,8000.0,3200.0,1,1,0,1,73,62,SUSPICIOUS,1
1683.84,1.12,0,6,0.0526,15,6,1500.0,600.0,0,0,0,0,8,13,NORMAL,0
7994.51,0.67,0,29,0.1144,13,2,12000.0,4800.0,0,0,0,0,6,1,NORMAL,0
4006.56,1.34,0,45,0.0704,18,3,3000.0,1200.0,0,0,0,0,2,0,NORMAL,0
1371.01,0.91,0,20,0.1353,17,6,1500.0,600.0,0,0,0,0,2,10,NORMAL,0
4609.0,3.07,1,0,0.2824,2,0,1500.0,600.0,0,0,0,0,13,8,SUSPICIOUS,0
3811.19,0.76,0,35,0.0901,15,1,5000.0,2000.0,0,0,0,0,6,13,NORMAL,0
5428.89,0.68,0,43,0.1924,9,4,8000.0,3200.0,0,0,1,0,15,6,NORMAL,0
716.65,0.48,1,0,0.231,16,5,1500.0,600.0,0,0,0,0,0,10,NORMAL,0
11764.79,0.98,0,34,0.2248,15,6,12000.0,4800.0,0,0,0,0,1,15,NORMAL,0
5690.27,1.14,0,5,0.0968,10,6,5000.0,2000.0,0,0,0,0,2,13,NORMAL,0
833.74,0.56,0,27,0.0921,10,1,1500.0,600.0,0,0,0,0,6,7,NORMAL,0
1510.91,1.01,0,38,0.1547,15,5,1500.0,600.0,0,0,0,0,6,11,NORMAL,0
5249.58,1.05,0,14,0.0654,11,2,5000.0,2000.0,0,0,0,0,2,15,NORMAL,0
1054.9,0.7,0,45,0.1278,21,5,1500.0,600.0,0,0,0,0,0,9,NORMAL,0
1629.96,1.09,0,5,0.0642,15,4,1500.0,600.0,0,0,0,0,2,6,NORMAL,0
5276.14,1.06,0,12,0.2464,11,0,5000.0,2000.0,0,0,0,0,12,7,NORMAL,0
9218.74,1.15,1,0,0.137,14,2,8000.0,3200.0,0,0,0,0,10,3,NORMAL,0
8201.21,0.68,0,3,0.2395,19,6,12000.0,4800.0,0,0,0,0,9,11,NORMAL,0
5392.73,0.67,0,12,0.1048,14,2,8000.0,3200.0,0,0,0,0,15,1,NORMAL,0
36047.15,4.51,0,1,0.4972,19,6,8000.0,3200.0,0,0,0,0,44,41,SUSPICIOUS,1
5177.04,3.45,1,0,0.4524,4,1,1500.0,600.0,1,0,0,0,52,14,SUSPICIOUS,0
50925.06,4.24,0,3,0.5278,1,6,12000.0,4800.0,1,1,0,1,59,71,SUSPICIOUS,1
4664.19,3.11,1,0,0.2083,2,2,1500.0,600.0,1,0,1,0,70,1,SUSPICIOUS,1
3106.66,1.04,0,25,0.1864,13,1,3000.0,1200.0,0,0,0,0,9,7,NORMAL,0
118533.46,9.88,1,0,0.758,5,4,12000.0,4800.0,1,1,1,0,83,90,EXTREME,1
4733.73,0.59,0,38,0.1924,20,3,8000.0,3200.0,0,0,0,0,15,2,NORMAL,0
64810.9,8.1,1,0,1.1681,11,3,8000.0,3200.0,1,1,0,1,88,95,EXTREME,1
12942.61,4.31,0,3,0.2634,0,4,3000.0,1200.0,0,0,0,0,7,20,SUSPICIOUS,1
7220.59,4.81,0,1,0.543,3,2,1500.0,600.0,1,1,1,0,64,68,SUSPICIOUS,1
11467.7,0.96,0,11,0.1111,13,6,12000.0,4800.0,0,0,0,0,15,9,NORMAL,0
13588.67,4.53,0,3,0.3109,0,2,3000.0,1200.0,1,1,0,0,66,63,SUSPICIOUS,1
8544.89,5.7,1,0,0.2003,14,0,1500.0,600.0,0,0,1,0,47,14,SUSPICIOUS,1
6614.8,0.83,1,0,0.1762,8,6,8000.0,3200.0,0,0,0,0,12,8,NORMAL,0
1148.27,0.38,0,35,0.1721,22,1,3000.0,1200.0,0,0,0,0,6,7,NORMAL,0
1000.55,0.67,0,20,0.1435,16,5,1500.0,600.0,0,0,0,0,2,13,NORMAL,0
4315.16,0.54,0,36,0.1711,13,1,8000.0,3200.0,0,0,0,0,10,15,NORMAL,0
1278.04,0.26,0,25,0.2146,12,2,5000.0,2000.0,0,0,0,0,14,8,NORMAL,0
8200.44,1.03,0,18,0.2354,13,2,8000.0,3200.0,0,0,1,0,10,6,NORMAL,0
3996.35,0.8,0,19,0.122,22,4,5000.0,2000.0,0,0,0,0,14,3,NORMAL,0
1254.47,0.84,0,45,0.1496,18,2,1500.0,600.0,0,0,0,0,6,6,NORMAL,0
8937.04,0.74,0,6,0.1681,14,1,12000.0,4800.0,0,0,0,0,0,12,NORMAL,0
2617.53,0.87,0,29,0.0757,20,4,3000.0,1200.0,0,0,0,0,10,14,NORMAL,0
6353.61,1.27,0,37,0.1142,8,4,5000.0,2000.0,0,0,1,0,13,2,NORMAL,0
1434.63,0.48,0,22,0.2127,11,4,3000.0,1200.0,0,0,0,0,8,12,NORMAL,0
52528.76,6.57,1,0,0.5822,3,5,8000.0,3200.0,1,1,1,0,80,81,EXTREME,1
8070.25,1.01,0,35,0.1533,21,1,8000.0,3200.0,0,0,0,0,4,5,NORMAL,0
11130.99,0.93,0,44,0.1901,13,1,12000.0,4800.0,0,0,0,0,3,4,NORMAL,0
1034.55,0.34,0,24,0.0774,7,5,3000.0,1200.0,0,0,0,0,0,10,NORMAL,0
7084.39,0.89,0,11,0.2116,16,6,8000.0,3200.0,0,0,0,0,7,2,NORMAL,0
50694.53,6.34,1,0,0.8972,22,4,8000.0,3200.0,1,1,0,0,82,83,EXTREME,1
3096.28,0.62,0,27,0.2351,15,5,5000.0,2000.0,0,0,0,0,7,3,NORMAL,0
6987.81,0.87,1,0,0.0929,9,2,8000.0,3200.0,0,0,0,0,13,5,NORMAL,0
4078.49,0.82,0,8,0.0712,7,5,5000.0,2000.0,0,0,1,0,8,6,NORMAL,0
4954.26,0.99,0,5,0.1765,16,3,5000.0,2000.0,0,0,0,0,14,9,NORMAL,0
1120.44,0.75,1,0,0.1069,18,6,1500.0,600.0,0,0,0,0,6,7,NORMAL,0
3574.05,0.71,0,19,0.2025,7,3,5000.0,2000.0,0,0,0,0,14,0,NORMAL,0
4280.77,1.43,0,43,0.1151,7,3,3000.0,1200.0,0,0,0,0,4,5,NORMAL,0
3320.38,0.66,0,11,0.0544,21,1,5000.0,2000.0,0,0,0,0,7,3,NORMAL,0
5425.29,0.68,0,25,0.2387,18,4,8000.0,3200.0,0,0,0,0,13,8,NORMAL,0
13494.71,1.12,0,35,0.1549,21,2,12000.0,4800.0,0,0,0,0,12,0,NORMAL,0
5272.89,1.05,0,27,0.1665,11,0,5000.0,2000.0,0,0,0,0,4,6,NORMAL,0
6211.81,0.78,0,44,0.141,17,3,8000.0,3200.0,0,0,0,0,13,15,NORMAL,0
12919.03,1.08,0,9,0.1379,15,6,12000.0,4800.0,0,0,0,0,14,12,NORMAL,0
67184.01,5.6,1,0,0.2031,14,5,12000.0,4800.0,1,0,1,0,58,4,SUSPICIOUS,1
4513.29,0.9,1,0,0.1466,19,4,5000.0,2000.0,0,0,0,0,13,0,NORMAL,0
41419.09,3.45,1,0,0.3665,1,0,12000.0,4800.0,0,0,0,0,11,16,SUSPICIOUS,1
9766.52,1.22,0,3,0.1755,11,0,8000.0,3200.0,0,0,0,0,4,1,NORMAL,0
13031.99,2.61,1,0,0.3167,14,2,5000.0,2000.0,1,0,0,0,72,3,SUSPICIOUS,1
23928.26,4.79,1,0,1.08,15,2,5000.0,2000.0,1,1,1,1,87,79,EXTREME,1
83446.73,10.43,1,0,1.104,0,3,8000.0,3200.0,1,1,0,1,87,78,EXTREME,1
595.82,0.2,0,34,0.129,15,0,3000.0,1200.0,0,0,0,0,11,5,NORMAL,0
62716.06,7.84,1,0,0.6497,20,3,8000.0,3200.0,1,1,1,1,83,78,EXTREME,1
10533.2,0.88,1,0,0.1377,14,4,12000.0,4800.0,0,0,0,0,8,10,NORMAL,0
2080.33,0.42,0,7,0.1303,12,2,5000.0,2000.0,0,0,0,0,8,7,NORMAL,0
12439.12,1.04,0,15,0.1929,8,5,12000.0,4800.0,0,0,0,0,8,9,NORMAL,0
10094.05,0.84,0,22,0.2155,10,6,12000.0,4800.0,0,0,0,0,4,6,NORMAL,0
9971.36,1.25,0,39,0.137,19,0,8000.0,3200.0,0,0,0,0,0,13,NORMAL,0
13067.81,1.09,1,0,0.1604,8,1,12000.0,4800.0,0,0,0,0,6,5,NORMAL,0
7375.84,0.92,0,13,0.2072,17,5,8000.0,3200.0,0,0,0,0,3,14,NORMAL,0
2349.61,0.78,0,32,0.1795,14,4,3000.0,1200.0,0,0,0,0,0,11,NORMAL,0
4355.01,0.87,0,19,0.049,11,6,5000.0,2000.0,0,0,0,0,5,15,NORMAL,0
1958.07,0.65,1,0,0.0675,21,0,3000.0,1200.0,0,0,0,0,12,10,NORMAL,0
28126.91,9.38,1,0,1.1434,8,5,3000.0,1200.0,1,1,1,0,91,74,EXTREME,1
5299.57,3.53,1,0,0.5545,23,2,1500.0,600.0,1,0,0,0,58,1,SUSPICIOUS,1
10086.85,0.84,0,29,0.1455,7,2,12000.0,4800.0,0,0,0,0,4,7,NORMAL,0
1558.77,1.04,0,16,0.1338,11,0,1500.0,600.0,0,0,0,0,4,5,NORMAL,0
5691.46,1.14,0,19,0.1741,8,3,5000.0,2000.0,0,0,0,0,6,8,NORMAL,0
9279.94,0.77,1,0,0.09,7,3,12000.0,4800.0,0,0,0,0,0,5,NORMAL,0
7797.83,0.97,0,10,0.1999,20,0,8000.0,3200.0,0,0,0,0,3,0,NORMAL,0
5277.31,3.52,1,0,0.5491,19,0,1500.0,600.0,1,1,0,0,68,75,SUSPICIOUS,1
4593.08,0.92,0,6,0.0648,15,4,5000.0,2000.0,0,0,0,0,13,8,NORMAL,0
3364.84,0.67,0,39,0.1811,22,5,5000.0,2000.0,0,0,0,0,1,13,NORMAL,0
30383.14,6.08,1,0,0.8951,1,6,5000.0,2000.0,1,1,0,0,80,90,EXTREME,1
47503.22,5.94,1,0,0.4361,2,2,8000.0,3200.0,1,1,1,1,100,76,EXTREME,1
62832.92,5.24,0,3,0.2263,4,4,12000.0,4800.0,1,1,1,1,68,77,SUSPICIOUS,1
392.44,0.26,0,30,0.0471,7,1,1500.0,600.0,0,0,0,0,1,3,NORMAL,0
12508.84,4.17,1,0,0.2457,1,6,3000.0,1200.0,1,1,0,1,70,71,SUSPICIOUS,1
53855.42,10.77,1,0,0.7397,22,3,5000.0,2000.0,1,1,0,0,82,89,EXTREME,1
6151.06,1.23,0,28,0.1554,9,5,5000.0,2000.0,0,0,0,0,0,13,NORMAL,0
4377.01,0.88,0,3,0.0817,22,2,5000.0,2000.0,0,0,0,0,6,11,NORMAL,0
16691.34,5.56,1,0,0.6524,9,3,3000.0,1200.0,1,1,0,0,94,94,EXTREME,1
3236.75,1.08,0,15,0.1326,11,5,3000.0,1200.0,0,0,0,0,10,15,NORMAL,0
8139.07,1.02,0,31,0.121,7,6,8000.0,3200.0,0,0,0,0,4,11,NORMAL,0
30851.58,2.57,1,0,0.5127,4,6,12000.0,4800.0,1,0,0,0,53,48,SUSPICIOUS,1
7466.16,0.62,0,38,0.1155,10,0,12000.0,4800.0,0,0,0,0,0,11,NORMAL,0
6389.41,0.8,0,10,0.1872,22,4,8000.0,3200.0,0,0,0,0,8,2,NORMAL,0
19304.4,3.86,0,3,0.4058,3,1,5000.0,2000.0,0,1,1,0,12,77,SUSPICIOUS,1
81826.33,10.23,1,0,1.0092,8,6,8000.0,3200.0,1,1,0,0,88,78,EXTREME,1
4821.69,0.6,0,20,0.0948,9,2,8000.0,3200.0,0,0,0,0,10,1,NORMAL,0
8958.57,0.75,0,31,0.1807,20,2,12000.0,4800.0,0,0,0,0,9,3,NORMAL,0
71530.04,8.94,1,0,0.6635,16,2,8000.0,3200.0,1,1,1,0,86,74,EXTREME,1
3276.13,1.09,0,13,0.2068,22,5,3000.0,1200.0,0,0,0,0,2,13,NORMAL,0
6898.88,1.38,0,42,0.0941,22,4,5000.0,2000.0,0,0,0,0,13,7,NORMAL,0
21790.25,2.72,0,1,0.412,23,6,8000.0,3200.0,0,0,0,0,47,0,SUSPICIOUS,1
12355.47,1.03,0,3,0.0893,13,5,12000.0,4800.0,0,0,1,0,15,4,NORMAL,0
44441.05,5.56,1,0,0.2118,23,3,8000.0,3200.0,0,1,0,0,20,56,SUSPICIOUS,1
17326.8,5.78,1,0,0.369,14,2,3000.0,1200.0,1,1,1,0,62,65,SUSPICIOUS,1
81282.93,10.16,1,0,0.4133,22,4,8000.0,3200.0,1,1,1,1,89,74,EXTREME,1
27614.7,9.2,1,0,0.6758,17,4,3000.0,1200.0,1,1,0,0,91,74,EXTREME,1
4613.64,0.92,0,20,0.1583,21,4,5000.0,2000.0,0,0,0,1,9,15,NORMAL,0
14577.48,1.21,1,0,0.1258,10,1,12000.0,4800.0,0,0,0,0,0,2,NORMAL,0
1197.24,0.8,0,26,0.1825,15,4,1500.0,600.0,0,0,0,0,8,5,NORMAL,0
1323.54,0.88,0,43,0.1294,22,6,1500.0,600.0,0,0,0,0,8,14,NORMAL,0
1184.06,0.79,0,15,0.0962,10,0,1500.0,600.0,0,0,0,0,15,1,NORMAL,0
11105.38,0.93,0,17,0.1099,18,4,12000.0,4800.0,0,0,0,0,15,7,NORMAL,0
5775.01,0.72,0,32,0.0536,22,2,8000.0,3200.0,0,0,0,0,1,5,NORMAL,0
3123.14,1.04,0,9,0.0697,19,5,3000.0,1200.0,0,0,0,0,2,10,NORMAL,0
16117.57,1.34,0,35,0.0842,21,6,12000.0,4800.0,0,0,0,0,11,5,NORMAL,0
3190.97,1.06,0,24,0.1193,18,0,3000.0,1200.0,0,0,0,0,10,3,NORMAL,0
3421.05,0.68,0,19,0.0599,7,3,5000.0,2000.0,0,0,0,0,15,11,NORMAL,0
12318.2,1.03,0,19,0.1199,17,5,12000.0,4800.0,0,0,0,0,1,9,NORMAL,0
1634.72,1.09,1,0,0.2007,7,1,1500.0,600.0,0,0,0,0,3,5,NORMAL,0
2898.2,0.97,0,19,0.1717,16,2,3000.0,1200.0,0,0,0,1,4,13,NORMAL,0
7935.99,0.99,1,0,0.2174,16,6,8000.0,3200.0,0,0,0,0,1,1,NORMAL,0
6840.05,0.86,0,14,0.1024,14,0,8000.0,3200.0,0,0,0,0,12,12,NORMAL,0
2914.97,0.58,0,11,0.198,14,3,5000.0,2000.0,0,0,0,0,4,6,NORMAL,0
2514.94,0.84,1,0,0.2242,7,1,3000.0,1200.0,0,0,0,0,11,1,NORMAL,0
7800.77,0.65,0,37,0.243,7,6,12000.0,4800.0,0,0,0,0,10,7,NORMAL,0
9806.46,0.82,0,3,0.1636,20,3,12000.0,4800.0,0,0,0,0,3,12,NORMAL,0
41883.43,5.24,1,0,0.3736,3,2,8000.0,3200.0,1,1,0,0,50,70,SUSPICIOUS,1
1113.37,0.74,0,12,0.18,7,0,1500.0,600.0,0,0,0,0,3,4,NORMAL,0
20288.01,4.06,1,0,0.4861,3,4,5000.0,2000.0,0,0,1,0,46,42,SUSPICIOUS,1
3767.88,1.26,0,44,0.2395,20,5,3000.0,1200.0,0,0,0,1,15,0,NORMAL,0
29316.34,9.77,1,0,0.4943,16,0,3000.0,1200.0,1,1,1,0,98,86,EXTREME,1
1086.82,0.36,0,31,0.2265,22,2,3000.0,1200.0,0,0,0,0,7,2,NORMAL,0
7895.07,0.99,0,18,0.0916,9,2,8000.0,3200.0,0,0,0,0,4,2,NORMAL,0
49311.91,9.86,1,0,1.0724,23,0,5000.0,2000.0,1,1,0,1,100,84,EXTREME,1
1324.36,0.88,0,33,0.1489,14,0,1500.0,600.0,0,0,0,0,1,11,NORMAL,0
5218.67,1.04,0,45,0.1476,19,2,5000.0,2000.0,0,0,0,0,4,12,NORMAL,0
16257.6,1.35,1,0,0.219,14,0,12000.0,4800.0,0,0,0,0,0,15,NORMAL,0
8516.58,2.84,0,2,0.4758,3,5,3000.0,1200.0,0,0,0,1,7,47,SUSPICIOUS,1
47151.43,3.93,0,1,0.447,4,5,12000.0,4800.0,0,1,0,0,5,56,SUSPICIOUS,1
6935.3,1.39,0,21,0.0644,22,5,5000.0,2000.0,0,0,0,0,11,15,NORMAL,0
5626.31,0.7,0,35,0.2491,19,6,8000.0,3200.0,0,0,0,0,0,14,NORMAL,0
14165.64,1.18,0,25,0.0964,12,3,12000.0,4800.0,0,0,0,0,13,4,NORMAL,0
6705.88,0.84,1,0,0.1339,11,6,8000.0,3200.0,0,0,0,0,7,1,NORMAL,0
5293.62,0.66,0,20,0.0626,12,0,8000.0,3200.0,0,0,0,0,7,3,NORMAL,0
53859.2,10.77,1,0,0.5565,9,6,5000.0,2000.0,1,1,1,1,86,70,EXTREME,1
20529.33,2.57,1,0,0.3445,0,1,8000.0,3200.0,1,0,0,0,68,6,SUSPICIOUS,1
1164.19,0.78,0,3,0.044,10,4,1500.0,600.0,0,0,0,0,4,5,NORMAL,0
9024.06,3.01,0,3,0.4526,0,0,3000.0,1200.0,1,1,1,0,57,50,SUSPICIOUS,0
1423.1,0.95,0,12,0.2227,19,0,1500.0,600.0,0,0,0,0,4,9,NORMAL,0
12093.12,4.03,1,0,0.2949,14,6,3000.0,1200.0,1,1,1,0,58,77,SUSPICIOUS,1
2350.29,0.47,0,3,0.1743,16,5,5000.0,2000.0,0,0,0,0,2,7,NORMAL,0
16734.43,3.35,0,2,0.4382,3,4,5000.0,2000.0,0,0,0,1,10,11,SUSPICIOUS,1
4225.95,0.85,0,8,0.2038,16,3,5000.0,2000.0,0,0,0,0,7,12,NORMAL,0
12800.46,1.07,0,27,0.1195,11,5,12000.0,4800.0,0,0,0,0,0,7,NORMAL,0
15000.0,10.0,1,0,0.4085,20,2,1500.0,600.0,1,1,0,0,87,88,EXTREME,1
33005.38,11.0,1,0,0.5077,11,5,3000.0,1200.0,1,1,0,0,90,83,EXTREME,1
1281.72,0.85,0,8,0.0524,16,5,1500.0,600.0,0,0,0,0,10,9,NORMAL,0
4634.33,0.58,0,16,0.1369,11,5,8000.0,3200.0,0,0,0,0,12,4,NORMAL,0
9208.95,0.77,0,8,0.1571,9,4,12000.0,4800.0,0,0,0,0,12,6,NORMAL,0
4498.25,3.0,1,0,0.2023,3,0,1500.0,600.0,0,0,1,1,8,1,SUSPICIOUS,1
34066.29,2.84,1,0,0.4351,2,0,12000.0,4800.0,1,0,0,0,63,45,SUSPICIOUS,1
4309.62,0.86,0,12,0.2268,15,6,5000.0,2000.0,0,0,0,1,1,13,NORMAL,0
15654.48,1.3,0,29,0.0809,12,0,12000.0,4800.0,0,0,0,0,1,5,NORMAL,0
8162.47,1.02,0,3,0.1368,15,4,8000.0,3200.0,0,0,0,0,10,6,NORMAL,0
1296.73,0.86,0,29,0.0583,9,6,1500.0,600.0,0,0,0,0,11,1,NORMAL,0
28682.88,3.59,0,2,0.4969,14,0,8000.0,3200.0,1,0,0,0,61,43,SUSPICIOUS,1
20450.16,4.09,1,0,0.4515,14,0,5000.0,2000.0,0,1,1,0,16,65,SUSPICIOUS,1
4756.66,0.4,0,22,0.2399,15,3,12000.0,4800.0,0,0,0,0,1,1,NORMAL,0
1444.46,0.96,0,27,0.2149,7,1,1500.0,600.0,0,0,0,0,4,0,NORMAL,0
40934.77,5.12,1,0,0.4955,23,3,8000.0,3200.0,0,0,1,0,8,7,SUSPICIOUS,1
8374.72,1.05,0,19,0.1999,14,6,8000.0,3200.0,0,0,0,0,7,9,NORMAL,0
2359.22,0.79,0,6,0.1501,16,2,3000.0,1200.0,0,0,0,0,10,0,NORMAL,0
3102.63,1.03,0,16,0.0636,18,2,3000.0,1200.0,0,0,0,0,7,3,NORMAL,0
1373.07,0.92,0,25,0.0776,16,3,1500.0,600.0,0,0,0,1,5,6,NORMAL,0
6138.38,0.77,0,13,0.1477,12,2,8000.0,3200.0,0,0,0,0,5,9,NORMAL,0
16695.22,5.57,1,0,0.4666,1,5,3000.0,1200.0,0,1,1,1,46,70,SUSPICIOUS,1
32169.62,4.02,0,2,0.547,19,0,8000.0,3200.0,0,0,0,0,19,17,SUSPICIOUS,1
3536.29,1.18,1,0,0.1604,22,6,3000.0,1200.0,0,0,0,0,8,11,NORMAL,0
5660.74,0.71,0,2,0.1129,10,3,8000.0,3200.0,0,0,0,0,7,0,NORMAL,0
125435.36,10.45,1,0,0.5424,16,0,12000.0,4800.0,1,1,1,1,91,88,EXTREME,1
42412.21,5.3,1,0,0.5517,19,6,8000.0,3200.0,0,0,0,0,17,12,SUSPICIOUS,1
1435.12,0.96,0,43,0.1348,22,6,1500.0,600.0,0,0,0,0,4,4,NORMAL,0
25582.53,3.2,1,0,0.466,3,1,8000.0,3200.0,1,1,0,0,74,62,SUSPICIOUS,1
5490.87,0.69,0,9,0.1444,11,6,8000.0,3200.0,0,0,0,0,5,13,NORMAL,0
6210.95,0.52,0,41,0.1493,9,2,12000.0,4800.0,0,0,0,0,11,3,NORMAL,0
4283.26,0.54,0,37,0.0561,10,6,8000.0,3200.0,0,0,0,0,14,4,NORMAL,0
5291.74,1.06,0,18,0.0658,14,2,5000.0,2000.0,0,0,0,0,9,3,NORMAL,0
7253.18,0.91,0,34,0.2446,12,0,8000.0,3200.0,0,0,0,0,0,10,NORMAL,0
2923.74,0.97,0,30,0.1013,16,0,3000.0,1200.0,0,0,0,0,3,9,NORMAL,0
47205.9,9.44,1,0,0.4364,15,5,5000.0,2000.0,1,1,1,0,82,92,EXTREME,1
12293.42,1.02,1,0,0.1905,20,2,12000.0,4800.0,0,0,0,0,14,4,NORMAL,0
4226.57,1.41,0,36,0.0946,17,4,3000.0,1200.0,0,0,0,0,14,1,NORMAL,0
1578.49,1.05,1,0,0.2182,20,0,1500.0,600.0,0,0,0,0,15,15,NORMAL,0
4143.79,0.83,0,3,0.0876,7,2,5000.0,2000.0,0,0,0,0,10,7,NORMAL,0
775.45,0.52,0,25,0.1496,15,5,1500.0,600.0,0,0,0,0,4,12,NORMAL,0
8633.9,0.72,0,37,0.0684,16,6,12000.0,4800.0,0,0,0,0,8,14,NORMAL,0
6649.1,1.33,0,28,0.1589,15,3,5000.0,2000.0,0,0,0,0,10,8,NORMAL,0
2294.08,0.76,0,6,0.2286,8,2,3000.0,1200.0,0,0,0,0,0,15,NORMAL,0
6672.5,0.83,0,3,0.2174,9,6,8000.0,3200.0,0,0,0,0,10,7,NORMAL,0
13086.43,2.62,1,0,0.3619,19,3,5000.0,2000.0,1,1,0,0,56,78,SUSPICIOUS,1
3507.35,0.7,1,0,0.0737,13,0,5000.0,2000.0,0,0,0,0,2,7,NORMAL,0
2268.0,0.76,0,44,0.0896,19,5,3000.0,1200.0,0,0,0,0,7,15,NORMAL,0
4555.4,3.04,1,0,0.4907,19,0,1500.0,600.0,1,0,0,1,52,48,SUSPICIOUS,1
1178.88,0.39,1,0,0.0976,20,4,3000.0,1200.0,0,0,0,1,5,1,NORMAL,0
15052.08,1.25,1,0,0.1432,15,4,12000.0,4800.0,0,0,0,0,0,0,NORMAL,0
5174.7,1.03,0,18,0.2009,18,5,5000.0,2000.0,0,0,0,0,15,12,NORMAL,0
3663.91,1.22,0,5,0.0601,10,1,3000.0,1200.0,0,0,1,0,4,2,NORMAL,0
3388.22,1.13,0,20,0.1368,21,5,3000.0,1200.0,0,0,0,0,3,4,NORMAL,0
4877.32,0.98,0,16,0.2127,16,4,5000.0,2000.0,0,0,0,0,8,2,NORMAL,0
5756.34,0.72,0,16,0.1061,11,4,8000.0,3200.0,0,0,0,0,11,0,NORMAL,0
7466.49,0.62,0,15,0.1138,20,6,12000.0,4800.0,0,0,0,0,13,12,NORMAL,0
47443.14,3.95,1,0,0.2159,19,6,12000.0,4800.0,1,0,0,1,57,2,SUSPICIOUS,1
2985.31,1.0,0,18,0.2059,13,2,3000.0,1200.0,0,0,0,1,3,13,NORMAL,0
4999.93,3.33,1,0,0.3329,14,2,1500.0,600.0,1,0,0,0,62,10,SUSPICIOUS,1
5350.7,1.07,0,15,0.2342,17,1,5000.0,2000.0,0,0,0,0,5,3,NORMAL,0
5867.27,1.17,0,37,0.219,21,0,5000.0,2000.0,0,0,0,0,1,13,NORMAL,0
984.19,0.66,1,0,0.0726,19,1,1500.0,600.0,0,0,0,0,11,12,NORMAL,0
3857.56,0.77,1,0,0.2496,16,3,5000.0,2000.0,0,0,0,0,4,10,NORMAL,0
4192.3,0.84,0,30,0.2091,19,0,5000.0,2000.0,0,0,0,0,5,13,NORMAL,0
2764.71,0.92,1,0,0.1849,7,5,3000.0,1200.0,0,0,0,0,0,1,NORMAL,0
5110.53,0.64,0,29,0.046,9,3,8000.0,3200.0,0,0,0,0,2,7,NORMAL,0
4152.61,0.83,0,13,0.0911,15,6,5000.0,2000.0,0,0,0,0,15,11,NORMAL,0
1628.89,1.09,0,12,0.1969,17,2,1500.0,600.0,0,0,0,0,10,13,NORMAL,0
8208.16,2.74,0,1,0.5541,4,6,3000.0,1200.0,1,1,0,0,58,52,SUSPICIOUS,1
17832.86,5.94,1,0,0.4829,8,5,3000.0,1200.0,1,1,1,0,96,83,EXTREME,1
6937.89,1.39,0,19,0.15,16,4,5000.0,2000.0,0,0,0,0,15,9,NORMAL,0
898.24,0.6,0,12,0.195,8,4,1500.0,600.0,0,0,0,0,3,8,NORMAL,0
19552.88,3.91,1,0,0.3222,4,0,5000.0,2000.0,1,1,0,1,65,58,SUSPICIOUS,1
17576.98,11.72,1,0,1.1536,3,2,1500.0,600.0,1,1,1,0,100,72,EXTREME,1
15108.34,10.07,1,0,0.7688,18,4,1500.0,600.0,1,1,1,1,92,93,EXTREME,1
1469.91,0.49,0,29,0.2338,9,5,3000.0,1200.0,0,0,0,0,2,14,NORMAL,0
8464.25,5.64,0,3,0.4723,4,5,1500.0,600.0,0,1,0,0,1,73,SUSPICIOUS,1
1198.41,0.8,0,12,0.0961,21,5,1500.0,600.0,0,0,0,0,3,8,NORMAL,0
4110.81,0.82,0,7,0.217,12,2,5000.0,2000.0,0,0,0,0,1,0,NORMAL,0
2392.38,0.8,0,39,0.1736,18,5,3000.0,1200.0,0,0,0,0,9,3,NORMAL,0
11325.14,1.42,0,16,0.0548,11,4,8000.0,3200.0,0,0,1,0,6,9,NORMAL,0
4130.92,2.75,1,0,0.4534,14,6,1500.0,600.0,1,0,1,0,61,2,SUSPICIOUS,1
1085.73,0.72,0,41,0.1209,13,0,1500.0,600.0,0,0,0,0,14,12,NORMAL,0
22706.64,2.84,0,2,0.2999,14,3,8000.0,3200.0,0,0,0,1,20,1,SUSPICIOUS,1
8044.37,0.67,0,36,0.0401,7,0,12000.0,4800.0,0,0,0,0,2,7,NORMAL,0
15696.36,1.31,1,0,0.1151,17,0,12000.0,4800.0,0,0,0,0,1,2,NORMAL,0
71471.94,5.96,0,1,0.4681,4,6,12000.0,4800.0,1,1,0,0,60,76,SUSPICIOUS,1
1097.45,0.73,0,22,0.0831,18,2,1500.0,600.0,0,0,0,0,14,13,NORMAL,0
6958.02,0.58,0,23,0.149,14,0,12000.0,4800.0,0,0,0,0,11,1,NORMAL,0
2567.77,0.21,1,0,0.0779,12,2,12000.0,4800.0,0,0,0,0,2,7,NORMAL,0
1791.72,0.6,0,44,0.0946,12,6,3000.0,1200.0,0,0,0,0,15,4,NORMAL,0
1801.09,1.2,0,9,0.1952,8,1,1500.0,600.0,0,0,0,0,1,0,NORMAL,0
8732.91,2.91,1,0,0.4674,2,3,3000.0,1200.0,1,1,0,0,60,55,SUSPICIOUS,1
3899.79,2.6,1,0,0.3011,1,0,1500.0,600.0,0,1,0,0,4,56,SUSPICIOUS,1
6111.27,0.76,0,26,0.057,10,2,8000.0,3200.0,0,0,0,0,14,4,NORMAL,0
16029.7,10.69,1,0,1.0392,13,2,1500.0,600.0,1,1,1,1,84,82,EXTREME,1
2477.89,0.31,0,24,0.1659,18,0,8000.0,3200.0,0,0,0,0,2,12,NORMAL,0
3723.62,0.74,0,41,0.1324,9,5,5000.0,2000.0,0,0,0,0,10,10,NORMAL,0
10092.1,3.36,1,0,0.5407,3,3,3000.0,1200.0,0,0,0,1,3,19,SUSPICIOUS,1
30350.92,3.79,1,0,0.3646,23,1,8000.0,3200.0,1,0,1,0,53,9,SUSPICIOUS,1
21628.37,7.21,1,0,0.9325,8,5,3000.0,1200.0,1,1,1,1,93,88,EXTREME,1
5042.37,0.63,0,19,0.1717,8,1,8000.0,3200.0,0,0,0,0,14,2,NORMAL,0
15000.0,5.0,1,0,0.6082,20,6,3000.0,1200.0,1,1,0,1,84,77,EXTREME,1
4151.54,0.83,0,4,0.1403,10,4,5000.0,2000.0,0,0,0,0,12,7,NORMAL,0
6532.49,4.35,1,0,0.4048,2,0,1500.0,600.0,0,1,1,0,4,76,SUSPICIOUS,1
5097.34,1.02,0,31,0.1757,11,2,5000.0,2000.0,0,0,0,0,6,3,NORMAL,0
4341.35,0.87,0,38,0.2312,16,2,5000.0,2000.0,0,0,0,0,15,4,NORMAL,0
7595.79,0.95,0,27,0.0435,10,4,8000.0,3200.0,0,0,0,0,15,0,NORMAL,0
3657.78,0.73,0,37,0.2353,9,5,5000.0,2000.0,0,0,0,0,6,4,NORMAL,0
10601.2,0.88,0,31,0.0638,21,5,12000.0,4800.0,0,0,0,0,6,8,NORMAL,0
4502.07,0.38,0,18,0.0902,16,4,12000.0,4800.0,0,0,0,0,15,5,NORMAL,0
8735.62,1.09,0,15,0.1056,8,4,8000.0,3200.0,0,0,0,0,9,7,NORMAL,0
4955.35,0.62,0,23,0.1259,22,6,8000.0,3200.0,0,0,0,0,9,12,NORMAL,0
6671.89,0.83,0,34,0.1906,14,2,8000.0,3200.0,0,0,0,0,1,11,NORMAL,0
5033.93,0.42,0,41,0.1772,21,0,12000.0,4800.0,0,0,0,0,9,13,NORMAL,0
2487.19,0.83,0,45,0.1987,16,3,3000.0,1200.0,0,0,0,0,2,9,NORMAL,0
3591.96,1.2,0,21,0.1791,10,0,3000.0,1200.0,0,0,0,0,12,13,NORMAL,0
1798.94,0.36,0,40,0.2464,7,6,5000.0,2000.0,0,0,0,0,14,6,NORMAL,0
7521.92,0.94,0,19,0.2137,15,4,8000.0,3200.0,0,0,0,0,14,11,NORMAL,0
16715.82,5.57,0,1,0.5988,14,2,3000.0,1200.0,0,1,0,0,18,51,SUSPICIOUS,1
43710.62,3.64,0,2,0.2788,19,3,12000.0,4800.0,1,1,1,0,68,79,SUSPICIOUS,1
11246.65,0.94,0,7,0.1308,18,5,12000.0,4800.0,0,0,0,0,12,7,NORMAL,0
2665.2,0.89,1,0,0.0578,17,4,3000.0,1200.0,0,0,0,0,5,8,NORMAL,0
8145.85,0.68,0,4,0.1527,8,0,12000.0,4800.0,0,0,0,0,0,15,NORMAL,0
44169.99,5.52,0,2,0.2669,19,3,8000.0,3200.0,0,0,1,0,37,13,SUSPICIOUS,1
4639.3,0.93,0,16,0.2111,11,6,5000.0,2000.0,0,0,0,0,14,10,NORMAL,0
9742.5,0.81,0,26,0.249,11,3,12000.0,4800.0,0,0,0,0,14,14,NORMAL,0
34083.29,11.36,1,0,0.436,3,3,3000.0,1200.0,1,1,0,0,91,71,EXTREME,1
3541.66,0.71,0,6,0.1444,11,5,5000.0,2000.0,0,0,0,0,1,10,NORMAL,0
6472.71,0.81,0,31,0.058,21,2,8000.0,3200.0,0,0,0,0,8,8,NORMAL,0
1526.61,1.02,0,9,0.054,8,5,1500.0,600.0,0,0,0,0,15,7,NORMAL,0
6404.94,0.53,0,30,0.1135,20,5,12000.0,4800.0,0,0,0,0,7,5,NORMAL,0
1221.95,0.81,0,24,0.1964,20,4,1500.0,600.0,0,0,0,0,14,13,NORMAL,0
5693.44,0.71,0,31,0.2079,11,1,8000.0,3200.0,0,0,0,0,6,1,NORMAL,0
28909.6,5.78,1,0,0.5568,19,0,5000.0,2000.0,1,1,1,0,62,72,SUSPICIOUS,1
1625.73,0.54,0,45,0.2428,12,6,3000.0,1200.0,0,0,0,0,7,7,NORMAL,0
32403.96,2.7,0,1,0.4241,19,5,12000.0,4800.0,1,1,0,1,54,73,SUSPICIOUS,1
6986.13,0.87,0,14,0.1997,14,6,8000.0,3200.0,0,0,0,0,9,11,NORMAL,0
3056.67,1.02,0,27,0.1558,17,5,3000.0,1200.0,0,0,0,0,12,6,NORMAL,0
3547.64,0.71,1,0,0.0729,19,6,5000.0,2000.0,0,0,0,0,13,13,NORMAL,0
7750.4,0.97,0,27,0.0414,13,0,8000.0,3200.0,0,0,0,0,7,14,NORMAL,0
1437.31,0.96,0,3,0.1724,20,5,1500.0,600.0,0,0,0,0,7,4,NORMAL,0
12001.53,1.0,0,5,0.0891,10,1,12000.0,4800.0,0,0,0,0,7,6,NORMAL,0
8048.54,1.01,0,37,0.2412,15,1,8000.0,3200.0,0,0,0,0,10,2,NORMAL,0
5681.1,1.14,0,27,0.213,15,3,5000.0,2000.0,0,0,0,0,3,2,NORMAL,0
47060.84,5.88,1,0,0.8102,1,2,8000.0,3200.0,1,1,1,0,85,78,EXTREME,1
14089.52,2.82,1,0,0.4568,23,1,5000.0,2000.0,0,1,1,1,15,64,SUSPICIOUS,1
3593.07,1.2,0,27,0.1317,12,3,3000.0,1200.0,0,0,0,0,10,2,NORMAL,0
3778.63,0.47,0,8,0.2472,11,3,8000.0,3200.0,0,0,0,1,13,7,NORMAL,0
5205.08,0.65,1,0,0.1614,10,5,8000.0,3200.0,0,0,0,0,15,15,NORMAL,0
2177.58,0.44,0,16,0.0825,13,5,5000.0,2000.0,0,0,0,0,7,11,NORMAL,0
3208.21,1.07,0,7,0.1595,11,6,3000.0,1200.0,0,0,1,0,0,12,NORMAL,0
976.84,0.65,0,42,0.2174,12,1,1500.0,600.0,0,0,0,0,1,2,NORMAL,0
12778.17,1.06,0,28,0.1174,17,0,12000.0,4800.0,0,0,0,0,4,14,NORMAL,0
21397.65,4.28,1,0,0.4299,23,3,5000.0,2000.0,1,1,1,1,60,70,SUSPICIOUS,1
3882.49,0.78,0,45,0.1132,12,5,5000.0,2000.0,0,0,0,0,14,1,NORMAL,0
15000.0,10.0,1,0,0.5204,7,1,1500.0,600.0,1,1,1,0,96,92,EXTREME,1
6748.32,0.84,0,41,0.1998,10,1,8000.0,3200.0,0,0,0,0,3,7,NORMAL,0
9625.12,0.8,0,19,0.2329,11,6,12000.0,4800.0,0,0,0,0,14,7,NORMAL,0
4842.67,0.97,0,32,0.1238,10,2,5000.0,2000.0,0,0,0,0,3,1,NORMAL,0
4763.65,0.95,0,25,0.2367,22,0,5000.0,2000.0,0,0,0,0,3,13,NORMAL,0
2126.73,0.71,0,30,0.117,10,0,3000.0,1200.0,0,0,0,0,10,14,NORMAL,0
15060.01,3.01,1,0,0.3769,1,1,5000.0,2000.0,1,1,0,0,52,59,SUSPICIOUS,1
1343.62,0.9,0,38,0.1555,20,0,1500.0,600.0,0,0,0,0,15,8,NORMAL,0
6214.94,0.52,0,38,0.0788,16,1,12000.0,4800.0,0,0,0,0,2,2,NORMAL,0
7131.23,0.89,0,15,0.1546,11,4,8000.0,3200.0,0,0,0,0,14,14,NORMAL,0
25653.8,3.21,0,2,0.5519,3,2,8000.0,3200.0,0,1,0,0,8,77,SUSPICIOUS,1
1447.22,0.96,0,43,0.2376,13,6,1500.0,600.0,0,0,0,0,14,12,NORMAL,0
1004.71,0.67,0,8,0.1648,19,3,1500.0,600.0,0,0,0,0,7,3,NORMAL,0
33309.07,4.16,1,0,0.2807,0,1,8000.0,3200.0,1,1,0,1,72,69,SUSPICIOUS,1
3422.24,1.14,0,44,0.1425,7,5,3000.0,1200.0,0,0,1,0,13,15,NORMAL,0
13117.66,4.37,1,0,0.4865,0,3,3000.0,1200.0,0,0,0,0,0,10,SUSPICIOUS,1
4058.65,0.81,0,26,0.1345,12,0,5000.0,2000.0,0,0,0,0,0,13,NORMAL,0
1919.12,1.28,0,35,0.044,11,3,1500.0,600.0,0,0,1,0,6,2,NORMAL,0
2805.88,0.94,0,34,0.1573,20,1,3000.0,1200.0,0,0,0,0,12,13,NORMAL,0
6749.17,4.5,1,0,0.2713,14,3,1500.0,600.0,1,1,1,0,57,74,SUSPICIOUS,1
20841.31,4.17,0,3,0.4471,19,5,5000.0,2000.0,0,1,0,0,7,65,SUSPICIOUS,1
2915.26,0.97,0,37,0.2028,17,6,3000.0,1200.0,0,0,0,0,4,3,NORMAL,0
5593.56,1.12,0,38,0.2052,13,4,5000.0,2000.0,0,0,0,0,13,6,NORMAL,0
1519.03,1.01,0,37,0.1175,15,3,1500.0,600.0,0,0,0,0,4,11,NORMAL,0
2831.08,0.94,0,19,0.1944,18,3,3000.0,1200.0,0,0,0,0,3,15,NORMAL,0
4413.34,0.88,0,37,0.1964,7,1,5000.0,2000.0,0,0,0,0,1,3,NORMAL,0
12350.77,1.03,1,0,0.2352,15,0,12000.0,4800.0,0,0,0,0,14,4,NORMAL,0
7813.85,0.65,0,15,0.0539,9,0,12000.0,4800.0,0,0,0,0,1,15,NORMAL,0
24486.23,4.9,0,2,0.299,19,1,5000.0,2000.0,0,0,0,1,18,16,SUSPICIOUS,1
1526.06,1.02,0,27,0.0551,16,1,1500.0,600.0,0,0,0,0,5,5,NORMAL,0
28914.9,5.78,1,0,0.417,1,1,5000.0,2000.0,0,0,0,1,45,15,SUSPICIOUS,1
1260.13,0.84,0,6,0.2159,14,3,1500.0,600.0,0,0,0,0,12,11,NORMAL,0
2007.9,0.67,1,0,0.1393,9,6,3000.0,1200.0,0,0,0,0,6,7,NORMAL,0
25220.01,5.04,1,0,0.2283,4,3,5000.0,2000.0,0,1,0,0,45,64,SUSPICIOUS,1
112437.8,9.37,1,0,0.757,18,2,12000.0,4800.0,1,1,0,0,89,71,EXTREME,1
6559.42,0.82,0,32,0.1632,12,6,8000.0,3200.0,0,0,0,0,1,4,NORMAL,0
56581.29,4.72,0,2,0.5512,23,4,12000.0,4800.0,0,1,0,0,8,53,SUSPICIOUS,1
47695.91,3.97,0,1,0.3649,1,1,12000.0,4800.0,0,0,0,0,40,44,SUSPICIOUS,1
5479.02,3.65,1,0,0.5683,3,0,1500.0,600.0,0,0,0,0,7,4,SUSPICIOUS,1
13172.4,1.1,0,18,0.2229,19,5,12000.0,4800.0,0,0,0,0,13,10,NORMAL,0
883.43,0.59,1,0,0.1505,7,3,1500.0,600.0,0,0,1,0,15,6,NORMAL,0
60698.84,5.06,1,0,0.2458,3,5,12000.0,4800.0,0,0,0,1,20,13,SUSPICIOUS,1
36291.3,4.54,1,0,0.8868,2,6,8000.0,3200.0,1,1,1,1,84,71,EXTREME,1
5309.91,1.06,0,10,0.1387,9,1,5000.0,2000.0,0,0,0,0,15,9,NORMAL,0
63005.46,5.25,1,0,0.3734,4,4,12000.0,4800.0,1,0,1,0,57,10,SUSPICIOUS,1
15463.79,5.15,1,0,0.5893,3,0,3000.0,1200.0,0,1,1,0,2,52,SUSPICIOUS,1
1656.4,1.1,0,2,0.1763,20,0,1500.0,600.0,0,0,0,0,15,12,NORMAL,0
7051.12,0.88,0,3,0.085,20,4,8000.0,3200.0,0,0,0,0,9,0,NORMAL,0
7717.2,0.96,0,24,0.1825,12,1,8000.0,3200.0,0,0,0,0,2,4,NORMAL,0
41536.59,5.19,0,1,0.5777,19,1,8000.0,3200.0,1,1,0,0,60,78,SUSPICIOUS,1
8616.45,1.08,0,27,0.2349,13,2,8000.0,3200.0,0,0,0,0,8,7,NORMAL,0
11641.5,0.97,0,35,0.0432,22,0,12000.0,4800.0,0,0,0,0,2,15,NORMAL,0
32842.81,4.11,1,0,0.3933,3,1,8000.0,3200.0,0,1,1,0,4,52,SUSPICIOUS,1
4825.43,0.97,0,20,0.2035,14,5,5000.0,2000.0,0,0,0,0,10,9,NORMAL,0
4023.24,0.8,1,0,0.1846,14,1,5000.0,2000.0,0,0,0,0,6,3,NORMAL,0
8695.64,1.09,0,13,0.1395,7,6,8000.0,3200.0,0,0,0,0,13,11,NORMAL,0
1840.53,1.23,0,16,0.1286,8,3,1500.0,600.0,0,0,0,0,1,7,NORMAL,0
7822.83,0.98,0,45,0.0687,22,2,8000.0,3200.0,0,0,0,0,9,3,NORMAL,0
12412.58,1.03,0,21,0.1452,16,1,12000.0,4800.0,0,0,0,0,13,5,NORMAL,0
13845.32,2.77,1,0,0.3297,23,3,5000.0,2000.0,1,0,0,1,62,41,SUSPICIOUS,1
70594.99,5.88,1,0,0.7428,1,4,12000.0,4800.0,1,1,0,1,80,82,EXTREME,1
18731.28,3.75,1,0,0.499,3,6,5000.0,2000.0,0,1,0,0,44,51,SUSPICIOUS,1
61196.11,5.1,1,0,0.5689,0,2,12000.0,4800.0,0,0,0,0,13,42,SUSPICIOUS,1
2756.44,0.92,0,5,0.0753,17,0,3000.0,1200.0,0,0,0,0,12,7,NORMAL,0
14469.8,4.82,1,0,0.5233,2,6,3000.0,1200.0,0,1,0,0,0,56,SUSPICIOUS,1
8512.34,0.71,0,22,0.1664,12,3,12000.0,4800.0,0,0,0,0,0,14,NORMAL,0
1218.13,0.81,0,38,0.0498,17,1,1500.0,600.0,0,0,0,0,6,7,NORMAL,0
6707.43,1.34,0,42,0.1267,9,2,5000.0,2000.0,0,0,0,0,5,5,NORMAL,0
24084.58,4.82,1,0,0.8653,12,3,5000.0,2000.0,1,1,1,1,90,85,EXTREME,1
25165.7,5.03,0,3,0.2238,4,1,5000.0,2000.0,0,0,1,0,20,0,SUSPICIOUS,1
6102.8,0.76,0,9,0.1861,12,1,8000.0,3200.0,0,0,0,0,11,13,NORMAL,0
8249.48,0.69,0,38,0.0828,15,5,12000.0,4800.0,0,0,0,0,1,9,NORMAL,0
1555.35,0.52,0,26,0.2182,18,3,3000.0,1200.0,0,0,0,0,1,4,NORMAL,0
59455.19,4.95,1,0,0.6487,16,5,12000.0,4800.0,1,1,1,1,80,78,EXTREME,1
2289.77,0.76,0,15,0.1003,18,0,3000.0,1200.0,0,0,0,0,11,12,NORMAL,0
7567.93,0.63,0,32,0.2242,20,1,12000.0,4800.0,0,0,0,0,6,12,NORMAL,0
2657.47,0.89,0,41,0.1191,8,3,3000.0,1200.0,0,0,0,0,3,7,NORMAL,0
5286.44,0.66,0,41,0.1023,17,3,8000.0,3200.0,0,0,0,0,11,3,NORMAL,0
9750.91,1.22,0,40,0.1041,15,4,8000.0,3200.0,0,0,0,0,12,14,NORMAL,0
1464.93,0.49,0,44,0.1164,22,1,3000.0,1200.0,0,0,0,0,7,1,NORMAL,0
4480.93,0.56,0,32,0.238,11,5,8000.0,3200.0,0,0,0,0,14,2,NORMAL,0
6239.95,0.78,0,19,0.2146,22,5,8000.0,3200.0,0,0,0,0,2,5,NORMAL,0
4283.97,0.86,1,0,0.1958,14,0,5000.0,2000.0,0,0,0,0,8,0,NORMAL,0
1042.0,0.69,1,0,0.1461,12,3,1500.0,600.0,0,0,0,0,4,1,NORMAL,0
3157.38,1.05,0,39,0.0426,20,0,3000.0,1200.0,0,0,0,0,5,0,NORMAL,0
8146.5,2.72,0,2,0.3575,3,1,3000.0,1200.0,0,1,0,0,11,64,SUSPICIOUS,1
7942.47,2.65,0,3,0.3038,14,6,3000.0,1200.0,0,0,1,1,43,13,SUSPICIOUS,1
33769.28,4.22,1,0,0.4989,1,4,8000.0,3200.0,0,0,1,0,10,10,SUSPICIOUS,1
126506.43,10.54,1,0,0.4119,15,3,12000.0,4800.0,1,1,1,1,100,83,EXTREME,1
24573.86,4.91,1,0,0.4322,2,3,5000.0,2000.0,1,1,0,1,73,52,SUSPICIOUS,1
1219.34,0.81,0,30,0.139,19,3,1500.0,600.0,0,0,1,1,2,7,NORMAL,0
7914.94,0.99,0,8,0.1643,19,3,8000.0,3200.0,0,0,0,0,15,6,NORMAL,0
25751.63,5.15,1,0,0.5144,15,4,5000.0,2000.0,1,1,1,0,99,76,EXTREME,1
1836.91,0.61,0,41,0.0449,17,5,3000.0,1200.0,0,0,0,0,11,9,NORMAL,0
13390.0,4.46,1,0,0.4168,4,1,3000.0,1200.0,0,0,0,1,1,5,SUSPICIOUS,1
1091.06,0.36,0,4,0.0839,16,1,3000.0,1200.0,0,0,0,0,10,11,NORMAL,0
2404.75,0.48,0,4,0.2133,9,1,5000.0,2000.0,0,0,0,0,4,12,NORMAL,0
11832.04,0.99,0,18,0.141,22,5,12000.0,4800.0,0,0,0,0,9,13,NORMAL,0
4665.15,3.11,1,0,0.4593,23,1,1500.0,600.0,1,0,0,0,73,12,SUSPICIOUS,1
11284.8,0.94,0,43,0.0411,8,1,12000.0,4800.0,0,0,0,0,2,14,NORMAL,0
68186.13,5.68,1,0,0.2375,19,5,12000.0,4800.0,1,0,0,1,59,0,SUSPICIOUS,1
1690.24,1.13,0,39,0.1357,13,5,1500.0,600.0,0,0,0,0,2,9,NORMAL,0
7406.44,0.62,0,15,0.1127,9,0,12000.0,4800.0,0,0,0,0,10,11,NORMAL,0
6031.79,1.21,0,30,0.1654,17,4,5000.0,2000.0,0,0,0,1,10,6,NORMAL,0
7759.67,0.65,0,11,0.0742,19,2,12000.0,4800.0,0,0,0,0,4,7,NORMAL,0
13930.64,1.16,0,19,0.0999,13,1,12000.0,4800.0,0,0,0,0,11,10,NORMAL,0
5481.71,3.65,1,0,0.3889,23,5,1500.0,600.0,0,1,0,0,45,76,SUSPICIOUS,1
5314.85,1.06,0,19,0.1267,7,6,5000.0,2000.0,0,0,0,0,11,13,NORMAL,0
1018.55,0.68,0,4,0.2092,19,4,1500.0,600.0,0,0,0,0,12,10,NORMAL,0
45104.48,5.64,1,0,0.4662,2,4,8000.0,3200.0,0,0,1,0,49,47,SUSPICIOUS,1
590.43,0.39,0,30,0.173,14,5,1500.0,600.0,0,0,0,0,15,3,NORMAL,0
8154.0,1.02,0,45,0.1321,22,1,8000.0,3200.0,0,0,0,0,0,3,NORMAL,0
7152.52,4.77,1,0,0.3371,1,3,1500.0,600.0,1,0,0,0,63,45,SUSPICIOUS,1
3912.01,2.61,0,2,0.4552,19,4,1500.0,600.0,0,0,1,0,16,7,SUSPICIOUS,1
14692.85,4.9,1,0,0.5105,19,4,3000.0,1200.0,0,1,0,0,16,69,SUSPICIOUS,1
1690.82,1.13,0,2,0.2077,22,4,1500.0,600.0,0,0,1,0,11,15,NORMAL,0
2582.34,0.86,0,9,0.1555,9,5,3000.0,1200.0,0,0,0,0,9,7,NORMAL,0
11105.8,0.93,1,0,0.1437,16,6,12000.0,4800.0,0,0,0,0,0,7,NORMAL,0
2907.97,0.97,0,13,0.0917,12,5,3000.0,1200.0,0,0,0,0,2,10,NORMAL,0
1356.57,0.9,0,10,0.2062,11,1,1500.0,600.0,0,0,0,0,13,11,NORMAL,0
7831.94,0.65,0,8,0.0995,17,3,12000.0,4800.0,0,0,0,0,8,5,NORMAL,0
2451.97,0.49,0,32,0.0721,15,5,5000.0,2000.0,0,0,0,0,1,3,NORMAL,0
5573.49,0.7,1,0,0.0711,10,1,8000.0,3200.0,0,0,0,0,0,10,NORMAL,0
1147.91,0.77,0,33,0.2044,14,2,1500.0,600.0,0,0,0,0,6,1,NORMAL,0
44767.69,3.73,1,0,0.5417,14,1,12000.0,4800.0,1,1,0,1,54,75,SUSPICIOUS,1
6344.46,0.79,0,29,0.2327,18,3,8000.0,3200.0,0,0,0,0,2,2,NORMAL,0
5142.8,1.03,1,0,0.1406,15,4,5000.0,2000.0,0,0,0,0,2,3,NORMAL,0
2875.35,0.96,0,9,0.1145,21,1,3000.0,1200.0,0,0,0,0,12,9,NORMAL,0
709.58,0.47,0,4,0.1944,12,6,1500.0,600.0,0,0,0,0,11,0,NORMAL,0
47693.3,3.97,0,1,0.2028,1,5,12000.0,4800.0,0,1,0,0,11,80,SUSPICIOUS,1
58470.57,4.87,1,0,0.5145,0,2,12000.0,4800.0,0,1,1,1,5,73,SUSPICIOUS,1
3276.28,1.09,1,0,0.2425,19,6,3000.0,1200.0,0,0,0,0,4,13,NORMAL,0
2455.42,0.82,0,23,0.1289,14,3,3000.0,1200.0,0,0,1,0,8,5,NORMAL,0
25778.96,5.16,1,0,0.6575,5,1,5000.0,2000.0,1,1,0,0,89,93,EXTREME,1
15669.66,5.22,1,0,0.3298,14,4,3000.0,1200.0,0,0,1,0,37,14,SUSPICIOUS,1
1546.94,1.03,1,0,0.086,17,0,1500.0,600.0,0,0,0,0,3,0,NORMAL,0
8970.7,5.98,0,2,0.2468,1,4,1500.0,600.0,0,1,1,0,6,58,SUSPICIOUS,1
596.23,0.4,0,34,0.1878,11,4,1500.0,600.0,0,0,0,0,4,10,NORMAL,0
43622.12,5.45,1,0,0.4228,0,3,8000.0,3200.0,0,0,0,1,3,20,SUSPICIOUS,1
3879.74,1.29,0,25,0.2357,19,1,3000.0,1200.0,0,0,0,0,10,10,NORMAL,0
3066.91,1.02,0,26,0.1258,9,6,3000.0,1200.0,0,0,0,0,1,1,NORMAL,0
4930.15,0.62,0,25,0.2199,18,2,8000.0,3200.0,0,0,0,0,4,3,NORMAL,0
3622.3,1.21,0,23,0.1176,13,0,3000.0,1200.0,0,0,0,0,8,8,NORMAL,0
34064.75,4.26,0,2,0.5528,19,2,8000.0,3200.0,0,0,1,0,5,47,SUSPICIOUS,1
36103.73,3.01,1,0,0.3539,19,3,12000.0,4800.0,0,0,0,1,10,10,SUSPICIOUS,1
1926.81,1.28,0,8,0.0748,15,4,1500.0,600.0,0,0,0,0,7,5,NORMAL,0
14095.29,2.82,0,3,0.5781,23,4,5000.0,2000.0,0,1,0,0,40,67,SUSPICIOUS,1
6237.0,4.16,1,0,0.5327,14,5,1500.0,600.0,0,1,0,0,38,55,SUSPICIOUS,1
2473.57,0.82,1,0,0.2296,7,3,3000.0,1200.0,0,0,0,0,8,15,NORMAL,0
14781.04,1.23,0,32,0.1249,9,5,12000.0,4800.0,0,0,0,0,5,2,NORMAL,0
4962.66,0.99,0,7,0.2452,18,0,5000.0,2000.0,0,0,0,0,11,7,NORMAL,0
3018.02,0.6,1,0,0.2155,20,6,5000.0,2000.0,0,0,0,0,6,14,NORMAL,0
3349.88,1.12,0,34,0.1112,13,0,3000.0,1200.0,0,0,0,0,4,11,NORMAL,0
5301.15,1.06,1,0,0.2205,13,1,5000.0,2000.0,0,0,0,0,0,5,NORMAL,0
3441.15,0.43,0,23,0.0445,14,6,8000.0,3200.0,0,0,0,0,15,6,NORMAL,0
1167.9,0.78,0,37,0.1542,9,3,1500.0,600.0,0,0,0,0,15,4,NORMAL,0
1068.92,0.71,1,0,0.1914,13,6,1500.0,600.0,0,0,0,0,5,7,NORMAL,0
896.22,0.6,0,41,0.2195,16,3,1500.0,600.0,0,0,0,0,4,11,NORMAL,0
7122.37,0.89,0,42,0.1022,9,1,8000.0,3200.0,0,0,0,0,1,14,NORMAL,0
1348.87,0.9,0,2,0.0781,14,2,1500.0,600.0,0,0,0,0,13,0,NORMAL,0
1088.4,0.73,0,19,0.2433,13,0,1500.0,600.0,0,0,1,0,5,6,NORMAL,0
17436.93,5.81,1,0,0.557,1,5,3000.0,1200.0,0,0,1,0,2,4,SUSPICIOUS,1
5919.35,0.74,0,42,0.0607,11,3,8000.0,3200.0,0,0,0,0,1,13,NORMAL,0
10128.48,3.38,1,0,0.3089,4,2,3000.0,1200.0,0,0,1,0,16,44,SUSPICIOUS,0
1943.8,0.65,0,31,0.2137,13,1,3000.0,1200.0,0,0,0,0,6,0,NORMAL,0
5815.68,0.73,0,15,0.1051,15,3,8000.0,3200.0,0,0,0,0,8,12,NORMAL,0
15000.0,10.0,1,0,1.1752,20,2,1500.0,600.0,1,1,1,1,82,74,EXTREME,1
2375.55,0.79,0,15,0.11,15,3,3000.0,1200.0,0,0,0,1,2,1,NORMAL,0
8444.25,5.63,1,0,0.2925,19,3,1500.0,600.0,0,1,0,0,42,62,SUSPICIOUS,1
942.26,0.63,0,2,0.1734,13,0,1500.0,600.0,0,0,0,0,12,14,NORMAL,0
10292.47,0.86,1,0,0.0774,22,0,12000.0,4800.0,0,0,0,0,12,14,NORMAL,0
1951.6,1.3,0,6,0.1245,18,5,1500.0,600.0,0,0,0,0,11,10,NORMAL,0
43012.1,5.38,1,0,0.3219,4,4,8000.0,3200.0,1,0,0,1,75,1,SUSPICIOUS,1
4407.14,0.55,0,7,0.1145,20,1,8000.0,3200.0,0,0,0,0,13,5,NORMAL,0
3732.24,0.75,0,14,0.0522,8,5,5000.0,2000.0,0,0,0,0,13,9,NORMAL,0
920.72,0.61,1,0,0.1391,7,2,1500.0,600.0,0,0,0,0,6,12,NORMAL,0
14282.23,2.86,1,0,0.4604,4,4,5000.0,2000.0,0,0,1,0,42,12,SUSPICIOUS,1
107397.93,8.95,1,0,0.4802,0,6,12000.0,4800.0,1,1,0,1,81,92,EXTREME,1
2511.22,0.84,0,36,0.085,21,0,3000.0,1200.0,0,0,0,0,4,11,NORMAL,0
4498.94,3.0,1,0,0.5257,23,3,1500.0,600.0,1,1,0,0,75,54,SUSPICIOUS,1
3159.05,0.63,1,0,0.1101,9,1,5000.0,2000.0,0,0,0,0,2,12,NORMAL,0
2555.73,0.32,0,11,0.0498,8,0,8000.0,3200.0,0,0,0,0,4,4,NORMAL,0
5166.21,0.65,1,0,0.0877,7,4,8000.0,3200.0,0,0,0,0,1,9,NORMAL,0
4478.89,2.99,1,0,0.2971,1,2,1500.0,600.0,1,1,0,0,65,70,SUSPICIOUS,1
2884.78,0.96,0,37,0.0674,9,2,3000.0,1200.0,0,0,0,0,11,12,NORMAL,0
5519.54,0.69,0,4,0.0754,19,0,8000.0,3200.0,0,0,0,0,11,13,NORMAL,0
1328.05,0.89,0,17,0.1041,21,0,1500.0,600.0,0,0,0,0,15,12,NORMAL,0
6548.41,0.82,0,37,0.2138,20,6,8000.0,3200.0,0,0,0,0,14,9,NORMAL,0
15525.11,1.29,0,40,0.1405,21,4,12000.0,4800.0,0,0,0,0,13,5,NORMAL,0
1286.92,0.86,0,32,0.1669,19,1,1500.0,600.0,0,0,0,0,2,2,NORMAL,0
3269.62,1.09,0,34,0.1468,15,0,3000.0,1200.0,0,0,0,0,5,11,NORMAL,0
2276.21,0.76,0,35,0.2097,12,3,3000.0,1200.0,0,0,0,0,7,4,NORMAL,0
7628.48,0.64,0,32,0.1347,16,1,12000.0,4800.0,0,0,0,0,9,9,NORMAL,0
7783.63,0.97,0,34,0.0405,15,0,8000.0,3200.0,0,0,0,0,12,4,NORMAL,0
3367.74,0.67,0,26,0.105,21,6,5000.0,2000.0,0,0,0,0,6,6,NORMAL,0
3117.48,1.04,0,27,0.0987,11,4,3000.0,1200.0,0,0,0,0,14,5,NORMAL,0
1665.98,0.56,0,19,0.2309,7,0,3000.0,1200.0,0,0,0,0,10,2,NORMAL,0
11256.12,0.94,0,41,0.0798,7,2,12000.0,4800.0,0,0,0,0,11,6,NORMAL,0
2553.81,0.85,0,12,0.1322,13,5,3000.0,1200.0,0,0,0,0,5,0,NORMAL,0
1847.67,1.23,0,10,0.1239,14,6,1500.0,600.0,0,0,0,0,8,5,NORMAL,0
1445.65,0.96,1,0,0.1671,15,0,1500.0,600.0,0,0,0,0,7,11,NORMAL,0
12844.21,4.28,1,0,0.2369,23,0,3000.0,1200.0,0,1,1,0,1,78,SUSPICIOUS,1
6579.2,0.82,0,31,0.165,10,0,8000.0,3200.0,0,0,0,0,11,1,NORMAL,0
2106.81,1.4,0,9,0.1962,7,4,1500.0,600.0,0,0,0,0,15,4,NORMAL,0
5330.07,1.07,0,33,0.1264,15,3,5000.0,2000.0,0,0,0,0,12,15,NORMAL,0
45771.21,5.72,1,0,0.3869,4,2,8000.0,3200.0,1,1,0,0,66,70,SUSPICIOUS,1
14550.35,2.91,0,1,0.4294,0,4,5000.0,2000.0,0,0,1,1,9,4,SUSPICIOUS,0
11501.2,0.96,0,29,0.1348,16,1,12000.0,4800.0,0,0,0,0,2,9,NORMAL,0
8952.58,2.98,1,0,0.5758,2,2,3000.0,1200.0,0,0,0,0,3,9,SUSPICIOUS,0
29380.98,5.88,1,0,0.4334,19,6,5000.0,2000.0,1,1,0,0,85,82,EXTREME,1
3009.18,1.0,0,30,0.1519,18,0,3000.0,1200.0,0,0,0,0,9,6,NORMAL,0
4576.3,0.92,0,6,0.1965,21,5,5000.0,2000.0,0,0,0,0,11,8,NORMAL,0
24317.32,8.11,1,0,1.1716,22,5,3000.0,1200.0,1,1,1,1,97,85,EXTREME,1
2829.73,0.94,0,24,0.0892,9,0,3000.0,1200.0,0,0,1,0,11,14,NORMAL,0
4266.02,0.85,0,8,0.1858,13,4,5000.0,2000.0,0,0,0,0,5,2,NORMAL,0
6694.53,0.56,0,21,0.0964,10,2,12000.0,4800.0,0,0,0,0,7,10,NORMAL,0
978.52,0.65,0,19,0.1628,20,2,1500.0,600.0,0,0,0,0,11,6,NORMAL,0
3897.11,0.78,0,32,0.1935,14,1,5000.0,2000.0,0,0,0,0,6,9,NORMAL,0
1213.53,0.81,0,34,0.0774,18,6,1500.0,600.0,0,0,0,0,3,8,NORMAL,0
4752.83,0.95,1,0,0.07,15,5,5000.0,2000.0,0,0,0,0,7,1,NORMAL,0
7591.5,2.53,1,0,0.3752,19,2,3000.0,1200.0,0,0,1,0,20,9,SUSPICIOUS,0
3227.8,1.08,0,42,0.0655,15,0,3000.0,1200.0,0,0,0,0,1,15,NORMAL,0
52849.37,4.4,1,0,0.8443,12,6,12000.0,4800.0,1,1,0,0,91,88,EXTREME,1
1798.72,1.2,0,15,0.0773,13,2,1500.0,600.0,0,0,0,0,5,10,NORMAL,0
124550.89,10.38,1,0,0.7493,14,2,12000.0,4800.0,1,1,1,1,100,80,EXTREME,1
14284.03,4.76,1,0,0.5874,2,3,3000.0,1200.0,0,0,0,0,37,20,SUSPICIOUS,1
13870.74,1.16,0,20,0.2099,14,2,12000.0,4800.0,0,0,1,0,11,5,NORMAL,0
5918.68,1.18,0,42,0.2147,17,2,5000.0,2000.0,0,0,0,0,2,4,NORMAL,0
10323.98,0.86,0,20,0.0843,7,5,12000.0,4800.0,0,0,0,0,10,0,NORMAL,0
4943.71,0.99,0,14,0.0776,16,2,5000.0,2000.0,0,0,0,0,4,10,NORMAL,0
49299.12,4.11,1,0,0.5947,1,1,12000.0,4800.0,1,1,1,0,60,53,SUSPICIOUS,1
1992.48,0.66,0,10,0.2131,19,5,3000.0,1200.0,0,0,0,0,15,15,NORMAL,0
46551.21,5.82,1,0,0.5945,2,3,8000.0,3200.0,1,1,0,0,84,73,EXTREME,1
4894.39,0.98,0,19,0.0757,20,5,5000.0,2000.0,0,0,0,0,12,2,NORMAL,0
1367.32,0.91,1,0,0.2316,16,0,1500.0,600.0,0,0,0,0,6,6,NORMAL,0
4963.37,0.62,0,10,0.1222,8,4,8000.0,3200.0,0,0,0,0,10,10,NORMAL,0
2794.79,0.93,0,32,0.2235,8,1,3000.0,1200.0,0,0,0,0,10,10,NORMAL,0
63761.5,7.97,1,0,0.8551,7,2,8000.0,3200.0,1,1,1,1,83,84,EXTREME,1
1785.39,1.19,0,40,0.069,10,1,1500.0,600.0,0,0,0,0,3,7,NORMAL,0
8871.69,0.74,0,33,0.2436,7,6,12000.0,4800.0,0,0,0,0,8,6,NORMAL,0
13141.02,1.1,1,0,0.0957,20,4,12000.0,4800.0,0,0,0,0,1,1,NORMAL,0
9966.46,0.83,0,42,0.2135,17,3,12000.0,4800.0,0,0,0,0,15,6,NORMAL,0
22763.94,4.55,1,0,0.2171,19,0,5000.0,2000.0,0,1,1,0,14,50,SUSPICIOUS,1
36729.01,4.59,0,3,0.3319,2,0,8000.0,3200.0,1,1,0,0,55,61,SUSPICIOUS,1
21395.52,7.13,1,0,1.1918,9,6,3000.0,1200.0,1,1,1,1,90,87,EXTREME,1
7025.54,0.88,0,22,0.1017,7,0,8000.0,3200.0,0,0,0,0,5,0,NORMAL,0
1893.45,1.26,0,13,0.0993,13,6,1500.0,600.0,0,0,0,0,0,12,NORMAL,0
3195.68,1.07,0,14,0.0889,7,3,3000.0,1200.0,0,0,0,0,10,9,NORMAL,0
644.22,0.43,1,0,0.0581,17,0,1500.0,600.0,0,0,0,0,4,7,NORMAL,0
9432.2,1.18,0,5,0.0472,8,1,8000.0,3200.0,0,0,0,0,5,8,NORMAL,0
9442.42,1.18,0,15,0.0603,19,1,8000.0,3200.0,0,0,0,0,4,8,NORMAL,0
5358.3,0.45,1,0,0.2013,15,3,12000.0,4800.0,0,0,0,0,9,2,NORMAL,0
21367.58,4.27,1,0,0.4006,3,0,5000.0,2000.0,1,0,0,0,51,6,SUSPICIOUS,1
1578.2,1.05,0,40,0.0832,16,0,1500.0,600.0,0,0,0,0,4,14,NORMAL,0
915.71,0.61,0,39,0.0799,22,1,1500.0,600.0,0,0,0,0,14,9,NORMAL,0
2569.6,0.51,0,43,0.2063,11,6,5000.0,2000.0,0,0,0,0,9,4,NORMAL,0
6293.56,0.79,0,16,0.0417,9,6,8000.0,3200.0,0,0,0,0,2,5,NORMAL,0
6666.2,1.33,0,44,0.1743,15,1,5000.0,2000.0,0,0,0,0,14,15,NORMAL,0
1536.26,1.02,1,0,0.0668,13,4,1500.0,600.0,0,0,0,0,15,13,NORMAL,0
33592.06,4.2,1,0,0.347,0,2,8000.0,3200.0,0,1,0,1,3,79,SUSPICIOUS,1
3060.22,1.02,0,25,0.2379,8,3,3000.0,1200.0,0,0,0,0,5,14,NORMAL,0
2802.58,0.56,1,0,0.1411,11,1,5000.0,2000.0,0,0,0,0,5,6,NORMAL,0
2735.5,0.91,0,15,0.0474,21,5,3000.0,1200.0,0,0,0,0,1,2,NORMAL,0
2324.39,0.77,0,17,0.0822,11,6,3000.0,1200.0,0,0,0,0,6,14,NORMAL,0
9145.4,1.14,0,11,0.2136,11,1,8000.0,3200.0,0,0,0,0,5,15,NORMAL,0
2192.99,0.73,0,14,0.2027,22,5,3000.0,1200.0,0,0,0,0,5,8,NORMAL,0
1548.3,0.52,0,29,0.073,8,3,3000.0,1200.0,0,0,0,0,10,4,NORMAL,0
8218.86,0.68,0,35,0.1348,16,1,12000.0,4800.0,0,0,0,0,12,10,NORMAL,0
20603.09,4.12,1,0,0.2803,4,5,5000.0,2000.0,1,1,0,0,53,63,SUSPICIOUS,1
5343.56,1.07,0,17,0.2421,19,5,5000.0,2000.0,0,0,0,0,15,4,NORMAL,0
9768.41,0.81,0,24,0.1246,11,5,12000.0,4800.0,0,0,0,0,3,0,NORMAL,0
12192.26,1.02,1,0,0.1568,11,3,12000.0,4800.0,0,0,0,0,13,3,NORMAL,0
1449.17,0.48,0,17,0.2103,14,0,3000.0,1200.0,0,0,0,0,0,8,NORMAL,0
2733.55,0.91,0,40,0.1335,12,4,3000.0,1200.0,0,0,0,0,0,14,NORMAL,0
15106.66,1.26,0,12,0.2466,9,6,12000.0,4800.0,0,0,0,0,12,4,NORMAL,0
5536.49,1.11,1,0,0.1201,13,6,5000.0,2000.0,0,0,0,0,3,8,NORMAL,0
1001.33,0.67,0,25,0.2122,22,6,1500.0,600.0,0,0,0,0,1,3,NORMAL,0
10559.63,3.52,1,0,0.3135,19,6,3000.0,1200.0,0,0,0,0,20,8,SUSPICIOUS,1
7010.06,1.4,0,3,0.1626,11,5,5000.0,2000.0,0,0,0,0,15,13,NORMAL,0
1322.03,0.88,0,25,0.1259,15,3,1500.0,600.0,0,0,0,0,8,7,NORMAL,0
60472.8,5.04,1,0,0.4276,19,4,12000.0,4800.0,1,0,1,0,57,10,SUSPICIOUS,1
15264.35,10.18,1,0,0.8382,15,5,1500.0,600.0,1,1,0,0,99,95,EXTREME,1
7086.61,0.59,0,26,0.0483,19,3,12000.0,4800.0,0,0,0,0,5,8,NORMAL,0
17388.34,5.8,1,0,0.2348,2,0,3000.0,1200.0,1,1,0,0,73,65,SUSPICIOUS,1
1828.78,1.22,0,34,0.2428,16,6,1500.0,600.0,0,0,0,0,0,8,NORMAL,0
4590.89,0.92,0,19,0.23,22,4,5000.0,2000.0,0,0,0,0,15,15,NORMAL,0
9852.62,1.23,0,22,0.2333,13,0,8000.0,3200.0,0,0,0,0,9,1,NORMAL,0
9114.58,1.14,0,32,0.0767,8,1,8000.0,3200.0,0,0,0,0,6,11,NORMAL,0
3433.44,0.29,0,17,0.1074,14,3,12000.0,4800.0,0,0,0,0,4,4,NORMAL,0
22163.95,4.43,1,0,0.558,23,3,5000.0,2000.0,1,1,0,0,100,92,EXTREME,1
29018.86,9.67,1,0,0.9177,11,2,3000.0,1200.0,1,1,1,1,98,71,EXTREME,1
42914.2,3.58,1,0,0.5933,14,1,12000.0,4800.0,0,1,0,0,39,64,SUSPICIOUS,1
3323.43,0.66,0,42,0.0621,15,3,5000.0,2000.0,0,0,0,1,14,2,NORMAL,0
9876.53,1.23,0,12,0.2446,22,1,8000.0,3200.0,0,0,0,0,11,4,NORMAL,0
9574.48,0.8,0,6,0.0872,16,5,12000.0,4800.0,0,0,0,0,7,12,NORMAL,0
3585.28,0.72,0,20,0.094,8,0,5000.0,2000.0,0,0,0,0,9,0,NORMAL,0
87935.22,10.99,1,0,1.0501,4,0,8000.0,3200.0,1,1,1,0,80,77,EXTREME,1
4008.45,0.8,0,6,0.2034,17,1,5000.0,2000.0,0,0,0,0,5,12,NORMAL,0
4608.54,0.92,1,0,0.2454,19,6,5000.0,2000.0,0,0,0,0,15,4,NORMAL,0
1162.18,0.77,0,44,0.1765,20,2,1500.0,600.0,0,0,0,0,15,14,NORMAL,0
7027.8,0.88,0,22,0.2303,14,6,8000.0,3200.0,0,0,0,0,4,13,NORMAL,0
1733.67,1.16,0,42,0.0729,12,5,1500.0,600.0,0,0,0,0,7,0,NORMAL,0
4855.69,0.61,0,15,0.136,20,5,8000.0,3200.0,0,0,0,0,14,0,NORMAL,0
9252.73,0.77,0,33,0.1092,15,4,12000.0,4800.0,0,0,0,0,7,3,NORMAL,0
16836.48,3.37,1,0,0.5186,1,6,5000.0,2000.0,0,0,0,1,42,20,SUSPICIOUS,1
40165.07,3.35,1,0,0.599,19,6,12000.0,4800.0,1,1,0,0,68,53,SUSPICIOUS,1
24688.04,8.23,1,0,1.0011,9,4,3000.0,1200.0,1,1,1,1,92,75,EXTREME,1
1500.54,1.0,0,12,0.0559,15,5,1500.0,600.0,0,0,0,0,13,13,NORMAL,0
13938.99,1.16,0,44,0.2306,11,4,12000.0,4800.0,0,0,0,0,13,4,NORMAL,0
6734.97,0.56,0,13,0.1593,15,1,12000.0,4800.0,0,0,0,0,4,5,NORMAL,0
56.12,0.04,0,6,0.1069,11,1,1500.0,600.0,0,0,0,0,11,15,NORMAL,0
16536.27,1.38,0,37,0.0528,8,2,12000.0,4800.0,0,0,0,0,9,0,NORMAL,0
107080.91,8.92,1,0,0.6246,8,0,12000.0,4800.0,1,1,1,0,97,91,EXTREME,1
6376.78,1.28,0,17,0.1453,16,0,5000.0,2000.0,0,0,0,0,0,9,NORMAL,0
56744.02,11.35,1,0,0.7276,8,3,5000.0,2000.0,1,1,1,1,81,82,EXTREME,1
52997.65,4.42,0,1,0.3183,23,4,12000.0,4800.0,0,1,0,1,18,79,SUSPICIOUS,1
5306.07,1.06,0,32,0.116,8,5,5000.0,2000.0,0,0,0,0,6,14,NORMAL,0
3029.13,0.61,0,33,0.1479,10,1,5000.0,2000.0,0,0,1,0,7,0,NORMAL,0
17830.14,5.94,1,0,0.242,0,2,3000.0,1200.0,0,0,1,0,13,17,SUSPICIOUS,1
33847.72,4.23,1,0,0.5553,14,0,8000.0,3200.0,0,0,0,0,17,8,SUSPICIOUS,1
12637.32,4.21,1,0,0.2134,4,0,3000.0,1200.0,0,1,0,0,35,51,SUSPICIOUS,1
3823.17,0.76,0,5,0.1248,8,2,5000.0,2000.0,0,0,0,0,14,7,NORMAL,0
2221.63,0.74,1,0,0.2129,16,4,3000.0,1200.0,0,0,0,0,10,2,NORMAL,0
7500.43,0.63,0,27,0.0495,20,6,12000.0,4800.0,0,0,0,0,1,15,NORMAL,0
7749.84,5.17,1,0,0.5612,4,1,1500.0,600.0,0,0,1,0,10,3,SUSPICIOUS,1
3339.76,1.11,0,27,0.1742,15,5,3000.0,1200.0,0,0,0,0,3,14,NORMAL,0
1690.13,1.13,0,20,0.1768,12,0,1500.0,600.0,0,0,0,0,9,0,NORMAL,0
850.16,0.57,0,10,0.1758,14,5,1500.0,600.0,0,0,0,0,8,13,NORMAL,0
18059.16,3.61,1,0,0.4721,19,5,5000.0,2000.0,0,0,0,1,47,14,SUSPICIOUS,1
6701.32,0.56,0,20,0.0535,12,6,12000.0,4800.0,0,0,0,0,10,5,NORMAL,0
7945.4,5.3,0,3,0.5765,19,5,1500.0,600.0,0,1,1,0,12,57,SUSPICIOUS,1
31401.59,2.62,0,2,0.2789,14,6,12000.0,4800.0,1,0,1,0,61,9,SUSPICIOUS,1
8676.82,1.08,0,3,0.1065,8,6,8000.0,3200.0,0,0,0,0,1,0,NORMAL,0
61728.08,5.14,0,1,0.2977,23,3,12000.0,4800.0,0,1,0,1,13,66,SUSPICIOUS,1
1732.68,1.16,0,37,0.042,17,2,1500.0,600.0,0,0,0,0,6,14,NORMAL,0
5484.92,0.69,0,34,0.137,10,5,8000.0,3200.0,0,0,0,0,9,12,NORMAL,0
25189.86,3.15,1,0,0.4686,1,0,8000.0,3200.0,0,0,1,0,46,1,SUSPICIOUS,1
20072.48,4.01,1,0,0.2713,4,4,5000.0,2000.0,1,0,1,1,65,40,SUSPICIOUS,1
15925.5,10.62,1,0,0.8935,18,2,1500.0,600.0,1,1,1,1,100,82,EXTREME,1
4216.31,0.53,0,24,0.0833,19,6,8000.0,3200.0,0,0,0,0,0,13,NORMAL,0
1746.93,0.58,0,38,0.1414,18,5,3000.0,1200.0,0,0,0,0,12,0,NORMAL,0
3274.57,1.09,0,9,0.1745,9,1,3000.0,1200.0,0,0,0,0,7,15,NORMAL,0
1379.03,0.92,0,18,0.0542,16,0,1500.0,600.0,0,0,0,0,12,2,NORMAL,0
1970.27,0.66,0,17,0.1154,9,6,3000.0,1200.0,0,0,0,0,1,13,NORMAL,0
2282.64,0.76,0,2,0.0471,17,0,3000.0,1200.0,0,0,0,1,3,13,NORMAL,0
15000.0,5.0,1,0,1.1584,7,5,3000.0,1200.0,1,1,0,0,94,81,EXTREME,1
7524.05,0.94,0,43,0.1938,20,2,8000.0,3200.0,0,0,1,0,1,8,NORMAL,0
27790.58,9.26,1,0,1.1457,20,3,3000.0,1200.0,1,1,1,0,86,77,EXTREME,1
3763.16,0.47,0,32,0.1683,20,2,8000.0,3200.0,0,0,0,0,5,0,NORMAL,0
4268.61,2.85,1,0,0.5275,19,0,1500.0,600.0,0,1,0,0,14,54,SUSPICIOUS,1
6314.89,1.26,0,21,0.1454,21,0,5000.0,2000.0,0,0,0,0,6,9,NORMAL,0
9539.98,0.79,0,38,0.1381,18,5,12000.0,4800.0,0,0,0,0,14,2,NORMAL,0
5174.25,1.03,0,11,0.1979,18,6,5000.0,2000.0,0,0,0,0,15,13,NORMAL,0
3000.32,0.6,1,0,0.2008,21,2,5000.0,2000.0,0,0,0,0,8,3,NORMAL,0
4076.92,1.36,0,31,0.2373,8,2,3000.0,1200.0,0,0,0,0,14,8,NORMAL,0
27864.21,9.29,1,0,1.1373,20,2,3000.0,1200.0,1,1,1,0,89,79,EXTREME,1
26155.01,5.23,1,0,0.363,0,2,5000.0,2000.0,1,1,0,0,61,75,SUSPICIOUS,1
11445.44,0.95,0,2,0.2407,17,5,12000.0,4800.0,0,0,0,0,12,5,NORMAL,0
1359.95,0.91,0,24,0.2005,12,5,1500.0,600.0,0,0,0,0,12,12,NORMAL,0
39503.75,4.94,1,0,0.2931,14,0,8000.0,3200.0,0,1,0,1,46,55,SUSPICIOUS,1
8417.39,5.61,0,2,0.5456,0,0,1500.0,600.0,1,1,0,0,67,59,SUSPICIOUS,1
16538.06,1.38,0,24,0.231,10,0,12000.0,4800.0,0,0,0,0,0,4,NORMAL,0
1590.97,1.06,0,27,0.1455,15,0,1500.0,600.0,0,0,0,0,15,9,NORMAL,0
40042.56,3.34,0,2,0.5476,3,0,12000.0,4800.0,0,1,0,1,15,68,SUSPICIOUS,1
8117.62,5.41,1,0,0.3755,23,5,1500.0,600.0,0,1,1,1,46,67,SUSPICIOUS,1
11538.03,3.85,1,0,0.4002,2,5,3000.0,1200.0,0,1,0,1,36,65,SUSPICIOUS,1
66147.95,5.51,1,0,0.5181,19,6,12000.0,4800.0,0,1,1,0,9,72,SUSPICIOUS,1
5644.81,1.13,0,11,0.05,13,1,5000.0,2000.0,0,0,0,0,2,10,NORMAL,0
2250.57,0.75,0,3,0.221,21,4,3000.0,1200.0,0,0,0,0,15,0,NORMAL,0
6736.04,0.56,0,25,0.2249,22,2,12000.0,4800.0,0,0,0,1,3,8,NORMAL,0
4279.59,0.86,0,23,0.1738,22,3,5000.0,2000.0,0,0,0,0,1,1,NORMAL,0
3063.32,1.02,0,26,0.1246,18,3,3000.0,1200.0,0,0,0,0,5,2,NORMAL,0
8120.26,1.02,1,0,0.1035,14,1,8000.0,3200.0,0,0,0,0,8,14,NORMAL,0
20575.86,4.12,1,0,0.5402,19,0,5000.0,2000.0,1,0,0,0,62,2,SUSPICIOUS,1
6694.18,4.46,0,2,0.5105,1,5,1500.0,600.0,0,1,1,0,8,53,SUSPICIOUS,1
6530.97,0.82,0,9,0.0504,21,2,8000.0,3200.0,0,0,0,0,15,11,NORMAL,0
3003.84,1.0,0,44,0.2121,22,6,3000.0,1200.0,0,0,1,0,2,3,NORMAL,0
4244.46,1.41,0,10,0.1342,21,5,3000.0,1200.0,0,0,0,0,4,5,NORMAL,0
40063.21,8.01,1,0,1.109,10,0,5000.0,2000.0,1,1,0,0,84,93,EXTREME,1
44346.07,8.87,1,0,1.1482,22,4,5000.0,2000.0,1,1,0,0,95,71,EXTREME,1
18745.21,6.25,1,0,1.1853,9,5,3000.0,1200.0,1,1,1,0,88,86,EXTREME,1
12644.48,1.05,1,0,0.0817,19,5,12000.0,4800.0,0,0,0,0,7,12,NORMAL,0
38012.63,7.6,1,0,0.9535,8,1,5000.0,2000.0,1,1,1,0,94,87,EXTREME,1
1125.37,0.75,0,13,0.2301,9,3,1500.0,600.0,0,0,0,0,3,6,NORMAL,0
11684.61,0.97,0,8,0.2124,13,4,12000.0,4800.0,0,0,0,0,1,3,NORMAL,0
36937.55,7.39,1,0,0.6648,5,0,5000.0,2000.0,1,1,0,0,80,84,EXTREME,1
30159.08,10.05,1,0,0.8028,2,1,3000.0,1200.0,1,1,1,1,87,91,EXTREME,1
2154.57,0.72,0,38,0.1292,10,5,3000.0,1200.0,0,0,0,0,6,7,NORMAL,0
26006.13,5.2,1,0,0.4101,0,4,5000.0,2000.0,1,0,1,0,64,15,SUSPICIOUS,1
1456.98,0.97,0,18,0.1996,22,6,1500.0,600.0,0,0,0,0,2,4,NORMAL,0
8116.5,0.68,0,32,0.0526,8,4,12000.0,4800.0,0,0,0,0,3,2,NORMAL,0
2876.17,0.96,0,32,0.1404,17,2,3000.0,1200.0,0,0,0,0,13,5,NORMAL,0
10393.51,1.3,0,44,0.0832,12,5,8000.0,3200.0,0,0,0,0,6,13,NORMAL,0
7678.97,0.96,0,40,0.1532,18,2,8000.0,3200.0,0,0,0,0,0,14,NORMAL,0
3192.14,0.27,0,37,0.1674,10,3,12000.0,4800.0,0,0,0,0,5,2,NORMAL,0
62934.48,5.24,1,0,0.2594,1,2,12000.0,4800.0,0,1,0,1,0,64,SUSPICIOUS,1
3230.86,0.65,0,28,0.0589,12,0,5000.0,2000.0,0,0,0,0,13,13,NORMAL,0
3301.85,0.66,0,25,0.1235,7,2,5000.0,2000.0,0,0,0,0,12,14,NORMAL,0
5560.49,3.71,1,0,0.3374,19,1,1500.0,600.0,1,1,1,1,75,70,SUSPICIOUS,1
14148.17,1.18,0,2,0.1409,20,3,12000.0,4800.0,0,0,0,0,2,9,NORMAL,0
9596.4,3.2,1,0,0.4566,2,5,3000.0,1200.0,0,1,0,0,5,74,SUSPICIOUS,1
5485.81,0.46,0,22,0.1815,12,3,12000.0,4800.0,0,0,0,0,14,3,NORMAL,0
5573.67,3.72,1,0,0.3736,2,1,1500.0,600.0,0,1,1,0,11,62,SUSPICIOUS,1
61367.86,5.11,1,0,0.6807,21,4,12000.0,4800.0,1,1,1,0,98,79,EXTREME,1
6758.79,0.56,0,32,0.2089,21,4,12000.0,4800.0,0,0,0,0,10,2,NORMAL,0
14544.95,4.85,0,3,0.3251,3,4,3000.0,1200.0,1,1,1,0,59,69,SUSPICIOUS,1
7222.25,0.9,0,31,0.161,13,1,8000.0,3200.0,0,0,0,0,10,10,NORMAL,0
2236.31,0.75,0,21,0.1014,8,4,3000.0,1200.0,0,0,0,0,2,14,NORMAL,0
4561.99,0.91,0,14,0.1941,22,1,5000.0,2000.0,0,0,0,0,15,3,NORMAL,0
17125.34,5.71,1,0,0.7268,9,4,3000.0,1200.0,1,1,0,0,90,82,EXTREME,1
28866.79,3.61,0,2,0.4794,1,1,8000.0,3200.0,0,0,0,0,13,43,SUSPICIOUS,1
16782.06,5.59,1,0,1.0384,12,3,3000.0,1200.0,1,1,0,1,81,75,EXTREME,1
28432.52,5.69,1,0,0.571,4,6,5000.0,2000.0,0,0,0,0,49,20,SUSPICIOUS,1
9758.49,0.81,0,3,0.1984,14,0,12000.0,4800.0,0,0,0,0,2,13,NORMAL,0
10257.61,0.85,0,15,0.0449,16,2,12000.0,4800.0,0,0,1,0,10,6,NORMAL,0
14195.13,2.84,0,1,0.2723,14,1,5000.0,2000.0,0,1,1,0,14,74,SUSPICIOUS,1
8320.29,2.77,1,0,0.4388,19,6,3000.0,1200.0,0,0,0,0,43,20,SUSPICIOUS,1
2353.43,0.47,0,18,0.0579,18,3,5000.0,2000.0,0,0,0,0,8,0,NORMAL,0
15000.0,10.0,1,0,0.629,20,6,1500.0,600.0,1,1,1,0,99,91,EXTREME,1
4105.19,0.82,0,9,0.247,8,1,5000.0,2000.0,0,0,0,0,14,9,NORMAL,0
5476.42,1.1,0,27,0.1823,7,6,5000.0,2000.0,0,0,1,0,4,1,NORMAL,0
15000.0,5.0,1,0,0.7377,0,5,3000.0,1200.0,1,1,1,0,81,95,EXTREME,1
2659.45,0.33,0,38,0.0538,21,3,8000.0,3200.0,0,0,0,0,11,2,NORMAL,0
6882.36,0.86,0,40,0.174,14,6,8000.0,3200.0,0,0,0,0,6,14,NORMAL,0
75732.32,9.47,1,0,1.1766,16,2,8000.0,3200.0,1,1,0,0,95,71,EXTREME,1
4661.76,0.58,0,5,0.0453,11,6,8000.0,3200.0,0,0,0,0,11,4,NORMAL,0
22697.46,4.54,0,2,0.2928,4,5,5000.0,2000.0,0,1,1,1,1,58,SUSPICIOUS,1
2221.49,0.74,0,37,0.0638,15,0,3000.0,1200.0,0,0,0,0,2,8,NORMAL,0
3338.03,0.67,0,14,0.2342,20,0,5000.0,2000.0,0,0,0,0,11,6,NORMAL,0
47617.84,3.97,1,0,0.5383,2,2,12000.0,4800.0,0,1,1,0,19,60,SUSPICIOUS,1
8974.74,0.75,0,30,0.0638,20,6,12000.0,4800.0,0,0,0,0,7,9,NORMAL,0
8029.6,1.0,0,15,0.1402,16,0,8000.0,3200.0,0,0,0,0,5,13,NORMAL,0
677.35,0.45,0,39,0.2357,7,0,1500.0,600.0,0,0,0,0,10,8,NORMAL,0
1121.63,0.75,0,2,0.0616,11,5,1500.0,600.0,0,0,0,0,10,1,NORMAL,0
701.46,0.47,0,42,0.2478,19,6,1500.0,600.0,0,0,0,0,8,3,NORMAL,0
7276.21,4.85,1,0,0.2127,4,5,1500.0,600.0,0,1,0,0,12,50,SUSPICIOUS,1
33484.77,2.79,1,0,0.5611,4,0,12000.0,4800.0,0,1,0,0,39,59,SUSPICIOUS,0
9332.85,1.17,0,7,0.0576,7,0,8000.0,3200.0,0,0,0,0,1,9,NORMAL,0
14024.8,4.67,1,0,0.2867,23,2,3000.0,1200.0,0,0,0,0,2,20,SUSPICIOUS,1
4755.8,0.59,0,16,0.0688,11,3,8000.0,3200.0,0,0,0,0,7,6,NORMAL,0
8866.4,5.91,1,0,0.2178,2,5,1500.0,600.0,0,1,1,0,4,63,SUSPICIOUS,1
15939.44,5.31,1,0,0.4187,3,5,3000.0,1200.0,0,0,0,0,44,40,SUSPICIOUS,1
13503.66,1.13,0,26,0.1464,20,5,12000.0,4800.0,0,0,0,0,9,9,NORMAL,0
1918.87,0.64,0,13,0.1925,8,6,3000.0,1200.0,0,0,1,0,15,2,NORMAL,0
11199.36,3.73,1,0,0.4332,2,4,3000.0,1200.0,1,0,0,0,67,3,SUSPICIOUS,1
8106.72,5.4,1,0,0.4315,2,6,1500.0,600.0,1,1,0,0,51,59,SUSPICIOUS,1
27318.69,3.41,1,0,0.2942,4,0,8000.0,3200.0,0,0,0,1,16,20,SUSPICIOUS,1
1466.37,0.98,0,21,0.1136,15,1,1500.0,600.0,0,0,0,0,9,10,NORMAL,0
2791.14,0.93,0,27,0.1472,9,3,3000.0,1200.0,0,0,0,0,1,6,NORMAL,0
16136.13,1.34,0,2,0.048,15,5,12000.0,4800.0,0,0,0,0,0,10,NORMAL,0
29950.9,3.74,1,0,0.3147,14,4,8000.0,3200.0,1,1,0,0,59,65,SUSPICIOUS,1
8604.29,2.87,0,2,0.3784,1,0,3000.0,1200.0,0,1,1,0,46,58,SUSPICIOUS,1
15000.0,10.0,1,0,0.9962,5,3,1500.0,600.0,1,1,0,0,99,84,EXTREME,1
6029.45,0.5,0,17,0.0762,18,4,12000.0,4800.0,0,0,0,0,12,8,NORMAL,0
1526.63,1.02,0,30,0.2174,10,3,1500.0,600.0,0,0,0,0,7,9,NORMAL,0
14285.28,2.86,0,3,0.2502,4,3,5000.0,2000.0,1,1,1,1,73,58,SUSPICIOUS,1
25321.51,5.06,1,0,0.7983,7,6,5000.0,2000.0,1,1,0,1,97,72,EXTREME,1
7460.3,0.93,0,21,0.1179,10,6,8000.0,3200.0,0,0,0,0,15,11,NORMAL,0
27631.61,5.53,0,1,0.3759,2,3,5000.0,2000.0,0,0,1,1,1,49,SUSPICIOUS,1
694.13,0.46,0,18,0.2066,7,6,1500.0,600.0,0,0,0,0,4,13,NORMAL,0
65950.63,5.5,0,2,0.209,23,0,12000.0,4800.0,1,0,1,1,54,5,SUSPICIOUS,1
15000.0,5.0,1,0,0.6574,17,1,3000.0,1200.0,1,1,1,1,83,82,EXTREME,1
8736.39,0.73,0,35,0.0824,12,6,12000.0,4800.0,0,0,0,0,5,6,NORMAL,0
7692.31,0.96,0,21,0.0959,13,4,8000.0,3200.0,0,0,1,0,2,5,NORMAL,0
17446.21,5.82,1,0,0.7598,3,3,3000.0,1200.0,1,1,1,0,81,77,EXTREME,1
9141.86,1.14,1,0,0.1619,14,0,8000.0,3200.0,0,0,0,0,12,8,NORMAL,0
950.48,0.63,0,4,0.0448,16,6,1500.0,600.0,0,0,0,0,7,11,NORMAL,0
10152.67,0.85,1,0,0.0634,13,1,12000.0,4800.0,0,0,0,0,15,0,NORMAL,0
9229.05,0.77,0,39,0.1563,13,0,12000.0,4800.0,0,0,0,0,6,4,NORMAL,0
15000.0,10.0,1,0,0.5644,15,4,1500.0,600.0,1,1,0,1,97,72,EXTREME,1
9519.92,0.79,0,26,0.234,19,1,12000.0,4800.0,0,0,0,0,11,15,NORMAL,0
1387.56,0.93,0,44,0.0799,20,4,1500.0,600.0,0,0,0,0,5,15,NORMAL,0
8149.47,1.02,0,35,0.1547,16,3,8000.0,3200.0,0,0,0,0,2,9,NORMAL,0
27844.61,3.48,1,0,0.4277,2,1,8000.0,3200.0,0,0,1,0,12,0,SUSPICIOUS,1
29168.61,5.83,1,0,0.2843,0,2,5000.0,2000.0,0,0,0,0,35,49,SUSPICIOUS,1
8631.41,2.88,1,0,0.2612,14,4,3000.0,1200.0,0,0,0,0,40,0,SUSPICIOUS,0
2617.02,0.87,0,17,0.1034,13,6,3000.0,1200.0,0,0,0,0,2,5,NORMAL,0
13153.71,1.1,1,0,0.0526,13,4,12000.0,4800.0,0,0,0,0,12,0,NORMAL,0
57843.59,4.82,1,0,0.3839,0,0,12000.0,4800.0,0,1,0,0,15,61,SUSPICIOUS,1
7934.96,0.99,0,8,0.0988,12,3,8000.0,3200.0,0,0,0,0,2,9,NORMAL,0
4087.66,0.82,0,28,0.1846,17,3,5000.0,2000.0,0,0,0,0,6,12,NORMAL,0
35763.4,11.92,1,0,0.8765,21,1,3000.0,1200.0,1,1,0,1,86,77,EXTREME,1
35200.83,7.04,1,0,0.4226,19,5,5000.0,2000.0,1,1,0,0,86,85,EXTREME,1
16535.0,5.51,1,0,0.2652,0,5,3000.0,1200.0,0,1,0,0,3,62,SUSPICIOUS,1
5361.18,1.07,0,12,0.0441,10,5,5000.0,2000.0,0,0,0,0,13,1,NORMAL,0
17885.1,3.58,1,0,0.3276,4,4,5000.0,2000.0,0,0,0,0,16,12,SUSPICIOUS,1
4691.74,0.94,0,32,0.0738,16,1,5000.0,2000.0,0,0,0,0,2,9,NORMAL,0
33366.59,6.67,1,0,0.7335,8,6,5000.0,2000.0,1,1,0,1,91,85,EXTREME,1
1218.76,0.81,0,3,0.2165,7,5,1500.0,600.0,0,0,0,0,1,8,NORMAL,0
2855.72,0.57,0,23,0.0783,9,2,5000.0,2000.0,0,0,0,0,6,4,NORMAL,0
40843.56,3.4,1,0,0.4147,14,3,12000.0,4800.0,0,0,0,0,36,42,SUSPICIOUS,0
655.62,0.44,0,36,0.2155,15,4,1500.0,600.0,0,0,0,0,2,11,NORMAL,0
3598.54,0.72,0,6,0.2479,17,3,5000.0,2000.0,0,0,0,0,5,3,NORMAL,0
7706.25,0.96,0,40,0.096,7,6,8000.0,3200.0,0,0,0,0,4,12,NORMAL,0
5508.38,0.69,0,22,0.0984,17,1,8000.0,3200.0,0,0,0,0,1,10,NORMAL,0
2257.4,0.75,0,23,0.176,12,3,3000.0,1200.0,0,0,0,0,13,3,NORMAL,0
1255.82,0.84,0,36,0.1452,18,0,1500.0,600.0,0,0,0,0,1,5,NORMAL,0
15452.52,1.29,1,0,0.1419,20,2,12000.0,4800.0,0,0,0,0,4,1,NORMAL,0
4332.36,0.54,0,36,0.1306,16,1,8000.0,3200.0,0,0,0,0,1,10,NORMAL,0
34453.24,2.87,1,0,0.523,0,4,12000.0,4800.0,0,0,0,1,20,45,SUSPICIOUS,1
31602.35,2.63,1,0,0.3958,3,5,12000.0,4800.0,0,0,0,1,7,20,SUSPICIOUS,0
10445.26,0.87,0,18,0.1826,15,1,12000.0,4800.0,0,0,0,0,14,4,NORMAL,0
10330.46,0.86,0,8,0.2399,11,1,12000.0,4800.0,0,0,0,0,4,10,NORMAL,0
2417.37,0.81,0,19,0.1937,15,0,3000.0,1200.0,0,0,0,0,13,1,NORMAL,0
519.3,0.04,0,4,0.0877,13,6,12000.0,4800.0,0,0,0,0,12,15,NORMAL,0
9165.55,1.15,0,13,0.0707,21,1,8000.0,3200.0,0,0,1,0,4,5,NORMAL,0
9527.11,1.19,0,25,0.0449,18,6,8000.0,3200.0,0,0,0,0,15,1,NORMAL,0
2413.05,0.3,1,0,0.2257,8,1,8000.0,3200.0,0,0,0,0,1,14,NORMAL,0
1143.23,0.76,0,21,0.2061,8,0,1500.0,600.0,0,0,0,0,5,13,NORMAL,0
35225.07,11.74,1,0,0.8506,2,2,3000.0,1200.0,1,1,0,0,92,87,EXTREME,1
2523.18,0.84,0,30,0.0611,10,1,3000.0,1200.0,0,0,0,0,10,3,NORMAL,0
36182.53,3.02,1,0,0.4994,4,3,12000.0,4800.0,1,0,0,0,62,49,SUSPICIOUS,1
12164.06,4.05,1,0,0.3927,1,6,3000.0,1200.0,0,1,0,0,0,50,SUSPICIOUS,1
6231.72,0.78,0,11,0.092,10,3,8000.0,3200.0,0,0,0,0,7,10,NORMAL,0
4376.99,1.46,0,20,0.199,13,6,3000.0,1200.0,0,0,0,0,14,12,NORMAL,0
15000.0,10.0,1,0,0.4624,17,2,1500.0,600.0,1,1,1,1,100,81,EXTREME,1
6194.95,0.52,0,33,0.1231,16,5,12000.0,4800.0,0,0,0,0,9,2,NORMAL,0
3550.0,0.3,0,8,0.1297,20,2,12000.0,4800.0,0,0,0,0,14,1,NORMAL,0
7850.29,5.23,1,0,0.5846,19,6,1500.0,600.0,1,1,0,0,61,58,SUSPICIOUS,1
9809.44,0.82,1,0,0.1003,19,1,12000.0,4800.0,0,0,0,0,10,8,NORMAL,0
15000.0,10.0,1,0,0.9253,13,1,1500.0,600.0,1,1,1,1,95,84,EXTREME,1
10790.96,0.9,0,12,0.1902,9,5,12000.0,4800.0,0,0,0,0,9,13,NORMAL,0
3667.39,0.73,1,0,0.217,22,1,5000.0,2000.0,0,0,0,0,0,13,NORMAL,0
5871.54,1.17,0,43,0.1509,13,3,5000.0,2000.0,0,0,0,0,8,1,NORMAL,0
3259.67,0.65,0,36,0.2178,8,5,5000.0,2000.0,0,0,0,0,1,7,NORMAL,0
1546.46,0.52,0,20,0.1072,20,4,3000.0,1200.0,0,0,0,0,7,6,NORMAL,0
15000.0,10.0,1,0,0.5503,13,3,1500.0,600.0,1,1,0,0,94,76,EXTREME,1
10330.82,1.29,0,36,0.188,19,3,8000.0,3200.0,0,0,0,0,3,14,NORMAL,0
7624.36,2.54,1,0,0.2928,2,5,3000.0,1200.0,1,0,1,0,65,5,SUSPICIOUS,1
8393.19,1.05,0,12,0.085,12,6,8000.0,3200.0,0,0,0,0,0,14,NORMAL,0
59229.38,4.94,1,0,1.0505,2,4,12000.0,4800.0,1,1,0,0,91,80,EXTREME,1
5426.09,1.09,0,40,0.1268,8,0,5000.0,2000.0,0,0,0,1,13,5,NORMAL,0
8285.91,0.69,0,5,0.1654,11,2,12000.0,4800.0,0,0,0,0,11,1,NORMAL,0
7364.71,0.92,0,43,0.1946,14,3,8000.0,3200.0,0,0,0,0,3,12,NORMAL,0
15949.82,5.32,1,0,1.0959,1,0,3000.0,1200.0,1,1,1,0,85,82,EXTREME,1
5012.8,1.0,0,21,0.0864,17,0,5000.0,2000.0,0,0,0,1,12,8,NORMAL,0
1890.28,1.26,0,24,0.0647,20,0,1500.0,600.0,0,0,0,0,15,5,NORMAL,0
131939.21,10.99,1,0,0.7101,16,6,12000.0,4800.0,1,1,0,0,87,71,EXTREME,1
2783.73,0.93,0,28,0.1774,9,6,3000.0,1200.0,0,0,1,0,13,11,NORMAL,0
8090.59,1.01,0,32,0.2231,18,3,8000.0,3200.0,0,0,0,0,11,2,NORMAL,0
34322.25,6.86,1,0,0.5342,2,6,5000.0,2000.0,1,1,0,1,88,93,EXTREME,1
1115.71,0.74,0,3,0.172,13,4,1500.0,600.0,0,0,1,0,0,9,NORMAL,0
17057.74,3.41,0,1,0.5136,19,3,5000.0,2000.0,0,1,0,0,7,75,SUSPICIOUS,1
1725.27,1.15,1,0,0.1221,20,5,1500.0,600.0,0,0,0,0,5,6,NORMAL,0
1721.5,0.57,0,33,0.1667,7,3,3000.0,1200.0,0,0,0,0,6,0,NORMAL,0
7871.28,0.98,0,33,0.0727,8,0,8000.0,3200.0,0,0,0,0,12,8,NORMAL,0
5904.81,0.49,0,21,0.0726,11,1,12000.0,4800.0,0,0,0,0,13,7,NORMAL,0
4668.13,1.56,0,36,0.2495,21,0,3000.0,1200.0,0,0,0,0,10,4,NORMAL,0
9086.61,1.14,0,17,0.2265,15,6,8000.0,3200.0,0,0,0,0,12,12,NORMAL,0
5545.48,1.11,0,22,0.2069,17,2,5000.0,2000.0,0,0,0,0,4,10,NORMAL,0
54596.34,4.55,0,3,0.5782,23,5,12000.0,4800.0,1,0,1,0,70,12,SUSPICIOUS,1
2993.33,0.6,0,18,0.046,14,2,5000.0,2000.0,0,0,0,0,3,11,NORMAL,0
3271.42,1.09,0,26,0.1244,17,2,3000.0,1200.0,0,0,0,0,6,14,NORMAL,0
34269.42,2.86,1,0,0.3427,19,5,12000.0,4800.0,0,1,1,0,43,63,SUSPICIOUS,1
31787.61,2.65,1,0,0.5349,23,5,12000.0,4800.0,1,1,0,0,51,79,SUSPICIOUS,1
6112.87,1.22,0,31,0.0739,19,0,5000.0,2000.0,0,0,0,0,3,5,NORMAL,0
838.91,0.56,0,35,0.2032,14,1,1500.0,600.0,0,0,0,0,10,0,NORMAL,0
24708.33,4.94,1,0,0.584,14,4,5000.0,2000.0,1,1,1,1,56,79,SUSPICIOUS,1
3144.86,0.63,0,38,0.0811,18,3,5000.0,2000.0,0,0,0,0,7,11,NORMAL,0
4057.77,0.81,0,7,0.211,14,6,5000.0,2000.0,0,0,0,0,11,11,NORMAL,0
2598.22,0.87,0,32,0.2438,21,4,3000.0,1200.0,0,0,0,0,5,6,NORMAL,0
8463.35,5.64,1,0,0.2316,3,2,1500.0,600.0,1,1,0,0,51,59,SUSPICIOUS,1
3260.15,1.09,0,40,0.1354,20,4,3000.0,1200.0,0,0,0,0,8,8,NORMAL,0
1021.14,0.68,0,4,0.1727,13,1,1500.0,600.0,0,0,0,0,5,12,NORMAL,0
7385.76,4.92,0,3,0.5968,23,3,1500.0,600.0,0,1,1,0,4,73,SUSPICIOUS,1
2453.0,0.49,0,26,0.1036,19,5,5000.0,2000.0,0,0,0,0,10,7,NORMAL,0
2302.46,0.77,0,21,0.1817,7,2,3000.0,1200.0,0,0,0,0,14,14,NORMAL,0
5641.1,3.76,1,0,0.5954,14,1,1500.0,600.0,1,0,0,0,55,11,SUSPICIOUS,1
3716.22,1.24,0,28,0.1411,7,2,3000.0,1200.0,0,0,0,0,14,13,NORMAL,0
11458.7,0.95,0,40,0.0515,13,5,12000.0,4800.0,0,0,0,0,9,8,NORMAL,0
32329.68,2.69,1,0,0.4501,0,1,12000.0,4800.0,1,0,0,1,56,43,SUSPICIOUS,1
5626.42,0.7,0,10,0.085,18,5,8000.0,3200.0,0,0,0,0,7,1,NORMAL,0
7230.25,0.6,0,12,0.147,10,3,12000.0,4800.0,0,0,0,0,13,2,NORMAL,0
9568.54,0.8,0,9,0.1717,12,5,12000.0,4800.0,0,0,0,0,9,6,NORMAL,0
9176.94,3.06,1,0,0.3822,4,2,3000.0,1200.0,1,1,0,1,75,55,SUSPICIOUS,1
4011.74,0.8,1,0,0.1891,12,5,5000.0,2000.0,0,0,0,0,13,14,NORMAL,0
11811.38,0.98,0,28,0.0647,14,0,12000.0,4800.0,0,0,0,0,3,8,NORMAL,0
916.79,0.61,0,37,0.2246,20,4,1500.0,600.0,0,0,0,0,0,13,NORMAL,0
7410.35,0.93,1,0,0.2484,15,5,8000.0,3200.0,0,0,0,0,1,12,NORMAL,0
69695.82,5.81,1,0,0.4013,6,6,12000.0,4800.0,1,1,1,0,83,71,EXTREME,1
1194.56,0.8,0,38,0.1929,16,1,1500.0,600.0,0,0,0,0,2,10,NORMAL,0
11853.38,0.99,0,32,0.1028,16,3,12000.0,4800.0,0,0,0,0,10,12,NORMAL,0
1483.89,0.99,0,23,0.0995,7,5,1500.0,600.0,0,0,0,0,13,10,NORMAL,0
19046.34,6.35,1,0,0.8443,4,3,3000.0,1200.0,1,1,1,1,95,94,EXTREME,1
6430.01,1.29,0,32,0.1297,8,0,5000.0,2000.0,0,0,0,0,11,11,NORMAL,0
28313.66,5.66,1,0,0.2788,1,2,5000.0,2000.0,0,1,0,0,48,71,SUSPICIOUS,1
4304.28,0.86,0,32,0.2255,16,6,5000.0,2000.0,0,0,0,0,13,15,NORMAL,0
6192.93,0.52,0,3,0.0417,13,6,12000.0,4800.0,0,0,0,0,4,1,NORMAL,0
1123.33,0.75,0,42,0.2163,22,6,1500.0,600.0,0,0,0,0,14,3,NORMAL,0
6261.26,0.52,1,0,0.1891,11,2,12000.0,4800.0,0,0,0,0,3,12,NORMAL,0
1347.68,0.9,0,33,0.076,18,2,1500.0,600.0,0,0,0,0,6,9,NORMAL,0
10180.8,0.85,0,16,0.1021,12,5,12000.0,4800.0,0,0,0,0,4,14,NORMAL,0
13320.08,1.11,0,35,0.0928,14,1,12000.0,4800.0,0,0,0,0,6,6,NORMAL,0
70816.29,5.9,0,1,0.208,1,4,12000.0,4800.0,0,1,0,0,48,66,SUSPICIOUS,1
4742.66,0.95,0,15,0.0783,11,0,5000.0,2000.0,0,0,0,0,12,6,NORMAL,0
9107.7,0.76,0,16,0.099,7,1,12000.0,4800.0,0,0,0,0,8,11,NORMAL,0
2666.6,0.53,1,0,0.0953,17,1,5000.0,2000.0,0,0,0,0,1,15,NORMAL,0
1069.49,0.36,0,5,0.0463,11,6,3000.0,1200.0,0,0,0,0,0,1,NORMAL,0
5461.71,0.68,0,29,0.1088,18,0,8000.0,3200.0,0,0,0,0,9,9,NORMAL,0
7890.34,0.99,0,13,0.2282,7,6,8000.0,3200.0,0,0,0,0,6,12,NORMAL,0
4475.2,0.9,0,24,0.0915,8,5,5000.0,2000.0,0,0,0,0,5,3,NORMAL,0
2566.05,0.86,0,10,0.1496,8,1,3000.0,1200.0,0,0,0,0,2,7,NORMAL,0
4170.34,2.78,1,0,0.573,2,4,1500.0,600.0,0,1,0,0,4,55,SUSPICIOUS,1
5725.66,1.15,0,24,0.0466,20,0,5000.0,2000.0,0,0,0,0,7,1,NORMAL,0
12858.49,2.57,1,0,0.4745,19,3,5000.0,2000.0,0,0,0,0,18,42,SUSPICIOUS,0
15000.0,10.0,1,0,1.1188,14,4,1500.0,600.0,1,1,0,0,80,89,EXTREME,1
12193.66,1.02,0,11,0.1118,16,3,12000.0,4800.0,0,0,0,0,6,1,NORMAL,0
8349.55,1.04,0,38,0.1192,16,6,8000.0,3200.0,0,0,0,0,6,8,NORMAL,0
55446.7,4.62,1,0,0.3344,4,4,12000.0,4800.0,1,1,0,0,71,51,SUSPICIOUS,1
2848.13,0.95,1,0,0.1922,11,1,3000.0,1200.0,0,0,1,0,7,9,NORMAL,0
5908.04,0.49,0,44,0.2464,21,1,12000.0,4800.0,0,0,0,0,13,7,NORMAL,0
3153.31,0.63,0,22,0.0863,15,6,5000.0,2000.0,0,0,0,0,12,12,NORMAL,0
7283.94,0.91,0,6,0.2224,20,0,8000.0,3200.0,0,0,0,0,14,7,NORMAL,0
53571.98,6.7,1,0,0.4441,6,2,8000.0,3200.0,1,1,0,0,93,94,EXTREME,1
2128.63,0.43,0,41,0.2425,11,4,5000.0,2000.0,0,0,0,0,6,0,NORMAL,0
3331.25,1.11,1,0,0.2457,11,6,3000.0,1200.0,0,0,0,0,2,11,NORMAL,0
1190.88,0.79,0,38,0.2216,11,2,1500.0,600.0,0,0,0,0,13,13,NORMAL,0
93926.62,7.83,1,0,1.1163,8,1,12000.0,4800.0,1,1,0,0,99,78,EXTREME,1
9991.63,0.83,0,37,0.2162,19,2,12000.0,4800.0,0,0,0,0,1,12,NORMAL,0
1560.05,1.04,0,42,0.2498,15,1,1500.0,600.0,0,0,0,0,9,11,NORMAL,0
1443.92,0.29,0,12,0.1816,14,1,5000.0,2000.0,0,0,0,0,9,15,NORMAL,0
2056.04,0.41,0,42,0.2131,21,3,5000.0,2000.0,0,0,0,0,4,0,NORMAL,0
9352.57,0.78,0,36,0.2075,17,2,12000.0,4800.0,0,0,1,0,6,2,NORMAL,0
6353.91,0.79,1,0,0.1563,10,6,8000.0,3200.0,0,0,0,0,12,8,NORMAL,0
1357.58,0.91,0,45,0.2103,13,6,1500.0,600.0,0,0,0,0,10,14,NORMAL,0
1537.12,1.02,0,23,0.1691,20,0,1500.0,600.0,0,0,0,0,7,0,NORMAL,0
4445.13,0.89,0,25,0.1918,22,6,5000.0,2000.0,0,0,0,0,9,3,NORMAL,0
55844.38,4.65,1,0,0.557,8,5,12000.0,4800.0,1,1,0,0,93,72,EXTREME,1
12251.58,1.02,0,35,0.136,17,4,12000.0,4800.0,0,0,0,0,4,14,NORMAL,0
1585.15,0.53,0,26,0.0635,7,1,3000.0,1200.0,0,0,0,0,15,1,NORMAL,0
5396.71,1.08,0,12,0.1123,10,0,5000.0,2000.0,0,0,1,0,3,2,NORMAL,0
706.1,0.47,0,25,0.0834,21,0,1500.0,600.0,0,0,0,0,12,3,NORMAL,0
12003.71,1.0,0,36,0.1483,11,1,12000.0,4800.0,0,0,0,0,7,15,NORMAL,0
3946.44,1.32,1,0,0.0512,13,0,3000.0,1200.0,0,0,0,0,15,2,NORMAL,0
8020.88,1.0,0,15,0.1322,19,3,8000.0,3200.0,0,0,0,0,11,12,NORMAL,0
6141.21,0.77,0,30,0.082,13,6,8000.0,3200.0,0,0,0,0,10,8,NORMAL,0
21223.15,4.24,1,0,0.821,2,2,5000.0,2000.0,1,1,0,1,99,92,EXTREME,1
8414.55,0.7,0,28,0.1967,19,0,12000.0,4800.0,0,0,0,0,10,11,NORMAL,0
1398.44,0.93,0,17,0.1079,12,6,1500.0,600.0,0,0,0,0,1,14,NORMAL,0
114568.85,9.55,1,0,0.8994,18,3,12000.0,4800.0,1,1,1,0,96,78,EXTREME,1
3083.81,0.62,0,37,0.2055,19,6,5000.0,2000.0,0,0,0,0,12,4,NORMAL,0
5544.49,0.69,0,13,0.2485,21,4,8000.0,3200.0,0,0,0,0,15,12,NORMAL,0
5483.65,0.69,1,0,0.1402,10,0,8000.0,3200.0,0,0,0,0,2,6,NORMAL,0
6873.55,1.37,0,28,0.1282,13,0,5000.0,2000.0,0,0,0,0,4,3,NORMAL,0
1497.2,1.0,0,7,0.1956,19,2,1500.0,600.0,0,0,0,0,4,1,NORMAL,0
1511.29,1.01,0,36,0.1337,19,6,1500.0,600.0,0,0,0,1,14,5,NORMAL,0
11554.64,0.96,0,35,0.1838,7,0,12000.0,4800.0,0,0,0,0,0,7,NORMAL,0
1374.95,0.92,0,18,0.1408,22,6,1500.0,600.0,0,0,0,0,6,15,NORMAL,0
3665.1,0.73,0,41,0.0419,22,2,5000.0,2000.0,0,0,0,0,4,4,NORMAL,0
1690.09,0.56,0,14,0.1719,14,5,3000.0,1200.0,0,0,0,0,1,5,NORMAL,0
2819.05,0.94,0,38,0.0544,20,3,3000.0,1200.0,0,0,0,0,7,6,NORMAL,0
3817.81,2.55,1,0,0.5267,2,0,1500.0,600.0,1,1,1,0,75,74,SUSPICIOUS,1
15541.36,1.3,0,41,0.1076,14,4,12000.0,4800.0,0,0,0,0,6,13,NORMAL,0
53229.72,10.65,1,0,0.8265,12,4,5000.0,2000.0,1,1,0,0,83,75,EXTREME,1
65126.16,5.43,1,0,0.5443,3,1,12000.0,4800.0,1,1,1,1,91,89,EXTREME,1
21722.38,7.24,1,0,1.0156,15,0,3000.0,1200.0,1,1,0,0,90,94,EXTREME,1
37166.44,3.1,0,1,0.4448,4,3,12000.0,4800.0,1,1,0,1,56,66,SUSPICIOUS,1
9623.91,3.21,0,2,0.2406,0,3,3000.0,1200.0,1,0,0,0,62,20,SUSPICIOUS,1
7952.46,0.99,1,0,0.0687,17,3,8000.0,3200.0,0,0,0,0,4,12,NORMAL,0
45801.85,5.73,0,2,0.3475,4,6,8000.0,3200.0,0,1,0,0,16,72,SUSPICIOUS,1
15000.0,10.0,1,0,0.9075,21,5,1500.0,600.0,1,1,1,0,83,71,EXTREME,1
1793.64,0.6,0,31,0.05,20,3,3000.0,1200.0,0,0,0,0,3,3,NORMAL,0
3589.44,0.72,0,44,0.1743,10,5,5000.0,2000.0,0,0,0,0,6,13,NORMAL,0
1814.76,0.6,0,15,0.1593,16,1,3000.0,1200.0,0,0,0,0,10,13,NORMAL,0
6134.63,1.23,0,4,0.1245,18,5,5000.0,2000.0,0,0,0,0,12,2,NORMAL,0
20197.0,6.73,1,0,1.0546,21,0,3000.0,1200.0,1,1,0,0,89,89,EXTREME,1
108972.86,9.08,1,0,0.6354,13,6,12000.0,4800.0,1,1,0,0,95,81,EXTREME,1
1121.75,0.75,1,0,0.1218,12,1,1500.0,600.0,0,0,0,0,15,15,NORMAL,0
15000.0,10.0,1,0,0.439,15,2,1500.0,600.0,1,1,1,0,87,92,EXTREME,1
1557.87,1.04,0,41,0.188,10,6,1500.0,600.0,0,0,0,0,14,3,NORMAL,0
5874.38,1.17,0,8,0.1892,17,0,5000.0,2000.0,0,0,0,0,14,6,NORMAL,0
14116.94,1.18,0,7,0.1755,18,0,12000.0,4800.0,0,0,0,0,5,4,NORMAL,0
723.01,0.48,0,38,0.1117,14,2,1500.0,600.0,0,0,0,0,6,5,NORMAL,0
1279.33,0.85,0,12,0.2181,8,5,1500.0,600.0,0,0,0,0,0,14,NORMAL,0
801.19,0.53,0,35,0.2318,17,2,1500.0,600.0,0,0,1,1,5,15,NORMAL,0
3252.76,0.65,0,31,0.0931,20,1,5000.0,2000.0,0,0,0,0,0,9,NORMAL,0
1779.79,1.19,0,37,0.0705,21,3,1500.0,600.0,0,0,0,0,11,5,NORMAL,0
3803.88,1.27,0,27,0.1749,13,2,3000.0,1200.0,0,0,0,0,3,5,NORMAL,0
2902.45,0.97,0,44,0.0945,17,0,3000.0,1200.0,0,0,0,0,5,3,NORMAL,0
1352.91,0.9,1,0,0.1592,16,4,1500.0,600.0,0,0,0,0,15,13,NORMAL,0
4857.02,0.97,0,8,0.0848,19,0,5000.0,2000.0,0,0,0,0,9,11,NORMAL,0
5807.02,1.16,0,2,0.1505,14,2,5000.0,2000.0,0,0,0,0,11,2,NORMAL,0
11599.19,0.97,0,36,0.1742,8,4,12000.0,4800.0,0,0,0,0,10,5,NORMAL,0
1677.0,0.56,0,13,0.0691,17,1,3000.0,1200.0,0,0,0,1,13,7,NORMAL,0
9836.53,0.82,0,15,0.1829,17,2,12000.0,4800.0,0,0,0,0,15,0,NORMAL,0
45507.28,5.69,1,0,0.3648,23,1,8000.0,3200.0,1,1,0,1,70,74,SUSPICIOUS,1
3898.51,0.78,0,43,0.2067,9,0,5000.0,2000.0,0,0,0,0,9,7,NORMAL,0
20929.38,6.98,1,0,0.7258,18,3,3000.0,1200.0,1,1,1,1,100,78,EXTREME,1
58107.87,4.84,1,0,0.3794,0,4,12000.0,4800.0,0,0,0,0,10,5,SUSPICIOUS,1
1177.84,0.79,0,33,0.2296,20,5,1500.0,600.0,0,0,0,0,11,6,NORMAL,0
6845.29,4.56,1,0,0.5136,14,5,1500.0,600.0,0,0,1,0,9,12,SUSPICIOUS,1
4209.45,0.84,0,34,0.1689,16,4,5000.0,2000.0,0,0,0,0,4,2,NORMAL,0
78788.26,6.57,1,0,0.447,23,2,12000.0,4800.0,1,1,0,0,80,88,EXTREME,1
3735.01,1.25,0,42,0.084,19,4,3000.0,1200.0,0,0,0,0,1,4,NORMAL,0
7023.43,0.59,0,23,0.2241,12,2,12000.0,4800.0,0,0,0,0,2,13,NORMAL,0
55426.54,11.09,1,0,0.4225,14,4,5000.0,2000.0,1,1,0,0,91,81,EXTREME,1
3656.47,0.3,0,18,0.2493,22,0,12000.0,4800.0,0,0,0,0,5,9,NORMAL,0
1361.71,0.45,0,17,0.1166,20,5,3000.0,1200.0,0,0,0,0,7,6,NORMAL,0
35030.22,11.68,1,0,0.7527,8,0,3000.0,1200.0,1,1,0,0,95,75,EXTREME,1
619.47,0.41,0,32,0.1366,7,4,1500.0,600.0,0,0,0,0,12,0,NORMAL,0
1634.82,1.09,1,0,0.1576,12,5,1500.0,600.0,0,0,0,0,15,1,NORMAL,0
12473.2,1.04,0,14,0.0669,7,6,12000.0,4800.0,0,0,0,0,4,8,NORMAL,0
2832.24,0.94,0,17,0.2301,19,0,3000.0,1200.0,0,0,0,0,8,14,NORMAL,0
5751.68,3.83,0,1,0.3985,2,0,1500.0,600.0,1,0,0,1,55,6,SUSPICIOUS,1
46103.19,5.76,1,0,0.4212,23,1,8000.0,3200.0,1,1,0,1,97,73,EXTREME,1
7471.8,4.98,0,3,0.5934,14,1,1500.0,600.0,0,0,0,1,37,15,SUSPICIOUS,1
8734.82,2.91,0,1,0.4642,23,4,3000.0,1200.0,1,0,0,0,73,5,SUSPICIOUS,1
58059.78,7.26,1,0,0.6507,17,0,8000.0,3200.0,1,1,0,1,89,74,EXTREME,1
12019.27,1.0,0,25,0.2214,14,3,12000.0,4800.0,0,0,0,0,15,2,NORMAL,0
2018.66,0.4,0,35,0.0911,12,5,5000.0,2000.0,0,0,0,0,3,9,NORMAL,0
56920.77,4.74,0,2,0.4769,19,0,12000.0,4800.0,0,1,0,1,49,54,SUSPICIOUS,1
4162.19,2.77,0,1,0.3852,19,0,1500.0,600.0,0,1,0,0,9,78,SUSPICIOUS,1
32811.18,4.1,1,0,0.2742,23,2,8000.0,3200.0,1,0,0,0,53,15,SUSPICIOUS,1
38773.02,4.85,1,0,0.6536,20,2,8000.0,3200.0,1,1,0,0,87,86,EXTREME,1
3181.8,1.06,0,12,0.2003,15,6,3000.0,1200.0,0,0,0,0,10,2,NORMAL,0
44332.07,3.69,1,0,0.2269,2,2,12000.0,4800.0,0,0,1,1,47,46,SUSPICIOUS,1
7547.17,0.63,0,31,0.1513,15,5,12000.0,4800.0,0,0,0,0,2,15,NORMAL,0
7200.1,4.8,1,0,0.5974,19,5,1500.0,600.0,1,1,0,0,56,52,SUSPICIOUS,1
8738.34,0.73,0,9,0.0547,11,0,12000.0,4800.0,0,0,1,0,14,8,NORMAL,0
22452.31,4.49,1,0,0.2157,3,6,5000.0,2000.0,1,0,1,0,75,48,SUSPICIOUS,1
2053.73,0.68,0,38,0.0993,18,0,3000.0,1200.0,0,0,0,0,6,2,NORMAL,0
6778.26,0.56,0,42,0.1789,16,6,12000.0,4800.0,0,0,0,0,15,1,NORMAL,0
47396.14,5.92,1,0,0.4146,5,0,8000.0,3200.0,1,1,0,0,91,82,EXTREME,1
2544.25,0.85,0,39,0.0936,22,3,3000.0,1200.0,0,0,0,0,10,8,NORMAL,0
15000.0,10.0,1,0,0.4348,10,1,1500.0,600.0,1,1,0,0,80,83,EXTREME,1
7125.0,0.89,0,28,0.0617,21,6,8000.0,3200.0,0,0,0,0,7,9,NORMAL,0
1285.82,0.86,0,3,0.1906,14,2,1500.0,600.0,0,0,0,0,14,14,NORMAL,0
2321.26,0.77,0,5,0.2074,13,6,3000.0,1200.0,0,0,0,0,3,6,NORMAL,0
8513.33,1.06,0,40,0.1543,22,3,8000.0,3200.0,0,0,0,0,7,5,NORMAL,0
1347.76,0.9,0,35,0.235,9,6,1500.0,600.0,0,0,1,0,8,8,NORMAL,0
33306.94,11.1,1,0,0.7302,18,5,3000.0,1200.0,1,1,1,0,88,87,EXTREME,1
3325.35,1.11,0,18,0.2135,16,3,3000.0,1200.0,0,0,0,0,7,9,NORMAL,0
10558.38,1.32,1,0,0.2027,12,2,8000.0,3200.0,0,0,0,0,9,12,NORMAL,0
9925.78,3.31,1,0,0.3885,3,0,3000.0,1200.0,1,1,0,0,56,64,SUSPICIOUS,1
7984.21,1.0,0,40,0.2277,19,0,8000.0,3200.0,0,0,0,0,8,5,NORMAL,0
8046.02,1.01,0,42,0.175,17,1,8000.0,3200.0,0,0,0,0,6,5,NORMAL,0
1412.82,0.94,1,0,0.152,13,4,1500.0,600.0,0,0,0,0,12,3,NORMAL,0
2593.92,0.52,0,18,0.0666,10,6,5000.0,2000.0,0,0,0,0,3,9,NORMAL,0
26044.96,8.68,1,0,0.9614,20,1,3000.0,1200.0,1,1,1,0,80,73,EXTREME,1
3447.46,1.15,0,31,0.0643,9,3,3000.0,1200.0,0,0,0,0,9,15,NORMAL,0
9873.57,3.29,1,0,0.5083,2,0,3000.0,1200.0,0,1,1,0,11,61,SUSPICIOUS,1
28836.74,3.6,1,0,0.3125,2,5,8000.0,3200.0,1,1,0,0,69,61,SUSPICIOUS,1
6343.15,4.23,1,0,0.4143,1,5,1500.0,600.0,1,0,0,1,53,18,SUSPICIOUS,1
9065.42,0.76,0,23,0.1172,13,4,12000.0,4800.0,0,0,0,0,7,3,NORMAL,0
8640.79,1.08,0,42,0.0519,7,6,8000.0,3200.0,0,0,0,0,10,13,NORMAL,0
13403.57,1.12,0,3,0.2453,9,4,12000.0,4800.0,0,0,0,0,6,8,NORMAL,0
8019.33,0.67,0,32,0.2334,14,6,12000.0,4800.0,0,0,0,0,8,9,NORMAL,0
13335.62,1.11,0,28,0.1448,14,2,12000.0,4800.0,0,0,0,0,8,13,NORMAL,0
14886.91,4.96,1,0,0.556,1,6,3000.0,1200.0,0,1,0,0,20,53,SUSPICIOUS,1
8726.22,1.09,0,27,0.0415,7,2,8000.0,3200.0,0,0,0,0,3,10,NORMAL,0
1661.37,1.11,0,40,0.2197,20,2,1500.0,600.0,0,0,0,0,13,7,NORMAL,0
13105.12,4.37,1,0,0.2891,1,0,3000.0,1200.0,0,0,1,0,1,18,SUSPICIOUS,1
1649.52,1.1,0,42,0.0966,7,4,1500.0,600.0,0,0,0,0,5,2,NORMAL,0
933.68,0.62,1,0,0.046,9,1,1500.0,600.0,0,0,0,0,4,11,NORMAL,0
1314.05,0.88,0,39,0.1914,15,3,1500.0,600.0,0,0,0,1,5,14,NORMAL,0
7877.68,5.25,1,0,0.2293,2,2,1500.0,600.0,0,0,0,1,0,7,SUSPICIOUS,1
29413.85,3.68,1,0,0.3449,0,6,8000.0,3200.0,0,1,1,1,9,67,SUSPICIOUS,1
1618.62,1.08,0,44,0.093,20,6,1500.0,600.0,0,0,0,0,1,1,NORMAL,0
782.68,0.52,0,26,0.2305,20,2,1500.0,600.0,0,0,0,0,15,8,NORMAL,0
12567.03,4.19,1,0,0.2465,2,2,3000.0,1200.0,0,1,0,0,8,50,SUSPICIOUS,1
58370.21,4.86,0,2,0.4091,1,5,12000.0,4800.0,0,0,0,0,6,46,SUSPICIOUS,1
454.73,0.3,0,10,0.164,12,3,1500.0,600.0,0,0,0,0,8,15,NORMAL,0
8148.29,1.02,0,4,0.0485,18,0,8000.0,3200.0,0,0,0,0,5,3,NORMAL,0
3087.2,1.03,0,39,0.1315,12,5,3000.0,1200.0,0,0,0,0,15,3,NORMAL,0
4249.84,0.85,0,32,0.1173,14,0,5000.0,2000.0,0,0,0,0,6,11,NORMAL,0
1946.92,1.3,0,19,0.1458,19,3,1500.0,600.0,0,0,0,0,7,11,NORMAL,0
26068.57,5.21,1,0,0.2935,1,3,5000.0,2000.0,0,0,0,0,45,46,SUSPICIOUS,1
16704.33,5.57,1,0,0.5285,4,0,3000.0,1200.0,0,0,1,1,49,8,SUSPICIOUS,1
1105.34,0.74,0,14,0.1286,20,2,1500.0,600.0,0,0,0,0,2,3,NORMAL,0
987.18,0.66,0,12,0.1349,22,4,1500.0,600.0,0,0,1,0,12,2,NORMAL,0
8310.4,0.69,0,12,0.1667,12,2,12000.0,4800.0,0,0,0,0,4,1,NORMAL,0
2622.32,0.87,0,38,0.2142,22,3,3000.0,1200.0,0,0,0,0,7,5,NORMAL,0
726.66,0.24,0,9,0.066,20,6,3000.0,1200.0,0,0,0,0,6,7,NORMAL,0
5609.93,1.12,0,7,0.1424,9,6,5000.0,2000.0,0,0,0,0,1,13,NORMAL,0
78719.04,9.84,1,0,0.642,17,0,8000.0,3200.0,1,1,0,1,99,95,EXTREME,1
1469.57,0.98,0,20,0.1956,12,3,1500.0,600.0,0,0,0,0,7,0,NORMAL,0
2716.2,0.91,0,41,0.1003,11,3,3000.0,1200.0,0,0,0,0,1,4,NORMAL,0
13690.72,4.56,1,0,0.3861,23,4,3000.0,1200.0,0,0,0,0,0,44,SUSPICIOUS,1
611.42,0.08,0,23,0.2392,11,1,8000.0,3200.0,0,0,0,0,3,5,NORMAL,0
5905.55,0.74,0,5,0.0634,19,6,8000.0,3200.0,0,0,0,0,15,4,NORMAL,0
14571.31,1.21,0,7,0.0863,19,1,12000.0,4800.0,0,0,0,0,13,5,NORMAL,0
41562.69,8.31,1,0,0.714,4,0,5000.0,2000.0,1,1,0,0,98,91,EXTREME,1
853.54,0.57,0,11,0.061,17,4,1500.0,600.0,0,0,0,0,0,3,NORMAL,0
621.42,0.41,0,15,0.0731,15,4,1500.0,600.0,0,0,0,0,9,0,NORMAL,0
5090.07,3.39,0,3,0.5767,2,5,1500.0,600.0,1,1,0,0,58,57,SUSPICIOUS,1
918.46,0.31,0,40,0.1189,14,2,3000.0,1200.0,0,0,0,0,15,5,NORMAL,0
12108.71,1.01,0,38,0.1001,9,0,12000.0,4800.0,0,0,0,0,13,13,NORMAL,0
11242.09,0.94,0,40,0.247,7,4,12000.0,4800.0,0,0,0,0,9,11,NORMAL,0
5869.51,0.73,0,5,0.2115,16,0,8000.0,3200.0,0,0,0,0,11,1,NORMAL,0
2128.98,0.71,0,30,0.0754,19,3,3000.0,1200.0,0,0,0,0,7,9,NORMAL,0
1289.95,0.86,1,0,0.0977,8,1,1500.0,600.0,0,0,0,0,3,9,NORMAL,0
5229.34,1.05,0,19,0.0946,13,1,5000.0,2000.0,0,0,0,0,10,9,NORMAL,0
1843.48,1.23,0,37,0.2294,17,0,1500.0,600.0,0,0,0,0,8,7,NORMAL,0
3947.03,0.49,1,0,0.0665,19,6,8000.0,3200.0,0,0,1,0,2,3,NORMAL,0
2324.46,0.46,0,23,0.2216,14,6,5000.0,2000.0,0,0,0,0,3,4,NORMAL,0
7572.45,0.95,1,0,0.136,10,1,8000.0,3200.0,0,0,0,0,11,8,NORMAL,0
1139.74,0.76,0,28,0.101,18,0,1500.0,600.0,0,0,0,0,14,10,NORMAL,0
3975.39,0.8,0,31,0.1298,9,6,5000.0,2000.0,0,0,0,0,5,1,NORMAL,0
39063.66,3.26,1,0,0.5931,2,3,12000.0,4800.0,0,1,0,0,19,77,SUSPICIOUS,1
10990.8,3.66,1,0,0.4101,2,4,3000.0,1200.0,1,0,0,0,62,49,SUSPICIOUS,1
8833.01,0.74,0,38,0.0495,17,2,12000.0,4800.0,0,0,0,0,2,6,NORMAL,0
61122.62,5.09,1,0,0.2614,3,5,12000.0,4800.0,0,0,1,0,48,40,SUSPICIOUS,1
1551.38,1.03,0,8,0.0696,16,3,1500.0,600.0,0,0,0,0,9,12,NORMAL,0
3185.38,0.64,0,27,0.2091,19,1,5000.0,2000.0,0,0,0,0,4,2,NORMAL,0
34106.94,11.37,1,0,0.4024,0,3,3000.0,1200.0,1,1,1,0,86,95,EXTREME,1
3999.28,0.8,1,0,0.2395,13,1,5000.0,2000.0,0,0,0,0,5,14,NORMAL,0
5766.58,0.72,0,4,0.0651,16,4,8000.0,3200.0,0,0,0,0,5,2,NORMAL,0
9541.42,0.8,0,4,0.2471,9,2,12000.0,4800.0,0,0,0,0,7,15,NORMAL,0
5150.02,1.03,0,2,0.0423,10,1,5000.0,2000.0,0,0,0,0,4,13,NORMAL,0
1122.13,0.75,1,0,0.0561,12,4,1500.0,600.0,0,0,0,0,1,4,NORMAL,0
1973.14,0.66,1,0,0.2378,17,0,3000.0,1200.0,0,0,0,0,11,12,NORMAL,0
50438.22,10.09,1,0,0.9086,8,3,5000.0,2000.0,1,1,1,1,85,83,EXTREME,1
924.75,0.62,0,35,0.0781,7,5,1500.0,600.0,0,0,0,0,2,12,NORMAL,0
951.18,0.63,1,0,0.1353,14,2,1500.0,600.0,0,0,0,0,13,4,NORMAL,0
2178.53,0.44,0,29,0.1307,11,5,5000.0,2000.0,0,0,0,0,1,8,NORMAL,0
44649.07,5.58,1,0,0.2992,0,5,8000.0,3200.0,0,0,0,1,14,19,SUSPICIOUS,1
92689.54,7.72,1,0,0.9732,6,6,12000.0,4800.0,1,1,1,0,98,81,EXTREME,1
7208.25,0.6,1,0,0.0536,13,0,12000.0,4800.0,0,0,0,0,5,4,NORMAL,0
11600.25,0.97,0,37,0.0672,19,2,12000.0,4800.0,0,0,0,0,4,11,NORMAL,0
2296.23,0.46,0,35,0.1224,21,3,5000.0,2000.0,0,0,0,0,3,10,NORMAL,0
803.31,0.54,0,9,0.1499,14,2,1500.0,600.0,0,0,0,0,13,15,NORMAL,0
5488.71,3.66,1,0,0.4302,3,5,1500.0,600.0,1,1,0,1,57,60,SUSPICIOUS,1
7208.81,4.81,1,0,0.3839,14,3,1500.0,600.0,1,1,1,1,64,57,SUSPICIOUS,1
58774.26,11.75,1,0,0.5242,8,6,5000.0,2000.0,1,1,1,0,96,94,EXTREME,1
55442.38,4.62,0,2,0.5119,2,6,12000.0,4800.0,1,0,1,1,50,40,SUSPICIOUS,1
1914.5,1.28,0,14,0.1517,9,5,1500.0,600.0,0,0,0,0,12,5,NORMAL,0
3183.68,1.06,0,15,0.1823,15,3,3000.0,1200.0,0,0,0,0,14,14,NORMAL,0
17911.76,5.97,1,0,0.4503,2,4,3000.0,1200.0,1,0,1,0,62,12,SUSPICIOUS,1
3051.25,1.02,0,45,0.1147,21,1,3000.0,1200.0,0,0,1,0,4,9,NORMAL,0
15870.24,5.29,1,0,0.5057,23,5,3000.0,1200.0,1,0,0,1,58,5,SUSPICIOUS,1
1702.89,0.57,0,5,0.1213,21,4,3000.0,1200.0,0,0,0,0,3,0,NORMAL,0
5919.29,1.18,0,33,0.1696,22,1,5000.0,2000.0,0,0,0,0,4,3,NORMAL,0
37474.09,3.12,1,0,0.4141,0,5,12000.0,4800.0,0,1,0,1,11,75,SUSPICIOUS,1
1967.26,0.66,0,12,0.0889,20,2,3000.0,1200.0,0,0,0,0,12,12,NORMAL,0
4369.13,0.87,0,18,0.1102,11,4,5000.0,2000.0,0,0,0,0,8,7,NORMAL,0
63914.18,5.33,0,3,0.3049,1,2,12000.0,4800.0,0,1,0,0,8,78,SUSPICIOUS,1
5226.26,1.05,0,16,0.1041,14,0,5000.0,2000.0,0,0,0,0,9,11,NORMAL,0
586.13,0.12,0,29,0.1283,18,6,5000.0,2000.0,0,0,0,0,14,4,NORMAL,0
25832.87,5.17,1,0,0.5143,23,4,5000.0,2000.0,0,0,0,1,4,10,SUSPICIOUS,1
2014.92,1.34,1,0,0.1077,8,0,1500.0,600.0,0,0,0,0,9,11,NORMAL,0
10580.31,0.88,0,19,0.0568,19,6,12000.0,4800.0,0,0,0,0,2,14,NORMAL,0
5191.66,1.04,0,40,0.0412,20,2,5000.0,2000.0,0,0,0,0,4,8,NORMAL,0
6192.52,0.52,0,34,0.142,21,6,12000.0,4800.0,0,0,0,0,8,10,NORMAL,0
5842.56,3.9,1,0,0.4054,1,2,1500.0,600.0,1,0,0,0,62,8,SUSPICIOUS,1
23748.97,4.75,0,3,0.2603,23,4,5000.0,2000.0,0,0,1,0,3,13,SUSPICIOUS,1
3935.75,1.31,0,16,0.0887,19,3,3000.0,1200.0,0,0,0,0,15,3,NORMAL,0
9755.15,0.81,0,7,0.2434,8,5,12000.0,4800.0,0,0,1,0,14,2,NORMAL,0
140565.94,11.71,1,0,1.0573,16,1,12000.0,4800.0,1,1,1,1,89,73,EXTREME,1
5522.24,1.1,0,13,0.1138,19,1,5000.0,2000.0,0,0,0,0,11,5,NORMAL,0
1309.92,0.87,0,16,0.2299,18,0,1500.0,600.0,0,0,0,0,7,5,NORMAL,0
2427.28,0.81,0,45,0.1034,19,3,3000.0,1200.0,0,0,0,0,4,5,NORMAL,0
5691.6,0.71,0,23,0.1488,12,2,8000.0,3200.0,0,0,0,0,1,15,NORMAL,0
61565.87,5.13,1,0,0.4738,23,1,12000.0,4800.0,0,0,0,0,11,18,SUSPICIOUS,1
894.85,0.6,0,7,0.1971,21,0,1500.0,600.0,0,0,0,0,14,15,NORMAL,0
13158.02,2.63,1,0,0.5522,0,1,5000.0,2000.0,0,1,0,1,37,77,SUSPICIOUS,1
3617.62,0.72,0,26,0.0699,19,2,5000.0,2000.0,0,0,0,0,1,13,NORMAL,0
92494.15,11.56,1,0,0.7391,11,3,8000.0,3200.0,1,1,0,0,89,85,EXTREME,1
31568.22,3.95,1,0,0.2991,0,0,8000.0,3200.0,0,1,0,0,3,50,SUSPICIOUS,1
2229.39,1.49,0,27,0.2027,11,4,1500.0,600.0,0,0,0,0,7,6,NORMAL,0
67651.95,5.64,1,0,0.4153,1,6,12000.0,4800.0,0,1,0,1,16,60,SUSPICIOUS,1
3288.8,0.66,0,25,0.2196,14,6,5000.0,2000.0,0,0,0,0,0,13,NORMAL,0
10538.06,0.88,0,6,0.045,21,1,12000.0,4800.0,0,0,0,0,9,4,NORMAL,0
6635.71,0.83,0,6,0.1952,22,6,8000.0,3200.0,0,0,0,0,3,7,NORMAL,0
16778.91,5.59,0,3,0.5803,23,4,3000.0,1200.0,1,1,0,0,57,79,SUSPICIOUS,1
1955.49,1.3,0,35,0.0535,10,5,1500.0,600.0,0,0,0,0,5,6,NORMAL,0
5170.97,1.03,0,38,0.2299,19,6,5000.0,2000.0,0,0,0,0,0,0,NORMAL,0
24349.21,4.87,1,0,1.0058,3,2,5000.0,2000.0,1,1,1,1,94,93,EXTREME,1
4900.5,0.98,1,0,0.1699,17,0,5000.0,2000.0,0,0,0,0,15,6,NORMAL,0
8936.16,2.98,1,0,0.5643,14,4,3000.0,1200.0,0,1,1,1,4,66,SUSPICIOUS,1
34358.73,4.29,0,1,0.4197,2,5,8000.0,3200.0,1,0,0,1,74,1,SUSPICIOUS,1
2330.55,0.78,0,12,0.2292,9,5,3000.0,1200.0,0,0,0,0,5,11,NORMAL,0
48209.38,6.03,1,0,1.1465,4,3,8000.0,3200.0,1,1,0,0,93,72,EXTREME,1
2821.93,0.35,0,5,0.2107,22,5,8000.0,3200.0,0,0,0,0,6,14,NORMAL,0
27170.89,3.4,1,0,0.4767,2,3,8000.0,3200.0,0,0,0,0,36,15,SUSPICIOUS,1
6547.43,1.31,1,0,0.2371,22,6,5000.0,2000.0,0,0,0,0,3,13,NORMAL,0
53652.01,6.71,1,0,0.8273,0,6,8000.0,3200.0,1,1,1,0,84,89,EXTREME,1
7644.29,0.96,0,2,0.1532,20,0,8000.0,3200.0,0,0,1,0,2,12,NORMAL,0
9687.43,3.23,0,3,0.3785,23,1,3000.0,1200.0,0,0,0,0,1,19,SUSPICIOUS,1
1593.68,1.06,0,21,0.1701,8,6,1500.0,600.0,0,0,0,0,1,2,NORMAL,0
10076.56,1.26,0,5,0.209,10,1,8000.0,3200.0,0,0,0,0,13,14,NORMAL,0
10066.12,0.84,0,12,0.1499,13,5,12000.0,4800.0,0,0,0,0,2,0,NORMAL,0
13767.75,4.59,1,0,0.4599,0,6,3000.0,1200.0,0,1,1,1,7,70,SUSPICIOUS,1
1212.91,0.81,0,44,0.1444,7,3,1500.0,600.0,0,0,0,0,7,7,NORMAL,0
12950.17,1.08,0,33,0.1725,11,4,12000.0,4800.0,0,0,0,0,2,7,NORMAL,0
16753.73,5.58,1,0,0.559,4,5,3000.0,1200.0,1,1,0,0,62,78,SUSPICIOUS,1
24127.21,4.83,1,0,0.5019,23,3,5000.0,2000.0,1,0,0,0,52,42,SUSPICIOUS,1
8244.53,0.69,0,8,0.1861,14,6,12000.0,4800.0,0,0,0,0,3,4,NORMAL,0
8682.93,0.72,0,43,0.0843,13,2,12000.0,4800.0,0,0,0,0,8,0,NORMAL,0
2923.88,0.97,0,8,0.2098,19,0,3000.0,1200.0,0,0,0,0,6,7,NORMAL,0
13795.4,1.15,0,2,0.2015,17,5,12000.0,4800.0,0,0,0,0,13,2,NORMAL,0
9042.15,1.13,0,23,0.0818,10,1,8000.0,3200.0,0,0,0,0,6,9,NORMAL,0
1022.43,0.2,0,2,0.2122,15,5,5000.0,2000.0,0,0,0,0,8,3,NORMAL,0
10843.74,0.9,0,30,0.2001,9,1,12000.0,4800.0,0,0,0,0,6,5,NORMAL,0
1176.88,0.78,0,10,0.2268,15,6,1500.0,600.0,0,0,0,0,9,15,NORMAL,0
1786.77,0.6,0,32,0.0788,11,3,3000.0,1200.0,0,0,0,0,15,1,NORMAL,0
4345.48,0.87,0,4,0.2232,17,1,5000.0,2000.0,0,0,0,0,15,13,NORMAL,0
13124.18,1.09,0,29,0.1321,11,5,12000.0,4800.0,0,0,0,0,0,0,NORMAL,0
2774.11,0.92,0,32,0.2293,19,3,3000.0,1200.0,0,0,0,0,4,13,NORMAL,0
9172.43,1.15,1,0,0.1073,13,4,8000.0,3200.0,0,0,0,0,6,8,NORMAL,0
10696.85,1.34,0,20,0.1274,21,1,8000.0,3200.0,0,0,0,0,6,2,NORMAL,0
9660.7,0.81,0,36,0.1996,16,3,12000.0,4800.0,0,0,0,0,13,3,NORMAL,0
8628.56,0.72,0,28,0.0714,10,5,12000.0,4800.0,0,0,0,0,6,15,NORMAL,0
15778.01,3.16,1,0,0.2534,23,5,5000.0,2000.0,0,0,1,0,46,4,SUSPICIOUS,1
41262.56,5.16,1,0,0.2736,3,4,8000.0,3200.0,0,1,1,1,40,57,SUSPICIOUS,1
15861.42,1.32,0,6,0.0894,20,3,12000.0,4800.0,0,0,0,0,6,6,NORMAL,0
66650.46,8.33,1,0,0.7547,20,4,8000.0,3200.0,1,1,1,0,84,82,EXTREME,1
6328.47,1.27,0,12,0.1431,22,0,5000.0,2000.0,0,0,1,0,6,5,NORMAL,0
1762.91,1.18,0,16,0.0635,14,1,1500.0,600.0,0,0,0,0,14,7,NORMAL,0
7355.05,0.92,1,0,0.0563,13,6,8000.0,3200.0,0,0,0,0,9,7,NORMAL,0
7521.62,5.01,0,1,0.4343,3,1,1500.0,600.0,0,1,0,0,38,75,SUSPICIOUS,1
2355.24,0.79,0,33,0.243,14,4,3000.0,1200.0,0,0,0,0,4,10,NORMAL,0
786.92,0.52,0,31,0.1832,20,0,1500.0,600.0,0,0,0,0,3,7,NORMAL,0
11483.9,0.96,0,8,0.0566,15,4,12000.0,4800.0,0,0,0,0,0,13,NORMAL,0
6055.14,0.76,0,41,0.0915,13,3,8000.0,3200.0,0,0,0,0,15,0,NORMAL,0
77712.96,9.71,1,0,0.4866,22,0,8000.0,3200.0,1,1,0,0,90,73,EXTREME,1
7569.82,5.05,1,0,0.4465,0,3,1500.0,600.0,0,0,1,1,16,11,SUSPICIOUS,1
6857.64,0.86,0,4,0.1931,20,0,8000.0,3200.0,0,0,0,0,10,7,NORMAL,0
862.42,0.07,0,9,0.0805,10,3,12000.0,4800.0,0,0,0,0,5,10,NORMAL,0
1355.81,0.9,0,5,0.0716,11,6,1500.0,600.0,0,0,0,0,6,6,NORMAL,0
41058.47,3.42,1,0,0.2247,14,0,12000.0,4800.0,0,0,0,0,0,0,SUSPICIOUS,1
4121.09,0.82,0,41,0.1614,12,3,5000.0,2000.0,0,0,0,0,4,8,NORMAL,0
59325.52,4.94,1,0,0.4,14,6,12000.0,4800.0,0,0,0,0,41,17,SUSPICIOUS,1
2160.73,0.72,1,0,0.1595,18,3,3000.0,1200.0,0,0,0,0,11,4,NORMAL,0
860.36,0.57,0,26,0.1414,17,0,1500.0,600.0,0,0,0,0,8,14,NORMAL,0
8490.09,1.06,0,38,0.0517,15,1,8000.0,3200.0,0,0,0,0,4,0,NORMAL,0
4038.51,0.34,0,34,0.2072,7,1,12000.0,4800.0,0,0,0,0,6,2,NORMAL,0
8940.17,0.75,0,4,0.0801,18,5,12000.0,4800.0,0,0,0,0,3,13,NORMAL,0
35784.68,7.16,1,0,0.6619,7,1,5000.0,2000.0,1,1,0,0,99,91,EXTREME,1
5275.68,0.66,1,0,0.2171,13,5,8000.0,3200.0,0,0,0,0,3,0,NORMAL,0
409.05,0.27,1,0,0.134,13,2,1500.0,600.0,0,0,0,0,6,15,NORMAL,0
981.06,0.65,0,41,0.209,8,5,1500.0,600.0,0,0,0,0,10,10,NORMAL,0
9135.96,0.76,0,20,0.0577,9,0,12000.0,4800.0,0,0,0,0,15,11,NORMAL,0
5032.02,0.63,0,39,0.2414,13,3,8000.0,3200.0,0,0,0,0,6,4,NORMAL,0
1192.42,0.79,1,0,0.0875,14,4,1500.0,600.0,0,0,0,0,1,7,NORMAL,0
12493.2,4.16,0,1,0.3954,0,1,3000.0,1200.0,0,1,1,0,7,50,SUSPICIOUS,1
15000.0,10.0,1,0,1.1875,2,0,1500.0,600.0,1,1,0,0,80,87,EXTREME,1
2053.22,0.41,0,25,0.147,12,1,5000.0,2000.0,0,0,0,0,0,12,NORMAL,0
1391.64,0.93,0,11,0.1336,11,2,1500.0,600.0,0,0,0,0,8,15,NORMAL,0
1619.69,1.08,0,33,0.045,12,6,1500.0,600.0,0,0,0,0,4,11,NORMAL,0
1755.49,0.59,0,26,0.11,7,1,3000.0,1200.0,0,0,0,0,14,12,NORMAL,0
1543.66,1.03,0,43,0.2039,17,4,1500.0,600.0,0,0,0,0,1,9,NORMAL,0
13667.2,1.14,0,32,0.2337,19,2,12000.0,4800.0,0,0,0,0,11,11,NORMAL,0
196.58,0.13,0,15,0.1852,13,1,1500.0,600.0,0,0,0,0,5,4,NORMAL,0
1230.67,0.82,0,6,0.0528,13,0,1500.0,600.0,0,0,0,0,10,10,NORMAL,0
1996.81,1.33,0,17,0.1622,9,3,1500.0,600.0,0,0,0,0,3,8,NORMAL,0
7518.56,5.01,1,0,0.5094,2,6,1500.0,600.0,1,0,1,0,67,16,SUSPICIOUS,1
1382.26,0.92,0,33,0.0861,13,6,1500.0,600.0,0,0,0,0,7,5,NORMAL,0
3031.74,1.01,0,4,0.2115,8,5,3000.0,1200.0,0,0,0,0,14,12,NORMAL,0
1474.43,0.29,0,45,0.1963,10,6,5000.0,2000.0,0,0,0,0,14,5,NORMAL,0
25553.24,5.11,0,2,0.5547,14,1,5000.0,2000.0,1,0,1,0,55,8,SUSPICIOUS,1
1387.88,0.93,0,26,0.0792,21,5,1500.0,600.0,0,0,0,0,14,11,NORMAL,0
18676.15,6.23,1,0,0.8474,0,3,3000.0,1200.0,1,1,1,1,85,81,EXTREME,1
4967.21,0.99,0,43,0.1303,15,2,5000.0,2000.0,0,0,1,0,13,12,NORMAL,0
15126.29,10.08,1,0,0.5079,8,4,1500.0,600.0,1,1,1,1,98,87,EXTREME,1
2630.7,0.88,0,3,0.1481,7,2,3000.0,1200.0,0,0,0,0,1,8,NORMAL,0
15000.0,10.0,1,0,0.7847,13,1,1500.0,600.0,1,1,0,1,85,93,EXTREME,1
2093.56,0.7,1,0,0.1315,21,0,3000.0,1200.0,0,0,1,0,8,4,NORMAL,0
11139.54,1.39,0,23,0.1406,12,6,8000.0,3200.0,0,0,0,0,10,15,NORMAL,0
2785.59,0.93,0,6,0.1785,16,0,3000.0,1200.0,0,0,0,0,13,9,NORMAL,0
28567.61,5.71,1,0,0.2288,3,5,5000.0,2000.0,1,0,1,0,69,8,SUSPICIOUS,1
66597.46,8.32,1,0,0.9368,19,3,8000.0,3200.0,1,1,1,0,96,77,EXTREME,1
36740.66,3.06,1,0,0.5482,1,6,12000.0,4800.0,1,0,0,1,53,4,SUSPICIOUS,1
865.46,0.58,0,40,0.109,18,0,1500.0,600.0,0,0,0,0,11,2,NORMAL,0
1445.14,0.48,0,44,0.0723,17,2,3000.0,1200.0,0,0,0,0,6,9,NORMAL,0
3418.57,0.68,0,35,0.144,7,0,5000.0,2000.0,0,0,0,0,8,12,NORMAL,0
23657.25,4.73,0,3,0.4979,0,4,5000.0,2000.0,0,0,1,0,2,14,SUSPICIOUS,1
15000.0,10.0,1,0,0.5022,4,6,1500.0,600.0,1,1,1,1,95,86,EXTREME,1
14081.8,1.17,0,44,0.0476,8,1,12000.0,4800.0,0,0,1,0,3,2,NORMAL,0
95009.34,11.88,1,0,1.1157,9,1,8000.0,3200.0,1,1,1,0,82,79,EXTREME,1
22899.8,2.86,0,2,0.3919,23,1,8000.0,3200.0,0,0,1,0,17,8,SUSPICIOUS,0
1426.65,0.95,1,0,0.1495,22,5,1500.0,600.0,0,0,0,0,2,14,NORMAL,0
1974.9,0.25,0,22,0.1188,14,3,8000.0,3200.0,0,0,0,0,6,0,NORMAL,0
1361.45,0.91,1,0,0.0794,9,1,1500.0,600.0,0,0,0,0,1,13,NORMAL,0
7875.95,0.66,1,0,0.0887,16,6,12000.0,4800.0,0,0,0,0,15,0,NORMAL,0
4157.03,1.39,0,24,0.0729,22,6,3000.0,1200.0,0,0,0,0,13,8,NORMAL,0
14518.79,1.21,0,38,0.0522,21,0,12000.0,4800.0,0,0,0,0,7,4,NORMAL,0
7289.2,0.91,0,17,0.2369,14,2,8000.0,3200.0,0,0,0,0,15,6,NORMAL,0
1598.78,1.07,0,2,0.1524,16,5,1500.0,600.0,0,0,0,0,8,1,NORMAL,0
2011.83,0.67,0,4,0.1569,14,5,3000.0,1200.0,0,0,0,0,11,11,NORMAL,0
10186.55,0.85,1,0,0.114,8,0,12000.0,4800.0,0,0,0,0,10,10,NORMAL,0
51999.87,4.33,1,0,0.534,23,3,12000.0,4800.0,1,0,0,0,71,6,SUSPICIOUS,1
58398.56,4.87,1,0,0.5985,14,1,12000.0,4800.0,1,1,1,0,53,74,SUSPICIOUS,1
9039.05,0.75,1,0,0.2302,21,3,12000.0,4800.0,0,0,0,1,13,11,NORMAL,0
64735.12,8.09,1,0,0.9424,7,2,8000.0,3200.0,1,1,0,1,97,76,EXTREME,1
5363.01,1.07,0,35,0.0855,14,3,5000.0,2000.0,0,0,0,0,3,5,NORMAL,0
2420.7,0.48,0,20,0.1924,9,6,5000.0,2000.0,0,0,0,0,6,15,NORMAL,0
17258.34,5.75,0,1,0.4667,2,4,3000.0,1200.0,1,0,0,0,75,1,SUSPICIOUS,1
4954.06,0.99,0,36,0.091,9,6,5000.0,2000.0,0,0,0,0,6,4,NORMAL,0
1202.37,0.8,0,6,0.214,21,2,1500.0,600.0,0,0,0,0,5,15,NORMAL,0
4397.26,1.47,0,20,0.2435,10,5,3000.0,1200.0,0,0,0,0,10,12,NORMAL,0
33252.33,11.08,1,0,0.7877,20,1,3000.0,1200.0,1,1,0,0,93,92,EXTREME,1
4857.06,3.24,1,0,0.2331,2,5,1500.0,600.0,0,0,0,0,3,14,SUSPICIOUS,1
4409.74,0.37,0,26,0.1887,21,5,12000.0,4800.0,0,0,0,0,2,5,NORMAL,0
13247.36,4.42,0,3,0.3885,19,5,3000.0,1200.0,0,1,0,0,8,76,SUSPICIOUS,1
15000.0,10.0,1,0,1.1625,15,0,1500.0,600.0,1,1,1,1,92,84,EXTREME,1
11495.99,0.96,0,20,0.1817,17,4,12000.0,4800.0,0,0,0,0,9,11,NORMAL,0
13992.61,4.66,1,0,0.2821,23,2,3000.0,1200.0,1,0,0,0,62,45,SUSPICIOUS,1
5036.01,1.01,0,35,0.2417,7,6,5000.0,2000.0,0,0,0,0,12,0,NORMAL,0
1219.38,0.81,0,43,0.1145,18,0,1500.0,600.0,0,0,0,0,3,12,NORMAL,0
2775.55,0.56,0,17,0.0544,20,6,5000.0,2000.0,0,0,0,0,9,14,NORMAL,0
5314.83,1.06,0,24,0.0479,11,5,5000.0,2000.0,0,0,0,0,6,14,NORMAL,0
82829.58,6.9,1,0,0.5342,12,6,12000.0,4800.0,1,1,1,1,86,92,EXTREME,1
3567.93,0.71,0,23,0.154,13,6,5000.0,2000.0,0,0,0,0,3,14,NORMAL,0
1567.01,1.04,0,6,0.1888,9,1,1500.0,600.0,0,0,0,0,9,13,NORMAL,0
15000.0,10.0,1,0,0.7311,2,2,1500.0,600.0,1,1,0,0,90,78,EXTREME,1
1289.94,0.86,0,33,0.1231,9,2,1500.0,600.0,0,0,0,0,2,2,NORMAL,0
808.94,0.54,0,18,0.1363,19,2,1500.0,600.0,0,0,0,0,2,6,NORMAL,0
14590.25,1.22,0,13,0.2192,20,0,12000.0,4800.0,0,0,0,0,8,0,NORMAL,0
51688.26,4.31,0,2,0.3416,4,6,12000.0,4800.0,1,0,0,1,70,14,SUSPICIOUS,1
32526.07,2.71,0,2,0.3218,4,0,12000.0,4800.0,1,1,0,0,74,78,SUSPICIOUS,1
4706.74,0.94,0,44,0.2298,19,6,5000.0,2000.0,0,0,0,0,15,15,NORMAL,0
3156.65,0.63,0,3,0.1628,18,4,5000.0,2000.0,0,0,0,0,9,9,NORMAL,0
683.85,0.46,0,25,0.1166,18,6,1500.0,600.0,0,0,0,0,2,15,NORMAL,0
3292.03,0.41,1,0,0.2279,11,1,8000.0,3200.0,0,0,0,0,3,6,NORMAL,0
66390.6,5.53,1,0,0.346,2,3,12000.0,4800.0,1,0,0,1,69,15,SUSPICIOUS,1
7262.14,0.91,0,35,0.1768,15,0,8000.0,3200.0,0,0,0,0,4,15,NORMAL,0
21415.14,4.28,1,0,0.225,2,3,5000.0,2000.0,0,1,0,0,3,78,SUSPICIOUS,1
57297.14,11.46,1,0,0.9216,15,4,5000.0,2000.0,1,1,0,0,93,80,EXTREME,1
37974.04,4.75,0,2,0.3252,23,6,8000.0,3200.0,1,0,0,0,74,13,SUSPICIOUS,1
6533.95,4.36,1,0,0.5185,19,6,1500.0,600.0,0,0,1,0,9,4,SUSPICIOUS,1
30350.76,10.12,1,0,1.1273,10,2,3000.0,1200.0,1,1,0,1,80,92,EXTREME,1
963.36,0.64,0,24,0.248,7,6,1500.0,600.0,0,0,0,0,8,3,NORMAL,0
3566.62,1.19,0,18,0.0401,21,2,3000.0,1200.0,0,0,0,0,7,7,NORMAL,0
14661.84,1.22,0,27,0.1038,14,1,12000.0,4800.0,0,0,0,0,5,9,NORMAL,0
1602.43,1.07,0,39,0.084,14,2,1500.0,600.0,0,0,1,0,9,14,NORMAL,0
670.1,0.45,0,39,0.2121,12,1,1500.0,600.0,0,0,0,0,5,12,NORMAL,0
5910.47,0.74,0,13,0.17,16,6,8000.0,3200.0,0,0,0,0,8,10,NORMAL,0
9862.26,0.82,0,40,0.2081,7,1,12000.0,4800.0,0,0,0,0,12,11,NORMAL,0
2212.61,0.28,1,0,0.0668,10,2,8000.0,3200.0,0,0,1,0,6,1,NORMAL,0
118677.26,9.89,1,0,0.5699,1,3,12000.0,4800.0,1,1,0,0,100,82,EXTREME,1
14753.13,4.92,1,0,0.5527,2,3,3000.0,1200.0,1,0,0,0,69,41,SUSPICIOUS,1
17821.58,5.94,1,0,0.31,1,1,3000.0,1200.0,1,1,0,0,73,68,SUSPICIOUS,1
5102.08,1.02,0,29,0.1012,13,3,5000.0,2000.0,0,0,0,0,7,2,NORMAL,0
72035.11,9.0,1,0,0.645,15,3,8000.0,3200.0,1,1,0,0,97,81,EXTREME,1
26337.95,5.27,1,0,0.2616,4,6,5000.0,2000.0,1,0,0,0,60,40,SUSPICIOUS,1
4335.29,1.45,0,42,0.1897,13,6,3000.0,1200.0,0,0,0,0,10,5,NORMAL,0
15100.89,3.02,1,0,0.2412,4,1,5000.0,2000.0,1,1,0,1,65,74,SUSPICIOUS,1
5071.28,0.63,0,2,0.1855,19,4,8000.0,3200.0,0,0,0,0,2,8,NORMAL,0
5402.1,1.08,0,7,0.1432,12,4,5000.0,2000.0,0,0,0,0,13,15,NORMAL,0
15000.0,10.0,1,0,1.1621,16,2,1500.0,600.0,1,1,0,0,88,76,EXTREME,1
6224.83,0.78,0,31,0.138,19,2,8000.0,3200.0,0,0,0,0,0,6,NORMAL,0
3991.56,0.8,0,11,0.2243,10,6,5000.0,2000.0,0,0,0,0,6,4,NORMAL,0
1223.33,0.82,0,45,0.1785,14,1,1500.0,600.0,0,0,0,0,9,10,NORMAL,0
3205.5,0.64,0,12,0.1508,8,4,5000.0,2000.0,0,0,0,0,14,13,NORMAL,0
42393.29,3.53,1,0,0.5797,23,4,12000.0,4800.0,0,1,0,0,1,78,SUSPICIOUS,1
22305.89,4.46,1,0,0.5148,1,6,5000.0,2000.0,0,0,0,0,16,46,SUSPICIOUS,1
59051.53,4.92,1,0,0.2907,23,2,12000.0,4800.0,0,1,1,0,1,63,SUSPICIOUS,1
2778.4,0.93,1,0,0.0619,21,1,3000.0,1200.0,0,0,0,0,10,1,NORMAL,0
2117.13,0.71,0,14,0.0553,13,3,3000.0,1200.0,0,0,0,0,10,3,NORMAL,0
5899.61,0.74,0,35,0.1448,22,5,8000.0,3200.0,0,0,0,0,0,6,NORMAL,0
3264.74,1.09,0,19,0.1846,16,3,3000.0,1200.0,0,0,0,1,4,12,NORMAL,0
52833.3,4.4,1,0,0.3479,23,2,12000.0,4800.0,0,1,0,0,45,53,SUSPICIOUS,1
25478.8,8.49,1,0,0.8691,14,2,3000.0,1200.0,1,1,1,1,82,78,EXTREME,1
13232.83,1.1,0,44,0.1431,18,2,12000.0,4800.0,0,0,0,0,5,1,NORMAL,0
9840.94,3.28,1,0,0.4068,2,6,3000.0,1200.0,1,1,1,1,59,52,SUSPICIOUS,1
583.72,0.39,1,0,0.1933,8,5,1500.0,600.0,0,0,0,0,8,2,NORMAL,0
1615.35,1.08,0,36,0.0996,12,5,1500.0,600.0,0,0,0,0,3,9,NORMAL,0
1931.83,0.64,0,18,0.2213,12,1,3000.0,1200.0,0,0,0,0,13,13,NORMAL,0
6790.42,4.53,1,0,0.2673,14,2,1500.0,600.0,1,1,0,0,73,50,SUSPICIOUS,1
8936.85,5.96,0,3,0.59,3,6,1500.0,600.0,1,0,0,0,68,47,SUSPICIOUS,1
8527.65,1.07,1,0,0.1438,11,3,8000.0,3200.0,0,0,0,0,4,15,NORMAL,0
1499.05,1.0,0,6,0.1312,7,6,1500.0,600.0,0,0,0,0,12,0,NORMAL,0
10670.7,0.89,0,35,0.1474,15,0,12000.0,4800.0,0,0,0,0,12,8,NORMAL,0
133244.34,11.1,1,0,0.58,2,0,12000.0,4800.0,1,1,1,0,90,89,EXTREME,1
4649.01,3.1,1,0,0.5562,14,1,1500.0,600.0,0,1,0,0,9,68,SUSPICIOUS,1
956.52,0.64,1,0,0.1763,7,6,1500.0,600.0,0,0,0,0,15,4,NORMAL,0
982.97,0.66,0,15,0.1641,13,2,1500.0,600.0,0,0,0,0,9,15,NORMAL,0
8671.3,0.72,0,38,0.17,13,1,12000.0,4800.0,0,0,0,0,10,6,NORMAL,0
12075.87,1.01,0,7,0.2118,14,1,12000.0,4800.0,0,0,0,0,5,10,NORMAL,0
2572.71,0.86,0,19,0.0855,9,5,3000.0,1200.0,0,0,1,0,13,9,NORMAL,0
2874.78,0.96,0,24,0.0641,18,2,3000.0,1200.0,0,0,0,0,3,14,NORMAL,0
4641.55,0.93,0,11,0.2099,18,0,5000.0,2000.0,0,0,0,0,10,13,NORMAL,0
6016.32,0.5,0,12,0.2478,10,0,12000.0,4800.0,0,0,0,0,15,7,NORMAL,0
2625.51,0.88,0,6,0.0686,12,2,3000.0,1200.0,0,0,0,0,12,5,NORMAL,0
15845.41,10.56,1,0,0.4004,20,3,1500.0,600.0,1,1,1,1,83,92,EXTREME,1
1355.55,0.9,0,41,0.118,14,5,1500.0,600.0,0,0,0,1,13,14,NORMAL,0
9080.97,0.76,0,39,0.1421,22,4,12000.0,4800.0,0,0,0,0,15,12,NORMAL,0
2908.11,0.58,0,33,0.1076,14,5,5000.0,2000.0,0,0,0,0,11,4,NORMAL,0
11552.04,3.85,1,0,0.2784,2,2,3000.0,1200.0,1,0,1,0,51,47,SUSPICIOUS,1
3435.01,1.15,0,5,0.2249,14,4,3000.0,1200.0,0,0,0,0,11,8,NORMAL,0
17071.76,5.69,1,0,0.5891,3,6,3000.0,1200.0,1,0,1,1,71,17,SUSPICIOUS,1
24173.41,3.02,1,0,0.3007,4,3,8000.0,3200.0,0,1,0,1,14,50,SUSPICIOUS,1
8844.95,5.9,1,0,0.5862,3,4,1500.0,600.0,0,0,0,1,15,44,SUSPICIOUS,1
2317.87,0.77,0,7,0.094,18,6,3000.0,1200.0,0,0,0,0,2,2,NORMAL,0
9619.12,0.8,0,7,0.2457,14,1,12000.0,4800.0,0,0,0,0,11,12,NORMAL,0
54630.08,4.55,1,0,0.4646,1,5,12000.0,4800.0,0,1,0,0,12,78,SUSPICIOUS,1
3698.16,0.74,0,22,0.1563,10,4,5000.0,2000.0,0,0,0,0,0,15,NORMAL,0
12880.04,1.07,0,3,0.1759,21,0,12000.0,4800.0,0,0,0,0,8,9,NORMAL,0
5989.05,3.99,0,1,0.3086,0,2,1500.0,600.0,1,1,1,0,64,79,SUSPICIOUS,1
2051.18,0.68,0,26,0.2307,15,6,3000.0,1200.0,0,0,0,0,13,7,NORMAL,0
17203.54,11.47,1,0,0.8954,15,4,1500.0,600.0,1,1,0,1,90,74,EXTREME,1
5164.73,1.03,0,21,0.2201,21,4,5000.0,2000.0,0,0,0,0,11,3,NORMAL,0
3975.57,2.65,1,0,0.2465,19,1,1500.0,600.0,1,1,0,0,51,54,SUSPICIOUS,0
5423.43,1.08,0,11,0.1035,8,0,5000.0,2000.0,0,0,0,0,9,12,NORMAL,0
22810.05,2.85,1,0,0.4168,1,3,8000.0,3200.0,0,0,1,1,13,1,SUSPICIOUS,1
2537.12,0.85,0,20,0.2058,20,3,3000.0,1200.0,0,0,0,0,12,10,NORMAL,0
4283.41,0.54,0,20,0.1452,17,2,8000.0,3200.0,0,0,0,0,11,9,NORMAL,0
62271.22,5.19,1,0,0.2893,1,2,12000.0,4800.0,0,0,0,0,39,8,SUSPICIOUS,1
3977.98,0.8,0,35,0.1216,21,1,5000.0,2000.0,0,0,0,0,6,15,NORMAL,0
1188.72,0.79,0,8,0.0592,10,4,1500.0,600.0,0,0,0,0,8,1,NORMAL,0
26162.18,5.23,1,0,0.4019,14,5,5000.0,2000.0,1,0,0,0,68,13,SUSPICIOUS,1
27088.09,9.03,1,0,0.6573,15,0,3000.0,1200.0,1,1,0,0,100,80,EXTREME,1
4123.16,1.37,0,14,0.042,13,3,3000.0,1200.0,0,0,1,0,14,13,NORMAL,0
12048.19,4.02,1,0,0.2708,4,0,3000.0,1200.0,0,0,0,0,12,17,SUSPICIOUS,1
2215.16,0.74,0,44,0.2229,10,3,3000.0,1200.0,0,0,0,0,4,14,NORMAL,0
2488.7,0.83,0,12,0.1758,19,6,3000.0,1200.0,0,0,0,0,15,2,NORMAL,0
8247.99,1.03,0,10,0.1801,10,4,8000.0,3200.0,0,0,0,0,8,2,NORMAL,0
25585.36,3.2,1,0,0.4811,4,2,8000.0,3200.0,0,1,1,0,15,66,SUSPICIOUS,1
28457.33,9.49,1,0,0.5966,22,2,3000.0,1200.0,1,1,0,0,87,76,EXTREME,1
2335.27,0.78,0,27,0.2307,9,2,3000.0,1200.0,0,0,0,0,13,5,NORMAL,0
1645.81,0.55,0,12,0.063,20,6,3000.0,1200.0,0,0,0,0,11,11,NORMAL,0
6740.22,0.56,0,16,0.1742,16,4,12000.0,4800.0,0,0,0,0,4,13,NORMAL,0
812.67,0.27,0,2,0.2098,17,3,3000.0,1200.0,0,0,0,0,6,11,NORMAL,0
8045.72,1.01,0,10,0.137,21,4,8000.0,3200.0,0,0,0,0,10,2,NORMAL,0
6192.27,0.77,1,0,0.2153,12,5,8000.0,3200.0,0,0,0,0,7,0,NORMAL,0
22211.77,4.44,1,0,0.4534,19,6,5000.0,2000.0,0,0,0,1,11,42,SUSPICIOUS,1
9547.03,0.8,0,44,0.2185,12,5,12000.0,4800.0,0,0,0,1,13,10,NORMAL,0
28695.57,5.74,1,0,0.2989,0,4,5000.0,2000.0,0,0,1,0,7,3,SUSPICIOUS,1
3847.54,0.48,0,31,0.1265,20,4,8000.0,3200.0,0,0,0,0,9,10,NORMAL,0
12686.22,4.23,0,1,0.4836,1,2,3000.0,1200.0,0,1,0,0,48,59,SUSPICIOUS,1
1441.83,0.96,0,13,0.1146,21,5,1500.0,600.0,0,0,0,0,3,4,NORMAL,0
3173.1,1.06,0,38,0.1646,10,2,3000.0,1200.0,0,0,0,0,11,5,NORMAL,0
1650.04,1.1,0,2,0.1919,10,3,1500.0,600.0,0,0,0,0,13,9,NORMAL,0
1114.84,0.74,0,3,0.1277,19,5,1500.0,600.0,0,0,0,0,5,13,NORMAL,0
12662.71,1.06,0,21,0.0533,7,0,12000.0,4800.0,0,0,0,0,13,15,NORMAL,0
2854.62,0.95,1,0,0.1296,17,2,3000.0,1200.0,0,0,0,0,14,12,NORMAL,0
6112.04,1.22,0,36,0.0577,18,4,5000.0,2000.0,0,0,0,0,12,12,NORMAL,0
12269.52,4.09,0,3,0.3483,2,1,3000.0,1200.0,1,1,0,0,54,68,SUSPICIOUS,1
42582.65,8.52,1,0,1.0055,16,1,5000.0,2000.0,1,1,0,0,90,74,EXTREME,1
8110.17,0.68,1,0,0.1283,12,2,12000.0,4800.0,0,0,0,0,10,4,NORMAL,0
6622.34,1.32,0,34,0.1963,19,4,5000.0,2000.0,0,0,0,0,7,9,NORMAL,0
12364.21,4.12,1,0,0.4751,23,6,3000.0,1200.0,1,0,0,0,70,13,SUSPICIOUS,1
35556.95,4.44,0,3,0.2368,23,6,8000.0,3200.0,0,0,1,0,17,2,SUSPICIOUS,1
52588.37,10.52,1,0,0.5973,8,2,5000.0,2000.0,1,1,1,1,85,84,EXTREME,1
1625.35,1.08,1,0,0.2122,7,6,1500.0,600.0,0,0,1,0,3,1,NORMAL,0
4036.07,0.5,0,16,0.0552,13,2,8000.0,3200.0,0,0,0,0,13,14,NORMAL,0
849.26,0.57,0,16,0.0872,11,0,1500.0,600.0,0,0,0,1,8,4,NORMAL,0
9414.64,0.78,0,43,0.2146,14,1,12000.0,4800.0,0,0,0,1,4,12,NORMAL,0
2526.05,0.84,0,11,0.0667,19,2,3000.0,1200.0,0,0,0,0,2,10,NORMAL,0
14496.24,1.21,0,34,0.0526,9,2,12000.0,4800.0,0,0,0,0,3,12,NORMAL,0
2237.07,0.75,0,44,0.118,8,1,3000.0,1200.0,0,0,0,0,9,1,NORMAL,0
14312.38,1.19,0,35,0.0695,15,6,12000.0,4800.0,0,0,0,0,1,8,NORMAL,0
1551.73,1.03,0,33,0.0957,13,6,1500.0,600.0,0,0,0,0,8,14,NORMAL,0
5510.38,0.69,0,23,0.2247,11,2,8000.0,3200.0,0,0,0,0,5,10,NORMAL,0
3414.46,0.68,0,44,0.0406,9,0,5000.0,2000.0,0,0,0,0,14,12,NORMAL,0
22818.26,2.85,1,0,0.2259,1,2,8000.0,3200.0,1,1,1,1,53,75,SUSPICIOUS,1
68341.84,5.7,0,3,0.345,3,0,12000.0,4800.0,1,1,1,0,71,65,SUSPICIOUS,1
42854.09,5.36,0,2,0.4049,4,2,8000.0,3200.0,0,1,1,0,2,76,SUSPICIOUS,1
23637.25,1.97,0,41,0.1961,12,1,12000.0,4800.0,0,0,0,0,5,14,NORMAL,0
4927.58,0.41,0,24,0.1144,22,0,12000.0,4800.0,0,0,0,0,15,10,NORMAL,0
1921.51,1.28,1,0,0.2001,10,0,1500.0,600.0,0,0,0,1,1,0,NORMAL,0
28027.61,5.61,1,0,0.7989,12,0,5000.0,2000.0,1,1,0,1,99,84,EXTREME,1
1717.62,0.57,0,31,0.1004,22,4,3000.0,1200.0,0,0,0,0,7,7,NORMAL,0
898.58,0.6,0,33,0.1632,20,0,1500.0,600.0,0,0,0,0,13,14,NORMAL,0
1062.45,0.71,0,32,0.0623,21,0,1500.0,600.0,0,0,0,0,4,1,NORMAL,0
139745.76,11.65,1,0,0.7884,17,3,12000.0,4800.0,1,1,1,0,90,79,EXTREME,1
8411.75,5.61,1,0,0.2632,19,4,1500.0,600.0,1,1,0,0,62,59,SUSPICIOUS,1
2052.22,1.37,0,24,0.0584,19,1,1500.0,600.0,0,0,0,0,13,5,NORMAL,0
47964.83,6.0,1,0,0.2402,19,3,8000.0,3200.0,0,0,0,1,10,11,SUSPICIOUS,1
4971.91,0.41,0,18,0.141,15,2,12000.0,4800.0,0,0,0,0,1,6,NORMAL,0
8613.43,1.08,1,0,0.1208,13,6,8000.0,3200.0,0,0,0,0,15,12,NORMAL,0
5970.01,1.19,0,42,0.2287,9,4,5000.0,2000.0,0,0,0,0,0,15,NORMAL,0
32044.87,4.01,1,0,1.1441,7,6,8000.0,3200.0,1,1,0,0,87,86,EXTREME,1
23411.41,7.8,1,0,0.7209,0,0,3000.0,1200.0,1,1,1,0,97,71,EXTREME,1
1798.24,0.6,0,2,0.1812,9,5,3000.0,1200.0,0,0,0,0,10,11,NORMAL,0
7958.43,0.99,0,27,0.2255,16,4,8000.0,3200.0,0,0,0,0,10,3,NORMAL,0
7403.89,0.62,0,41,0.1523,11,3,12000.0,4800.0,0,0,0,0,7,4,NORMAL,0
6503.06,0.54,0,12,0.1845,19,1,12000.0,4800.0,0,0,0,0,3,8,NORMAL,0
1685.16,1.12,0,23,0.042,12,2,1500.0,600.0,0,0,0,0,14,5,NORMAL,0
45085.68,5.64,1,0,0.3326,23,5,8000.0,3200.0,1,0,1,0,72,40,SUSPICIOUS,1
2009.71,0.67,0,14,0.2372,15,4,3000.0,1200.0,0,0,0,0,6,14,NORMAL,0
15420.17,3.08,1,0,0.4368,19,5,5000.0,2000.0,1,1,0,0,53,54,SUSPICIOUS,1
1066.72,0.71,0,31,0.0711,20,3,1500.0,600.0,0,0,0,0,3,12,NORMAL,0
9387.69,3.13,0,2,0.4516,1,2,3000.0,1200.0,0,0,0,1,16,1,SUSPICIOUS,1
4031.78,1.34,0,5,0.1896,13,6,3000.0,1200.0,0,0,1,0,2,3,NORMAL,0
4156.48,0.83,0,8,0.1416,18,5,5000.0,2000.0,0,0,0,0,4,11,NORMAL,0
3320.39,1.11,0,40,0.1588,10,6,3000.0,1200.0,0,0,0,0,8,1,NORMAL,0
4229.0,0.85,0,33,0.0961,13,5,5000.0,2000.0,0,0,0,0,9,13,NORMAL,0
1515.79,1.01,0,35,0.2353,11,6,1500.0,600.0,0,0,0,0,11,12,NORMAL,0
6337.86,0.53,0,31,0.1976,14,4,12000.0,4800.0,0,0,0,0,0,11,NORMAL,0
2115.23,1.41,0,28,0.1131,19,2,1500.0,600.0,0,0,0,0,3,0,NORMAL,0
3234.27,0.65,0,12,0.2483,12,1,5000.0,2000.0,0,0,0,0,14,14,NORMAL,0
2969.86,0.99,0,41,0.1483,19,4,3000.0,1200.0,0,0,0,0,4,2,NORMAL,0
4428.28,0.89,1,0,0.2151,7,4,5000.0,2000.0,0,0,0,0,3,11,NORMAL,0
44885.04,5.61,1,0,0.2775,19,4,8000.0,3200.0,1,1,0,0,57,78,SUSPICIOUS,1
1145.72,0.76,0,39,0.1886,9,2,1500.0,600.0,0,0,0,0,15,5,NORMAL,0
47686.78,3.97,1,0,0.5797,1,5,12000.0,4800.0,0,1,1,0,45,50,SUSPICIOUS,1
5049.43,0.42,0,16,0.1401,10,4,12000.0,4800.0,0,0,0,0,11,8,NORMAL,0
15645.78,3.13,0,1,0.2322,19,5,5000.0,2000.0,0,0,0,0,16,10,SUSPICIOUS,1
16026.64,5.34,1,0,0.9338,22,4,3000.0,1200.0,1,1,0,0,82,80,EXTREME,1
4864.69,0.61,0,5,0.065,13,5,8000.0,3200.0,0,0,0,0,7,11,NORMAL,0
16143.24,3.23,0,2,0.2638,0,5,5000.0,2000.0,1,1,1,0,50,63,SUSPICIOUS,1
9290.22,0.77,1,0,0.1353,12,6,12000.0,4800.0,0,0,0,0,6,1,NORMAL,0
8056.42,1.01,0,39,0.1149,9,1,8000.0,3200.0,0,0,0,0,2,5,NORMAL,0
100402.97,8.37,1,0,0.5228,23,0,12000.0,4800.0,1,1,1,1,85,81,EXTREME,1
2743.8,0.91,1,0,0.0447,8,0,3000.0,1200.0,0,0,0,0,10,12,NORMAL,0
3516.73,0.7,0,9,0.0832,15,4,5000.0,2000.0,0,0,0,0,1,6,NORMAL,0
29586.13,5.92,0,2,0.3938,1,0,5000.0,2000.0,1,1,0,0,62,56,SUSPICIOUS,1
5503.17,0.69,0,8,0.0439,16,3,8000.0,3200.0,0,0,0,0,11,12,NORMAL,0
3761.18,1.25,0,21,0.1939,18,2,3000.0,1200.0,0,0,0,0,10,8,NORMAL,0
13888.11,1.16,1,0,0.2079,16,2,12000.0,4800.0,0,0,0,0,9,5,NORMAL,0
1332.07,0.89,0,17,0.0699,16,5,1500.0,600.0,0,0,0,0,6,11,NORMAL,0
5980.98,1.2,0,7,0.1357,9,0,5000.0,2000.0,0,0,0,0,8,13,NORMAL,0
28765.03,5.75,1,0,0.2759,2,5,5000.0,2000.0,0,0,0,0,17,15,SUSPICIOUS,1
47383.21,9.48,1,0,0.8055,22,5,5000.0,2000.0,1,1,0,1,99,77,EXTREME,1
6237.07,0.78,0,27,0.0481,22,2,8000.0,3200.0,0,0,0,0,0,12,NORMAL,0
712.81,0.24,0,28,0.0666,21,4,3000.0,1200.0,0,0,0,0,3,10,NORMAL,0
7776.06,2.59,1,0,0.5941,19,5,3000.0,1200.0,0,1,0,0,20,75,SUSPICIOUS,1
8130.21,1.02,0,2,0.0414,13,4,8000.0,3200.0,0,0,0,0,2,13,NORMAL,0
9001.6,1.13,0,28,0.1907,18,2,8000.0,3200.0,0,0,0,0,8,2,NORMAL,0
2004.4,0.67,0,6,0.222,11,4,3000.0,1200.0,0,0,0,0,1,8,NORMAL,0
8674.42,5.78,1,0,0.3839,3,4,1500.0,600.0,0,0,0,0,6,49,SUSPICIOUS,1
1634.69,0.54,0,43,0.1002,8,3,3000.0,1200.0,0,0,0,0,6,0,NORMAL,0
17505.72,5.84,1,0,0.3834,3,2,3000.0,1200.0,0,1,1,0,10,66,SUSPICIOUS,1
1480.83,0.99,0,15,0.1167,15,6,1500.0,600.0,0,0,0,0,6,6,NORMAL,0
3757.39,0.75,0,39,0.1033,17,3,5000.0,2000.0,0,0,0,0,6,15,NORMAL,0
26577.5,5.32,1,0,0.4526,14,5,5000.0,2000.0,1,0,0,0,63,45,SUSPICIOUS,1
5832.04,0.49,0,25,0.1995,16,3,12000.0,4800.0,0,0,0,0,13,4,NORMAL,0
5985.6,0.75,0,23,0.2413,20,0,8000.0,3200.0,0,0,0,0,13,13,NORMAL,0
13112.35,1.09,0,5,0.1863,14,3,12000.0,4800.0,0,0,1,0,0,6,NORMAL,0
7894.96,5.26,1,0,0.3528,1,4,1500.0,600.0,1,1,0,0,75,71,SUSPICIOUS,1
1082.91,0.72,0,26,0.0414,13,5,1500.0,600.0,0,0,0,0,4,0,NORMAL,0
3615.59,0.72,0,7,0.1097,17,3,5000.0,2000.0,0,0,0,0,8,12,NORMAL,0
12702.3,1.06,0,11,0.0895,17,2,12000.0,4800.0,0,0,0,0,6,5,NORMAL,0
9388.31,3.13,1,0,0.3056,1,2,3000.0,1200.0,0,1,0,0,17,56,SUSPICIOUS,1
15000.0,10.0,1,0,0.4873,9,5,1500.0,600.0,1,1,0,1,87,82,EXTREME,1
15817.64,3.16,1,0,0.2774,2,3,5000.0,2000.0,0,1,1,1,6,74,SUSPICIOUS,1
1335.63,0.89,0,16,0.199,14,0,1500.0,600.0,0,0,0,0,1,9,NORMAL,0
5352.47,0.45,0,29,0.0682,15,2,12000.0,4800.0,0,0,0,0,9,10,NORMAL,0
7008.92,4.67,1,0,0.4452,1,4,1500.0,600.0,0,1,1,0,11,59,SUSPICIOUS,1
9021.47,0.75,0,40,0.0452,7,3,12000.0,4800.0,0,0,0,0,4,15,NORMAL,0
44720.28,3.73,1,0,0.3637,14,0,12000.0,4800.0,0,0,1,0,16,44,SUSPICIOUS,1
5634.09,1.13,0,5,0.184,16,0,5000.0,2000.0,0,0,0,0,10,5,NORMAL,0
2055.31,0.69,0,6,0.1958,14,6,3000.0,1200.0,0,0,1,0,0,0,NORMAL,0
27788.19,9.26,1,0,0.7727,5,6,3000.0,1200.0,1,1,1,0,98,89,EXTREME,1
4471.59,0.89,0,30,0.1079,11,6,5000.0,2000.0,0,0,0,0,13,5,NORMAL,0
1299.97,0.87,0,22,0.0649,14,3,1500.0,600.0,0,0,0,0,11,9,NORMAL,0
2596.34,0.87,0,28,0.1407,18,6,3000.0,1200.0,0,0,0,0,12,2,NORMAL,0
15000.0,10.0,1,0,0.5173,17,2,1500.0,600.0,1,1,0,0,97,84,EXTREME,1
1361.63,0.91,0,19,0.2127,13,3,1500.0,600.0,0,0,0,0,14,12,NORMAL,0
1857.63,0.62,0,19,0.1403,9,3,3000.0,1200.0,0,0,0,0,7,10,NORMAL,0
923.72,0.62,0,37,0.0785,13,2,1500.0,600.0,0,0,0,0,3,13,NORMAL,0
11252.99,3.75,0,2,0.5156,3,2,3000.0,1200.0,1,0,0,0,68,45,SUSPICIOUS,1
5129.04,0.43,0,14,0.2286,22,0,12000.0,4800.0,0,0,0,0,7,6,NORMAL,0
99234.14,8.27,1,0,0.7314,3,3,12000.0,4800.0,1,1,1,0,88,89,EXTREME,1
5776.45,3.85,1,0,0.5491,19,4,1500.0,600.0,0,1,0,1,3,80,SUSPICIOUS,1
955.83,0.64,0,40,0.2371,9,0,1500.0,600.0,0,0,0,0,3,12,NORMAL,0
8997.85,6.0,1,0,0.3598,4,2,1500.0,600.0,0,1,1,0,15,52,SUSPICIOUS,1
2722.22,0.54,1,0,0.2341,8,0,5000.0,2000.0,0,0,0,0,2,13,NORMAL,0
1371.28,0.91,0,42,0.193,21,6,1500.0,600.0,0,0,0,0,4,4,NORMAL,0
5178.92,1.04,1,0,0.058,11,5,5000.0,2000.0,0,0,0,0,6,2,NORMAL,0
1085.11,0.72,0,17,0.2312,7,1,1500.0,600.0,0,0,0,0,15,14,NORMAL,0
29747.08,3.72,1,0,0.5781,23,2,8000.0,3200.0,0,0,1,0,49,49,SUSPICIOUS,1
4394.67,2.93,1,0,0.2683,3,0,1500.0,600.0,0,0,1,0,46,4,SUSPICIOUS,1
26949.61,5.39,0,3,0.5469,19,1,5000.0,2000.0,0,0,1,1,47,43,SUSPICIOUS,1
5539.33,0.46,0,32,0.2255,11,2,12000.0,4800.0,0,0,0,0,5,6,NORMAL,0
16237.9,10.83,1,0,0.629,1,5,1500.0,600.0,1,1,0,0,86,95,EXTREME,1
4857.29,0.97,0,5,0.0879,15,3,5000.0,2000.0,0,0,0,0,12,7,NORMAL,0
3251.11,0.65,0,40,0.1786,13,1,5000.0,2000.0,0,0,0,0,7,2,NORMAL,0
12944.01,2.59,1,0,0.5349,0,2,5000.0,2000.0,0,0,0,0,38,42,SUSPICIOUS,0
2186.99,0.73,0,41,0.2453,15,5,3000.0,1200.0,0,0,0,0,5,10,NORMAL,0
1576.8,1.05,0,8,0.1839,7,3,1500.0,600.0,0,0,1,0,3,3,NORMAL,0
14746.19,1.23,0,5,0.2131,22,4,12000.0,4800.0,0,0,0,0,7,0,NORMAL,0
12492.88,1.04,0,31,0.1408,16,4,12000.0,4800.0,0,0,0,0,6,0,NORMAL,0
5820.28,1.16,0,21,0.1788,17,4,5000.0,2000.0,0,0,0,0,5,6,NORMAL,0
1328.2,0.89,0,42,0.222,18,0,1500.0,600.0,0,0,1,0,10,15,NORMAL,0
8206.99,1.03,0,10,0.1823,13,2,8000.0,3200.0,0,0,0,0,3,9,NORMAL,0
8788.82,1.1,0,24,0.0565,11,6,8000.0,3200.0,0,0,0,0,0,9,NORMAL,0
48667.3,9.73,1,0,1.156,20,6,5000.0,2000.0,1,1,0,1,80,76,EXTREME,1
2985.77,0.25,0,5,0.0963,15,2,12000.0,4800.0,0,0,0,0,13,15,NORMAL,0
29897.13,3.74,1,0,0.2046,0,6,8000.0,3200.0,1,0,0,0,64,5,SUSPICIOUS,1
2561.94,0.85,0,23,0.2459,16,1,3000.0,1200.0,0,0,0,0,5,1,NORMAL,0
4669.28,0.93,0,4,0.1514,16,6,5000.0,2000.0,0,0,0,0,0,10,NORMAL,0
5822.45,0.73,0,21,0.1802,17,6,8000.0,3200.0,0,0,1,0,3,5,NORMAL,0
3024.8,1.01,1,0,0.1625,10,2,3000.0,1200.0,0,0,0,0,2,12,NORMAL,0
29010.27,3.63,1,0,0.3056,2,1,8000.0,3200.0,0,0,1,0,35,17,SUSPICIOUS,1
4442.01,0.56,0,29,0.0967,21,2,8000.0,3200.0,0,0,0,0,12,13,NORMAL,0
7695.49,5.13,1,0,0.4039,2,5,1500.0,600.0,0,0,0,0,46,13,SUSPICIOUS,1
4843.25,0.97,0,28,0.1357,15,6,5000.0,2000.0,0,0,1,0,15,10,NORMAL,0
35109.88,7.02,1,0,0.5497,13,2,5000.0,2000.0,1,1,1,0,100,85,EXTREME,1
2588.79,0.86,1,0,0.1551,14,1,3000.0,1200.0,0,0,0,0,15,5,NORMAL,0
2856.37,0.36,0,43,0.1879,10,1,8000.0,3200.0,0,0,0,0,9,5,NORMAL,0
9153.57,1.14,0,29,0.2203,16,0,8000.0,3200.0,0,0,0,0,15,0,NORMAL,0
92093.83,11.51,1,0,0.8746,14,3,8000.0,3200.0,1,1,1,1,88,70,EXTREME,1
7474.61,0.62,0,17,0.1223,19,3,12000.0,4800.0,0,0,0,0,2,7,NORMAL,0
2604.29,0.52,1,0,0.2241,20,2,5000.0,2000.0,0,0,0,0,2,14,NORMAL,0
14054.94,1.17,0,26,0.1865,20,5,12000.0,4800.0,0,0,0,0,13,2,NORMAL,0
2433.06,0.81,0,3,0.1268,16,1,3000.0,1200.0,0,0,0,0,6,5,NORMAL,0
11337.37,0.94,0,9,0.2495,20,6,12000.0,4800.0,0,0,0,0,0,13,NORMAL,0
86855.57,7.24,1,0,1.1417,7,6,12000.0,4800.0,1,1,1,1,99,91,EXTREME,1
3584.12,0.72,0,30,0.188,21,4,5000.0,2000.0,0,0,0,0,0,7,NORMAL,0
953.1,0.64,0,2,0.2362,16,6,1500.0,600.0,0,0,0,0,5,12,NORMAL,0
2342.92,0.78,0,40,0.0925,12,1,3000.0,1200.0,0,0,0,0,6,1,NORMAL,0
8795.44,2.93,1,0,0.2234,2,1,3000.0,1200.0,1,0,0,0,50,17,SUSPICIOUS,1
10170.13,1.27,0,40,0.0813,16,4,8000.0,3200.0,0,0,0,0,3,7,NORMAL,0
2760.15,0.35,0,5,0.2328,11,1,8000.0,3200.0,0,0,0,0,1,5,NORMAL,0
33682.6,2.81,1,0,0.2651,2,5,12000.0,4800.0,0,0,0,0,40,12,SUSPICIOUS,1
2745.31,0.92,0,21,0.1513,21,4,3000.0,1200.0,0,0,0,0,8,11,NORMAL,0
14011.52,1.17,0,20,0.1626,9,3,12000.0,4800.0,0,0,0,0,12,1,NORMAL,0
5899.21,1.18,0,3,0.2008,10,3,5000.0,2000.0,0,0,0,0,6,4,NORMAL,0
715.03,0.48,1,0,0.066,13,4,1500.0,600.0,0,0,0,0,3,6,NORMAL,0
15000.0,5.0,1,0,0.5702,13,0,3000.0,1200.0,1,1,1,0,80,86,EXTREME,1
3051.81,1.02,0,44,0.0633,12,0,3000.0,1200.0,0,0,0,0,2,9,NORMAL,0
2234.3,0.74,0,20,0.2136,11,2,3000.0,1200.0,0,0,0,0,14,8,NORMAL,0
3987.09,0.8,0,42,0.0662,13,2,5000.0,2000.0,0,0,0,0,12,4,NORMAL,0
5653.96,3.77,1,0,0.424,23,3,1500.0,600.0,0,1,1,0,42,80,SUSPICIOUS,1
7298.24,0.61,0,33,0.1273,15,3,12000.0,4800.0,0,0,0,0,8,14,NORMAL,0
5874.57,3.92,0,1,0.3494,1,2,1500.0,600.0,0,0,0,0,48,0,SUSPICIOUS,1
4391.9,0.88,0,45,0.2357,12,2,5000.0,2000.0,0,0,0,1,4,2,NORMAL,0
1365.4,0.91,0,35,0.0894,10,5,1500.0,600.0,0,0,0,0,10,12,NORMAL,0
7088.23,0.89,0,42,0.0952,17,0,8000.0,3200.0,0,0,0,0,4,9,NORMAL,0
33379.13,2.78,1,0,0.333,1,5,12000.0,4800.0,1,1,1,1,58,56,SUSPICIOUS,0
5237.17,1.05,1,0,0.2142,7,6,5000.0,2000.0,0,0,0,0,5,5,NORMAL,0
1547.67,1.03,0,8,0.0649,11,5,1500.0,600.0,0,0,0,1,3,11,NORMAL,0
14722.7,1.23,0,38,0.1309,20,5,12000.0,4800.0,0,0,0,0,10,8,NORMAL,0
3012.18,1.0,0,32,0.1479,22,0,3000.0,1200.0,0,0,0,0,5,15,NORMAL,0
43616.47,5.45,1,0,0.4521,1,5,8000.0,3200.0,1,1,0,0,93,84,EXTREME,1
12157.1,4.05,1,0,0.5026,1,3,3000.0,1200.0,1,0,1,0,54,4,SUSPICIOUS,1
5576.84,0.7,0,32,0.1373,17,2,8000.0,3200.0,0,0,0,0,4,0,NORMAL,0
7580.0,0.95,0,44,0.1273,17,4,8000.0,3200.0,0,0,0,0,14,8,NORMAL,0
13993.52,1.17,0,18,0.0466,12,1,12000.0,4800.0,0,0,1,0,9,3,NORMAL,0
15000.0,5.0,1,0,0.586,13,6,3000.0,1200.0,1,1,1,0,81,71,EXTREME,1
8428.68,0.7,0,17,0.1907,18,0,12000.0,4800.0,0,0,0,0,4,14,NORMAL,0
10257.78,0.85,0,21,0.0426,22,1,12000.0,4800.0,0,0,0,0,1,9,NORMAL,0
4029.16,0.81,0,38,0.0438,12,2,5000.0,2000.0,0,0,0,0,1,13,NORMAL,0
12590.81,1.05,0,27,0.2181,11,3,12000.0,4800.0,0,0,0,0,1,6,NORMAL,0
41649.11,3.47,0,1,0.5253,19,6,12000.0,4800.0,1,1,1,0,56,76,SUSPICIOUS,1
5557.99,0.46,0,7,0.0993,13,6,12000.0,4800.0,0,0,0,0,14,8,NORMAL,0
24227.42,3.03,1,0,0.2565,4,3,8000.0,3200.0,1,0,0,0,54,14,SUSPICIOUS,0
12698.25,1.06,0,11,0.2174,15,3,12000.0,4800.0,0,0,0,0,9,7,NORMAL,0
5576.34,0.7,0,29,0.0806,7,0,8000.0,3200.0,0,0,0,0,5,7,NORMAL,0
3234.52,0.65,0,41,0.1136,11,3,5000.0,2000.0,0,0,0,0,9,13,NORMAL,0
3057.63,1.02,0,39,0.1449,10,1,3000.0,1200.0,0,0,0,0,3,2,NORMAL,0
2898.61,0.58,0,7,0.2349,20,2,5000.0,2000.0,0,0,0,0,2,9,NORMAL,0
1583.83,1.06,1,0,0.1485,17,2,1500.0,600.0,0,0,0,0,8,1,NORMAL,0
27628.85,3.45,0,2,0.4143,19,4,8000.0,3200.0,0,0,1,0,47,12,SUSPICIOUS,0
16263.03,10.84,1,0,0.7194,14,5,1500.0,600.0,1,1,1,0,92,75,EXTREME,1
10251.66,0.85,0,8,0.1741,19,6,12000.0,4800.0,0,0,0,0,13,2,NORMAL,0
14505.2,1.21,0,45,0.0593,21,5,12000.0,4800.0,0,0,1,0,8,3,NORMAL,0
6076.02,1.22,0,14,0.2033,11,3,5000.0,2000.0,0,0,0,0,0,13,NORMAL,0
4694.95,0.59,0,32,0.0417,7,0,8000.0,3200.0,0,0,0,0,1,2,NORMAL,0
984.86,0.33,0,29,0.0471,7,2,3000.0,1200.0,0,0,0,0,5,9,NORMAL,0
2130.26,0.71,0,25,0.234,7,1,3000.0,1200.0,0,0,0,0,5,2,NORMAL,0
42873.79,5.36,1,0,0.6682,1,6,8000.0,3200.0,1,1,1,0,83,77,EXTREME,1
4024.83,0.8,0,42,0.2403,11,6,5000.0,2000.0,0,0,0,0,15,1,NORMAL,0
6712.75,0.84,1,0,0.2059,11,1,8000.0,3200.0,0,0,0,0,6,6,NORMAL,0
13161.96,1.1,1,0,0.1164,7,6,12000.0,4800.0,0,0,0,1,15,3,NORMAL,0
4002.95,0.8,0,22,0.169,17,4,5000.0,2000.0,0,0,0,0,15,1,NORMAL,0
2360.07,0.79,0,43,0.2462,15,0,3000.0,1200.0,0,0,0,0,4,11,NORMAL,0
7525.26,0.94,1,0,0.1993,16,0,8000.0,3200.0,0,0,0,0,7,7,NORMAL,0
5866.78,1.17,0,6,0.1158,8,6,5000.0,2000.0,0,0,0,0,5,14,NORMAL,0
8719.46,1.09,0,43,0.1808,9,4,8000.0,3200.0,0,0,0,0,8,10,NORMAL,0
1112.27,0.74,0,29,0.0853,19,6,1500.0,600.0,0,0,0,0,6,6,NORMAL,0
15545.89,5.18,0,2,0.3061,14,0,3000.0,1200.0,1,1,0,1,75,71,SUSPICIOUS,1
5819.62,0.73,1,0,0.1082,10,6,8000.0,3200.0,0,0,0,0,11,5,NORMAL,0
8616.18,1.08,0,35,0.0982,16,3,8000.0,3200.0,0,0,0,1,2,5,NORMAL,0
7883.93,5.26,1,0,0.5749,0,6,1500.0,600.0,0,0,1,1,6,47,SUSPICIOUS,1
8350.84,5.57,1,0,0.3441,1,6,1500.0,600.0,1,1,0,0,75,80,SUSPICIOUS,1
2663.89,0.89,1,0,0.0578,11,3,3000.0,1200.0,0,0,0,0,13,8,NORMAL,0
15075.95,3.02,1,0,0.2982,0,5,5000.0,2000.0,0,0,1,0,42,47,SUSPICIOUS,1
50382.14,6.3,1,0,0.7227,19,5,8000.0,3200.0,1,1,1,0,93,85,EXTREME,1
1017.73,0.68,0,23,0.1297,20,3,1500.0,600.0,0,0,0,0,2,10,NORMAL,0
5505.44,0.46,0,9,0.1044,10,1,12000.0,4800.0,0,0,0,0,4,14,NORMAL,0
5207.05,1.04,0,7,0.1703,18,4,5000.0,2000.0,0,0,0,0,14,1,NORMAL,0
4220.16,0.84,0,27,0.1385,19,2,5000.0,2000.0,0,0,0,0,5,6,NORMAL,0
7975.29,0.66,1,0,0.1902,19,3,12000.0,4800.0,0,0,0,0,15,15,NORMAL,0
12384.47,4.13,0,1,0.2189,1,2,3000.0,1200.0,0,1,0,0,43,64,SUSPICIOUS,1
3590.69,0.72,0,14,0.1213,9,6,5000.0,2000.0,0,0,0,0,0,10,NORMAL,0
1063.13,0.71,0,23,0.1909,10,3,1500.0,600.0,0,0,0,0,7,9,NORMAL,0
5678.31,1.14,0,14,0.2021,12,6,5000.0,2000.0,0,0,0,0,5,13,NORMAL,0
3771.91,1.26,0,23,0.0544,20,0,3000.0,1200.0,0,0,0,0,10,0,NORMAL,0
1920.66,0.38,1,0,0.2372,14,4,5000.0,2000.0,0,0,0,0,10,9,NORMAL,0
35897.75,2.99,1,0,0.5459,0,6,12000.0,4800.0,0,0,0,1,9,4,SUSPICIOUS,0
1264.26,0.84,1,0,0.0655,15,1,1500.0,600.0,0,0,0,0,3,1,NORMAL,0
31364.13,2.61,1,0,0.3298,23,4,12000.0,4800.0,0,0,1,0,38,17,SUSPICIOUS,0
17975.98,3.6,0,3,0.4953,3,5,5000.0,2000.0,1,0,1,0,62,41,SUSPICIOUS,1
4241.65,0.85,0,7,0.1197,19,2,5000.0,2000.0,0,0,0,0,14,6,NORMAL,0
3101.68,1.03,0,20,0.1667,14,4,3000.0,1200.0,0,0,1,1,5,11,NORMAL,0
765.82,0.51,0,21,0.1259,20,5,1500.0,600.0,0,0,0,0,14,2,NORMAL,0
6060.57,0.76,0,39,0.1235,12,6,8000.0,3200.0,0,0,0,0,1,13,NORMAL,0
1196.92,0.8,0,6,0.1277,11,3,1500.0,600.0,0,0,0,0,4,5,NORMAL,0
3579.57,0.72,0,41,0.1481,9,5,5000.0,2000.0,0,0,0,0,11,0,NORMAL,0
39731.96,4.97,1,0,0.5647,3,0,8000.0,3200.0,1,1,0,0,51,50,SUSPICIOUS,1
6925.82,0.87,0,22,0.2445,19,4,8000.0,3200.0,0,0,0,0,8,13,NORMAL,0
13961.79,2.79,1,0,0.4084,0,1,5000.0,2000.0,1,0,0,1,55,2,SUSPICIOUS,1
16142.09,5.38,1,0,0.2401,23,4,3000.0,1200.0,1,0,0,0,70,41,SUSPICIOUS,1
3832.71,0.77,0,5,0.2285,11,5,5000.0,2000.0,0,0,0,0,15,0,NORMAL,0
105291.17,8.77,1,0,0.6947,22,3,12000.0,4800.0,1,1,0,1,95,81,EXTREME,1
38931.0,7.79,1,0,1.1912,4,1,5000.0,2000.0,1,1,1,1,82,82,EXTREME,1
2092.31,0.7,0,44,0.0879,12,6,3000.0,1200.0,0,0,0,0,7,10,NORMAL,0
4219.97,0.84,0,5,0.2213,9,0,5000.0,2000.0,0,0,0,1,14,15,NORMAL,0
3635.39,0.73,0,3,0.1465,22,6,5000.0,2000.0,0,0,0,0,7,11,NORMAL,0
3596.67,1.2,0,42,0.1019,10,3,3000.0,1200.0,0,0,0,0,15,4,NORMAL,0
1295.53,0.86,0,41,0.0965,17,1,1500.0,600.0,0,0,0,0,11,14,NORMAL,0
28465.62,5.69,1,0,0.3777,0,2,5000.0,2000.0,0,1,0,0,45,56,SUSPICIOUS,1
8394.02,0.7,0,39,0.2003,17,3,12000.0,4800.0,0,0,0,0,13,0,NORMAL,0
850.27,0.57,0,34,0.1169,9,4,1500.0,600.0,0,0,0,0,9,12,NORMAL,0
1753.41,1.17,0,11,0.194,19,6,1500.0,600.0,0,0,0,0,2,8,NORMAL,0
5193.18,0.65,0,38,0.2484,12,2,8000.0,3200.0,0,0,0,0,12,11,NORMAL,0
7807.27,0.98,0,7,0.1438,10,6,8000.0,3200.0,0,0,0,0,12,15,NORMAL,0
4432.79,0.89,0,16,0.0609,21,6,5000.0,2000.0,0,0,0,0,2,11,NORMAL,0
8106.66,5.4,1,0,0.4436,0,1,1500.0,600.0,0,1,0,0,19,68,SUSPICIOUS,1
4989.11,1.0,0,41,0.2268,18,5,5000.0,2000.0,0,0,0,0,13,2,NORMAL,0
8446.5,1.06,0,7,0.1784,20,6,8000.0,3200.0,0,0,0,1,0,4,NORMAL,0
4943.42,0.99,0,32,0.1582,18,5,5000.0,2000.0,0,0,0,0,6,4,NORMAL,0
6281.06,0.79,0,20,0.1997,11,0,8000.0,3200.0,0,0,0,0,4,11,NORMAL,0
11559.9,3.85,1,0,0.2086,1,3,3000.0,1200.0,1,1,0,0,70,73,SUSPICIOUS,1
1425.88,0.48,0,36,0.1717,19,3,3000.0,1200.0,0,0,0,0,4,8,NORMAL,0
6897.43,0.86,0,21,0.1906,11,1,8000.0,3200.0,0,0,0,0,2,5,NORMAL,0
9083.79,1.14,0,5,0.1704,18,5,8000.0,3200.0,0,0,0,0,11,15,NORMAL,0
12840.74,4.28,1,0,0.361,1,3,3000.0,1200.0,1,1,0,0,71,76,SUSPICIOUS,1
2115.38,0.71,0,13,0.1037,11,1,3000.0,1200.0,0,0,0,0,13,6,NORMAL,0
2740.44,0.91,0,45,0.1626,14,5,3000.0,1200.0,0,0,0,0,4,0,NORMAL,0
1474.74,0.98,0,15,0.219,16,3,1500.0,600.0,0,0,0,0,9,8,NORMAL,0
67414.07,8.43,1,0,1.1717,19,1,8000.0,3200.0,1,1,1,0,98,95,EXTREME,1
23374.13,2.92,1,0,0.5638,4,6,8000.0,3200.0,0,0,0,0,41,9,SUSPICIOUS,0
4242.62,0.85,0,15,0.0954,12,1,5000.0,2000.0,0,0,0,0,6,6,NORMAL,0
15000.0,10.0,1,0,0.8567,8,5,1500.0,600.0,1,1,1,1,85,82,EXTREME,1
9927.92,1.24,0,7,0.2057,15,2,8000.0,3200.0,0,0,0,0,14,7,NORMAL,0
5139.53,0.64,0,37,0.2247,18,3,8000.0,3200.0,0,0,0,0,1,13,NORMAL,0
1448.34,0.97,1,0,0.1353,18,1,1500.0,600.0,0,0,0,0,1,3,NORMAL,0
1667.58,1.11,0,24,0.1468,13,6,1500.0,600.0,0,0,0,0,4,1,NORMAL,0
2735.47,0.91,0,31,0.057,12,2,3000.0,1200.0,0,0,0,0,8,4,NORMAL,0
3121.07,1.04,0,42,0.1707,21,4,3000.0,1200.0,0,0,1,0,2,12,NORMAL,0
1683.38,0.56,0,3,0.1163,19,1,3000.0,1200.0,0,0,0,0,1,5,NORMAL,0
1037.32,0.21,0,39,0.1624,7,0,5000.0,2000.0,0,0,0,0,0,10,NORMAL,0
39232.21,4.9,0,2,0.4142,0,3,8000.0,3200.0,1,0,1,0,55,18,SUSPICIOUS,1
5017.9,0.63,0,12,0.2123,8,1,8000.0,3200.0,0,0,0,0,15,15,NORMAL,0
14881.66,1.24,0,32,0.2198,22,5,12000.0,4800.0,0,0,0,0,13,14,NORMAL,0
54438.73,6.8,1,0,0.6941,14,0,8000.0,3200.0,1,1,0,0,89,86,EXTREME,1
15000.0,10.0,1,0,0.7397,4,5,1500.0,600.0,1,1,1,0,87,84,EXTREME,1
29431.74,9.81,1,0,0.7247,13,1,3000.0,1200.0,1,1,0,1,92,90,EXTREME,1
21021.2,7.01,1,0,0.5516,3,0,3000.0,1200.0,1,1,0,0,100,83,EXTREME,1
27033.24,5.41,1,0,0.4632,4,5,5000.0,2000.0,0,0,0,0,11,20,SUSPICIOUS,1
2792.0,0.93,0,42,0.1302,16,3,3000.0,1200.0,0,0,0,0,7,3,NORMAL,0
3379.19,1.13,0,8,0.1225,18,6,3000.0,1200.0,0,0,0,0,13,11,NORMAL,0
4168.99,0.83,0,4,0.1624,13,0,5000.0,2000.0,0,0,0,0,3,7,NORMAL,0
46431.06,5.8,1,0,0.4322,3,0,8000.0,3200.0,0,1,1,0,1,58,SUSPICIOUS,1
7210.37,0.9,0,8,0.1362,21,0,8000.0,3200.0,0,0,0,0,8,10,NORMAL,0
8846.29,0.74,0,13,0.0941,15,6,12000.0,4800.0,0,0,0,1,12,1,NORMAL,0
2437.51,0.81,1,0,0.1506,12,0,3000.0,1200.0,0,0,0,1,6,6,NORMAL,0
5405.12,1.08,0,19,0.2364,14,2,5000.0,2000.0,0,0,0,0,3,15,NORMAL,0
9805.4,1.23,0,38,0.0763,21,0,8000.0,3200.0,0,0,0,0,7,5,NORMAL,0
12223.4,1.02,0,9,0.2163,18,3,12000.0,4800.0,0,0,0,0,2,7,NORMAL,0
3988.34,2.66,0,3,0.4125,2,6,1500.0,600.0,1,0,1,1,70,4,SUSPICIOUS,1
5013.84,0.63,0,24,0.21,20,3,8000.0,3200.0,0,0,0,0,13,9,NORMAL,0
8152.38,0.68,1,0,0.1823,12,3,12000.0,4800.0,0,0,0,0,13,0,NORMAL,0
38877.09,3.24,0,2,0.2237,3,1,12000.0,4800.0,0,0,1,0,2,41,SUSPICIOUS,0
3604.04,0.72,0,17,0.0638,21,0,5000.0,2000.0,0,0,0,0,3,8,NORMAL,0
11216.5,1.4,0,38,0.2179,12,4,8000.0,3200.0,0,0,0,0,3,1,NORMAL,0
2015.08,0.67,1,0,0.2239,12,3,3000.0,1200.0,0,0,0,0,6,1,NORMAL,0
6212.16,1.24,0,11,0.1592,8,1,5000.0,2000.0,0,0,0,0,9,3,NORMAL,0
5242.79,0.44,0,29,0.0931,21,1,12000.0,4800.0,0,0,0,0,1,10,NORMAL,0
16513.26,3.3,0,3,0.327,1,4,5000.0,2000.0,1,1,0,0,53,75,SUSPICIOUS,1
937.2,0.62,0,4,0.0616,8,6,1500.0,600.0,0,0,0,0,7,1,NORMAL,0
9242.71,0.77,0,38,0.0516,14,3,12000.0,4800.0,0,0,1,0,6,14,NORMAL,0
5460.9,0.68,0,7,0.1303,11,1,8000.0,3200.0,0,0,0,0,10,7,NORMAL,0
1399.36,0.47,0,38,0.2324,22,2,3000.0,1200.0,0,0,0,0,0,0,NORMAL,0
1343.05,0.9,0,23,0.2444,12,2,1500.0,600.0,0,0,0,0,9,10,NORMAL,0
2034.97,0.41,0,40,0.2229,22,1,5000.0,2000.0,0,0,0,0,14,0,NORMAL,0
7148.74,0.89,0,18,0.0558,21,2,8000.0,3200.0,0,0,0,0,12,4,NORMAL,0
5826.87,1.17,0,17,0.1042,9,2,5000.0,2000.0,0,0,0,0,4,12,NORMAL,0
111484.48,9.29,1,0,0.4822,2,5,12000.0,4800.0,1,1,1,1,80,80,EXTREME,1
56933.43,4.74,0,2,0.4193,4,6,12000.0,4800.0,1,1,0,1,55,72,SUSPICIOUS,1
44331.28,5.54,1,0,0.5038,9,1,8000.0,3200.0,1,1,0,0,92,81,EXTREME,1
730.3,0.49,1,0,0.1174,11,3,1500.0,600.0,0,0,0,0,5,4,NORMAL,0
3241.03,0.65,0,40,0.2181,12,6,5000.0,2000.0,0,0,0,0,2,7,NORMAL,0
91616.0,7.63,1,0,0.9474,15,0,12000.0,4800.0,1,1,1,1,84,77,EXTREME,1
3817.93,0.76,0,15,0.2035,12,1,5000.0,2000.0,0,0,0,0,0,8,NORMAL,0
12515.55,1.04,0,25,0.1356,12,3,12000.0,4800.0,0,0,0,0,3,13,NORMAL,0
64354.94,5.36,1,0,0.5034,18,4,12000.0,4800.0,1,1,0,1,96,79,EXTREME,1
6374.27,4.25,1,0,0.502,23,3,1500.0,600.0,0,0,1,0,42,2,SUSPICIOUS,1
15000.0,10.0,1,0,0.4187,0,2,1500.0,600.0,1,1,0,0,96,76,EXTREME,1
5199.64,3.47,1,0,0.4621,4,0,1500.0,600.0,1,1,1,1,57,73,SUSPICIOUS,1
8665.68,1.08,0,40,0.1785,7,3,8000.0,3200.0,0,0,0,0,12,13,NORMAL,0
6944.72,0.87,0,31,0.1935,13,1,8000.0,3200.0,0,0,0,0,15,3,NORMAL,0
3073.56,1.02,0,7,0.1535,21,1,3000.0,1200.0,0,0,0,0,4,10,NORMAL,0
806.85,0.16,0,3,0.1302,8,3,5000.0,2000.0,0,0,0,0,13,8,NORMAL,0
31045.3,2.59,1,0,0.389,1,4,12000.0,4800.0,0,0,1,1,9,15,SUSPICIOUS,0
5849.19,1.17,0,13,0.0657,17,5,5000.0,2000.0,0,0,0,0,9,15,NORMAL,0
9002.02,0.75,0,14,0.1182,16,4,12000.0,4800.0,0,0,0,0,13,2,NORMAL,0
18237.02,3.65,1,0,0.5402,2,0,5000.0,2000.0,0,0,0,0,12,48,SUSPICIOUS,1
5187.34,0.65,0,9,0.2347,20,1,8000.0,3200.0,0,0,0,0,10,7,NORMAL,0
15000.0,10.0,1,0,0.4459,7,1,1500.0,600.0,1,1,0,1,100,76,EXTREME,1
5198.45,1.04,0,28,0.1735,10,0,5000.0,2000.0,0,0,0,0,14,9,NORMAL,0
26728.17,8.91,1,0,0.8981,4,0,3000.0,1200.0,1,1,0,0,93,73,EXTREME,1
1040.52,0.21,0,44,0.1857,19,2,5000.0,2000.0,0,0,0,0,15,5,NORMAL,0
3960.35,0.5,0,33,0.1407,17,0,8000.0,3200.0,0,0,0,0,14,3,NORMAL,0
2152.06,0.72,0,43,0.1904,16,6,3000.0,1200.0,0,0,0,0,7,5,NORMAL,0
10036.98,0.84,0,12,0.1431,18,5,12000.0,4800.0,0,0,0,0,11,10,NORMAL,0
1376.84,0.92,0,5,0.1632,20,0,1500.0,600.0,0,0,0,0,15,1,NORMAL,0
29285.15,5.86,0,2,0.212,4,6,5000.0,2000.0,1,0,0,0,66,41,SUSPICIOUS,1
55730.51,11.15,1,0,0.5744,0,0,5000.0,2000.0,1,1,0,1,86,76,EXTREME,1
13227.88,1.1,1,0,0.1822,16,6,12000.0,4800.0,0,0,0,0,2,2,NORMAL,0
18811.49,6.27,1,0,0.4162,22,1,3000.0,1200.0,1,1,1,1,88,83,EXTREME,1
3772.42,0.75,0,35,0.2117,8,5,5000.0,2000.0,0,0,0,0,8,2,NORMAL,0
2700.39,0.54,1,0,0.1592,11,2,5000.0,2000.0,0,0,0,0,8,2,NORMAL,0
5961.39,3.97,1,0,0.3726,19,3,1500.0,600.0,0,0,0,0,5,15,SUSPICIOUS,1
3312.48,1.1,0,20,0.2315,13,2,3000.0,1200.0,0,0,0,0,13,3,NORMAL,0
948.46,0.63,0,16,0.1761,21,5,1500.0,600.0,0,0,0,0,2,3,NORMAL,0
12687.82,1.06,0,37,0.0909,12,3,12000.0,4800.0,0,0,0,0,15,13,NORMAL,0
8107.63,2.7,1,0,0.2776,1,3,3000.0,1200.0,0,0,0,0,4,40,SUSPICIOUS,0
7109.7,0.89,0,17,0.2314,22,5,8000.0,3200.0,0,0,0,0,11,5,NORMAL,0
2502.28,0.83,0,39,0.1126,21,2,3000.0,1200.0,0,0,0,0,0,10,NORMAL,0
21662.4,2.71,1,0,0.5064,1,4,8000.0,3200.0,0,1,0,0,20,73,SUSPICIOUS,1
3167.74,0.63,0,18,0.2156,15,3,5000.0,2000.0,0,0,0,0,14,15,NORMAL,0
923.18,0.62,0,8,0.1639,16,1,1500.0,600.0,0,0,1,0,0,5,NORMAL,0
7514.33,0.94,0,9,0.212,10,6,8000.0,3200.0,0,0,1,0,3,13,NORMAL,0
1878.04,0.63,0,38,0.1319,17,1,3000.0,1200.0,0,0,0,0,10,6,NORMAL,0
17544.24,5.85,1,0,0.42,23,4,3000.0,1200.0,0,0,0,0,40,7,SUSPICIOUS,1
84055.09,10.51,1,0,0.6914,3,4,8000.0,3200.0,1,1,0,0,89,89,EXTREME,1
11013.1,0.92,0,20,0.174,10,6,12000.0,4800.0,0,0,0,0,3,10,NORMAL,0
11119.86,0.93,1,0,0.1921,19,2,12000.0,4800.0,0,0,0,0,14,6,NORMAL,0
20549.24,2.57,1,0,0.4817,2,4,8000.0,3200.0,1,1,1,1,66,77,SUSPICIOUS,1
1330.67,0.89,0,23,0.2274,20,1,1500.0,600.0,0,0,0,0,7,2,NORMAL,0
8408.82,1.05,0,3,0.1904,22,5,8000.0,3200.0,0,0,0,0,5,1,NORMAL,0
13452.65,1.12,0,6,0.1807,16,3,12000.0,4800.0,0,0,0,0,9,6,NORMAL,0
2041.38,0.68,0,20,0.141,14,4,3000.0,1200.0,0,0,0,0,13,0,NORMAL,0
6476.84,4.32,1,0,0.3841,0,6,1500.0,600.0,1,0,1,0,63,16,SUSPICIOUS,1
1528.94,1.02,1,0,0.1827,17,0,1500.0,600.0,0,0,0,0,13,14,NORMAL,0
10581.56,3.53,1,0,0.5751,0,1,3000.0,1200.0,0,0,0,0,40,45,SUSPICIOUS,1
1702.24,1.13,0,2,0.2206,11,4,1500.0,600.0,0,0,0,0,5,13,NORMAL,0
45059.32,5.63,1,0,0.2046,4,0,8000.0,3200.0,1,0,0,0,70,14,SUSPICIOUS,1
38251.48,4.78,1,0,0.4062,10,4,8000.0,3200.0,1,1,1,0,99,72,EXTREME,1
4894.06,0.61,0,10,0.1447,8,2,8000.0,3200.0,0,0,0,0,14,13,NORMAL,0
2996.1,1.0,1,0,0.0966,13,3,3000.0,1200.0,0,0,0,0,9,12,NORMAL,0
5981.35,3.99,1,0,0.5098,4,0,1500.0,600.0,0,0,1,0,35,9,SUSPICIOUS,1
4366.1,1.46,0,26,0.1628,11,0,3000.0,1200.0,0,0,0,0,10,4,NORMAL,0
4183.49,0.52,0,21,0.1809,20,1,8000.0,3200.0,0,0,0,0,5,0,NORMAL,0
29188.39,5.84,1,0,1.0841,21,6,5000.0,2000.0,1,1,1,0,98,80,EXTREME,1
1333.37,0.89,0,26,0.2452,8,2,1500.0,600.0,0,0,0,0,0,11,NORMAL,0
2394.68,0.8,0,34,0.095,18,2,3000.0,1200.0,0,0,0,0,3,4,NORMAL,0
5908.74,1.18,0,39,0.152,22,1,5000.0,2000.0,0,0,0,0,0,5,NORMAL,0
7330.13,0.61,0,14,0.1157,10,0,12000.0,4800.0,0,0,0,0,7,1,NORMAL,0
9132.97,0.76,0,16,0.0759,18,2,12000.0,4800.0,0,0,0,0,5,13,NORMAL,0
3867.58,0.77,0,41,0.2084,16,3,5000.0,2000.0,0,0,0,0,12,13,NORMAL,0
1893.2,0.38,0,35,0.1097,14,2,5000.0,2000.0,0,0,0,0,14,1,NORMAL,0
18130.73,6.04,1,0,0.9159,14,6,3000.0,1200.0,1,1,1,1,99,79,EXTREME,1
1288.04,0.86,0,4,0.0903,9,6,1500.0,600.0,0,0,0,0,11,5,NORMAL,0
5648.18,1.13,0,11,0.2047,21,0,5000.0,2000.0,0,0,0,0,11,5,NORMAL,0
2623.56,0.87,0,26,0.2375,22,0,3000.0,1200.0,0,0,0,0,0,9,NORMAL,0
139295.15,11.61,1,0,1.0615,5,6,12000.0,4800.0,1,1,1,1,81,84,EXTREME,1
15965.03,5.32,1,0,0.515,2,1,3000.0,1200.0,1,0,0,0,71,14,SUSPICIOUS,1
8857.7,1.11,0,32,0.0492,19,3,8000.0,3200.0,0,0,0,0,11,2,NORMAL,0
6547.5,0.55,0,24,0.1701,22,3,12000.0,4800.0,0,0,0,0,11,11,NORMAL,0
6857.0,4.57,1,0,0.4833,4,5,1500.0,600.0,0,1,0,0,15,70,SUSPICIOUS,1
2635.24,0.53,1,0,0.0682,15,0,5000.0,2000.0,0,0,0,0,3,9,NORMAL,0
9084.16,0.76,0,30,0.0463,12,5,12000.0,4800.0,0,0,0,0,1,13,NORMAL,0
140906.24,11.74,1,0,0.7244,6,3,12000.0,4800.0,1,1,0,1,93,75,EXTREME,1
15000.0,10.0,1,0,0.7651,23,3,1500.0,600.0,1,1,1,1,99,81,EXTREME,1
16710.02,11.14,1,0,0.6809,18,4,1500.0,600.0,1,1,1,1,95,77,EXTREME,1
71349.35,5.95,1,0,0.2164,4,4,12000.0,4800.0,0,1,1,0,20,63,SUSPICIOUS,1
1534.08,1.02,0,20,0.2109,22,2,1500.0,600.0,0,0,0,0,13,7,NORMAL,0
5330.25,0.67,0,15,0.0784,18,3,8000.0,3200.0,0,0,0,0,3,1,NORMAL,0
1917.72,0.64,0,18,0.1186,12,4,3000.0,1200.0,0,0,0,0,5,3,NORMAL,0
1389.86,0.93,0,41,0.1022,21,4,1500.0,600.0,0,0,0,0,12,4,NORMAL,0
1290.08,0.26,0,33,0.1485,11,3,5000.0,2000.0,0,0,0,0,14,7,NORMAL,0
47865.12,5.98,1,0,0.4212,2,1,8000.0,3200.0,0,0,0,0,6,1,SUSPICIOUS,1
5974.56,0.75,0,42,0.2157,12,4,8000.0,3200.0,0,0,0,0,6,3,NORMAL,0
2096.6,0.42,0,17,0.0608,9,3,5000.0,2000.0,0,0,0,0,11,13,NORMAL,0
15109.57,5.04,1,0,0.7253,18,3,3000.0,1200.0,1,1,0,0,100,90,EXTREME,1
11058.31,1.38,0,26,0.1939,15,6,8000.0,3200.0,0,0,0,0,12,9,NORMAL,0
1329.86,0.89,0,27,0.2084,14,5,1500.0,600.0,0,0,0,0,12,4,NORMAL,0
4023.04,0.8,0,29,0.112,14,4,5000.0,2000.0,0,0,0,0,13,4,NORMAL,0
4294.72,0.86,0,11,0.1954,9,3,5000.0,2000.0,0,0,0,0,3,12,NORMAL,0
58621.77,7.33,1,0,0.4693,4,1,8000.0,3200.0,1,1,0,1,99,75,EXTREME,1
8831.71,1.1,0,39,0.0749,12,4,8000.0,3200.0,0,0,0,0,5,1,NORMAL,0
64570.9,5.38,0,3,0.3471,3,2,12000.0,4800.0,0,0,1,0,20,1,SUSPICIOUS,1
5798.9,0.48,0,29,0.2024,18,2,12000.0,4800.0,0,0,0,0,3,0,NORMAL,0
26652.36,3.33,1,0,0.3146,4,4,8000.0,3200.0,0,0,0,0,9,40,SUSPICIOUS,1
2369.84,0.79,0,10,0.2265,20,0,3000.0,1200.0,0,0,0,0,5,4,NORMAL,0
9228.21,3.08,1,0,0.3655,2,3,3000.0,1200.0,0,1,0,1,5,60,SUSPICIOUS,0
8662.02,1.08,0,26,0.2367,21,1,8000.0,3200.0,0,0,0,0,5,9,NORMAL,0
6495.73,0.81,0,3,0.1535,14,0,8000.0,3200.0,0,0,0,0,2,6,NORMAL,0
2737.44,0.91,0,23,0.1807,14,5,3000.0,1200.0,0,0,1,0,15,11,NORMAL,0
8207.8,5.47,1,0,0.2591,4,0,1500.0,600.0,0,1,1,0,7,80,SUSPICIOUS,1
4275.34,0.86,0,37,0.0847,22,4,5000.0,2000.0,0,0,1,0,7,15,NORMAL,0
61145.64,5.1,1,0,0.4169,23,1,12000.0,4800.0,0,0,0,0,9,12,SUSPICIOUS,1
1400.83,0.47,1,0,0.0598,12,0,3000.0,1200.0,0,0,0,0,3,10,NORMAL,0
5163.49,1.03,1,0,0.2153,20,4,5000.0,2000.0,0,0,0,0,9,13,NORMAL,0
80071.16,10.01,1,0,0.7434,2,3,8000.0,3200.0,1,1,1,0,97,94,EXTREME,1
15018.71,5.01,1,0,0.3393,19,2,3000.0,1200.0,0,0,0,0,42,1,SUSPICIOUS,1
4785.13,0.96,0,11,0.1226,18,6,5000.0,2000.0,0,0,0,0,1,5,NORMAL,0
1401.45,0.93,0,26,0.1549,8,6,1500.0,600.0,0,0,0,0,14,15,NORMAL,0
15000.0,5.0,1,0,0.9581,5,3,3000.0,1200.0,1,1,0,1,83,86,EXTREME,1
9076.02,3.03,1,0,0.4771,19,5,3000.0,1200.0,1,1,0,0,61,58,SUSPICIOUS,1
5552.78,0.69,1,0,0.0849,20,0,8000.0,3200.0,0,0,0,0,2,15,NORMAL,0
3707.91,1.24,0,24,0.2308,20,1,3000.0,1200.0,0,0,0,0,3,11,NORMAL,0
7779.37,2.59,1,0,0.4084,1,6,3000.0,1200.0,1,0,0,0,65,20,SUSPICIOUS,1
3249.89,1.08,0,41,0.1755,17,0,3000.0,1200.0,0,0,0,0,8,7,NORMAL,0
2660.06,0.89,0,26,0.0896,15,5,3000.0,1200.0,0,0,0,0,14,2,NORMAL,0
2797.47,0.93,0,32,0.1442,18,6,3000.0,1200.0,0,0,0,0,2,6,NORMAL,0
2192.99,0.73,0,20,0.1002,12,4,3000.0,1200.0,0,0,0,0,7,8,NORMAL,0
6604.41,0.83,0,28,0.182,20,2,8000.0,3200.0,0,0,0,0,15,10,NORMAL,0
3438.74,1.15,1,0,0.1049,7,1,3000.0,1200.0,0,0,0,0,1,4,NORMAL,0
6521.64,1.3,0,10,0.228,16,0,5000.0,2000.0,0,0,0,0,0,13,NORMAL,0
29409.84,5.88,1,0,0.223,3,0,5000.0,2000.0,0,0,0,1,0,12,SUSPICIOUS,1
2338.85,0.78,0,8,0.0881,14,0,3000.0,1200.0,0,0,0,0,9,5,NORMAL,0
3260.94,0.65,0,30,0.0634,12,5,5000.0,2000.0,0,0,0,0,6,7,NORMAL,0
13531.34,1.13,0,25,0.0822,10,3,12000.0,4800.0,0,0,0,0,3,5,NORMAL,0
30097.62,3.76,0,1,0.4962,0,3,8000.0,3200.0,1,0,0,0,68,2,SUSPICIOUS,1
11740.99,3.91,0,2,0.2345,3,1,3000.0,1200.0,0,0,0,0,6,45,SUSPICIOUS,1
4870.5,0.97,0,9,0.1243,11,3,5000.0,2000.0,0,0,0,0,3,11,NORMAL,0
31411.17,3.93,1,0,0.3567,0,1,8000.0,3200.0,0,1,0,0,38,65,SUSPICIOUS,1
5408.71,0.68,0,29,0.1085,11,5,8000.0,3200.0,0,0,0,0,1,6,NORMAL,0
27968.25,9.32,1,0,0.6744,0,4,3000.0,1200.0,1,1,0,1,94,78,EXTREME,1
15000.0,10.0,1,0,1.0646,16,5,1500.0,600.0,1,1,1,0,100,70,EXTREME,1
67784.72,5.65,1,0,0.2088,19,0,12000.0,4800.0,1,1,1,1,74,74,SUSPICIOUS,1
7377.19,0.61,0,4,0.2404,15,1,12000.0,4800.0,0,0,0,0,1,2,NORMAL,0
1218.83,0.81,0,40,0.1079,16,3,1500.0,600.0,0,0,0,0,7,9,NORMAL,0
1411.17,0.94,0,35,0.2381,21,2,1500.0,600.0,0,0,0,0,7,3,NORMAL,0
9630.97,3.21,1,0,0.256,1,1,3000.0,1200.0,0,1,0,0,39,65,SUSPICIOUS,1
4264.17,0.85,0,23,0.1705,21,3,5000.0,2000.0,0,0,0,0,15,11,NORMAL,0
85158.8,7.1,1,0,0.5128,2,5,12000.0,4800.0,1,1,1,0,80,78,EXTREME,1
8152.2,1.02,0,33,0.2276,20,5,8000.0,3200.0,0,0,0,0,7,7,NORMAL,0
21988.27,4.4,1,0,0.2479,23,4,5000.0,2000.0,0,1,1,0,17,72,SUSPICIOUS,1
1305.27,0.87,0,24,0.1136,8,0,1500.0,600.0,0,0,0,0,11,10,NORMAL,0
137115.64,11.43,1,0,0.5662,20,4,12000.0,4800.0,1,1,0,0,86,79,EXTREME,1
7175.9,1.44,0,33,0.1802,19,5,5000.0,2000.0,0,0,0,0,7,8,NORMAL,0
1175.88,0.78,0,23,0.2016,21,5,1500.0,600.0,0,0,1,0,5,0,NORMAL,0
7851.44,0.98,0,12,0.1229,10,4,8000.0,3200.0,0,0,0,0,8,3,NORMAL,0
2329.16,0.78,0,13,0.237,9,6,3000.0,1200.0,0,0,0,0,4,2,NORMAL,0
4938.27,0.99,0,7,0.2174,13,1,5000.0,2000.0,0,0,0,0,5,14,NORMAL,0
22965.65,4.59,1,0,0.7221,20,0,5000.0,2000.0,1,1,0,0,85,94,EXTREME,1
46002.91,5.75,0,1,0.2174,23,0,8000.0,3200.0,0,0,0,0,19,13,SUSPICIOUS,1
4497.14,0.9,0,27,0.1405,9,4,5000.0,2000.0,0,0,0,0,13,2,NORMAL,0
4411.15,0.88,0,26,0.1464,9,2,5000.0,2000.0,0,0,0,0,14,9,NORMAL,0
47215.18,5.9,1,0,0.3327,3,5,8000.0,3200.0,1,0,0,1,53,13,SUSPICIOUS,1
6624.38,0.83,0,21,0.0408,9,2,8000.0,3200.0,0,0,0,0,3,15,NORMAL,0
4109.37,1.37,0,7,0.1633,9,4,3000.0,1200.0,0,0,0,0,1,8,NORMAL,0
4448.38,0.56,0,39,0.0721,19,3,8000.0,3200.0,0,0,0,0,15,3,NORMAL,0
25302.91,3.16,1,0,0.4051,4,2,8000.0,3200.0,1,0,1,0,71,47,SUSPICIOUS,1
6498.83,0.81,0,32,0.1805,22,4,8000.0,3200.0,0,0,0,0,11,7,NORMAL,0
3649.38,1.22,0,2,0.1666,8,0,3000.0,1200.0,0,0,0,0,5,12,NORMAL,0
1131.28,0.75,1,0,0.048,8,2,1500.0,600.0,0,0,0,0,10,10,NORMAL,0
15987.44,5.33,1,0,0.3413,3,4,3000.0,1200.0,0,1,0,0,46,69,SUSPICIOUS,1
1359.69,0.91,1,0,0.2032,11,4,1500.0,600.0,0,0,0,1,13,6,NORMAL,0
21841.15,7.28,1,0,0.9342,13,2,3000.0,1200.0,1,1,1,1,94,78,EXTREME,1
1536.34,0.51,0,33,0.2154,21,3,3000.0,1200.0,0,0,1,0,10,6,NORMAL,0
1430.51,0.95,1,0,0.1834,14,2,1500.0,600.0,0,0,0,0,11,15,NORMAL,0
2988.7,0.6,0,17,0.2039,12,0,5000.0,2000.0,0,0,0,0,1,5,NORMAL,0
9801.61,3.27,1,0,0.3534,19,3,3000.0,1200.0,1,0,0,1,52,10,SUSPICIOUS,1
1042.07,0.69,0,38,0.1871,13,2,1500.0,600.0,0,0,0,0,2,13,NORMAL,0
4914.07,0.61,0,13,0.0938,8,2,8000.0,3200.0,0,0,0,0,12,9,NORMAL,0
5842.57,1.17,1,0,0.2225,9,5,5000.0,2000.0,0,0,0,0,9,7,NORMAL,0
1837.47,0.61,0,42,0.2183,15,6,3000.0,1200.0,0,0,0,1,10,7,NORMAL,0
7470.25,0.93,0,28,0.1197,22,5,8000.0,3200.0,0,0,1,0,0,9,NORMAL,0
7529.2,0.94,1,0,0.1569,20,3,8000.0,3200.0,0,0,0,0,4,13,NORMAL,0
5324.62,1.06,1,0,0.1957,17,1,5000.0,2000.0,0,0,0,0,1,5,NORMAL,0
6910.12,0.58,0,13,0.0703,20,3,12000.0,4800.0,0,0,0,0,5,13,NORMAL,0
7103.61,4.74,0,2,0.5711,1,3,1500.0,600.0,0,1,1,0,2,55,SUSPICIOUS,1
2577.89,0.86,0,23,0.0816,14,5,3000.0,1200.0,0,0,0,0,5,4,NORMAL,0
2516.63,0.5,0,14,0.1545,19,0,5000.0,2000.0,0,0,0,0,7,4,NORMAL,0
8341.5,5.56,1,0,0.2193,4,1,1500.0,600.0,0,0,0,1,6,19,SUSPICIOUS,1
12120.17,1.01,0,38,0.1584,17,5,12000.0,4800.0,0,0,0,0,11,3,NORMAL,0
17474.04,5.82,1,0,0.9545,10,3,3000.0,1200.0,1,1,0,1,82,82,EXTREME,1
16081.16,5.36,1,0,0.5831,2,3,3000.0,1200.0,1,1,1,0,97,92,EXTREME,1
63038.19,5.25,1,0,0.3193,23,6,12000.0,4800.0,0,0,1,1,41,7,SUSPICIOUS,1
67635.47,5.64,0,3,0.4402,23,2,12000.0,4800.0,0,1,0,0,14,68,SUSPICIOUS,1
1908.06,1.27,1,0,0.2326,12,6,1500.0,600.0,0,0,0,0,0,7,NORMAL,0
3943.31,2.63,0,3,0.4867,19,3,1500.0,600.0,1,0,0,0,50,11,SUSPICIOUS,1
45712.27,9.14,1,0,0.7587,20,4,5000.0,2000.0,1,1,0,0,99,88,EXTREME,1
5735.23,0.48,0,17,0.1603,21,4,12000.0,4800.0,0,0,0,0,1,13,NORMAL,0
4500.12,0.9,0,18,0.2272,19,0,5000.0,2000.0,0,0,0,0,13,8,NORMAL,0
9711.0,1.21,0,22,0.2451,18,3,8000.0,3200.0,0,0,0,0,13,1,NORMAL,0
94407.65,11.8,1,0,1.0542,15,2,8000.0,3200.0,1,1,1,1,100,76,EXTREME,1
16691.93,1.39,0,45,0.2061,17,6,12000.0,4800.0,0,0,0,0,14,12,NORMAL,0
6278.04,4.19,0,3,0.4167,3,5,1500.0,600.0,1,0,1,0,72,42,SUSPICIOUS,1
4368.91,0.55,0,36,0.0883,15,5,8000.0,3200.0,0,0,0,0,9,2,NORMAL,0
642.68,0.21,0,29,0.1272,9,3,3000.0,1200.0,0,0,0,0,14,4,NORMAL,0
14633.78,1.22,0,12,0.2101,14,4,12000.0,4800.0,0,0,0,0,15,7,NORMAL,0
1955.88,1.3,0,22,0.2393,11,1,1500.0,600.0,0,0,0,0,2,9,NORMAL,0
8702.77,1.09,0,25,0.0903,15,6,8000.0,3200.0,0,0,0,0,1,9,NORMAL,0
686.33,0.46,0,37,0.1085,22,6,1500.0,600.0,0,0,0,0,12,2,NORMAL,0
5184.99,1.04,0,44,0.1586,16,3,5000.0,2000.0,0,0,0,0,2,15,NORMAL,0
814.21,0.54,0,8,0.2457,13,3,1500.0,600.0,0,0,0,0,1,3,NORMAL,0
4841.68,0.97,0,39,0.1792,15,2,5000.0,2000.0,0,0,0,0,10,9,NORMAL,0
3979.01,0.8,0,26,0.1008,11,2,5000.0,2000.0,0,0,0,0,8,6,NORMAL,0
4077.03,1.36,0,39,0.0859,22,2,3000.0,1200.0,0,0,0,0,12,13,NORMAL,0
5966.2,0.75,0,4,0.0814,12,2,8000.0,3200.0,0,0,0,0,9,3,NORMAL,0
4070.59,0.81,0,41,0.2026,18,5,5000.0,2000.0,0,0,0,0,10,12,NORMAL,0
15000.0,10.0,1,0,0.8236,3,5,1500.0,600.0,1,1,1,1,91,93,EXTREME,1
5954.3,0.5,0,14,0.1228,13,4,12000.0,4800.0,0,0,0,0,9,13,NORMAL,0
27721.65,3.47,1,0,0.4314,2,2,8000.0,3200.0,1,0,1,0,57,2,SUSPICIOUS,1
4223.62,1.41,0,12,0.0694,8,4,3000.0,1200.0,0,0,0,0,10,15,NORMAL,0
6095.04,0.76,0,6,0.1669,22,6,8000.0,3200.0,0,0,0,1,10,13,NORMAL,0
3847.59,1.28,0,30,0.092,12,4,3000.0,1200.0,0,0,0,0,13,9,NORMAL,0
3440.51,0.43,0,38,0.1946,21,6,8000.0,3200.0,0,0,0,1,2,5,NORMAL,0
4594.98,0.92,0,11,0.09,22,1,5000.0,2000.0,0,0,0,0,15,0,NORMAL,0
10974.54,1.37,0,9,0.088,14,0,8000.0,3200.0,0,0,0,0,12,2,NORMAL,0
2086.2,0.7,0,36,0.2307,21,2,3000.0,1200.0,0,0,0,0,15,3,NORMAL,0
10820.65,0.9,0,24,0.0977,8,1,12000.0,4800.0,0,0,0,0,13,9,NORMAL,0
1774.05,1.18,0,29,0.0954,10,2,1500.0,600.0,0,0,0,0,11,7,NORMAL,0
2295.5,0.77,0,26,0.0503,8,5,3000.0,1200.0,0,0,0,0,8,0,NORMAL,0
733.61,0.49,0,24,0.1377,19,2,1500.0,600.0,0,0,0,0,14,3,NORMAL,0
3646.5,0.73,0,8,0.0465,9,6,5000.0,2000.0,0,0,1,0,8,10,NORMAL,0
5489.84,3.66,1,0,0.5805,1,4,1500.0,600.0,1,0,0,0,61,8,SUSPICIOUS,1
35699.13,2.97,1,0,0.5873,19,2,12000.0,4800.0,0,0,0,0,41,18,SUSPICIOUS,1
15197.26,3.04,1,0,0.5484,1,6,5000.0,2000.0,1,1,0,0,65,76,SUSPICIOUS,1
2085.11,0.7,1,0,0.19,9,5,3000.0,1200.0,0,0,0,0,10,15,NORMAL,0
16393.96,5.46,1,0,0.2078,0,6,3000.0,1200.0,0,0,0,0,6,20,SUSPICIOUS,1
33881.2,11.29,1,0,1.0089,11,2,3000.0,1200.0,1,1,0,1,95,89,EXTREME,1
8063.97,1.01,0,11,0.2213,13,5,8000.0,3200.0,0,0,0,0,15,2,NORMAL,0
5928.74,1.19,0,39,0.167,21,0,5000.0,2000.0,0,0,0,0,11,1,NORMAL,0
5479.43,1.1,1,0,0.1254,21,4,5000.0,2000.0,0,0,0,0,3,15,NORMAL,0
74885.29,9.36,1,0,0.6496,7,4,8000.0,3200.0,1,1,0,0,80,76,EXTREME,1
7254.63,0.91,0,14,0.0529,21,4,8000.0,3200.0,0,0,0,0,3,10,NORMAL,0
866.1,0.58,0,2,0.0602,16,5,1500.0,600.0,0,0,0,0,5,14,NORMAL,0
1784.61,1.19,1,0,0.1839,21,5,1500.0,600.0,0,0,0,0,15,9,NORMAL,0
53144.3,4.43,1,0,0.4461,21,4,12000.0,4800.0,1,1,1,1,92,78,EXTREME,1
8615.01,0.72,1,0,0.1068,12,6,12000.0,4800.0,0,0,0,0,0,3,NORMAL,0
62321.97,5.19,1,0,0.4117,23,3,12000.0,4800.0,0,1,1,1,6,54,SUSPICIOUS,1
16419.32,10.95,1,0,0.5765,19,0,1500.0,600.0,1,1,1,0,89,70,EXTREME,1
2903.84,0.58,0,8,0.0735,17,4,5000.0,2000.0,0,0,0,0,8,1,NORMAL,0
12318.28,1.03,1,0,0.1184,11,6,12000.0,4800.0,0,0,0,0,15,4,NORMAL,0
10685.97,0.89,0,31,0.2159,22,6,12000.0,4800.0,0,0,0,0,15,10,NORMAL,0
3898.29,0.78,0,32,0.2326,15,1,5000.0,2000.0,0,0,0,0,6,5,NORMAL,0
3653.07,0.73,0,9,0.1608,12,2,5000.0,2000.0,0,0,0,0,11,0,NORMAL,0
2876.46,0.36,0,13,0.0903,16,0,8000.0,3200.0,0,0,0,0,13,14,NORMAL,0
4135.57,2.76,0,2,0.5857,0,6,1500.0,600.0,0,0,1,0,35,19,SUSPICIOUS,1
7013.09,0.88,0,29,0.0831,11,3,8000.0,3200.0,0,0,0,0,8,4,NORMAL,0
3026.22,1.01,0,17,0.163,14,1,3000.0,1200.0,0,0,0,0,3,3,NORMAL,0
10456.43,0.87,0,25,0.1549,7,5,12000.0,4800.0,0,0,0,0,14,12,NORMAL,0
2408.21,0.8,0,43,0.0667,10,6,3000.0,1200.0,0,0,0,0,13,3,NORMAL,0
7289.55,0.91,0,21,0.1441,11,5,8000.0,3200.0,0,0,0,0,15,10,NORMAL,0
1181.58,0.79,0,40,0.2046,9,2,1500.0,600.0,0,0,0,0,9,10,NORMAL,0
951.15,0.63,0,6,0.0506,12,3,1500.0,600.0,0,0,0,0,14,7,NORMAL,0
1090.09,0.73,0,33,0.1089,19,1,1500.0,600.0,0,0,1,0,9,0,NORMAL,0
2845.03,0.95,0,40,0.0958,16,2,3000.0,1200.0,0,0,0,0,8,14,NORMAL,0
9658.35,0.8,0,31,0.1563,17,1,12000.0,4800.0,0,0,0,0,6,11,NORMAL,0
4498.08,1.5,0,6,0.1801,22,2,3000.0,1200.0,0,0,0,0,15,12,NORMAL,0
14488.43,4.83,1,0,0.2421,1,1,3000.0,1200.0,0,0,0,0,44,9,SUSPICIOUS,1
2837.73,0.57,0,37,0.1612,17,3,5000.0,2000.0,0,0,0,0,4,14,NORMAL,0
15110.28,3.02,1,0,0.4919,1,4,5000.0,2000.0,0,1,0,0,42,51,SUSPICIOUS,0
23808.15,2.98,1,0,0.3306,3,1,8000.0,3200.0,0,0,1,0,0,10,SUSPICIOUS,0
68308.76,5.69,1,0,0.3395,19,6,12000.0,4800.0,1,0,0,0,53,48,SUSPICIOUS,1
10384.03,0.87,0,21,0.107,16,4,12000.0,4800.0,0,0,0,0,2,3,NORMAL,0
35605.49,2.97,0,1,0.3693,0,5,12000.0,4800.0,0,0,1,0,18,43,SUSPICIOUS,1
2315.9,0.77,0,37,0.1332,9,2,3000.0,1200.0,0,0,0,0,2,5,NORMAL,0
11002.3,0.92,0,45,0.1434,20,5,12000.0,4800.0,0,0,0,0,11,13,NORMAL,0
29702.63,5.94,1,0,0.5273,2,0,5000.0,2000.0,1,1,0,1,54,56,SUSPICIOUS,1
2138.51,0.71,0,40,0.0483,13,0,3000.0,1200.0,0,0,0,0,11,4,NORMAL,0
3737.95,1.25,0,41,0.208,7,1,3000.0,1200.0,0,0,0,0,4,9,NORMAL,0
42235.0,3.52,0,2,0.5947,19,6,12000.0,4800.0,0,0,0,0,15,48,SUSPICIOUS,1
6616.53,4.41,1,0,0.3075,3,3,1500.0,600.0,0,0,0,0,49,18,SUSPICIOUS,1
3287.54,0.41,0,44,0.2015,11,0,8000.0,3200.0,0,0,0,0,15,6,NORMAL,0
5563.9,1.11,0,25,0.2136,9,0,5000.0,2000.0,0,0,0,0,12,13,NORMAL,0
37329.29,4.67,1,0,0.2197,1,0,8000.0,3200.0,0,1,0,1,49,79,SUSPICIOUS,1
1928.13,0.64,0,12,0.0884,15,0,3000.0,1200.0,0,0,0,0,8,1,NORMAL,0
4168.73,0.83,0,23,0.1737,9,6,5000.0,2000.0,0,0,0,0,11,14,NORMAL,0
1499.98,1.0,0,39,0.0827,10,3,1500.0,600.0,0,0,0,0,8,3,NORMAL,0
1927.38,0.64,1,0,0.1716,12,6,3000.0,1200.0,0,0,0,0,4,7,NORMAL,0
2012.26,1.34,0,36,0.185,18,6,1500.0,600.0,0,0,0,0,6,2,NORMAL,0
47304.74,5.91,1,0,0.4942,23,2,8000.0,3200.0,1,0,1,0,67,4,SUSPICIOUS,1
16189.88,3.24,1,0,0.2138,2,1,5000.0,2000.0,0,0,1,0,2,11,SUSPICIOUS,0
8342.01,5.56,0,1,0.4071,4,3,1500.0,600.0,0,0,1,1,49,20,SUSPICIOUS,1
961.52,0.64,0,43,0.1433,17,6,1500.0,600.0,0,0,0,0,5,12,NORMAL,0
9837.38,3.28,1,0,0.5585,3,3,3000.0,1200.0,0,0,1,0,40,42,SUSPICIOUS,1
671.19,0.45,0,10,0.126,10,6,1500.0,600.0,0,0,0,0,7,6,NORMAL,0
2537.93,0.85,1,0,0.1317,10,2,3000.0,1200.0,0,0,0,0,0,9,NORMAL,0
33996.29,6.8,1,0,0.9484,14,3,5000.0,2000.0,1,1,0,1,84,76,EXTREME,1
21312.21,7.1,1,0,0.9936,19,0,3000.0,1200.0,1,1,0,0,94,77,EXTREME,1
446.72,0.3,0,35,0.0499,16,2,1500.0,600.0,0,0,0,0,1,4,NORMAL,0
2887.96,0.96,0,38,0.22,22,5,3000.0,1200.0,0,0,0,0,9,13,NORMAL,0
2156.25,0.72,0,9,0.0525,7,0,3000.0,1200.0,0,0,0,0,3,6,NORMAL,0
1333.8,0.44,0,31,0.1729,18,4,3000.0,1200.0,0,0,0,0,11,15,NORMAL,0
2732.88,0.91,0,23,0.0996,7,1,3000.0,1200.0,0,0,0,0,12,5,NORMAL,0
6975.05,0.87,0,12,0.0882,12,6,8000.0,3200.0,0,0,0,0,14,2,NORMAL,0
15000.0,5.0,1,0,0.4303,4,6,3000.0,1200.0,1,1,1,1,84,78,EXTREME,1
2025.32,0.41,0,40,0.0596,22,5,5000.0,2000.0,0,0,0,0,6,8,NORMAL,0
14930.55,1.24,0,17,0.2474,17,3,12000.0,4800.0,0,0,0,0,2,12,NORMAL,0
7686.06,0.64,0,32,0.1999,12,2,12000.0,4800.0,0,0,0,0,8,9,NORMAL,0
69651.76,5.8,1,0,0.4189,14,1,12000.0,4800.0,1,0,0,0,56,49,SUSPICIOUS,1
39321.97,4.92,1,0,1.0528,16,2,8000.0,3200.0,1,1,1,0,80,75,EXTREME,1
761.15,0.51,0,16,0.0511,15,2,1500.0,600.0,0,0,1,0,11,9,NORMAL,0
4241.73,0.85,0,22,0.1561,16,2,5000.0,2000.0,0,0,0,0,10,8,NORMAL,0
2452.49,0.82,0,3,0.2147,16,0,3000.0,1200.0,0,0,0,0,3,2,NORMAL,0
4302.1,0.86,0,33,0.1226,11,2,5000.0,2000.0,0,0,0,0,11,12,NORMAL,0
1043.52,0.7,0,3,0.107,7,2,1500.0,600.0,0,0,0,0,14,9,NORMAL,0
8343.05,0.7,0,40,0.0678,17,6,12000.0,4800.0,0,0,0,0,7,15,NORMAL,0
4892.58,3.26,1,0,0.55,19,3,1500.0,600.0,0,0,1,0,15,18,SUSPICIOUS,0
1096.4,0.73,0,9,0.2084,19,1,1500.0,600.0,0,0,0,0,12,7,NORMAL,0
65621.4,5.47,1,0,0.4077,3,5,12000.0,4800.0,1,1,1,0,80,89,EXTREME,1
6798.07,4.53,1,0,0.5514,14,6,1500.0,600.0,0,1,0,1,10,57,SUSPICIOUS,1
3154.42,1.05,0,10,0.1722,16,2,3000.0,1200.0,0,0,0,0,13,8,NORMAL,0
6910.09,0.58,0,41,0.1909,22,4,12000.0,4800.0,0,0,0,0,1,9,NORMAL,0
816.53,0.54,0,5,0.2343,20,2,1500.0,600.0,0,0,0,0,9,12,NORMAL,0
55984.33,4.67,1,0,0.4545,4,2,12000.0,4800.0,1,0,0,0,52,13,SUSPICIOUS,1
5028.07,0.63,0,33,0.1408,10,3,8000.0,3200.0,0,0,0,0,14,1,NORMAL,0
1233.17,0.41,0,45,0.1033,20,3,3000.0,1200.0,0,0,0,0,10,2,NORMAL,0
9523.08,1.19,0,39,0.1354,21,3,8000.0,3200.0,0,0,0,0,14,12,NORMAL,0
27751.32,5.55,1,0,0.5188,1,2,5000.0,2000.0,0,0,1,0,39,7,SUSPICIOUS,1
19481.24,3.9,0,1,0.5685,0,2,5000.0,2000.0,0,0,0,0,13,46,SUSPICIOUS,1
1281.08,0.85,0,6,0.2242,19,6,1500.0,600.0,0,0,0,0,9,7,NORMAL,0
4299.86,2.87,1,0,0.2828,0,4,1500.0,600.0,1,0,0,0,74,12,SUSPICIOUS,1
7227.13,0.9,0,5,0.0826,7,3,8000.0,3200.0,0,0,0,0,11,13,NORMAL,0
12907.28,4.3,0,3,0.4304,4,5,3000.0,1200.0,0,1,0,0,13,71,SUSPICIOUS,1
15000.0,10.0,1,0,0.9542,11,2,1500.0,600.0,1,1,0,0,89,83,EXTREME,1
14104.53,1.18,0,30,0.2241,20,6,12000.0,4800.0,0,0,0,0,5,11,NORMAL,0
5204.53,0.65,0,4,0.0929,20,6,8000.0,3200.0,0,0,0,0,12,3,NORMAL,0
1559.15,1.04,0,11,0.2341,18,1,1500.0,600.0,0,0,0,0,1,12,NORMAL,0
44394.0,3.7,1,0,0.383,4,0,12000.0,4800.0,0,1,1,1,16,73,SUSPICIOUS,1
3743.69,0.75,0,36,0.2473,21,3,5000.0,2000.0,0,0,0,0,9,12,NORMAL,0
7804.58,0.65,0,15,0.0828,20,0,12000.0,4800.0,0,0,0,0,13,14,NORMAL,0
92685.08,11.59,1,0,0.9016,2,0,8000.0,3200.0,1,1,0,0,95,84,EXTREME,1
1461.52,0.97,0,8,0.1524,13,2,1500.0,600.0,0,0,0,0,5,1,NORMAL,0
69142.15,8.64,1,0,1.071,2,1,8000.0,3200.0,1,1,0,0,82,89,EXTREME,1
6865.46,0.86,0,40,0.2347,10,6,8000.0,3200.0,0,0,0,0,3,1,NORMAL,0
15000.0,10.0,1,0,1.1052,15,4,1500.0,600.0,1,1,1,0,98,76,EXTREME,1
997.88,0.67,0,30,0.1311,13,0,1500.0,600.0,0,0,0,0,15,13,NORMAL,0
7964.35,0.66,0,26,0.0442,22,6,12000.0,4800.0,0,0,0,0,9,5,NORMAL,0
9370.8,1.17,0,36,0.0594,17,0,8000.0,3200.0,0,0,0,0,1,10,NORMAL,0
5622.53,1.12,0,21,0.2297,7,4,5000.0,2000.0,0,0,0,0,15,1,NORMAL,0
2535.07,0.51,0,3,0.2235,15,0,5000.0,2000.0,0,0,0,0,0,2,NORMAL,0
1329.41,0.89,0,23,0.1024,8,2,1500.0,600.0,0,0,0,0,1,1,NORMAL,0
2145.34,0.43,0,7,0.0927,8,5,5000.0,2000.0,0,0,0,0,6,8,NORMAL,0
5163.7,1.03,0,26,0.0983,19,1,5000.0,2000.0,0,0,0,0,15,15,NORMAL,0
44920.44,5.62,1,0,0.5096,1,5,8000.0,3200.0,0,0,0,0,14,42,SUSPICIOUS,1
17640.63,11.76,1,0,0.6694,3,0,1500.0,600.0,1,1,1,1,88,73,EXTREME,1
8652.03,2.88,1,0,0.4136,3,3,3000.0,1200.0,0,0,0,0,4,16,SUSPICIOUS,0
1497.41,1.0,0,43,0.191,20,1,1500.0,600.0,0,0,0,0,6,15,NORMAL,0
48868.34,4.07,1,0,1.1592,6,5,12000.0,4800.0,1,1,1,1,86,93,EXTREME,1
1798.42,0.6,0,21,0.249,13,4,3000.0,1200.0,0,0,0,0,6,13,NORMAL,0
1446.06,0.96,1,0,0.1717,7,6,1500.0,600.0,0,0,0,0,14,10,NORMAL,0
5447.27,0.68,0,33,0.1741,16,2,8000.0,3200.0,0,0,0,0,12,5,NORMAL,0
10679.31,0.89,1,0,0.0569,8,6,12000.0,4800.0,0,0,1,0,11,11,NORMAL,0
1664.53,1.11,0,44,0.0823,11,3,1500.0,600.0,0,0,0,0,12,1,NORMAL,0
6035.81,0.75,0,35,0.2005,8,6,8000.0,3200.0,0,0,0,0,0,8,NORMAL,0
1999.77,0.4,0,25,0.1408,12,5,5000.0,2000.0,0,0,0,0,12,15,NORMAL,0
8214.75,1.03,0,12,0.0509,8,0,8000.0,3200.0,0,0,0,0,11,8,NORMAL,0
13527.02,1.13,1,0,0.1987,21,4,12000.0,4800.0,0,0,0,0,8,5,NORMAL,0
10518.37,0.88,0,7,0.0576,16,6,12000.0,4800.0,0,0,0,0,14,1,NORMAL,0
1952.44,0.65,0,42,0.1111,22,2,3000.0,1200.0,0,0,0,0,3,12,NORMAL,0
8333.72,1.04,0,14,0.1665,15,1,8000.0,3200.0,0,0,0,0,12,12,NORMAL,0
132842.1,11.07,1,0,1.1727,7,5,12000.0,4800.0,1,1,1,1,87,70,EXTREME,1
14057.08,1.17,1,0,0.1871,13,3,12000.0,4800.0,0,0,0,0,3,15,NORMAL,0
16484.09,5.49,1,0,0.2264,1,2,3000.0,1200.0,1,1,1,0,72,59,SUSPICIOUS,1
10130.72,1.27,0,25,0.1891,16,1,8000.0,3200.0,0,0,0,0,7,4,NORMAL,0
10990.58,1.37,0,34,0.1698,19,6,8000.0,3200.0,0,0,0,0,2,8,NORMAL,0
20093.15,4.02,0,2,0.3229,3,5,5000.0,2000.0,1,0,1,0,66,48,SUSPICIOUS,1
5692.83,0.47,0,13,0.0441,19,2,12000.0,4800.0,0,0,1,0,12,14,NORMAL,0
15952.39,5.32,1,0,0.3596,1,2,3000.0,1200.0,0,0,0,0,16,5,SUSPICIOUS,1
10521.56,0.88,0,39,0.0494,14,5,12000.0,4800.0,0,0,0,0,1,13,NORMAL,0
41738.61,5.22,1,0,0.2164,14,1,8000.0,3200.0,0,0,0,0,18,45,SUSPICIOUS,1
4417.82,2.95,1,0,0.4864,0,2,1500.0,600.0,0,0,0,1,8,19,SUSPICIOUS,1
8320.78,2.77,1,0,0.3411,4,5,3000.0,1200.0,1,1,1,0,57,69,SUSPICIOUS,1
1451.61,0.97,0,38,0.1778,7,4,1500.0,600.0,0,0,0,0,11,13,NORMAL,0
5168.71,1.03,0,20,0.2068,18,6,5000.0,2000.0,0,0,0,0,8,14,NORMAL,0
8873.35,2.96,1,0,0.5679,2,5,3000.0,1200.0,0,0,0,1,38,10,SUSPICIOUS,1
1947.46,0.39,0,32,0.055,12,4,5000.0,2000.0,0,0,0,1,1,15,NORMAL,0
31560.03,10.52,1,0,0.8166,11,6,3000.0,1200.0,1,1,0,0,90,90,EXTREME,1
9891.93,3.3,1,0,0.2496,14,0,3000.0,1200.0,0,0,0,1,18,7,SUSPICIOUS,1
46495.03,5.81,1,0,0.5502,14,2,8000.0,3200.0,0,0,0,1,13,48,SUSPICIOUS,1
91171.01,7.6,1,0,0.4974,3,4,12000.0,4800.0,1,1,1,1,88,81,EXTREME,1
10958.68,0.91,1,0,0.2165,22,1,12000.0,4800.0,0,0,0,0,12,2,NORMAL,0
15000.0,10.0,1,0,0.7233,6,4,1500.0,600.0,1,1,1,1,96,76,EXTREME,1
12937.81,1.08,0,32,0.1335,20,1,12000.0,4800.0,0,0,0,0,10,15,NORMAL,0
3223.97,1.07,0,25,0.129,15,0,3000.0,1200.0,0,0,0,0,4,7,NORMAL,0
1319.19,0.88,1,0,0.201,20,5,1500.0,600.0,0,0,0,0,5,5,NORMAL,0
10999.57,3.67,1,0,0.3937,3,4,3000.0,1200.0,0,0,1,0,41,3,SUSPICIOUS,1
7080.1,0.59,0,36,0.2061,22,4,12000.0,4800.0,0,0,0,0,8,3,NORMAL,0
858.86,0.57,0,11,0.2194,16,6,1500.0,600.0,0,0,0,0,10,2,NORMAL,0
26458.98,3.31,1,0,0.2275,19,5,8000.0,3200.0,0,0,0,0,13,5,SUSPICIOUS,0
7501.68,0.94,0,44,0.1688,9,5,8000.0,3200.0,0,0,0,0,5,9,NORMAL,0
494.07,0.33,0,26,0.1891,13,1,1500.0,600.0,0,0,0,0,12,7,NORMAL,0
15000.0,10.0,1,0,1.1552,19,3,1500.0,600.0,1,1,1,0,91,84,EXTREME,1
40900.19,5.11,1,0,0.4644,14,4,8000.0,3200.0,0,0,0,1,11,46,SUSPICIOUS,1
9506.87,1.19,1,0,0.2402,10,2,8000.0,3200.0,0,0,0,0,4,3,NORMAL,0
833.2,0.56,0,23,0.2224,9,3,1500.0,600.0,0,0,0,0,11,1,NORMAL,0
1886.71,0.63,1,0,0.248,7,2,3000.0,1200.0,0,0,0,0,15,8,NORMAL,0
18244.99,3.65,1,0,0.4481,14,0,5000.0,2000.0,0,0,0,0,19,17,SUSPICIOUS,1
2468.45,0.82,0,19,0.231,17,3,3000.0,1200.0,0,0,0,0,14,15,NORMAL,0
6076.71,0.51,1,0,0.1082,16,4,12000.0,4800.0,0,0,0,0,12,1,NORMAL,0
64060.08,5.34,1,0,0.5083,19,6,12000.0,4800.0,1,1,1,1,70,71,SUSPICIOUS,1
1112.77,0.37,0,28,0.1068,18,4,3000.0,1200.0,0,0,0,0,9,8,NORMAL,0
23884.59,4.78,1,0,0.9756,5,6,5000.0,2000.0,1,1,0,0,92,70,EXTREME,1
4206.48,0.84,0,22,0.0723,11,1,5000.0,2000.0,0,0,0,0,1,10,NORMAL,0
8473.16,5.65,1,0,0.2576,19,1,1500.0,600.0,0,1,0,1,35,65,SUSPICIOUS,1
7509.64,0.94,0,24,0.2233,8,1,8000.0,3200.0,0,0,0,1,10,14,NORMAL,0
1496.39,1.0,1,0,0.224,13,6,1500.0,600.0,0,0,0,0,9,2,NORMAL,0
16255.29,3.25,0,2,0.4529,23,2,5000.0,2000.0,1,0,0,1,53,0,SUSPICIOUS,0
3617.75,1.21,0,2,0.147,15,3,3000.0,1200.0,0,0,0,0,0,7,NORMAL,0
28797.85,3.6,0,3,0.4717,4,2,8000.0,3200.0,0,0,0,1,15,13,SUSPICIOUS,1
22083.64,4.42,0,3,0.3683,23,0,5000.0,2000.0,0,0,1,0,40,2,SUSPICIOUS,1
3440.63,1.15,0,34,0.24,9,3,3000.0,1200.0,0,0,0,0,8,11,NORMAL,0
21801.75,4.36,0,1,0.4785,4,1,5000.0,2000.0,0,0,0,0,45,0,SUSPICIOUS,1
11332.92,0.94,0,30,0.1806,16,3,12000.0,4800.0,0,0,0,0,4,12,NORMAL,0
3976.18,0.8,0,7,0.2166,17,6,5000.0,2000.0,0,0,0,0,0,8,NORMAL,0
1080.23,0.72,0,4,0.1658,13,2,1500.0,600.0,0,0,1,0,5,0,NORMAL,0
3773.92,1.26,0,44,0.2444,22,6,3000.0,1200.0,0,0,0,0,0,1,NORMAL,0
7392.59,0.92,0,5,0.0576,13,0,8000.0,3200.0,0,0,0,0,11,1,NORMAL,0
1310.53,0.87,0,44,0.1264,21,5,1500.0,600.0,0,0,0,0,9,2,NORMAL,0
6804.83,0.57,0,20,0.1449,19,4,12000.0,4800.0,0,0,0,0,8,15,NORMAL,0
1916.22,0.64,0,24,0.046,22,6,3000.0,1200.0,0,0,0,0,2,1,NORMAL,0
6058.29,0.5,0,12,0.0761,21,6,12000.0,4800.0,0,0,0,0,9,14,NORMAL,0
2375.55,0.79,1,0,0.0882,16,4,3000.0,1200.0,0,0,0,0,5,2,NORMAL,0
64010.35,5.33,1,0,0.4496,19,1,12000.0,4800.0,1,0,0,0,52,0,SUSPICIOUS,1
40445.4,3.37,1,0,0.3019,19,5,12000.0,4800.0,1,0,0,1,54,49,SUSPICIOUS,1
15000.0,10.0,1,0,0.9685,15,3,1500.0,600.0,1,1,1,1,97,79,EXTREME,1
11163.75,0.93,0,14,0.0444,9,2,12000.0,4800.0,0,0,0,0,9,7,NORMAL,0
14852.77,2.97,1,0,0.3328,2,5,5000.0,2000.0,1,1,1,1,65,54,SUSPICIOUS,1
69507.72,5.79,1,0,0.5274,3,5,12000.0,4800.0,1,0,0,1,73,6,SUSPICIOUS,1
28412.37,9.47,1,0,0.8133,22,2,3000.0,1200.0,1,1,1,0,90,77,EXTREME,1
39093.64,3.26,1,0,0.3183,3,2,12000.0,4800.0,0,1,1,0,19,66,SUSPICIOUS,1
998.29,0.67,0,30,0.1957,14,0,1500.0,600.0,0,0,0,0,14,4,NORMAL,0
9349.38,0.78,0,35,0.1674,18,0,12000.0,4800.0,0,0,0,0,12,15,NORMAL,0
5016.03,1.0,0,23,0.2288,20,4,5000.0,2000.0,0,0,0,0,10,7,NORMAL,0
19311.64,3.86,1,0,0.4114,0,1,5000.0,2000.0,0,1,0,0,4,78,SUSPICIOUS,1
3595.39,0.72,0,7,0.1032,19,6,5000.0,2000.0,0,0,0,0,12,4,NORMAL,0
37766.24,3.15,0,2,0.3936,3,4,12000.0,4800.0,0,0,1,0,47,40,SUSPICIOUS,0
8263.34,1.03,0,41,0.0639,10,5,8000.0,3200.0,0,0,0,0,9,4,NORMAL,0
5705.85,0.71,0,4,0.0525,7,2,8000.0,3200.0,0,0,0,0,13,3,NORMAL,0
28236.49,3.53,1,0,0.2042,19,5,8000.0,3200.0,1,1,0,0,70,66,SUSPICIOUS,1
2424.58,0.81,0,10,0.1685,20,5,3000.0,1200.0,0,0,0,0,5,7,NORMAL,0
1110.29,0.74,0,9,0.0426,19,1,1500.0,600.0,0,0,0,0,6,11,NORMAL,0
2206.41,1.47,0,17,0.0539,19,6,1500.0,600.0,0,0,0,0,1,8,NORMAL,0
4009.87,0.8,0,17,0.2024,21,4,5000.0,2000.0,0,0,0,0,12,9,NORMAL,0
1219.27,0.81,0,41,0.0952,17,4,1500.0,600.0,0,0,0,0,3,3,NORMAL,0
8951.19,1.12,0,28,0.1807,13,5,8000.0,3200.0,0,0,0,0,6,6,NORMAL,0
1392.86,0.93,0,13,0.0845,21,4,1500.0,600.0,0,0,0,0,15,8,NORMAL,0
69455.73,5.79,1,0,0.5019,2,5,12000.0,4800.0,1,0,1,0,71,18,SUSPICIOUS,1
3821.08,0.76,0,42,0.2055,14,4,5000.0,2000.0,0,0,0,0,5,6,NORMAL,0
63471.71,7.93,1,0,0.918,9,1,8000.0,3200.0,1,1,1,1,80,70,EXTREME,1
9117.83,0.76,0,18,0.1168,10,1,12000.0,4800.0,0,0,0,0,15,14,NORMAL,0
4832.46,3.22,1,0,0.5367,19,2,1500.0,600.0,1,0,1,1,75,49,SUSPICIOUS,1
10070.93,0.84,0,7,0.0946,8,1,12000.0,4800.0,0,0,0,0,14,5,NORMAL,0
19366.46,3.87,1,0,0.3719,14,2,5000.0,2000.0,0,1,0,0,7,78,SUSPICIOUS,1
64798.89,5.4,0,1,0.4181,3,3,12000.0,4800.0,0,0,1,0,49,10,SUSPICIOUS,1
8525.28,0.71,0,25,0.1013,7,0,12000.0,4800.0,0,0,0,0,15,5,NORMAL,0
16241.07,5.41,1,0,0.5776,1,6,3000.0,1200.0,0,1,0,0,3,59,SUSPICIOUS,1
8552.41,1.07,0,20,0.0876,15,2,8000.0,3200.0,0,0,0,0,11,12,NORMAL,0
7948.16,0.99,0,29,0.2141,9,2,8000.0,3200.0,0,0,0,0,1,6,NORMAL,0
1766.84,0.35,0,8,0.2224,22,1,5000.0,2000.0,0,0,0,0,8,11,NORMAL,0
1587.25,1.06,0,26,0.1837,10,2,1500.0,600.0,0,0,0,0,1,4,NORMAL,0
5058.77,0.42,1,0,0.0488,10,3,12000.0,4800.0,0,0,0,0,1,8,NORMAL,0
3666.43,0.73,0,28,0.059,7,4,5000.0,2000.0,0,0,0,0,4,0,NORMAL,0
1144.18,0.76,0,40,0.0755,19,5,1500.0,600.0,0,0,0,1,13,4,NORMAL,0
13486.03,4.5,1,0,0.2581,0,1,3000.0,1200.0,1,1,0,1,53,55,SUSPICIOUS,1
8865.12,1.11,0,14,0.1981,12,2,8000.0,3200.0,0,0,0,0,7,7,NORMAL,0
6055.69,1.21,0,38,0.0699,7,6,5000.0,2000.0,0,0,0,0,12,1,NORMAL,0
6222.92,1.24,0,6,0.0749,15,3,5000.0,2000.0,0,0,0,0,2,14,NORMAL,0
1196.93,0.8,0,41,0.1026,15,2,1500.0,600.0,0,0,0,0,9,1,NORMAL,0
2724.12,0.91,0,39,0.2111,11,6,3000.0,1200.0,0,0,0,1,4,2,NORMAL,0
8295.41,0.69,0,11,0.1569,21,6,12000.0,4800.0,0,0,0,0,5,13,NORMAL,0
7188.57,1.44,0,10,0.2086,12,6,5000.0,2000.0,0,0,0,0,0,8,NORMAL,0
4492.39,0.56,0,5,0.0658,19,6,8000.0,3200.0,0,0,0,0,8,13,NORMAL,0
11576.17,0.96,0,19,0.064,19,4,12000.0,4800.0,0,0,0,0,4,5,NORMAL,0
4263.38,0.85,1,0,0.2403,9,0,5000.0,2000.0,0,0,0,0,1,14,NORMAL,0
2520.32,0.84,0,45,0.0627,7,4,3000.0,1200.0,0,0,0,0,15,7,NORMAL,0
1423.53,0.95,0,26,0.2311,21,4,1500.0,600.0,0,0,0,0,6,13,NORMAL,0
2734.9,0.55,0,38,0.2278,12,0,5000.0,2000.0,0,0,0,0,8,3,NORMAL,0
4044.21,1.35,0,31,0.0655,14,0,3000.0,1200.0,0,0,0,0,10,1,NORMAL,0
18543.46,3.71,0,2,0.3606,19,6,5000.0,2000.0,0,0,0,0,19,45,SUSPICIOUS,1
33808.05,4.23,1,0,0.2524,2,3,8000.0,3200.0,1,0,0,1,61,19,SUSPICIOUS,1
67376.6,8.42,1,0,0.4986,4,2,8000.0,3200.0,1,1,1,1,96,70,EXTREME,1
58102.66,4.84,1,0,0.6383,11,3,12000.0,4800.0,1,1,0,0,92,84,EXTREME,1
25937.91,5.19,1,0,0.2403,23,4,5000.0,2000.0,1,0,1,1,63,14,SUSPICIOUS,1
15000.0,10.0,1,0,0.5173,21,3,1500.0,600.0,1,1,0,0,91,70,EXTREME,1
44197.46,5.52,1,0,0.2619,4,4,8000.0,3200.0,0,1,1,0,37,52,SUSPICIOUS,1
34409.59,4.3,1,0,0.3649,1,3,8000.0,3200.0,0,0,1,0,42,13,SUSPICIOUS,1
3069.87,1.02,0,30,0.1038,14,1,3000.0,1200.0,0,0,1,0,4,4,NORMAL,0
4202.05,0.84,0,15,0.1292,15,2,5000.0,2000.0,0,0,0,0,2,4,NORMAL,0
11656.75,3.89,0,2,0.4611,4,4,3000.0,1200.0,0,1,0,1,3,68,SUSPICIOUS,1
3489.04,1.16,1,0,0.1807,19,2,3000.0,1200.0,0,0,0,0,8,14,NORMAL,0
1467.39,0.98,0,29,0.2003,15,6,1500.0,600.0,0,0,0,1,15,4,NORMAL,0
1367.73,0.91,0,22,0.1964,17,4,1500.0,600.0,0,0,0,0,3,8,NORMAL,0
9360.99,3.12,0,1,0.5442,1,5,3000.0,1200.0,0,0,1,0,12,43,SUSPICIOUS,1
68355.73,5.7,1,0,0.5726,14,5,12000.0,4800.0,0,1,1,0,36,64,SUSPICIOUS,1
1116.83,0.74,0,34,0.0415,19,2,1500.0,600.0,0,0,0,0,0,1,NORMAL,0
1224.51,0.82,0,45,0.2003,19,6,1500.0,600.0,0,0,0,0,9,5,NORMAL,0
4544.83,0.91,0,11,0.2326,15,1,5000.0,2000.0,0,0,0,0,5,12,NORMAL,0
1706.82,1.14,0,16,0.0479,15,0,1500.0,600.0,0,0,0,0,12,14,NORMAL,0
10716.48,0.89,0,21,0.1116,18,5,12000.0,4800.0,0,0,0,0,4,10,NORMAL,0
1332.66,0.89,1,0,0.2494,19,4,1500.0,600.0,0,0,0,0,3,12,NORMAL,0
121139.03,10.09,1,0,1.1079,11,0,12000.0,4800.0,1,1,0,0,96,83,EXTREME,1
5915.11,3.94,0,3,0.3291,2,1,1500.0,600.0,0,0,0,0,19,11,SUSPICIOUS,1
13693.71,4.56,0,1,0.3573,19,2,3000.0,1200.0,1,1,0,0,53,69,SUSPICIOUS,1
5547.36,3.7,1,0,0.4182,3,1,1500.0,600.0,1,1,1,1,69,75,SUSPICIOUS,1
1180.95,0.79,0,38,0.0977,16,5,1500.0,600.0,0,0,1,0,4,3,NORMAL,0
6534.64,0.82,0,16,0.2347,12,0,8000.0,3200.0,0,0,0,0,2,5,NORMAL,0
6155.88,0.77,0,11,0.0843,14,5,8000.0,3200.0,0,0,0,0,2,11,NORMAL,0
33871.38,6.77,1,0,0.4543,7,2,5000.0,2000.0,1,1,0,0,86,82,EXTREME,1
7742.16,0.97,1,0,0.1389,10,1,8000.0,3200.0,0,0,0,0,2,7,NORMAL,0
3762.95,0.47,0,10,0.1098,20,5,8000.0,3200.0,0,0,0,0,7,7,NORMAL,0
49219.56,9.84,1,0,0.8901,21,3,5000.0,2000.0,1,1,1,1,93,84,EXTREME,1
8756.3,5.84,1,0,0.2886,0,5,1500.0,600.0,1,0,1,0,63,42,SUSPICIOUS,1
2538.37,0.85,0,17,0.192,11,5,3000.0,1200.0,0,0,1,0,0,6,NORMAL,0
15000.0,10.0,1,0,0.7697,8,0,1500.0,600.0,1,1,1,1,85,85,EXTREME,1
30474.68,3.81,1,0,0.5388,14,4,8000.0,3200.0,0,1,1,0,19,56,SUSPICIOUS,1
3424.17,1.14,0,42,0.1735,21,3,3000.0,1200.0,0,0,1,0,11,13,NORMAL,0
5942.06,1.19,0,4,0.0624,8,2,5000.0,2000.0,0,0,1,0,5,5,NORMAL,0
45621.57,3.8,1,0,0.333,4,2,12000.0,4800.0,1,1,0,0,71,79,SUSPICIOUS,1
9355.62,0.78,0,28,0.242,11,1,12000.0,4800.0,0,0,0,0,7,8,NORMAL,0
50466.25,10.09,1,0,0.8526,3,0,5000.0,2000.0,1,1,1,0,93,91,EXTREME,1
15982.7,3.2,1,0,0.2972,1,6,5000.0,2000.0,0,1,0,0,48,53,SUSPICIOUS,1
10181.81,0.85,0,14,0.1993,11,3,12000.0,4800.0,0,0,0,0,6,1,NORMAL,0
7747.46,0.97,0,3,0.2498,7,2,8000.0,3200.0,0,0,0,0,13,0,NORMAL,0
5593.76,0.7,1,0,0.1939,7,3,8000.0,3200.0,0,0,0,0,12,7,NORMAL,0
11760.06,3.92,1,0,0.2456,3,3,3000.0,1200.0,0,1,0,1,15,75,SUSPICIOUS,1
79001.16,9.88,1,0,1.0696,1,0,8000.0,3200.0,1,1,1,1,91,94,EXTREME,1
5626.37,0.7,0,36,0.1972,22,3,8000.0,3200.0,0,0,0,0,15,9,NORMAL,0
6588.34,0.55,0,18,0.0715,9,1,12000.0,4800.0,0,0,0,0,2,14,NORMAL,0
12070.25,1.01,0,16,0.1211,16,2,12000.0,4800.0,0,0,0,0,15,14,NORMAL,0
2002.3,1.33,0,5,0.0795,17,6,1500.0,600.0,0,0,0,0,3,1,NORMAL,0
7561.2,5.04,0,2,0.2823,23,4,1500.0,600.0,1,1,0,1,74,52,SUSPICIOUS,1
9845.39,1.23,0,28,0.0863,9,0,8000.0,3200.0,0,0,0,0,14,3,NORMAL,0
2410.16,0.8,0,37,0.0593,7,1,3000.0,1200.0,0,0,0,0,11,9,NORMAL,0
39060.07,3.26,1,0,0.4847,1,3,12000.0,4800.0,1,0,1,0,73,5,SUSPICIOUS,1
13655.53,2.73,0,3,0.2709,1,0,5000.0,2000.0,0,1,0,0,49,59,SUSPICIOUS,0
4417.81,0.55,0,33,0.1996,9,2,8000.0,3200.0,0,0,0,0,10,5,NORMAL,0
15000.0,10.0,1,0,1.1149,18,1,1500.0,600.0,1,1,1,0,88,92,EXTREME,1
3367.3,0.67,0,9,0.1523,8,5,5000.0,2000.0,0,0,0,0,3,14,NORMAL,0
1320.14,0.88,0,31,0.1664,16,2,1500.0,600.0,0,0,0,0,1,10,NORMAL,0
1355.62,0.9,0,40,0.1478,22,1,1500.0,600.0,0,0,0,0,11,10,NORMAL,0
3271.96,1.09,0,13,0.2348,16,1,3000.0,1200.0,0,0,0,0,11,6,NORMAL,0
2581.53,0.86,0,10,0.0503,8,3,3000.0,1200.0,0,0,0,0,13,0,NORMAL,0
13269.78,2.65,1,0,0.5227,0,0,5000.0,2000.0,1,0,1,0,60,4,SUSPICIOUS,1
13952.37,1.16,0,18,0.0671,10,0,12000.0,4800.0,0,0,0,0,14,4,NORMAL,0
12473.9,4.16,1,0,0.3814,14,2,3000.0,1200.0,1,1,0,1,53,73,SUSPICIOUS,1
78141.11,6.51,1,0,0.5773,15,5,12000.0,4800.0,1,1,1,1,83,78,EXTREME,1
8331.52,0.69,0,38,0.2301,20,2,12000.0,4800.0,0,0,0,0,7,0,NORMAL,0
2815.64,0.94,0,20,0.1749,14,4,3000.0,1200.0,0,0,0,0,12,7,NORMAL,0
11592.19,0.97,0,19,0.2177,19,6,12000.0,4800.0,0,0,0,0,15,13,NORMAL,0
34933.29,4.37,1,0,0.4433,19,3,8000.0,3200.0,1,1,0,1,52,59,SUSPICIOUS,1
5491.11,0.69,0,19,0.0944,10,0,8000.0,3200.0,0,0,0,0,5,12,NORMAL,0
1511.05,1.01,0,17,0.1237,18,6,1500.0,600.0,0,0,0,0,9,13,NORMAL,0
5660.74,1.13,0,40,0.2403,18,5,5000.0,2000.0,0,0,0,0,9,1,NORMAL,0
481.61,0.16,0,5,0.202,17,0,3000.0,1200.0,0,0,0,0,8,3,NORMAL,0
1472.65,0.98,0,8,0.223,11,2,1500.0,600.0,0,0,0,0,1,12,NORMAL,0
1035.91,0.69,0,10,0.0962,12,5,1500.0,600.0,0,0,0,0,8,10,NORMAL,0
12320.93,1.03,0,37,0.1776,7,5,12000.0,4800.0,0,0,0,0,12,6,NORMAL,0
43424.85,5.43,1,0,0.4853,2,5,8000.0,3200.0,0,0,0,0,40,2,SUSPICIOUS,1
4562.16,0.91,0,33,0.1227,12,4,5000.0,2000.0,0,0,1,0,4,8,NORMAL,0
15437.19,3.09,0,1,0.5549,2,4,5000.0,2000.0,0,0,1,0,48,41,SUSPICIOUS,0
18343.52,6.11,1,0,0.6425,5,2,3000.0,1200.0,1,1,0,1,89,95,EXTREME,1
10344.52,0.86,0,32,0.1486,13,0,12000.0,4800.0,0,0,0,0,12,13,NORMAL,0
2908.48,0.97,0,35,0.1918,7,2,3000.0,1200.0,0,0,0,0,10,15,NORMAL,0
831.23,0.55,0,42,0.1802,16,1,1500.0,600.0,0,0,0,0,10,3,NORMAL,0
12270.28,1.02,0,13,0.2087,17,4,12000.0,4800.0,0,0,0,0,11,12,NORMAL,0
1960.79,0.65,0,32,0.187,7,5,3000.0,1200.0,0,0,1,0,13,13,NORMAL,0
2293.88,0.46,0,32,0.1167,21,3,5000.0,2000.0,0,0,0,0,5,15,NORMAL,0
926.72,0.62,0,36,0.1309,12,1,1500.0,600.0,0,0,1,0,5,5,NORMAL,0
9785.46,0.82,0,22,0.1419,12,5,12000.0,4800.0,0,0,0,0,15,13,NORMAL,0
1868.58,1.25,0,20,0.228,20,4,1500.0,600.0,0,0,0,0,2,15,NORMAL,0
7550.36,0.94,0,22,0.2431,17,1,8000.0,3200.0,0,0,0,0,9,10,NORMAL,0
1438.11,0.96,0,8,0.2005,9,3,1500.0,600.0,0,0,0,0,14,1,NORMAL,0
2453.17,0.82,0,28,0.0657,17,3,3000.0,1200.0,0,0,0,0,5,0,NORMAL,0
1701.55,1.13,0,22,0.0646,19,6,1500.0,600.0,0,0,0,0,15,4,NORMAL,0
54710.94,6.84,1,0,0.8948,3,3,8000.0,3200.0,1,1,1,0,86,80,EXTREME,1
17119.75,5.71,1,0,0.609,4,1,3000.0,1200.0,1,1,0,0,91,79,EXTREME,1
5161.64,3.44,1,0,0.4358,1,5,1500.0,600.0,1,1,0,0,64,53,SUSPICIOUS,1
3374.38,0.42,0,19,0.0537,9,6,8000.0,3200.0,0,0,0,0,7,7,NORMAL,0
3700.18,0.74,0,9,0.0416,13,6,5000.0,2000.0,0,0,0,0,13,2,NORMAL,0
15568.32,1.3,0,3,0.0655,18,3,12000.0,4800.0,0,0,0,0,10,8,NORMAL,0
2562.68,0.85,0,43,0.1178,22,5,3000.0,1200.0,0,0,0,0,0,6,NORMAL,0
7509.55,0.94,0,43,0.1547,11,2,8000.0,3200.0,0,0,0,0,9,12,NORMAL,0
1522.06,1.01,0,10,0.1721,9,5,1500.0,600.0,0,0,0,0,6,12,NORMAL,0
57439.06,11.49,1,0,0.5162,15,3,5000.0,2000.0,1,1,1,1,86,91,EXTREME,1
54985.92,11.0,1,0,1.0174,9,1,5000.0,2000.0,1,1,1,0,82,76,EXTREME,1
70341.63,5.86,0,2,0.5536,19,4,12000.0,4800.0,1,1,0,0,61,57,SUSPICIOUS,1
3963.9,0.79,0,8,0.0493,11,1,5000.0,2000.0,0,0,1,0,7,12,NORMAL,0
1960.18,1.31,0,17,0.0867,12,6,1500.0,600.0,0,0,0,0,5,8,NORMAL,0
4680.12,0.94,0,13,0.1003,9,4,5000.0,2000.0,0,0,0,0,8,12,NORMAL,0
6081.53,0.76,0,32,0.1739,20,1,8000.0,3200.0,0,0,0,0,13,2,NORMAL,0
11824.23,3.94,1,0,0.226,19,4,3000.0,1200.0,0,1,1,0,13,80,SUSPICIOUS,1
41676.17,5.21,1,0,0.8434,14,5,8000.0,3200.0,1,1,0,0,98,92,EXTREME,1
2114.89,0.7,0,16,0.2205,19,1,3000.0,1200.0,0,0,0,0,14,4,NORMAL,0
2702.97,0.9,0,9,0.0858,21,3,3000.0,1200.0,0,0,0,0,11,4,NORMAL,0
2873.24,0.96,0,20,0.0696,19,6,3000.0,1200.0,0,0,0,0,9,9,NORMAL,0
823.03,0.55,0,44,0.0563,14,5,1500.0,600.0,0,0,0,0,4,7,NORMAL,0
17637.61,5.88,1,0,0.2393,4,4,3000.0,1200.0,0,0,0,0,11,19,SUSPICIOUS,1
718.56,0.24,0,42,0.0882,20,3,3000.0,1200.0,0,0,0,0,13,15,NORMAL,0
5994.66,0.75,0,43,0.1034,8,3,8000.0,3200.0,0,0,0,0,1,4,NORMAL,0
5785.94,0.72,1,0,0.1087,7,1,8000.0,3200.0,0,0,0,0,2,12,NORMAL,0
2448.15,0.82,0,7,0.2493,12,0,3000.0,1200.0,0,0,0,0,13,2,NORMAL,0
10054.51,0.84,0,24,0.0813,7,4,12000.0,4800.0,0,0,0,0,8,11,NORMAL,0
7198.76,0.9,1,0,0.1326,18,0,8000.0,3200.0,0,0,0,0,0,12,NORMAL,0
22761.04,7.59,1,0,0.798,21,5,3000.0,1200.0,1,1,0,0,84,70,EXTREME,1
52849.41,4.4,1,0,1.0396,2,1,12000.0,4800.0,1,1,1,0,100,82,EXTREME,1
5108.74,0.64,0,21,0.0522,18,1,8000.0,3200.0,0,0,1,0,2,8,NORMAL,0
67637.27,5.64,1,0,0.463,23,4,12000.0,4800.0,0,0,1,0,7,49,SUSPICIOUS,1
2427.28,0.81,0,14,0.0617,7,1,3000.0,1200.0,0,0,1,0,2,6,NORMAL,0
2287.53,0.76,0,29,0.2322,19,5,3000.0,1200.0,0,0,0,0,7,3,NORMAL,0
5766.94,1.15,0,37,0.1816,20,0,5000.0,2000.0,0,0,1,0,15,6,NORMAL,0
8369.8,1.05,0,38,0.2009,10,0,8000.0,3200.0,0,0,0,0,12,2,NORMAL,0
1792.5,0.6,0,39,0.0827,8,3,3000.0,1200.0,0,0,1,0,6,1,NORMAL,0
17276.44,5.76,1,0,0.711,15,1,3000.0,1200.0,1,1,1,0,85,79,EXTREME,1
14033.85,4.68,0,3,0.2666,4,0,3000.0,1200.0,0,1,1,1,3,65,SUSPICIOUS,1
33860.61,6.77,1,0,1.0508,0,4,5000.0,2000.0,1,1,1,1,98,82,EXTREME,1
3980.11,0.5,0,4,0.1106,22,3,8000.0,3200.0,0,0,0,0,12,11,NORMAL,0
1180.17,0.79,0,3,0.1367,18,5,1500.0,600.0,0,0,0,0,0,0,NORMAL,0
359.36,0.24,0,16,0.1292,19,6,1500.0,600.0,0,0,0,0,9,4,NORMAL,0
37245.1,3.1,0,2,0.5927,14,3,12000.0,4800.0,1,1,0,0,66,68,SUSPICIOUS,1
8774.17,1.1,0,38,0.2245,7,2,8000.0,3200.0,0,0,0,0,6,13,NORMAL,0
8098.35,2.7,1,0,0.5372,14,5,3000.0,1200.0,1,1,0,0,64,66,SUSPICIOUS,1
1999.5,0.67,0,4,0.1355,16,0,3000.0,1200.0,0,0,0,0,6,6,NORMAL,0
4308.4,0.86,0,32,0.1267,22,3,5000.0,2000.0,0,0,0,0,10,10,NORMAL,0
2025.32,0.68,0,13,0.0839,18,5,3000.0,1200.0,0,0,0,0,5,14,NORMAL,0
2322.26,0.46,0,32,0.0414,16,6,5000.0,2000.0,0,0,0,0,9,2,NORMAL,0
7872.89,5.25,0,3,0.536,3,3,1500.0,600.0,0,0,0,0,10,16,SUSPICIOUS,1
30812.26,3.85,1,0,0.3786,2,5,8000.0,3200.0,0,0,1,0,2,4,SUSPICIOUS,1
12856.58,1.07,0,10,0.2183,9,3,12000.0,4800.0,0,0,0,0,10,15,NORMAL,0
56090.57,4.67,1,0,0.4236,3,5,12000.0,4800.0,0,0,0,0,7,11,SUSPICIOUS,1
1391.74,0.93,0,13,0.1716,7,5,1500.0,600.0,0,0,0,0,10,15,NORMAL,0
1952.61,0.65,0,12,0.118,17,1,3000.0,1200.0,0,0,0,0,8,13,NORMAL,0
6878.45,0.86,0,4,0.0511,15,6,8000.0,3200.0,0,0,0,0,0,5,NORMAL,0
34244.35,6.85,1,0,0.8643,14,5,5000.0,2000.0,1,1,0,1,89,90,EXTREME,1
8387.24,1.05,0,27,0.0601,11,4,8000.0,3200.0,0,0,0,0,12,15,NORMAL,0
2581.47,0.52,0,42,0.228,15,4,5000.0,2000.0,0,0,0,0,6,9,NORMAL,0
6551.85,0.82,0,18,0.09,17,2,8000.0,3200.0,0,0,0,0,8,9,NORMAL,0
1857.66,0.62,0,3,0.2177,11,6,3000.0,1200.0,0,0,0,0,15,11,NORMAL,0
2495.68,0.83,0,38,0.155,16,1,3000.0,1200.0,0,0,0,0,15,2,NORMAL,0
1665.42,1.11,0,14,0.1133,22,5,1500.0,600.0,0,0,0,0,4,8,NORMAL,0
38943.88,4.87,1,0,0.6097,19,3,8000.0,3200.0,1,1,0,0,84,71,EXTREME,1
12159.02,1.01,0,38,0.1544,15,3,12000.0,4800.0,0,0,0,0,12,9,NORMAL,0
12539.03,1.04,0,14,0.1585,8,5,12000.0,4800.0,0,0,0,0,5,14,NORMAL,0
1321.74,0.88,0,33,0.0794,17,2,1500.0,600.0,0,0,0,0,13,6,NORMAL,0
16005.53,1.33,0,29,0.0591,8,2,12000.0,4800.0,0,0,0,0,3,3,NORMAL,0
71667.3,5.97,1,0,0.209,0,2,12000.0,4800.0,1,0,0,1,67,19,SUSPICIOUS,1
7399.33,4.93,0,1,0.4943,3,3,1500.0,600.0,0,0,1,0,18,0,SUSPICIOUS,1
3255.16,0.65,0,32,0.1986,21,3,5000.0,2000.0,0,0,0,0,10,1,NORMAL,0
88812.35,7.4,1,0,0.9269,23,3,12000.0,4800.0,1,1,0,1,84,95,EXTREME,1
9281.88,1.16,0,44,0.1323,20,1,8000.0,3200.0,0,0,0,0,13,3,NORMAL,0
8492.7,1.06,0,11,0.2355,15,6,8000.0,3200.0,0,0,0,0,0,5,NORMAL,0
5810.7,0.48,0,8,0.1987,14,2,12000.0,4800.0,0,0,0,0,7,7,NORMAL,0
20914.44,4.18,0,1,0.5803,4,0,5000.0,2000.0,1,0,0,0,65,45,SUSPICIOUS,1
2732.72,0.91,0,31,0.2125,22,1,3000.0,1200.0,0,0,0,0,5,9,NORMAL,0
2599.61,0.52,0,12,0.0459,8,0,5000.0,2000.0,0,0,0,0,14,3,NORMAL,0
5650.52,1.13,0,44,0.1525,18,0,5000.0,2000.0,0,0,0,0,15,14,NORMAL,0
2840.65,0.95,0,5,0.2138,12,3,3000.0,1200.0,0,0,0,0,6,14,NORMAL,0
5915.62,1.18,1,0,0.2471,15,2,5000.0,2000.0,0,0,0,0,8,11,NORMAL,0
4835.99,3.22,1,0,0.2562,4,0,1500.0,600.0,0,1,0,0,19,71,SUSPICIOUS,1
3565.98,0.71,0,17,0.1094,22,2,5000.0,2000.0,0,0,0,0,9,14,NORMAL,0
35764.89,2.98,1,0,0.3961,14,1,12000.0,4800.0,0,0,0,1,15,2,SUSPICIOUS,1
17624.6,11.75,1,0,0.5483,15,3,1500.0,600.0,1,1,1,0,82,70,EXTREME,1
20443.27,4.09,0,2,0.3522,2,6,5000.0,2000.0,0,0,0,0,39,2,SUSPICIOUS,1
15569.37,1.3,0,27,0.2214,10,4,12000.0,4800.0,0,0,0,0,4,0,NORMAL,0
1208.77,0.81,1,0,0.0748,20,5,1500.0,600.0,0,0,0,0,9,6,NORMAL,0
5971.05,1.19,0,34,0.2444,8,3,5000.0,2000.0,0,0,0,0,15,15,NORMAL,0
17696.13,3.54,0,1,0.3825,19,5,5000.0,2000.0,0,1,1,0,18,79,SUSPICIOUS,1
4774.97,0.4,0,30,0.1333,19,2,12000.0,4800.0,0,0,0,0,8,11,NORMAL,0
39232.98,3.27,0,3,0.2916,23,0,12000.0,4800.0,0,0,0,0,5,18,SUSPICIOUS,1
25478.57,5.1,1,0,0.5857,2,5,5000.0,2000.0,0,1,1,0,11,53,SUSPICIOUS,1
9781.46,0.82,0,15,0.0444,12,6,12000.0,4800.0,0,0,0,0,0,12,NORMAL,0
5365.43,0.67,0,14,0.1498,19,6,8000.0,3200.0,0,0,0,0,4,2,NORMAL,0
8120.52,1.02,0,7,0.2085,13,2,8000.0,3200.0,0,0,0,0,8,8,NORMAL,0
1519.44,1.01,0,17,0.2156,22,1,1500.0,600.0,0,0,0,0,0,10,NORMAL,0
2897.18,0.97,0,37,0.2488,14,2,3000.0,1200.0,0,0,0,0,0,10,NORMAL,0
11790.98,3.93,0,1,0.5873,2,6,3000.0,1200.0,1,1,0,1,64,69,SUSPICIOUS,1
3848.28,2.57,1,0,0.3535,1,0,1500.0,600.0,0,0,1,1,0,20,SUSPICIOUS,1
2615.02,0.87,0,38,0.1057,10,1,3000.0,1200.0,0,0,0,0,5,3,NORMAL,0
1553.62,1.04,0,22,0.2136,12,3,1500.0,600.0,0,0,0,0,13,5,NORMAL,0
9040.26,1.13,1,0,0.0537,11,6,8000.0,3200.0,0,0,0,0,4,6,NORMAL,0
4490.85,0.9,1,0,0.2031,17,5,5000.0,2000.0,0,0,0,0,3,8,NORMAL,0
53876.52,10.78,1,0,0.4545,22,2,5000.0,2000.0,1,1,1,0,88,70,EXTREME,1
3421.21,1.14,0,34,0.1245,20,3,3000.0,1200.0,0,0,0,0,15,13,NORMAL,0
25470.66,8.49,1,0,0.9392,10,3,3000.0,1200.0,1,1,0,1,88,73,EXTREME,1
8917.86,1.11,0,33,0.0543,13,4,8000.0,3200.0,0,0,0,0,3,11,NORMAL,0
8113.01,1.01,0,10,0.2063,15,3,8000.0,3200.0,0,0,0,0,7,13,NORMAL,0
43793.86,5.47,1,0,0.2701,4,4,8000.0,3200.0,0,0,1,0,12,6,SUSPICIOUS,1
81084.87,6.76,1,0,0.4138,14,1,12000.0,4800.0,1,1,0,1,100,71,EXTREME,1
6260.18,0.52,0,9,0.0812,13,3,12000.0,4800.0,0,0,0,0,9,6,NORMAL,0
21465.44,4.29,0,1,0.2737,1,0,5000.0,2000.0,1,1,1,0,68,58,SUSPICIOUS,1
55390.16,11.08,1,0,0.8944,13,5,5000.0,2000.0,1,1,1,1,92,76,EXTREME,1
7981.38,1.0,0,40,0.2034,10,5,8000.0,3200.0,0,0,0,0,6,0,NORMAL,0
40798.94,8.16,1,0,1.0176,4,2,5000.0,2000.0,1,1,0,1,93,72,EXTREME,1
69232.98,5.77,1,0,0.5856,2,2,12000.0,4800.0,1,1,1,0,99,93,EXTREME,1
746.63,0.5,0,35,0.0503,21,1,1500.0,600.0,0,0,0,0,10,9,NORMAL,0
62036.84,5.17,1,0,0.2099,19,3,12000.0,4800.0,0,0,1,0,19,2,SUSPICIOUS,1
6251.45,0.78,0,27,0.1284,10,1,8000.0,3200.0,0,0,0,0,13,15,NORMAL,0
9228.35,0.77,0,11,0.1822,12,4,12000.0,4800.0,0,0,0,0,15,2,NORMAL,0
687.76,0.46,0,30,0.1214,20,6,1500.0,600.0,0,0,0,0,10,9,NORMAL,0
106105.58,8.84,1,0,1.1263,2,4,12000.0,4800.0,1,1,0,0,83,80,EXTREME,1
21187.15,7.06,1,0,0.8816,9,1,3000.0,1200.0,1,1,1,0,99,92,EXTREME,1
1568.07,1.05,1,0,0.1899,8,4,1500.0,600.0,0,0,0,0,6,15,NORMAL,0
8828.53,1.1,0,43,0.2448,14,5,8000.0,3200.0,0,0,0,1,12,7,NORMAL,0
13980.21,1.17,0,24,0.0877,19,0,12000.0,4800.0,0,0,0,0,1,2,NORMAL,0
4362.45,0.55,0,24,0.1807,13,6,8000.0,3200.0,0,0,0,0,15,6,NORMAL,0
8100.27,0.68,0,2,0.1764,12,3,12000.0,4800.0,0,0,0,0,13,8,NORMAL,0
3173.89,1.06,0,34,0.1916,9,5,3000.0,1200.0,0,0,0,0,10,14,NORMAL,0
1545.66,1.03,0,34,0.2262,17,5,1500.0,600.0,0,0,0,0,5,1,NORMAL,0
9568.3,3.19,1,0,0.3504,2,2,3000.0,1200.0,1,1,0,0,50,69,SUSPICIOUS,1
1818.48,1.21,0,40,0.2402,22,5,1500.0,600.0,0,0,0,0,14,14,NORMAL,0
9860.49,0.82,0,36,0.2198,20,5,12000.0,4800.0,0,0,0,0,13,2,NORMAL,0
5151.45,1.03,0,4,0.2412,17,2,5000.0,2000.0,0,0,0,0,0,2,NORMAL,0
7312.65,0.91,0,20,0.1729,19,6,8000.0,3200.0,0,0,0,0,14,7,NORMAL,0
24694.92,3.09,1,0,0.533,19,2,8000.0,3200.0,1,0,0,0,50,0,SUSPICIOUS,1
102513.24,8.54,1,0,0.4051,13,6,12000.0,4800.0,1,1,1,0,95,83,EXTREME,1
47653.2,5.96,0,3,0.3655,1,2,8000.0,3200.0,0,1,0,0,48,57,SUSPICIOUS,1
6584.28,0.82,0,24,0.109,11,6,8000.0,3200.0,0,0,0,0,15,10,NORMAL,0
9007.69,0.75,0,34,0.1415,22,1,12000.0,4800.0,0,0,0,0,4,12,NORMAL,0
26914.76,5.38,1,0,0.4969,19,5,5000.0,2000.0,0,0,1,1,2,10,SUSPICIOUS,1
3610.16,0.72,0,24,0.1854,10,2,5000.0,2000.0,0,0,0,0,15,1,NORMAL,0
6182.64,1.24,0,14,0.0572,8,0,5000.0,2000.0,0,0,0,0,3,7,NORMAL,0
33217.42,2.77,0,2,0.3683,4,2,12000.0,4800.0,0,1,0,0,17,68,SUSPICIOUS,1
2584.81,0.86,1,0,0.1638,22,6,3000.0,1200.0,0,0,1,0,11,13,NORMAL,0
3095.1,0.62,1,0,0.1724,18,1,5000.0,2000.0,0,0,0,0,1,14,NORMAL,0
11893.75,3.96,1,0,0.5312,3,2,3000.0,1200.0,1,1,1,0,55,79,SUSPICIOUS,1
64065.85,5.34,1,0,1.0713,23,4,12000.0,4800.0,1,1,0,0,87,85,EXTREME,1
15281.25,1.27,1,0,0.0494,9,0,12000.0,4800.0,0,0,0,0,0,13,NORMAL,0
132272.92,11.02,1,0,0.9525,0,5,12000.0,4800.0,1,1,0,0,87,94,EXTREME,1
15000.0,5.0,1,0,0.5599,16,6,3000.0,1200.0,1,1,1,1,93,77,EXTREME,1
7051.89,4.7,0,2,0.482,4,5,1500.0,600.0,1,0,0,0,67,19,SUSPICIOUS,1
12770.06,1.06,0,33,0.0617,12,2,12000.0,4800.0,0,0,0,0,2,0,NORMAL,0
9444.81,1.18,0,20,0.2022,10,0,8000.0,3200.0,0,0,0,0,14,10,NORMAL,0
7652.54,2.55,0,2,0.5587,19,2,3000.0,1200.0,1,0,0,1,64,20,SUSPICIOUS,1
4801.93,0.4,1,0,0.053,19,3,12000.0,4800.0,0,0,0,0,1,5,NORMAL,0
27806.7,3.48,1,0,0.2283,19,3,8000.0,3200.0,1,0,1,0,58,13,SUSPICIOUS,1
8128.99,0.68,0,35,0.0931,15,5,12000.0,4800.0,0,0,0,0,12,7,NORMAL,0
11523.25,0.96,0,26,0.2301,10,0,12000.0,4800.0,0,0,0,0,5,3,NORMAL,0
3478.38,0.7,0,25,0.0739,8,2,5000.0,2000.0,0,0,0,0,14,9,NORMAL,0
3073.93,1.02,0,10,0.1298,15,5,3000.0,1200.0,0,0,0,0,15,13,NORMAL,0
128303.04,10.69,1,0,0.7018,15,3,12000.0,4800.0,1,1,1,0,97,76,EXTREME,1
3399.35,0.68,1,0,0.2012,9,1,5000.0,2000.0,0,0,0,0,8,13,NORMAL,0
20319.61,6.77,1,0,0.8704,16,4,3000.0,1200.0,1,1,0,1,99,70,EXTREME,1
3107.91,0.62,0,5,0.0989,13,6,5000.0,2000.0,0,0,0,0,15,9,NORMAL,0
443.52,0.3,0,31,0.1495,13,3,1500.0,600.0,0,0,0,0,4,12,NORMAL,0
3336.46,0.67,0,14,0.1216,10,4,5000.0,2000.0,0,0,0,0,4,8,NORMAL,0
3023.79,0.6,0,35,0.178,18,2,5000.0,2000.0,0,0,0,0,4,13,NORMAL,0
15374.18,5.12,1,0,0.388,23,2,3000.0,1200.0,1,0,0,0,74,41,SUSPICIOUS,1
38831.45,4.85,0,1,0.3305,2,6,8000.0,3200.0,0,0,1,0,7,0,SUSPICIOUS,1
34022.32,6.8,1,0,1.09,1,4,5000.0,2000.0,1,1,0,1,83,76,EXTREME,1
13053.06,1.09,0,35,0.0562,13,4,12000.0,4800.0,0,0,0,0,0,10,NORMAL,0
3849.76,0.77,0,13,0.1302,18,3,5000.0,2000.0,0,0,0,0,10,13,NORMAL,0
4728.43,0.95,0,19,0.1615,8,0,5000.0,2000.0,0,0,0,0,10,7,NORMAL,0
25698.96,3.21,0,1,0.3832,19,2,8000.0,3200.0,1,1,1,0,64,62,SUSPICIOUS,1
770.67,0.51,0,33,0.2081,7,4,1500.0,600.0,0,0,0,0,0,6,NORMAL,0
30299.28,3.79,1,0,0.316,23,1,8000.0,3200.0,0,1,0,0,5,79,SUSPICIOUS,1
1571.6,0.31,0,36,0.0923,21,1,5000.0,2000.0,0,0,0,0,12,2,NORMAL,0
36436.14,4.55,0,2,0.5653,1,6,8000.0,3200.0,0,1,0,1,9,55,SUSPICIOUS,1
1037.78,0.35,0,25,0.0452,19,6,3000.0,1200.0,0,0,1,0,3,4,NORMAL,0
1393.31,0.93,0,10,0.0929,11,3,1500.0,600.0,0,0,0,0,15,14,NORMAL,0
1598.27,1.07,0,33,0.055,12,1,1500.0,600.0,0,0,0,1,7,3,NORMAL,0
1233.18,0.82,0,8,0.1704,8,2,1500.0,600.0,0,0,0,0,1,11,NORMAL,0
9538.23,1.19,0,13,0.133,22,2,8000.0,3200.0,0,0,0,0,5,2,NORMAL,0
2254.38,0.75,0,39,0.1638,21,1,3000.0,1200.0,0,0,0,0,2,12,NORMAL,0
2758.11,0.92,1,0,0.1519,10,1,3000.0,1200.0,0,0,0,0,10,9,NORMAL,0
3328.1,1.11,0,28,0.1914,8,5,3000.0,1200.0,0,0,0,0,3,12,NORMAL,0
7303.85,0.61,0,40,0.1041,22,3,12000.0,4800.0,0,0,0,0,10,12,NORMAL,0
5662.71,1.13,0,29,0.1495,15,3,5000.0,2000.0,0,0,0,0,7,8,NORMAL,0
27004.82,5.4,1,0,0.372,2,4,5000.0,2000.0,1,1,1,0,60,73,SUSPICIOUS,1
2237.46,0.75,0,19,0.1027,10,1,3000.0,1200.0,0,0,0,0,10,15,NORMAL,0
10863.91,0.91,0,15,0.1325,7,4,12000.0,4800.0,0,0,0,0,12,8,NORMAL,0
6929.44,1.39,0,32,0.2171,20,2,5000.0,2000.0,0,0,0,0,0,10,NORMAL,0
11132.82,0.93,0,22,0.1836,16,0,12000.0,4800.0,0,0,0,0,2,8,NORMAL,0
2475.14,0.83,0,37,0.0787,16,1,3000.0,1200.0,0,0,0,0,7,8,NORMAL,0
4184.15,2.79,1,0,0.3661,1,6,1500.0,600.0,0,1,0,1,5,54,SUSPICIOUS,1
38316.93,7.66,1,0,0.8144,4,2,5000.0,2000.0,1,1,1,0,86,90,EXTREME,1
15000.0,10.0,1,0,1.0322,15,0,1500.0,600.0,1,1,1,0,89,86,EXTREME,1
39070.71,4.88,1,0,0.4403,19,6,8000.0,3200.0,1,1,1,1,74,65,SUSPICIOUS,1
1554.51,1.04,0,41,0.2285,13,6,1500.0,600.0,0,0,0,0,13,14,NORMAL,0
115631.66,9.64,1,0,0.756,3,3,12000.0,4800.0,1,1,0,1,86,84,EXTREME,1
8590.66,5.73,0,2,0.4021,1,0,1500.0,600.0,0,1,1,0,12,79,SUSPICIOUS,1
41015.35,5.13,1,0,0.2853,1,4,8000.0,3200.0,0,1,1,1,43,56,SUSPICIOUS,1
6535.15,0.82,0,11,0.0995,19,2,8000.0,3200.0,0,0,0,0,14,12,NORMAL,0
6969.6,0.87,0,42,0.0648,10,3,8000.0,3200.0,0,0,0,0,2,5,NORMAL,0
58774.81,4.9,1,0,0.4862,18,4,12000.0,4800.0,1,1,1,0,96,89,EXTREME,1
13563.47,1.13,0,45,0.2057,10,4,12000.0,4800.0,0,0,0,0,12,4,NORMAL,0
1148.67,0.77,0,43,0.1348,12,0,1500.0,600.0,0,0,0,0,12,15,NORMAL,0
714.28,0.48,0,40,0.0727,9,0,1500.0,600.0,0,0,0,0,0,2,NORMAL,0
6486.5,0.54,0,19,0.1761,12,1,12000.0,4800.0,0,0,0,0,13,15,NORMAL,0
4824.85,0.96,0,33,0.0509,19,3,5000.0,2000.0,0,0,0,0,12,1,NORMAL,0
66447.13,8.31,1,0,1.1866,20,0,8000.0,3200.0,1,1,1,0,80,84,EXTREME,1
6985.98,0.58,0,39,0.212,12,2,12000.0,4800.0,0,0,0,0,10,12,NORMAL,0
11154.77,0.93,0,35,0.1284,21,6,12000.0,4800.0,0,0,0,0,11,12,NORMAL,0
26997.33,9.0,1,0,0.8562,0,2,3000.0,1200.0,1,1,1,1,98,86,EXTREME,1
1151.79,0.77,0,10,0.1929,12,2,1500.0,600.0,0,0,0,0,4,2,NORMAL,0
1788.73,1.19,0,42,0.0969,9,1,1500.0,600.0,0,0,0,0,9,14,NORMAL,0
1464.37,0.98,0,12,0.2354,9,5,1500.0,600.0,0,0,0,0,15,9,NORMAL,0
9816.85,1.23,0,29,0.1491,12,2,8000.0,3200.0,0,0,0,0,9,10,NORMAL,0
8013.53,0.67,0,24,0.1113,14,1,12000.0,4800.0,0,0,0,0,9,5,NORMAL,0
961.85,0.64,0,19,0.0543,9,0,1500.0,600.0,0,0,0,1,11,5,NORMAL,0
3740.0,1.25,0,44,0.1616,16,3,3000.0,1200.0,0,0,0,0,5,12,NORMAL,0
2461.63,0.49,0,34,0.1907,15,1,5000.0,2000.0,0,0,0,0,0,3,NORMAL,0
121513.22,10.13,1,0,0.56,4,4,12000.0,4800.0,1,1,1,1,86,92,EXTREME,1
7010.37,0.88,0,15,0.1321,22,0,8000.0,3200.0,0,0,0,0,6,3,NORMAL,0
10574.29,0.88,0,27,0.2142,14,2,12000.0,4800.0,0,0,0,0,7,11,NORMAL,0
823.99,0.55,0,4,0.195,16,6,1500.0,600.0,0,0,0,0,8,15,NORMAL,0
12052.86,1.0,0,29,0.1828,12,0,12000.0,4800.0,0,0,0,0,6,10,NORMAL,0
13867.04,1.16,0,10,0.0791,7,4,12000.0,4800.0,0,0,1,0,8,8,NORMAL,0
6473.19,0.81,1,0,0.1491,15,6,8000.0,3200.0,0,0,0,0,5,7,NORMAL,0
113070.05,9.42,1,0,0.9808,7,1,12000.0,4800.0,1,1,0,1,90,86,EXTREME,1
7161.82,0.9,0,14,0.0656,9,4,8000.0,3200.0,0,0,0,0,3,10,NORMAL,0
11878.22,0.99,0,26,0.2224,19,3,12000.0,4800.0,0,0,0,0,13,8,NORMAL,0
7517.77,0.94,0,28,0.1871,12,6,8000.0,3200.0,0,0,0,0,7,7,NORMAL,0
5226.74,1.05,1,0,0.2466,19,2,5000.0,2000.0,0,0,0,0,11,12,NORMAL,0
6552.66,0.82,0,38,0.058,12,6,8000.0,3200.0,0,0,0,0,4,11,NORMAL,0
1063.99,0.71,0,34,0.1487,14,3,1500.0,600.0,0,0,0,0,15,10,NORMAL,0
1028.48,0.69,0,12,0.2063,8,6,1500.0,600.0,0,0,0,0,12,7,NORMAL,0
976.69,0.65,0,20,0.2224,16,4,1500.0,600.0,0,0,1,0,5,1,NORMAL,0
2796.23,0.93,0,32,0.0882,12,5,3000.0,1200.0,0,0,0,0,10,7,NORMAL,0
2294.25,0.76,0,13,0.0731,20,1,3000.0,1200.0,0,0,0,0,10,10,NORMAL,0
4044.93,0.81,0,19,0.0585,13,2,5000.0,2000.0,0,0,0,0,4,13,NORMAL,0
4830.7,0.97,0,21,0.2487,10,0,5000.0,2000.0,0,0,0,0,2,11,NORMAL,0
1645.62,1.1,0,15,0.1045,15,5,1500.0,600.0,0,0,0,0,3,9,NORMAL,0
7956.14,0.99,0,41,0.0852,17,3,8000.0,3200.0,0,0,0,0,14,13,NORMAL,0
1319.93,0.44,0,32,0.057,9,5,3000.0,1200.0,0,0,0,0,15,0,NORMAL,0
3240.15,0.65,0,11,0.0868,22,6,5000.0,2000.0,0,0,0,0,1,9,NORMAL,0
16564.36,5.52,1,0,0.5614,2,6,3000.0,1200.0,1,1,0,0,63,67,SUSPICIOUS,1
25327.41,5.07,1,0,0.3935,3,6,5000.0,2000.0,0,0,0,0,36,7,SUSPICIOUS,1
34958.3,4.37,1,0,0.9208,1,2,8000.0,3200.0,1,1,1,0,83,95,EXTREME,1
8958.82,0.75,1,0,0.1697,7,3,12000.0,4800.0,0,0,0,0,3,11,NORMAL,0
7940.25,5.29,1,0,0.4399,1,2,1500.0,600.0,0,0,0,1,14,15,SUSPICIOUS,1
45986.14,3.83,1,0,0.2357,19,0,12000.0,4800.0,1,0,0,0,71,1,SUSPICIOUS,1
18408.72,6.14,1,0,0.7737,1,1,3000.0,1200.0,1,1,0,0,89,88,EXTREME,1
3915.09,0.49,1,0,0.0406,17,4,8000.0,3200.0,0,0,0,0,4,14,NORMAL,0
24262.53,4.85,1,0,0.3248,2,1,5000.0,2000.0,1,1,1,0,57,66,SUSPICIOUS,1
34041.74,4.26,1,0,0.5962,3,4,8000.0,3200.0,0,1,0,0,37,60,SUSPICIOUS,1
3501.96,1.17,0,37,0.1936,10,5,3000.0,1200.0,0,0,0,1,4,2,NORMAL,0
9570.23,0.8,0,17,0.2476,15,4,12000.0,4800.0,0,0,0,0,0,1,NORMAL,0
3041.78,0.61,0,7,0.0729,22,1,5000.0,2000.0,0,0,0,0,6,5,NORMAL,0
8450.9,1.06,0,3,0.2344,20,6,8000.0,3200.0,0,0,0,0,10,14,NORMAL,0
90779.59,11.35,1,0,1.1803,4,1,8000.0,3200.0,1,1,0,0,94,93,EXTREME,1
27005.22,5.4,1,0,0.2459,1,1,5000.0,2000.0,0,1,1,0,0,54,SUSPICIOUS,1
11061.58,0.92,0,11,0.1838,10,4,12000.0,4800.0,0,0,0,0,3,3,NORMAL,0
36231.57,3.02,1,0,0.5388,1,3,12000.0,4800.0,1,1,1,1,61,60,SUSPICIOUS,1
10846.99,0.9,0,10,0.1174,13,6,12000.0,4800.0,0,0,0,0,3,0,NORMAL,0
4854.8,3.24,0,3,0.3149,0,1,1500.0,600.0,1,0,0,0,73,13,SUSPICIOUS,1
7671.37,0.96,0,29,0.0608,9,5,8000.0,3200.0,0,0,0,0,6,2,NORMAL,0
1377.37,0.92,0,27,0.1044,19,2,1500.0,600.0,0,0,0,0,2,6,NORMAL,0
10927.36,0.91,0,31,0.0784,22,5,12000.0,4800.0,0,0,0,0,9,6,NORMAL,0
15000.0,10.0,1,0,0.9251,18,0,1500.0,600.0,1,1,1,1,93,74,EXTREME,1
6173.56,1.23,0,31,0.0875,10,3,5000.0,2000.0,0,0,0,0,7,14,NORMAL,0
1616.72,1.08,0,33,0.0698,10,0,1500.0,600.0,0,0,0,0,2,8,NORMAL,0
1078.71,0.72,0,3,0.1883,19,6,1500.0,600.0,0,0,0,0,13,0,NORMAL,0
9386.3,1.17,0,35,0.1505,15,0,8000.0,3200.0,0,0,0,0,6,12,NORMAL,0
4502.18,3.0,1,0,0.5869,0,0,1500.0,600.0,0,1,1,0,42,79,SUSPICIOUS,1
33163.52,4.15,1,0,0.3276,14,1,8000.0,3200.0,1,1,1,0,69,50,SUSPICIOUS,1
7710.09,0.96,0,33,0.073,9,6,8000.0,3200.0,0,0,0,0,0,12,NORMAL,0
3916.79,1.31,0,20,0.1394,15,6,3000.0,1200.0,0,0,0,0,10,0,NORMAL,0
4980.97,3.32,1,0,0.2786,2,6,1500.0,600.0,0,0,0,0,6,45,SUSPICIOUS,1
6998.99,1.4,0,4,0.0898,9,2,5000.0,2000.0,0,0,0,0,11,6,NORMAL,0
55586.52,11.12,1,0,0.7564,2,6,5000.0,2000.0,1,1,1,0,81,78,EXTREME,1
68420.56,8.55,1,0,1.0668,18,5,8000.0,3200.0,1,1,1,0,84,75,EXTREME,1
5329.2,1.07,0,14,0.0666,8,4,5000.0,2000.0,0,0,0,0,12,12,NORMAL,0
1780.8,1.19,0,37,0.055,20,0,1500.0,600.0,0,0,0,0,10,11,NORMAL,0
1670.08,0.33,0,27,0.1073,17,6,5000.0,2000.0,0,0,0,0,12,14,NORMAL,0
36564.11,4.57,0,3,0.5521,4,4,8000.0,3200.0,0,1,0,1,5,69,SUSPICIOUS,1
11291.52,0.94,0,21,0.186,16,4,12000.0,4800.0,0,0,0,0,6,10,NORMAL,0
30491.55,2.54,1,0,0.2372,14,1,12000.0,4800.0,0,1,0,0,48,68,SUSPICIOUS,1
22026.19,4.41,1,0,0.3956,0,6,5000.0,2000.0,0,1,1,1,9,51,SUSPICIOUS,1
31990.29,2.67,0,3,0.4964,23,3,12000.0,4800.0,1,1,0,0,50,77,SUSPICIOUS,1
2809.53,0.94,0,2,0.2016,17,1,3000.0,1200.0,0,0,0,0,13,10,NORMAL,0
2545.06,0.85,0,4,0.1295,16,6,3000.0,1200.0,0,0,0,0,5,0,NORMAL,0
9260.72,1.16,0,10,0.0614,16,0,8000.0,3200.0,0,0,0,1,13,7,NORMAL,0
7768.65,0.97,0,26,0.1486,12,6,8000.0,3200.0,0,0,0,0,1,7,NORMAL,0
27024.01,5.4,1,0,0.4516,23,0,5000.0,2000.0,0,1,0,0,4,80,SUSPICIOUS,1
2056.81,0.69,0,14,0.2392,11,6,3000.0,1200.0,0,0,0,0,10,1,NORMAL,0
6296.97,4.2,0,2,0.2296,0,6,1500.0,600.0,1,0,0,0,51,13,SUSPICIOUS,1
10032.64,0.84,0,40,0.0826,11,6,12000.0,4800.0,0,0,0,0,1,5,NORMAL,0
23550.15,2.94,1,0,0.3772,2,4,8000.0,3200.0,0,0,1,0,10,16,SUSPICIOUS,0
3645.08,1.22,0,18,0.0644,18,4,3000.0,1200.0,0,0,0,0,12,7,NORMAL,0
6887.29,0.86,0,17,0.0779,12,2,8000.0,3200.0,0,0,0,0,2,9,NORMAL,0
1327.43,0.88,0,14,0.1565,20,1,1500.0,600.0,0,0,0,0,12,9,NORMAL,0
2579.6,0.86,0,2,0.1095,16,5,3000.0,1200.0,0,0,0,0,8,11,NORMAL,0
16591.68,5.53,1,0,0.5714,13,5,3000.0,1200.0,1,1,0,1,88,93,EXTREME,1
877.72,0.59,0,31,0.0408,7,2,1500.0,600.0,0,0,0,0,0,2,NORMAL,0
4265.42,2.84,1,0,0.563,23,0,1500.0,600.0,1,0,0,0,64,46,SUSPICIOUS,1
4527.33,0.57,0,36,0.0561,11,1,8000.0,3200.0,0,0,0,0,5,6,NORMAL,0
11961.13,1.0,0,21,0.0665,11,4,12000.0,4800.0,0,0,0,0,3,4,NORMAL,0
73337.01,6.11,1,0,0.652,12,6,12000.0,4800.0,1,1,0,1,98,95,EXTREME,1
5557.64,1.11,0,13,0.0664,19,2,5000.0,2000.0,0,0,0,1,14,2,NORMAL,0
10576.22,1.32,1,0,0.0772,21,5,8000.0,3200.0,0,0,0,0,3,3,NORMAL,0
9086.57,0.76,0,37,0.0543,15,3,12000.0,4800.0,0,0,0,0,13,4,NORMAL,0
20580.8,6.86,1,0,0.56,13,4,3000.0,1200.0,1,1,1,0,85,81,EXTREME,1
17690.15,5.9,1,0,0.4185,14,5,3000.0,1200.0,0,0,0,1,44,41,SUSPICIOUS,1
4252.15,0.85,0,20,0.1388,20,1,5000.0,2000.0,0,0,0,0,15,12,NORMAL,0
2328.39,0.78,0,15,0.1852,11,4,3000.0,1200.0,0,0,0,0,4,1,NORMAL,0
5385.95,1.08,0,4,0.0999,9,2,5000.0,2000.0,0,0,0,0,12,1,NORMAL,0
4293.99,0.54,0,3,0.0954,9,5,8000.0,3200.0,0,0,0,0,1,8,NORMAL,0
5272.77,1.05,0,11,0.1362,16,4,5000.0,2000.0,0,0,0,0,3,5,NORMAL,0
2102.25,0.42,0,20,0.2139,14,5,5000.0,2000.0,0,0,0,0,8,14,NORMAL,0
32420.96,4.05,1,0,0.5515,4,1,8000.0,3200.0,1,0,0,0,58,8,SUSPICIOUS,1
2196.01,0.73,0,22,0.1151,7,5,3000.0,1200.0,0,0,0,0,14,10,NORMAL,0
19081.43,6.36,1,0,1.0466,20,6,3000.0,1200.0,1,1,0,1,98,79,EXTREME,1
7094.07,4.73,1,0,0.2652,19,6,1500.0,600.0,0,0,0,1,20,10,SUSPICIOUS,1
15000.0,10.0,1,0,0.9089,2,5,1500.0,600.0,1,1,0,0,91,88,EXTREME,1
31669.65,3.96,1,0,0.4474,14,3,8000.0,3200.0,1,0,1,0,66,7,SUSPICIOUS,1
4671.91,0.58,0,34,0.1042,7,6,8000.0,3200.0,0,0,0,0,5,6,NORMAL,0
25481.45,5.1,1,0,0.9629,19,0,5000.0,2000.0,1,1,1,1,94,74,EXTREME,1
1208.03,0.81,0,33,0.0715,11,6,1500.0,600.0,0,0,0,0,4,5,NORMAL,0
3135.94,1.05,0,21,0.2334,10,4,3000.0,1200.0,0,0,0,0,3,11,NORMAL,0
13632.28,1.14,0,36,0.06,15,3,12000.0,4800.0,0,0,0,0,2,10,NORMAL,0
3549.76,0.71,0,30,0.0765,17,3,5000.0,2000.0,0,0,0,0,8,5,NORMAL,0
15000.0,10.0,1,0,0.5936,11,4,1500.0,600.0,1,1,1,0,98,94,EXTREME,1
1295.0,0.86,0,16,0.1836,9,3,1500.0,600.0,0,0,0,0,14,11,NORMAL,0
71683.14,5.97,1,0,0.4044,4,2,12000.0,4800.0,0,1,0,1,38,58,SUSPICIOUS,1
20236.68,4.05,1,0,0.2766,1,2,5000.0,2000.0,1,1,0,0,54,76,SUSPICIOUS,1
14556.26,4.85,0,2,0.2485,14,3,3000.0,1200.0,0,0,0,0,10,19,SUSPICIOUS,1
11767.39,0.98,0,38,0.0438,10,2,12000.0,4800.0,0,0,0,0,7,7,NORMAL,0
16010.9,3.2,1,0,0.2661,14,3,5000.0,2000.0,0,1,1,0,46,56,SUSPICIOUS,0
6096.24,0.76,0,32,0.2337,20,4,8000.0,3200.0,0,0,0,0,10,13,NORMAL,0
5589.87,0.7,1,0,0.1439,17,0,8000.0,3200.0,0,0,0,0,15,15,NORMAL,0
3548.0,0.71,0,29,0.1333,18,1,5000.0,2000.0,0,0,0,0,13,0,NORMAL,0
1275.79,0.85,0,26,0.1965,12,3,1500.0,600.0,0,0,0,0,8,0,NORMAL,0
2388.98,0.8,0,11,0.0644,15,3,3000.0,1200.0,0,0,0,0,13,11,NORMAL,0
2319.95,0.19,0,10,0.1932,12,3,12000.0,4800.0,0,0,0,0,2,11,NORMAL,0
46984.35,3.92,1,0,0.5649,23,1,12000.0,4800.0,0,1,0,0,10,69,SUSPICIOUS,1
4046.3,0.81,0,37,0.0942,11,1,5000.0,2000.0,0,0,0,0,15,10,NORMAL,0
15000.0,5.0,1,0,0.6724,6,0,3000.0,1200.0,1,1,1,1,99,91,EXTREME,1
688.46,0.46,0,21,0.0792,20,2,1500.0,600.0,0,0,0,0,2,14,NORMAL,0
7249.63,0.91,0,36,0.0489,13,0,8000.0,3200.0,0,0,0,0,8,7,NORMAL,0
5147.41,1.03,0,8,0.1594,17,3,5000.0,2000.0,0,0,0,0,10,0,NORMAL,0
10828.23,1.35,0,38,0.1433,19,0,8000.0,3200.0,0,0,0,0,6,9,NORMAL,0
7177.34,0.9,0,30,0.0674,8,0,8000.0,3200.0,0,0,0,0,15,0,NORMAL,0
76455.69,9.56,1,0,0.9637,23,3,8000.0,3200.0,1,1,0,1,84,78,EXTREME,1
3254.27,1.08,0,34,0.1126,13,0,3000.0,1200.0,0,0,0,0,14,3,NORMAL,0
31253.7,10.42,1,0,0.8156,1,5,3000.0,1200.0,1,1,0,1,83,89,EXTREME,1
8042.0,1.01,0,44,0.2367,21,3,8000.0,3200.0,0,0,0,0,5,1,NORMAL,0
4607.33,1.54,0,3,0.0678,22,3,3000.0,1200.0,0,0,0,0,2,10,NORMAL,0
15000.0,10.0,1,0,1.1493,12,2,1500.0,600.0,1,1,1,1,88,83,EXTREME,1
4415.52,0.88,0,43,0.0799,15,3,5000.0,2000.0,0,0,0,0,0,2,NORMAL,0
3570.32,0.71,0,39,0.0447,10,6,5000.0,2000.0,0,0,0,0,10,10,NORMAL,0
1392.71,0.93,0,21,0.0713,7,6,1500.0,600.0,0,0,0,0,9,13,NORMAL,0
2978.46,0.37,0,3,0.2395,15,0,8000.0,3200.0,0,0,0,0,10,5,NORMAL,0
2444.57,0.81,0,13,0.152,20,5,3000.0,1200.0,0,0,0,0,4,10,NORMAL,0
28225.43,5.65,1,0,1.1273,9,6,5000.0,2000.0,1,1,0,1,100,91,EXTREME,1
71893.8,5.99,1,0,0.229,19,2,12000.0,4800.0,0,0,0,0,17,45,SUSPICIOUS,1
123471.44,10.29,1,0,0.7617,18,0,12000.0,4800.0,1,1,0,0,94,73,EXTREME,1
1249.34,0.83,0,4,0.1575,14,3,1500.0,600.0,0,0,0,0,9,10,NORMAL,0
15263.85,5.09,1,0,0.4708,1,4,3000.0,1200.0,1,0,1,1,53,14,SUSPICIOUS,1
2380.81,0.48,0,44,0.1464,8,5,5000.0,2000.0,0,0,0,0,1,9,NORMAL,0
26026.97,3.25,1,0,0.5178,4,4,8000.0,3200.0,0,1,1,1,45,77,SUSPICIOUS,1
26982.03,8.99,1,0,0.5696,10,5,3000.0,1200.0,1,1,1,1,86,79,EXTREME,1
6294.69,0.79,0,8,0.0808,11,4,8000.0,3200.0,0,0,0,0,8,5,NORMAL,0
5116.56,0.64,0,5,0.2159,18,1,8000.0,3200.0,0,0,1,0,12,4,NORMAL,0
3282.5,1.09,0,32,0.1075,15,4,3000.0,1200.0,0,0,0,0,3,6,NORMAL,0
4773.3,0.95,0,22,0.2374,15,5,5000.0,2000.0,0,0,0,1,11,11,NORMAL,0
2957.38,0.99,0,31,0.0545,19,5,3000.0,1200.0,0,0,0,0,0,3,NORMAL,0
2685.38,0.9,1,0,0.1012,19,5,3000.0,1200.0,0,0,0,0,13,2,NORMAL,0
118994.05,9.92,1,0,0.6291,0,2,12000.0,4800.0,1,1,0,0,98,95,EXTREME,1
11746.99,0.98,0,31,0.1835,17,0,12000.0,4800.0,0,0,0,0,1,12,NORMAL,0
11204.98,3.73,1,0,0.2678,3,6,3000.0,1200.0,1,0,1,1,74,12,SUSPICIOUS,1
53056.68,4.42,1,0,0.5319,1,1,12000.0,4800.0,1,0,1,0,59,43,SUSPICIOUS,1
5788.11,1.16,0,12,0.2193,10,4,5000.0,2000.0,0,0,0,0,8,12,NORMAL,0
2577.09,0.52,0,37,0.2298,17,4,5000.0,2000.0,0,0,1,0,8,3,NORMAL,0
47122.49,3.93,1,0,0.4402,14,4,12000.0,4800.0,1,0,0,1,59,13,SUSPICIOUS,1
7930.42,2.64,1,0,0.4362,14,4,3000.0,1200.0,0,1,0,0,0,50,SUSPICIOUS,1
5666.05,0.71,0,22,0.116,7,3,8000.0,3200.0,0,0,0,0,12,13,NORMAL,0
8708.33,1.09,0,2,0.0451,9,3,8000.0,3200.0,0,0,0,0,2,4,NORMAL,0
900.84,0.6,0,34,0.2074,17,5,1500.0,600.0,0,0,0,0,15,11,NORMAL,0
2975.27,0.99,0,3,0.1052,13,4,3000.0,1200.0,0,0,0,0,13,9,NORMAL,0
5736.6,1.15,0,19,0.0666,19,1,5000.0,2000.0,0,0,0,0,3,1,NORMAL,0
25934.21,5.19,1,0,0.977,21,0,5000.0,2000.0,1,1,1,0,95,94,EXTREME,1
14775.6,2.96,1,0,0.3966,1,1,5000.0,2000.0,1,0,0,0,64,1,SUSPICIOUS,1
8580.38,5.72,1,0,0.527,0,5,1500.0,600.0,0,0,0,0,35,43,SUSPICIOUS,1
72026.08,6.0,1,0,0.5965,6,1,12000.0,4800.0,1,1,0,0,85,80,EXTREME,1
9466.88,1.18,0,4,0.2277,16,6,8000.0,3200.0,0,0,0,0,0,9,NORMAL,0
4724.79,0.94,0,13,0.1775,19,2,5000.0,2000.0,0,0,0,0,9,7,NORMAL,0
1487.74,0.99,0,27,0.0595,12,2,1500.0,600.0,0,0,0,0,2,3,NORMAL,0
24351.59,4.87,0,1,0.5056,2,4,5000.0,2000.0,1,1,0,0,68,73,SUSPICIOUS,1
7788.89,2.6,0,3,0.2894,3,4,3000.0,1200.0,1,0,1,0,59,18,SUSPICIOUS,1
19462.73,6.49,1,0,1.0438,5,6,3000.0,1200.0,1,1,0,0,90,95,EXTREME,1
15000.0,10.0,1,0,0.4013,14,1,1500.0,600.0,1,1,1,0,97,92,EXTREME,1
924.21,0.62,0,30,0.2047,14,5,1500.0,600.0,0,0,0,0,3,14,NORMAL,0
9637.2,0.8,1,0,0.1488,20,0,12000.0,4800.0,0,0,0,0,0,15,NORMAL,0
22764.4,2.85,0,1,0.5305,14,4,8000.0,3200.0,0,1,0,0,14,65,SUSPICIOUS,1
6159.26,1.23,0,45,0.0762,8,5,5000.0,2000.0,0,0,0,0,9,8,NORMAL,0
19858.59,3.97,0,2,0.3173,19,0,5000.0,2000.0,0,1,0,0,4,69,SUSPICIOUS,1
13528.4,1.13,0,5,0.0608,16,5,12000.0,4800.0,0,0,0,0,14,13,NORMAL,0
3959.15,0.33,0,16,0.138,19,2,12000.0,4800.0,0,0,0,0,0,9,NORMAL,0
15000.0,10.0,1,0,0.6837,19,2,1500.0,600.0,1,1,0,0,89,89,EXTREME,1
14331.9,4.78,1,0,0.2592,23,2,3000.0,1200.0,1,0,0,0,65,49,SUSPICIOUS,1
1953.62,0.65,0,30,0.24,17,6,3000.0,1200.0,0,0,0,0,5,14,NORMAL,0
16913.74,5.64,1,0,0.4833,23,2,3000.0,1200.0,1,1,0,1,75,55,SUSPICIOUS,1
8203.18,0.68,1,0,0.1238,8,1,12000.0,4800.0,0,0,0,0,11,6,NORMAL,0
27461.46,3.43,1,0,0.4434,2,5,8000.0,3200.0,0,0,0,0,11,43,SUSPICIOUS,1
12265.5,1.02,1,0,0.1379,21,5,12000.0,4800.0,0,0,0,0,12,3,NORMAL,0
3418.79,0.68,0,22,0.19,7,6,5000.0,2000.0,0,0,0,0,13,1,NORMAL,0
34957.37,4.37,1,0,0.2637,1,6,8000.0,3200.0,1,1,0,0,75,50,SUSPICIOUS,1
696.44,0.46,0,38,0.2271,19,6,1500.0,600.0,0,0,0,0,14,11,NORMAL,0
3243.07,1.08,0,27,0.2294,21,1,3000.0,1200.0,0,0,0,0,9,0,NORMAL,0
8767.89,5.85,1,0,0.377,4,5,1500.0,600.0,0,1,0,0,2,77,SUSPICIOUS,1
9393.76,1.17,0,36,0.0653,22,3,8000.0,3200.0,0,0,0,0,14,8,NORMAL,0
7099.74,0.89,0,30,0.1818,22,3,8000.0,3200.0,0,0,0,0,3,9,NORMAL,0
7993.59,1.0,0,29,0.0915,14,1,8000.0,3200.0,0,0,0,0,9,2,NORMAL,0
6936.91,4.62,1,0,0.3177,14,2,1500.0,600.0,1,1,0,1,66,72,SUSPICIOUS,1
1464.98,0.98,0,22,0.1046,22,1,1500.0,600.0,0,0,0,0,1,10,NORMAL,0
4555.01,0.91,0,45,0.1294,18,1,5000.0,2000.0,0,0,0,0,12,11,NORMAL,0
7645.32,5.1,1,0,0.3337,23,5,1500.0,600.0,0,1,1,1,43,52,SUSPICIOUS,1
13682.86,1.14,1,0,0.1338,10,1,12000.0,4800.0,0,0,1,0,3,7,NORMAL,0
37020.13,4.63,1,0,0.442,14,1,8000.0,3200.0,0,1,0,0,43,74,SUSPICIOUS,1
5531.13,3.69,1,0,0.325,14,4,1500.0,600.0,0,0,0,1,48,9,SUSPICIOUS,1
77681.13,9.71,1,0,0.5823,11,0,8000.0,3200.0,1,1,0,0,84,91,EXTREME,1
1220.54,0.81,0,28,0.0888,9,3,1500.0,600.0,0,0,0,0,3,9,NORMAL,0
3585.46,0.45,0,12,0.1589,12,4,8000.0,3200.0,0,0,0,0,7,10,NORMAL,0
2776.03,0.56,0,25,0.114,19,6,5000.0,2000.0,0,0,0,0,14,15,NORMAL,0
28300.02,3.54,1,0,0.231,3,6,8000.0,3200.0,0,0,0,1,20,42,SUSPICIOUS,1
4983.07,1.0,0,18,0.2127,20,4,5000.0,2000.0,0,0,0,0,11,13,NORMAL,0
12453.27,1.04,0,22,0.2308,21,6,12000.0,4800.0,0,0,0,0,14,5,NORMAL,0
5565.27,0.46,0,42,0.1862,7,3,12000.0,4800.0,0,0,0,0,1,0,NORMAL,0
37979.14,4.75,1,0,0.5008,19,1,8000.0,3200.0,1,0,0,0,74,15,SUSPICIOUS,1
427.73,0.29,0,15,0.1637,20,6,1500.0,600.0,0,0,0,0,8,14,NORMAL,0
34253.6,2.85,0,3,0.4654,1,4,12000.0,4800.0,1,1,1,0,57,53,SUSPICIOUS,0
14689.6,4.9,1,0,0.3606,2,6,3000.0,1200.0,1,0,1,1,59,3,SUSPICIOUS,1
5641.1,0.47,1,0,0.1157,17,6,12000.0,4800.0,0,0,0,0,1,8,NORMAL,0
37123.2,4.64,1,0,1.1853,21,4,8000.0,3200.0,1,1,0,0,85,82,EXTREME,1
1140.51,0.76,0,41,0.2138,19,1,1500.0,600.0,0,0,0,0,13,12,NORMAL,0
1842.3,0.61,0,31,0.1974,15,5,3000.0,1200.0,0,0,0,0,6,4,NORMAL,0
835.81,0.56,0,25,0.1705,7,1,1500.0,600.0,0,0,0,0,0,3,NORMAL,0
6567.29,1.31,0,36,0.1504,18,4,5000.0,2000.0,0,0,0,0,2,10,NORMAL,0
482.65,0.16,1,0,0.1628,21,5,3000.0,1200.0,0,0,0,0,14,2,NORMAL,0
24138.94,4.83,0,2,0.3311,2,0,5000.0,2000.0,0,0,0,0,47,0,SUSPICIOUS,1
4668.64,0.93,0,37,0.2029,8,5,5000.0,2000.0,0,0,0,0,7,1,NORMAL,0
3649.8,1.22,0,11,0.1207,18,3,3000.0,1200.0,0,0,0,0,9,9,NORMAL,0
3946.52,0.49,0,5,0.2241,18,5,8000.0,3200.0,0,0,0,0,2,9,NORMAL,0
40893.08,8.18,1,0,0.4722,4,2,5000.0,2000.0,1,1,0,1,87,95,EXTREME,1
3648.88,0.73,0,43,0.1355,19,5,5000.0,2000.0,0,0,0,0,14,7,NORMAL,0
90288.79,11.29,1,0,1.0646,12,5,8000.0,3200.0,1,1,1,0,92,83,EXTREME,1
6880.88,0.86,0,37,0.1321,15,1,8000.0,3200.0,0,0,0,0,6,11,NORMAL,0
5637.76,0.47,0,22,0.1086,21,4,12000.0,4800.0,0,0,0,0,13,10,NORMAL,0
42586.01,8.52,1,0,0.9634,22,6,5000.0,2000.0,1,1,0,0,93,94,EXTREME,1
5135.74,3.42,0,2,0.3472,19,0,1500.0,600.0,0,0,1,1,3,7,SUSPICIOUS,1
39969.25,3.33,0,3,0.3164,14,3,12000.0,4800.0,1,0,0,0,75,20,SUSPICIOUS,1
12926.67,1.08,0,22,0.041,21,6,12000.0,4800.0,0,0,0,0,10,10,NORMAL,0
3348.2,0.67,0,20,0.0843,8,2,5000.0,2000.0,0,0,0,0,13,13,NORMAL,0
15380.54,5.13,1,0,0.7692,2,6,3000.0,1200.0,1,1,1,1,100,85,EXTREME,1
32790.14,2.73,0,1,0.5996,23,3,12000.0,4800.0,1,1,0,0,58,50,SUSPICIOUS,1
15000.0,10.0,1,0,0.9209,7,2,1500.0,600.0,1,1,1,0,99,87,EXTREME,1
2563.57,0.85,0,36,0.1197,17,1,3000.0,1200.0,0,0,0,0,1,9,NORMAL,0
50940.49,4.25,0,3,0.5132,0,1,12000.0,4800.0,0,0,0,1,10,3,SUSPICIOUS,1
6849.39,4.57,0,3,0.3931,2,6,1500.0,600.0,0,1,0,0,38,77,SUSPICIOUS,1
1462.19,0.49,0,35,0.1836,12,6,3000.0,1200.0,0,0,1,0,7,5,NORMAL,0
4847.5,0.97,0,40,0.0605,11,6,5000.0,2000.0,0,0,0,0,14,8,NORMAL,0
6124.87,0.77,0,21,0.2285,20,6,8000.0,3200.0,0,0,0,0,3,12,NORMAL,0
7770.52,0.65,0,3,0.1255,20,4,12000.0,4800.0,0,0,0,1,7,2,NORMAL,0
103166.01,8.6,1,0,1.1629,17,3,12000.0,4800.0,1,1,1,0,84,92,EXTREME,1
1559.56,0.52,0,12,0.2087,13,0,3000.0,1200.0,0,0,0,0,2,15,NORMAL,0
2556.21,0.85,0,19,0.0879,16,5,3000.0,1200.0,0,0,0,0,5,3,NORMAL,0
1970.82,0.66,0,22,0.2187,18,1,3000.0,1200.0,0,0,0,0,0,3,NORMAL,0
2260.95,0.75,0,5,0.1627,7,6,3000.0,1200.0,0,0,0,0,10,10,NORMAL,0
35125.03,2.93,1,0,0.4808,3,3,12000.0,4800.0,1,0,1,0,64,3,SUSPICIOUS,1
16805.33,3.36,0,1,0.2862,14,6,5000.0,2000.0,0,0,0,0,36,17,SUSPICIOUS,0
59001.67,11.8,1,0,0.7456,2,4,5000.0,2000.0,1,1,1,0,80,74,EXTREME,1
35057.14,11.69,1,0,0.4489,10,6,3000.0,1200.0,1,1,0,0,99,92,EXTREME,1
10701.13,0.89,0,45,0.1791,13,0,12000.0,4800.0,0,0,0,0,12,0,NORMAL,0
3514.13,0.7,0,18,0.1512,15,0,5000.0,2000.0,0,0,0,0,2,2,NORMAL,0
7591.42,0.95,0,21,0.2417,13,5,8000.0,3200.0,0,0,0,0,5,12,NORMAL,0
4145.47,1.38,0,28,0.1321,7,6,3000.0,1200.0,0,0,0,0,2,6,NORMAL,0
3109.15,0.39,0,13,0.0625,12,3,8000.0,3200.0,0,0,0,0,2,3,NORMAL,0
5289.93,0.66,0,41,0.1649,7,0,8000.0,3200.0,0,0,0,0,7,15,NORMAL,0
3972.45,1.32,0,22,0.0765,14,5,3000.0,1200.0,0,0,0,0,8,12,NORMAL,0
9137.54,1.14,0,14,0.2304,15,3,8000.0,3200.0,0,0,0,0,9,5,NORMAL,0
25776.93,3.22,1,0,0.3527,3,4,8000.0,3200.0,0,1,1,0,38,53,SUSPICIOUS,0
6910.46,0.86,0,27,0.2417,7,3,8000.0,3200.0,0,0,0,0,13,8,NORMAL,0
2015.9,0.67,0,14,0.1035,12,4,3000.0,1200.0,0,0,0,0,3,7,NORMAL,0
3813.46,0.76,1,0,0.1618,11,4,5000.0,2000.0,0,0,0,0,15,0,NORMAL,0
82773.78,10.35,1,0,0.9845,11,3,8000.0,3200.0,1,1,0,0,81,89,EXTREME,1
1594.9,1.06,0,26,0.0539,8,2,1500.0,600.0,0,0,0,0,11,1,NORMAL,0
10598.79,3.53,1,0,0.4112,2,5,3000.0,1200.0,0,0,0,0,42,4,SUSPICIOUS,1
3395.94,1.13,0,5,0.1348,13,3,3000.0,1200.0,0,0,0,0,2,10,NORMAL,0
28618.04,3.58,1,0,0.388,1,5,8000.0,3200.0,1,0,0,0,59,14,SUSPICIOUS,1
5894.77,3.93,0,2,0.5165,19,0,1500.0,600.0,1,1,0,1,74,67,SUSPICIOUS,1
7202.38,0.9,0,42,0.1439,18,6,8000.0,3200.0,0,0,0,0,15,9,NORMAL,0
8327.38,5.55,1,0,0.4894,2,6,1500.0,600.0,1,1,1,1,59,73,SUSPICIOUS,1
4168.05,0.83,0,35,0.2076,18,0,5000.0,2000.0,0,0,0,0,6,1,NORMAL,0
6264.32,0.78,0,25,0.1425,16,0,8000.0,3200.0,0,0,0,0,0,4,NORMAL,0
317.39,0.21,1,0,0.1814,9,1,1500.0,600.0,0,0,0,0,15,1,NORMAL,0
13490.17,1.12,0,35,0.0549,7,6,12000.0,4800.0,0,0,0,0,1,3,NORMAL,0
8473.43,2.82,1,0,0.2196,1,4,3000.0,1200.0,0,0,0,0,8,47,SUSPICIOUS,1
5110.14,1.02,0,10,0.231,9,2,5000.0,2000.0,0,0,0,0,15,8,NORMAL,0
40955.23,3.41,1,0,0.4057,4,1,12000.0,4800.0,0,0,0,1,5,1,SUSPICIOUS,0
1607.86,1.07,0,10,0.0684,20,0,1500.0,600.0,0,0,0,0,12,6,NORMAL,0
4049.17,0.81,0,17,0.1284,12,1,5000.0,2000.0,0,0,0,0,2,3,NORMAL,0
2476.58,0.83,0,4,0.1871,12,3,3000.0,1200.0,0,0,0,0,9,2,NORMAL,0
15148.77,5.05,1,0,0.3184,4,5,3000.0,1200.0,1,1,1,0,72,57,SUSPICIOUS,1
49541.09,9.91,1,0,1.087,15,2,5000.0,2000.0,1,1,0,0,96,73,EXTREME,1
6264.87,4.18,0,2,0.4323,3,4,1500.0,600.0,1,1,0,1,60,66,SUSPICIOUS,1
24854.29,3.11,1,0,0.3388,4,0,8000.0,3200.0,0,1,0,1,2,55,SUSPICIOUS,1
10118.26,3.37,1,0,0.5135,2,0,3000.0,1200.0,1,0,1,1,57,46,SUSPICIOUS,0
5627.35,3.75,1,0,0.2364,3,1,1500.0,600.0,1,0,0,0,71,19,SUSPICIOUS,1
4335.09,0.54,1,0,0.0477,12,0,8000.0,3200.0,0,0,0,0,2,7,NORMAL,0
60553.33,7.57,1,0,0.448,21,0,8000.0,3200.0,1,1,0,0,92,79,EXTREME,1
8778.8,1.1,0,38,0.1924,12,6,8000.0,3200.0,0,0,0,0,12,10,NORMAL,0
19277.56,6.43,1,0,0.9392,0,4,3000.0,1200.0,1,1,1,0,94,94,EXTREME,1
12835.81,4.28,1,0,0.5312,1,6,3000.0,1200.0,0,0,0,0,13,7,SUSPICIOUS,1
12910.71,1.08,0,31,0.0538,22,0,12000.0,4800.0,0,0,0,0,9,8,NORMAL,0
2785.1,0.56,0,25,0.0446,18,3,5000.0,2000.0,0,0,1,0,3,15,NORMAL,0
5771.04,0.72,0,2,0.2136,19,6,8000.0,3200.0,0,0,0,0,5,12,NORMAL,0
8579.13,1.07,0,28,0.2466,13,2,8000.0,3200.0,0,0,0,0,12,1,NORMAL,0
117203.02,9.77,1,0,0.7472,12,3,12000.0,4800.0,1,1,0,0,97,91,EXTREME,1
2630.19,0.88,0,12,0.0963,12,2,3000.0,1200.0,0,0,0,0,7,8,NORMAL,0
7751.93,0.65,0,37,0.0575,10,4,12000.0,4800.0,0,0,0,0,15,11,NORMAL,0
5101.72,0.64,0,40,0.1779,18,0,8000.0,3200.0,0,0,0,0,6,6,NORMAL,0
6251.4,1.25,0,41,0.2271,17,1,5000.0,2000.0,0,0,0,0,6,5,NORMAL,0
1948.88,1.3,0,40,0.1536,9,6,1500.0,600.0,0,0,0,0,7,10,NORMAL,0
5323.33,1.06,1,0,0.0542,20,5,5000.0,2000.0,0,0,0,0,1,14,NORMAL,0
7885.97,0.99,1,0,0.0797,11,1,8000.0,3200.0,0,0,0,0,12,11,NORMAL,0
5303.45,0.66,0,40,0.181,7,0,8000.0,3200.0,0,0,0,0,1,8,NORMAL,0
1117.4,0.74,0,6,0.0522,15,3,1500.0,600.0,0,0,0,0,12,6,NORMAL,0
711.45,0.47,0,22,0.1599,14,1,1500.0,600.0,0,0,0,1,9,4,NORMAL,0
6848.28,4.57,0,3,0.3751,19,0,1500.0,600.0,1,0,0,0,56,49,SUSPICIOUS,1
3999.83,0.8,0,6,0.2256,19,1,5000.0,2000.0,0,0,0,0,4,10,NORMAL,0
4727.56,0.95,0,26,0.1172,10,5,5000.0,2000.0,0,0,0,0,5,7,NORMAL,0
1583.38,1.06,0,3,0.0769,14,2,1500.0,600.0,0,0,0,0,1,13,NORMAL,0
8510.51,0.71,0,45,0.2207,17,2,12000.0,4800.0,0,0,0,0,7,2,NORMAL,0
7199.88,1.44,0,32,0.1009,12,0,5000.0,2000.0,0,0,0,0,2,8,NORMAL,0
30425.74,3.8,1,0,0.3694,14,1,8000.0,3200.0,1,1,0,0,53,54,SUSPICIOUS,1
2187.06,0.44,0,18,0.0444,17,3,5000.0,2000.0,0,0,0,0,12,3,NORMAL,0
8082.37,5.39,1,0,0.5417,3,1,1500.0,600.0,0,1,0,0,1,57,SUSPICIOUS,1
85526.06,7.13,1,0,0.6085,5,4,12000.0,4800.0,1,1,0,0,82,90,EXTREME,1
15351.37,3.07,0,3,0.3727,14,0,5000.0,2000.0,0,0,0,0,16,11,SUSPICIOUS,1
48609.41,4.05,1,0,0.2812,19,1,12000.0,4800.0,1,1,0,0,61,62,SUSPICIOUS,1
71744.13,8.97,1,0,1.1891,1,1,8000.0,3200.0,1,1,1,1,86,95,EXTREME,1
7253.72,0.6,0,42,0.1844,16,0,12000.0,4800.0,0,0,0,0,7,12,NORMAL,0
14288.96,2.86,1,0,0.3185,23,3,5000.0,2000.0,0,0,0,0,7,18,SUSPICIOUS,0
51258.68,10.25,1,0,0.5191,0,5,5000.0,2000.0,1,1,1,0,87,85,EXTREME,1
5941.0,1.19,0,2,0.1772,14,3,5000.0,2000.0,0,0,0,0,13,12,NORMAL,0
30956.74,6.19,1,0,0.9166,13,5,5000.0,2000.0,1,1,1,1,100,92,EXTREME,1
16828.58,3.37,1,0,0.2905,4,0,5000.0,2000.0,1,0,1,0,67,2,SUSPICIOUS,1
4657.87,3.11,1,0,0.4502,2,0,1500.0,600.0,0,0,1,0,48,42,SUSPICIOUS,0
82689.23,10.34,1,0,0.9482,21,6,8000.0,3200.0,1,1,0,1,85,87,EXTREME,1
8317.68,1.04,0,35,0.1918,8,3,8000.0,3200.0,0,0,0,0,11,6,NORMAL,0
2568.4,0.86,0,13,0.2435,7,5,3000.0,1200.0,0,0,0,0,7,12,NORMAL,0
6262.51,0.78,0,40,0.0913,7,1,8000.0,3200.0,0,0,0,0,9,10,NORMAL,0
8317.66,1.04,0,29,0.0968,22,3,8000.0,3200.0,0,0,1,0,2,11,NORMAL,0
2414.31,0.8,0,11,0.0739,14,0,3000.0,1200.0,0,0,0,1,9,11,NORMAL,0
71949.34,6.0,1,0,0.5621,23,4,12000.0,4800.0,1,1,1,0,56,76,SUSPICIOUS,1
138514.33,11.54,1,0,1.1368,8,3,12000.0,4800.0,1,1,0,0,97,79,EXTREME,1
9910.68,1.24,0,34,0.0843,21,3,8000.0,3200.0,0,0,0,0,5,13,NORMAL,0
7772.9,5.18,1,0,0.4452,19,6,1500.0,600.0,0,0,0,1,6,18,SUSPICIOUS,1
6167.64,0.77,1,0,0.2032,15,4,8000.0,3200.0,0,0,0,0,11,9,NORMAL,0
3479.81,0.7,0,18,0.1689,10,3,5000.0,2000.0,0,0,0,0,15,13,NORMAL,0
1127.75,0.75,0,18,0.1742,18,6,1500.0,600.0,0,0,0,0,11,6,NORMAL,0
2875.78,0.96,0,31,0.208,13,0,3000.0,1200.0,0,0,0,0,4,8,NORMAL,0
4414.52,0.88,0,4,0.1883,15,6,5000.0,2000.0,0,0,0,0,5,2,NORMAL,0
15000.0,5.0,1,0,1.1195,7,4,3000.0,1200.0,1,1,1,0,99,70,EXTREME,1
67587.04,5.63,1,0,0.2421,19,3,12000.0,4800.0,0,0,0,0,11,47,SUSPICIOUS,1
28588.95,5.72,0,1,0.5621,4,1,5000.0,2000.0,0,1,1,0,4,70,SUSPICIOUS,1
3223.75,1.07,0,4,0.0659,15,6,3000.0,1200.0,0,0,0,0,2,4,NORMAL,0
53307.22,10.66,1,0,0.5746,21,3,5000.0,2000.0,1,1,1,1,87,90,EXTREME,1
5890.94,0.74,0,17,0.0491,13,2,8000.0,3200.0,0,0,0,0,9,8,NORMAL,0
2047.43,0.68,0,23,0.1907,18,2,3000.0,1200.0,0,0,1,0,6,15,NORMAL,0
5390.03,1.08,0,21,0.1137,17,4,5000.0,2000.0,0,0,0,0,13,2,NORMAL,0
23424.54,4.68,0,3,0.4391,0,0,5000.0,2000.0,0,0,1,0,38,5,SUSPICIOUS,1
7932.42,0.99,0,19,0.2205,7,6,8000.0,3200.0,0,0,0,0,6,4,NORMAL,0
4566.1,0.91,0,42,0.2342,18,1,5000.0,2000.0,0,0,0,0,12,14,NORMAL,0
1786.15,0.6,0,36,0.2381,14,2,3000.0,1200.0,0,0,0,0,2,12,NORMAL,0
6167.81,4.11,1,0,0.322,23,5,1500.0,600.0,0,1,0,0,7,60,SUSPICIOUS,1
864.59,0.58,0,24,0.1708,15,5,1500.0,600.0,0,0,0,0,8,1,NORMAL,0
10017.94,0.83,0,37,0.1849,16,4,12000.0,4800.0,0,0,0,0,10,7,NORMAL,0
934.26,0.62,0,29,0.1555,11,3,1500.0,600.0,0,0,0,0,3,12,NORMAL,0
1684.76,0.56,0,33,0.143,22,3,3000.0,1200.0,0,0,0,0,10,14,NORMAL,0
1239.89,0.83,1,0,0.1413,11,5,1500.0,600.0,0,0,0,0,2,4,NORMAL,0
38567.24,4.82,1,0,1.1182,10,3,8000.0,3200.0,1,1,0,1,99,92,EXTREME,1
1583.27,1.06,0,16,0.1165,21,4,1500.0,600.0,0,0,0,0,11,0,NORMAL,0
42701.72,3.56,1,0,0.4287,1,1,12000.0,4800.0,0,0,1,0,40,1,SUSPICIOUS,1
15185.79,1.27,0,25,0.1378,17,1,12000.0,4800.0,0,0,0,0,4,14,NORMAL,0
15000.0,10.0,1,0,0.82,22,0,1500.0,600.0,1,1,0,0,98,81,EXTREME,1
1102.89,0.74,0,18,0.064,16,3,1500.0,600.0,0,0,0,0,8,10,NORMAL,0
8880.1,5.92,1,0,0.5925,2,1,1500.0,600.0,0,0,0,1,42,11,SUSPICIOUS,1
22697.1,4.54,1,0,0.3216,1,1,5000.0,2000.0,0,0,1,0,18,48,SUSPICIOUS,1
1510.74,1.01,0,30,0.1452,16,1,1500.0,600.0,0,0,0,0,8,15,NORMAL,0
3388.46,0.68,0,25,0.158,22,0,5000.0,2000.0,0,0,0,0,7,7,NORMAL,0
4095.03,2.73,1,0,0.3905,14,1,1500.0,600.0,1,0,1,0,56,0,SUSPICIOUS,1
11002.46,0.92,0,4,0.1233,14,4,12000.0,4800.0,0,0,0,0,12,12,NORMAL,0
5405.94,0.68,0,10,0.1977,7,3,8000.0,3200.0,0,0,0,0,4,5,NORMAL,0
16495.14,11.0,1,0,1.1646,9,5,1500.0,600.0,1,1,0,1,100,86,EXTREME,1
5713.99,3.81,0,1,0.4707,0,2,1500.0,600.0,0,0,0,0,16,11,SUSPICIOUS,1
2763.63,0.92,0,16,0.1575,15,6,3000.0,1200.0,0,0,0,0,12,8,NORMAL,0
4768.38,3.18,0,1,0.4443,19,1,1500.0,600.0,0,0,0,0,39,14,SUSPICIOUS,0
14731.02,2.95,1,0,0.2891,0,6,5000.0,2000.0,1,1,1,1,61,58,SUSPICIOUS,1
6080.05,0.76,0,15,0.0493,22,3,8000.0,3200.0,0,0,0,0,6,4,NORMAL,0
7624.23,0.95,0,25,0.0734,17,1,8000.0,3200.0,0,0,0,0,13,6,NORMAL,0
1573.97,1.05,0,42,0.2392,11,5,1500.0,600.0,0,0,0,0,3,0,NORMAL,0
3721.89,0.47,0,31,0.1613,18,5,8000.0,3200.0,0,0,0,0,14,9,NORMAL,0
59171.63,4.93,0,1,0.3286,3,6,12000.0,4800.0,0,1,1,0,6,75,SUSPICIOUS,1
3551.74,0.71,0,30,0.0712,12,1,5000.0,2000.0,0,0,0,0,10,3,NORMAL,0
2235.73,0.75,0,40,0.1635,14,6,3000.0,1200.0,0,0,0,0,7,14,NORMAL,0
8697.03,0.72,0,9,0.0756,22,5,12000.0,4800.0,0,0,0,0,15,4,NORMAL,0
1833.59,0.61,0,26,0.1966,22,6,3000.0,1200.0,0,0,0,0,14,12,NORMAL,0
1858.48,1.24,0,6,0.1786,22,2,1500.0,600.0,0,0,0,0,10,9,NORMAL,0
11030.52,0.92,0,9,0.1862,16,3,12000.0,4800.0,0,0,0,1,6,15,NORMAL,0
57814.95,4.82,0,1,0.4731,0,5,12000.0,4800.0,1,1,0,1,58,51,SUSPICIOUS,1
2031.79,1.35,0,45,0.2337,19,1,1500.0,600.0,0,0,0,0,7,0,NORMAL,0
2765.5,0.55,0,25,0.15,8,3,5000.0,2000.0,0,0,0,0,2,4,NORMAL,0
3190.74,1.06,0,10,0.2373,12,4,3000.0,1200.0,0,0,0,0,4,3,NORMAL,0
3518.81,1.17,0,8,0.2047,15,2,3000.0,1200.0,0,0,0,0,4,7,NORMAL,0
13483.72,1.12,0,8,0.0968,15,0,12000.0,4800.0,0,0,0,0,15,10,NORMAL,0
1699.82,1.13,0,18,0.0994,20,3,1500.0,600.0,0,0,0,0,5,2,NORMAL,0
66157.37,5.51,1,0,0.3859,0,0,12000.0,4800.0,0,1,0,0,41,52,SUSPICIOUS,1
15000.0,10.0,1,0,0.8094,12,4,1500.0,600.0,1,1,0,1,97,79,EXTREME,1
69110.96,5.76,1,0,0.2086,3,0,12000.0,4800.0,0,1,0,0,17,77,SUSPICIOUS,1
10800.44,0.9,0,25,0.0688,21,5,12000.0,4800.0,0,0,0,0,6,12,NORMAL,0
32263.17,2.69,1,0,0.595,2,4,12000.0,4800.0,0,1,1,0,0,51,SUSPICIOUS,1
14521.14,4.84,1,0,0.2488,3,4,3000.0,1200.0,0,1,0,1,11,66,SUSPICIOUS,1
3785.42,0.76,1,0,0.1332,11,3,5000.0,2000.0,0,0,0,0,7,9,NORMAL,0
8821.92,1.1,0,4,0.2101,9,1,8000.0,3200.0,0,0,0,0,4,4,NORMAL,0
5213.08,0.65,0,22,0.1176,11,0,8000.0,3200.0,0,0,0,0,11,14,NORMAL,0
3191.19,0.64,0,2,0.1565,13,3,5000.0,2000.0,0,0,0,0,12,14,NORMAL,0
4615.11,0.92,1,0,0.2203,14,6,5000.0,2000.0,0,0,0,0,6,3,NORMAL,0
32591.99,10.86,1,0,0.4074,22,2,3000.0,1200.0,1,1,1,0,98,95,EXTREME,1
15000.0,10.0,1,0,0.5927,10,0,1500.0,600.0,1,1,0,1,89,89,EXTREME,1
2154.63,0.72,0,39,0.0564,10,1,3000.0,1200.0,0,0,0,0,4,0,NORMAL,0
15000.0,10.0,1,0,1.1376,6,2,1500.0,600.0,1,1,1,0,95,77,EXTREME,1
23848.36,2.98,1,0,0.397,3,5,8000.0,3200.0,0,0,0,1,44,0,SUSPICIOUS,1
3384.91,1.13,0,28,0.1132,11,3,3000.0,1200.0,0,0,0,0,3,6,NORMAL,0
13580.03,1.13,0,21,0.1539,15,6,12000.0,4800.0,0,0,0,0,11,8,NORMAL,0
8271.85,0.69,0,30,0.207,7,1,12000.0,4800.0,0,0,0,0,11,4,NORMAL,0
7445.86,0.93,0,14,0.1759,17,2,8000.0,3200.0,0,0,0,0,4,14,NORMAL,0
17766.27,5.92,1,0,0.9955,22,1,3000.0,1200.0,1,1,0,0,93,73,EXTREME,1
1301.08,0.87,0,22,0.2114,10,1,1500.0,600.0,0,0,0,0,6,8,NORMAL,0
46283.94,5.79,1,0,0.2312,2,1,8000.0,3200.0,1,1,1,0,58,57,SUSPICIOUS,1
26685.02,5.34,1,0,0.5588,2,1,5000.0,2000.0,0,0,0,0,2,11,SUSPICIOUS,1
31085.1,3.89,0,1,0.4993,4,1,8000.0,3200.0,0,1,0,1,7,60,SUSPICIOUS,1
1752.09,0.58,0,38,0.169,14,1,3000.0,1200.0,0,0,0,0,13,1,NORMAL,0
2785.87,0.56,0,16,0.0621,8,1,5000.0,2000.0,0,0,0,0,9,12,NORMAL,0
2068.25,1.38,0,27,0.1946,22,4,1500.0,600.0,0,0,0,0,5,15,NORMAL,0
2513.12,0.84,0,17,0.2281,10,5,3000.0,1200.0,0,0,0,0,6,1,NORMAL,0
1335.0,0.89,0,10,0.0731,10,5,1500.0,600.0,0,0,0,0,10,9,NORMAL,0
12130.93,4.04,0,1,0.3304,3,3,3000.0,1200.0,0,0,0,1,39,6,SUSPICIOUS,1
4994.71,1.0,1,0,0.1424,15,2,5000.0,2000.0,0,0,0,0,13,4,NORMAL,0
8748.44,5.83,0,1,0.453,14,5,1500.0,600.0,0,0,1,1,17,12,SUSPICIOUS,1
2121.44,0.42,0,4,0.1413,9,5,5000.0,2000.0,0,0,0,0,13,1,NORMAL,0
5021.78,0.63,0,15,0.2071,12,4,8000.0,3200.0,0,0,0,0,6,4,NORMAL,0
763.75,0.51,0,44,0.2454,12,1,1500.0,600.0,0,0,0,0,10,2,NORMAL,0
69081.55,5.76,1,0,0.335,19,5,12000.0,4800.0,1,0,0,1,59,49,SUSPICIOUS,1
1804.38,1.2,0,18,0.1039,8,2,1500.0,600.0,0,0,0,0,5,12,NORMAL,0
1623.29,1.08,0,10,0.0608,10,6,1500.0,600.0,0,0,0,0,7,8,NORMAL,0
3702.4,0.74,0,8,0.1762,9,6,5000.0,2000.0,0,0,0,0,4,2,NORMAL,0
4158.81,0.52,0,44,0.1806,9,1,8000.0,3200.0,0,0,1,0,0,1,NORMAL,0
14077.23,1.17,0,45,0.0705,19,0,12000.0,4800.0,0,0,0,0,15,10,NORMAL,0
1012.93,0.68,0,4,0.1476,8,0,1500.0,600.0,0,0,0,0,3,9,NORMAL,0
4953.2,0.62,0,20,0.1498,22,5,8000.0,3200.0,0,0,0,0,11,6,NORMAL,0
1342.1,0.89,0,34,0.2424,19,0,1500.0,600.0,0,0,0,0,10,3,NORMAL,0
2497.9,0.83,0,4,0.1983,18,4,3000.0,1200.0,0,0,0,0,10,15,NORMAL,0
13015.81,4.34,1,0,0.5634,23,5,3000.0,1200.0,0,1,0,0,11,79,SUSPICIOUS,1
6645.48,0.55,0,36,0.0962,14,0,12000.0,4800.0,0,0,0,0,14,11,NORMAL,0
7747.43,0.97,0,33,0.1969,7,0,8000.0,3200.0,0,0,0,0,2,15,NORMAL,0
14927.05,1.24,0,14,0.0483,7,6,12000.0,4800.0,0,0,0,0,2,9,NORMAL,0
92367.82,11.55,1,0,0.7193,10,4,8000.0,3200.0,1,1,1,0,99,81,EXTREME,1
19295.12,3.86,1,0,0.4092,3,3,5000.0,2000.0,1,1,0,0,50,57,SUSPICIOUS,1
5127.76,1.03,0,45,0.222,13,4,5000.0,2000.0,0,0,0,0,7,8,NORMAL,0
14737.49,4.91,1,0,0.5351,14,1,3000.0,1200.0,0,0,1,1,48,42,SUSPICIOUS,1
35320.41,2.94,1,0,0.5785,0,2,12000.0,4800.0,0,1,0,1,5,80,SUSPICIOUS,1
40651.39,5.08,1,0,0.3804,23,5,8000.0,3200.0,0,1,0,0,5,56,SUSPICIOUS,1
6306.17,4.2,1,0,0.5543,1,1,1500.0,600.0,0,0,1,0,47,45,SUSPICIOUS,1
43807.56,5.48,1,0,0.6266,12,1,8000.0,3200.0,1,1,1,0,92,74,EXTREME,1
4414.4,0.88,0,17,0.2271,7,6,5000.0,2000.0,0,0,0,0,3,5,NORMAL,0
1209.23,0.81,0,44,0.0584,20,4,1500.0,600.0,0,0,0,0,0,13,NORMAL,0
3457.74,1.15,0,6,0.1823,19,4,3000.0,1200.0,0,0,0,0,6,1,NORMAL,0
1134.85,0.76,0,20,0.1569,20,5,1500.0,600.0,0,0,0,0,13,11,NORMAL,0
2055.53,0.69,0,34,0.1826,8,6,3000.0,1200.0,0,0,0,0,11,11,NORMAL,0
34133.7,4.27,1,0,0.4257,14,0,8000.0,3200.0,1,1,0,0,61,51,SUSPICIOUS,1
25707.18,5.14,1,0,0.4008,23,6,5000.0,2000.0,1,0,0,0,67,47,SUSPICIOUS,1
14667.32,2.93,0,1,0.2691,3,3,5000.0,2000.0,0,0,1,0,41,42,SUSPICIOUS,0
1186.44,0.79,0,14,0.1818,11,2,1500.0,600.0,0,0,0,0,15,14,NORMAL,0
2111.56,0.7,0,36,0.0725,22,5,3000.0,1200.0,0,0,0,0,13,0,NORMAL,0
7667.73,0.64,0,25,0.1508,14,1,12000.0,4800.0,0,0,0,0,3,10,NORMAL,0
29315.77,5.86,1,0,0.481,14,5,5000.0,2000.0,0,0,1,0,40,4,SUSPICIOUS,1
2871.55,0.96,0,15,0.1821,14,2,3000.0,1200.0,0,0,0,0,12,6,NORMAL,0
9587.08,0.8,0,42,0.2204,9,6,12000.0,4800.0,0,0,0,0,4,13,NORMAL,0
22924.43,4.58,1,0,0.7755,11,0,5000.0,2000.0,1,1,1,0,81,80,EXTREME,1
15000.0,10.0,1,0,0.9143,16,6,1500.0,600.0,1,1,1,0,84,87,EXTREME,1
5408.75,1.08,0,19,0.0745,21,0,5000.0,2000.0,0,0,0,0,10,3,NORMAL,0
5448.56,0.68,1,0,0.1185,14,0,8000.0,3200.0,0,0,0,0,1,1,NORMAL,0
1150.43,0.77,0,42,0.1077,12,5,1500.0,600.0,0,0,0,0,4,9,NORMAL,0
3619.68,1.21,0,25,0.2349,18,1,3000.0,1200.0,0,0,0,0,12,11,NORMAL,0
5599.11,0.7,0,30,0.1217,20,3,8000.0,3200.0,0,0,0,0,0,1,NORMAL,0
7545.53,0.94,0,40,0.2382,14,0,8000.0,3200.0,0,0,0,0,9,12,NORMAL,0
5931.2,1.19,0,20,0.2082,19,0,5000.0,2000.0,0,0,0,0,15,15,NORMAL,0
40087.36,5.01,1,0,0.5252,2,6,8000.0,3200.0,0,1,0,1,0,80,SUSPICIOUS,1
8359.87,0.7,0,30,0.1588,16,6,12000.0,4800.0,0,0,0,0,3,2,NORMAL,0
6025.72,0.75,1,0,0.1742,12,0,8000.0,3200.0,0,0,0,0,0,5,NORMAL,0
8697.96,0.72,0,21,0.1487,18,5,12000.0,4800.0,0,0,0,0,5,2,NORMAL,0
1998.62,0.67,0,33,0.2085,16,2,3000.0,1200.0,0,0,1,0,6,1,NORMAL,0
13786.38,4.6,1,0,0.568,23,5,3000.0,1200.0,0,1,0,0,3,64,SUSPICIOUS,1
6537.09,4.36,1,0,0.5652,1,1,1500.0,600.0,0,0,0,0,43,47,SUSPICIOUS,1
4056.0,0.81,0,9,0.08,20,6,5000.0,2000.0,0,0,0,0,5,10,NORMAL,0
1517.31,1.01,0,45,0.1845,9,6,1500.0,600.0,0,0,0,0,10,5,NORMAL,0
60595.34,5.05,1,0,0.2572,3,0,12000.0,4800.0,1,1,0,0,66,78,SUSPICIOUS,1
922.58,0.62,0,24,0.2185,16,0,1500.0,600.0,0,0,0,0,10,2,NORMAL,0
3841.97,1.28,0,40,0.0419,9,5,3000.0,1200.0,0,0,0,0,14,11,NORMAL,0
292.11,0.1,1,0,0.0471,15,6,3000.0,1200.0,0,0,0,0,13,9,NORMAL,0
71348.46,8.92,1,0,1.0145,4,4,8000.0,3200.0,1,1,1,0,90,93,EXTREME,1
32719.59,2.73,1,0,0.4145,1,3,12000.0,4800.0,1,1,0,0,60,75,SUSPICIOUS,1
10219.41,1.28,0,44,0.1184,15,6,8000.0,3200.0,0,0,0,0,10,15,NORMAL,0
8350.46,1.04,0,6,0.1995,21,3,8000.0,3200.0,0,0,0,0,0,15,NORMAL,0
1329.24,0.89,0,10,0.042,8,6,1500.0,600.0,0,0,0,0,3,4,NORMAL,0
1602.44,1.07,1,0,0.2162,11,4,1500.0,600.0,0,0,0,0,10,15,NORMAL,0
4666.5,1.56,0,2,0.0749,22,6,3000.0,1200.0,0,0,0,0,12,4,NORMAL,0
5598.31,1.12,0,30,0.0795,19,1,5000.0,2000.0,0,0,0,0,3,6,NORMAL,0
5385.62,0.67,0,44,0.0834,18,6,8000.0,3200.0,0,0,0,1,9,8,NORMAL,0
60520.27,5.04,1,0,0.3444,2,2,12000.0,4800.0,0,0,0,0,41,20,SUSPICIOUS,1
2606.01,0.87,0,2,0.2101,11,0,3000.0,1200.0,0,0,0,0,5,10,NORMAL,0
5713.85,0.48,0,23,0.0452,12,5,12000.0,4800.0,0,0,0,0,9,9,NORMAL,0
42811.08,5.35,1,0,0.4002,19,1,8000.0,3200.0,1,1,1,0,65,71,SUSPICIOUS,1
5329.56,0.44,0,12,0.2178,22,6,12000.0,4800.0,0,0,0,0,13,9,NORMAL,0
4611.13,3.07,0,3,0.4311,23,3,1500.0,600.0,0,0,0,0,40,49,SUSPICIOUS,1
6061.03,1.21,0,19,0.0536,14,3,5000.0,2000.0,0,0,0,0,7,7,NORMAL,0
11748.86,0.98,0,15,0.2143,15,1,12000.0,4800.0,0,0,0,0,14,0,NORMAL,0
13736.09,1.14,1,0,0.0434,13,3,12000.0,4800.0,0,0,0,0,11,4,NORMAL,0
4547.01,0.38,0,5,0.1557,7,4,12000.0,4800.0,0,0,0,0,13,14,NORMAL,0
3428.35,1.14,0,29,0.0803,19,5,3000.0,1200.0,0,0,0,0,4,10,NORMAL,0
6185.5,0.77,0,2,0.1301,12,5,8000.0,3200.0,0,0,0,0,5,14,NORMAL,0
24926.12,3.12,1,0,0.5627,4,1,8000.0,3200.0,1,1,0,0,63,62,SUSPICIOUS,1
1622.18,1.08,1,0,0.052,10,4,1500.0,600.0,0,0,0,0,7,9,NORMAL,0
4147.61,0.83,0,26,0.1417,22,1,5000.0,2000.0,0,0,0,0,14,6,NORMAL,0
6433.74,1.29,0,4,0.2158,16,2,5000.0,2000.0,0,0,0,0,6,0,NORMAL,0
5661.88,0.71,0,10,0.243,8,6,8000.0,3200.0,0,0,0,0,3,9,NORMAL,0
1664.11,0.55,0,36,0.1738,12,0,3000.0,1200.0,0,0,0,0,5,0,NORMAL,0
16925.07,5.64,1,0,0.5754,23,3,3000.0,1200.0,0,1,1,0,8,54,SUSPICIOUS,1
3162.47,1.05,0,43,0.0739,20,6,3000.0,1200.0,0,0,0,1,5,3,NORMAL,0
1657.44,1.1,1,0,0.0711,9,1,1500.0,600.0,0,0,0,0,11,13,NORMAL,0
64570.86,5.38,0,1,0.4553,0,2,12000.0,4800.0,0,0,0,1,43,19,SUSPICIOUS,1
12193.04,4.06,1,0,0.4919,14,1,3000.0,1200.0,0,1,0,0,14,52,SUSPICIOUS,1
2913.39,0.97,0,38,0.0726,10,4,3000.0,1200.0,0,0,0,1,5,3,NORMAL,0
7690.46,0.96,0,5,0.2263,12,0,8000.0,3200.0,0,0,0,0,8,5,NORMAL,0
26550.53,5.31,1,0,0.2085,19,1,5000.0,2000.0,0,1,0,0,36,71,SUSPICIOUS,1
40114.52,5.01,1,0,0.4711,9,0,8000.0,3200.0,1,1,0,0,87,93,EXTREME,1
9163.3,0.76,0,41,0.0554,22,3,12000.0,4800.0,0,0,0,0,6,10,NORMAL,0
14189.19,1.18,0,39,0.1283,22,2,12000.0,4800.0,0,0,0,0,3,9,NORMAL,0
1626.95,1.08,0,29,0.0508,22,3,1500.0,600.0,0,0,0,0,1,5,NORMAL,0
60411.91,5.03,1,0,0.2028,3,3,12000.0,4800.0,1,0,0,0,63,0,SUSPICIOUS,1
1086.79,0.72,0,2,0.1913,8,2,1500.0,600.0,0,0,0,0,14,7,NORMAL,0
3569.22,0.71,1,0,0.0546,12,4,5000.0,2000.0,0,0,0,0,8,15,NORMAL,0
1173.0,0.78,0,20,0.0727,15,5,1500.0,600.0,0,0,0,0,4,0,NORMAL,0
2083.45,0.69,0,22,0.1268,8,0,3000.0,1200.0,0,0,0,0,0,7,NORMAL,0
14087.45,2.82,1,0,0.3989,1,6,5000.0,2000.0,0,0,1,0,10,20,SUSPICIOUS,0
14978.92,4.99,1,0,0.3801,4,5,3000.0,1200.0,0,0,0,0,2,13,SUSPICIOUS,1
3906.02,0.78,0,31,0.1394,14,1,5000.0,2000.0,0,0,0,0,5,11,NORMAL,0
22893.19,7.63,1,0,0.9407,23,2,3000.0,1200.0,1,1,1,1,97,86,EXTREME,1
9215.79,0.77,0,27,0.1687,19,5,12000.0,4800.0,0,0,0,0,8,4,NORMAL,0
2293.52,0.76,0,37,0.2421,15,1,3000.0,1200.0,0,0,0,0,4,1,NORMAL,0
14919.15,4.97,1,0,0.5629,3,2,3000.0,1200.0,1,1,1,0,67,60,SUSPICIOUS,1
5639.77,1.13,0,11,0.1339,14,4,5000.0,2000.0,0,0,0,0,12,15,NORMAL,0
5478.97,1.1,0,2,0.0481,8,2,5000.0,2000.0,0,0,0,1,11,13,NORMAL,0
33611.18,2.8,0,1,0.2942,4,4,12000.0,4800.0,1,0,0,0,55,1,SUSPICIOUS,1
2559.29,0.85,0,26,0.2003,9,3,3000.0,1200.0,0,0,0,0,11,2,NORMAL,0
2803.47,0.93,0,32,0.0857,11,1,3000.0,1200.0,0,0,0,0,11,7,NORMAL,0
1249.25,0.83,0,14,0.1305,14,4,1500.0,600.0,0,0,0,0,10,13,NORMAL,0
41320.67,3.44,1,0,0.3656,0,0,12000.0,4800.0,1,1,0,0,72,72,SUSPICIOUS,1
1142.29,0.23,0,28,0.2491,19,4,5000.0,2000.0,0,0,0,0,13,4,NORMAL,0
41812.13,5.23,1,0,0.3292,1,2,8000.0,3200.0,1,1,1,0,54,62,SUSPICIOUS,1
26588.16,5.32,1,0,0.23,1,3,5000.0,2000.0,0,1,1,0,37,52,SUSPICIOUS,1
1695.02,1.13,0,21,0.214,10,0,1500.0,600.0,0,0,0,0,11,0,NORMAL,0
890.09,0.59,0,2,0.2048,18,4,1500.0,600.0,0,0,0,0,3,1,NORMAL,0
17943.69,5.98,1,0,0.7795,10,6,3000.0,1200.0,1,1,1,0,88,79,EXTREME,1
3615.39,0.72,0,29,0.06,9,0,5000.0,2000.0,0,0,1,0,7,0,NORMAL,0
6911.25,4.61,0,2,0.326,2,5,1500.0,600.0,0,0,0,0,20,42,SUSPICIOUS,1
11106.57,3.7,0,2,0.3038,14,2,3000.0,1200.0,1,1,0,1,57,71,SUSPICIOUS,1
15932.94,5.31,0,3,0.5325,3,0,3000.0,1200.0,0,0,0,0,8,1,SUSPICIOUS,1
15485.59,5.16,1,0,0.7524,17,0,3000.0,1200.0,1,1,1,1,91,71,EXTREME,1
1760.49,1.17,0,28,0.1927,7,6,1500.0,600.0,0,0,0,0,2,13,NORMAL,0
8005.0,1.0,0,30,0.2122,17,1,8000.0,3200.0,0,0,0,0,8,8,NORMAL,0
7030.25,4.69,1,0,0.2336,2,1,1500.0,600.0,0,1,0,0,40,61,SUSPICIOUS,1
14632.88,4.88,1,0,0.2936,2,4,3000.0,1200.0,0,0,1,0,12,3,SUSPICIOUS,1
33022.57,2.75,1,0,0.2832,3,0,12000.0,4800.0,1,0,0,0,69,20,SUSPICIOUS,1
2798.44,0.56,0,28,0.0866,16,4,5000.0,2000.0,0,0,0,0,13,14,NORMAL,0
17741.31,5.91,1,0,0.3947,4,2,3000.0,1200.0,0,0,0,0,44,44,SUSPICIOUS,1
1679.01,1.12,0,33,0.1665,17,6,1500.0,600.0,0,0,0,0,9,7,NORMAL,0
6699.68,0.56,0,4,0.155,16,0,12000.0,4800.0,0,0,0,0,2,13,NORMAL,0
2332.12,0.78,0,26,0.2233,8,1,3000.0,1200.0,0,0,0,0,2,14,NORMAL,0
8896.73,1.11,1,0,0.242,10,1,8000.0,3200.0,0,0,0,0,8,0,NORMAL,0
7510.1,0.94,0,44,0.0823,14,5,8000.0,3200.0,0,0,0,0,9,11,NORMAL,0
15238.51,1.27,0,6,0.0464,11,5,12000.0,4800.0,0,0,0,0,2,9,NORMAL,0
9298.51,0.77,0,27,0.2479,13,6,12000.0,4800.0,0,0,0,0,11,4,NORMAL,0
3592.12,0.72,0,28,0.1998,14,1,5000.0,2000.0,0,0,0,0,1,13,NORMAL,0
751.04,0.5,0,25,0.2008,16,4,1500.0,600.0,0,0,0,0,9,6,NORMAL,0
8237.94,1.03,0,45,0.1481,20,1,8000.0,3200.0,0,0,0,0,6,9,NORMAL,0
9760.39,1.22,0,21,0.0605,22,5,8000.0,3200.0,0,0,0,0,11,13,NORMAL,0
1554.1,1.04,0,4,0.1887,7,3,1500.0,600.0,0,0,0,0,14,9,NORMAL,0
1260.28,0.84,0,37,0.2199,14,6,1500.0,600.0,0,0,0,0,11,11,NORMAL,0
8981.11,2.99,1,0,0.3398,2,1,3000.0,1200.0,0,0,1,0,5,9,SUSPICIOUS,0
26094.02,3.26,1,0,0.3927,4,6,8000.0,3200.0,0,0,1,0,12,44,SUSPICIOUS,1
1267.4,0.84,0,31,0.2499,19,0,1500.0,600.0,0,0,0,0,0,15,NORMAL,0
12980.63,1.08,0,34,0.2211,15,4,12000.0,4800.0,0,0,0,0,15,2,NORMAL,0
1479.93,0.99,0,10,0.1153,16,5,1500.0,600.0,0,0,0,0,2,14,NORMAL,0
2328.6,0.47,0,18,0.197,9,2,5000.0,2000.0,0,0,0,0,5,3,NORMAL,0
3652.39,1.22,0,21,0.209,16,1,3000.0,1200.0,0,0,0,0,10,0,NORMAL,0
4164.8,0.52,1,0,0.2272,7,4,8000.0,3200.0,0,0,0,0,9,13,NORMAL,0
3047.33,0.61,0,27,0.1927,7,6,5000.0,2000.0,0,0,0,0,13,1,NORMAL,0
1968.45,1.31,0,40,0.1515,18,0,1500.0,600.0,0,0,0,0,5,9,NORMAL,0
2032.88,0.68,0,3,0.1804,10,3,3000.0,1200.0,0,0,0,0,6,3,NORMAL,0
75280.25,9.41,1,0,0.9981,5,0,8000.0,3200.0,1,1,1,1,83,89,EXTREME,1
1013.25,0.68,0,21,0.0593,21,4,1500.0,600.0,0,0,0,0,12,6,NORMAL,0
1605.33,0.54,1,0,0.2259,11,0,3000.0,1200.0,0,0,0,0,2,13,NORMAL,0
11271.58,0.94,0,29,0.1338,7,1,12000.0,4800.0,0,0,0,0,1,7,NORMAL,0
5599.29,0.7,0,42,0.2042,8,2,8000.0,3200.0,0,0,0,0,4,12,NORMAL,0
8832.58,1.1,1,0,0.1339,13,0,8000.0,3200.0,0,0,0,0,8,13,NORMAL,0
23154.52,2.89,1,0,0.3288,3,5,8000.0,3200.0,1,1,1,1,68,65,SUSPICIOUS,1
5014.4,1.0,0,43,0.1824,7,4,5000.0,2000.0,0,0,0,0,7,7,NORMAL,0
1690.87,1.13,0,2,0.0471,14,3,1500.0,600.0,0,0,0,1,12,10,NORMAL,0
6939.2,0.87,0,3,0.0544,20,4,8000.0,3200.0,0,0,0,0,12,12,NORMAL,0
27382.22,5.48,1,0,0.6831,15,1,5000.0,2000.0,1,1,1,0,87,89,EXTREME,1
7202.43,0.9,0,42,0.238,16,5,8000.0,3200.0,0,0,0,0,10,15,NORMAL,0
3911.83,0.78,0,11,0.0484,9,6,5000.0,2000.0,0,0,0,0,7,13,NORMAL,0
15000.0,5.0,1,0,0.5485,15,4,3000.0,1200.0,1,1,0,0,100,81,EXTREME,1
3017.44,1.01,0,38,0.1732,11,6,3000.0,1200.0,0,0,1,0,8,6,NORMAL,0
17248.75,5.75,1,0,0.5898,16,6,3000.0,1200.0,1,1,0,1,84,95,EXTREME,1
2837.74,0.95,0,10,0.0987,16,2,3000.0,1200.0,0,0,0,0,11,3,NORMAL,0
40831.02,8.17,1,0,0.7153,23,6,5000.0,2000.0,1,1,1,0,99,73,EXTREME,1
945.7,0.63,0,29,0.1241,9,0,1500.0,600.0,0,0,0,1,6,12,NORMAL,0
1487.59,0.99,0,9,0.2113,15,4,1500.0,600.0,0,0,0,0,9,3,NORMAL,0
997.93,0.67,0,21,0.1981,15,2,1500.0,600.0,0,0,0,0,3,14,NORMAL,0
10911.67,0.91,0,34,0.1129,8,4,12000.0,4800.0,0,0,0,0,15,1,NORMAL,0
68901.83,5.74,1,0,0.5226,3,0,12000.0,4800.0,1,1,0,0,54,76,SUSPICIOUS,1
760.77,0.51,0,23,0.2397,12,5,1500.0,600.0,0,0,0,0,12,7,NORMAL,0
3584.18,1.19,0,14,0.1016,13,5,3000.0,1200.0,0,0,0,0,7,11,NORMAL,0
2770.34,0.92,0,27,0.1066,22,2,3000.0,1200.0,0,0,0,0,14,8,NORMAL,0
2994.71,1.0,0,40,0.1393,11,5,3000.0,1200.0,0,0,0,0,13,15,NORMAL,0
1985.82,0.66,0,11,0.1595,18,3,3000.0,1200.0,0,0,0,0,14,7,NORMAL,0
7825.6,0.65,0,25,0.0977,11,2,12000.0,4800.0,0,0,0,0,14,7,NORMAL,0
49776.53,6.22,1,0,0.7803,15,1,8000.0,3200.0,1,1,1,0,91,83,EXTREME,1
4436.21,0.55,0,15,0.1627,22,4,8000.0,3200.0,0,0,0,0,15,11,NORMAL,0
116529.26,9.71,1,0,0.6431,12,2,12000.0,4800.0,1,1,0,1,82,70,EXTREME,1
4135.76,0.83,0,20,0.0939,14,0,5000.0,2000.0,0,0,0,0,13,7,NORMAL,0
136422.06,11.37,1,0,1.1363,8,3,12000.0,4800.0,1,1,0,0,90,83,EXTREME,1
4693.59,0.59,0,9,0.1984,19,6,8000.0,3200.0,0,0,1,0,1,14,NORMAL,0
4087.61,2.73,1,0,0.223,3,1,1500.0,600.0,1,1,0,0,63,67,SUSPICIOUS,1
5705.89,1.14,0,24,0.1207,10,0,5000.0,2000.0,0,0,0,0,5,14,NORMAL,0
40201.34,8.04,1,0,1.0667,9,1,5000.0,2000.0,1,1,0,1,88,73,EXTREME,1
4550.29,0.91,0,19,0.1174,21,6,5000.0,2000.0,0,0,0,0,8,12,NORMAL,0
1091.93,0.73,0,8,0.085,7,1,1500.0,600.0,0,0,0,0,10,10,NORMAL,0
6268.5,0.78,0,4,0.0844,12,5,8000.0,3200.0,0,0,0,0,9,3,NORMAL,0
1290.39,0.86,0,15,0.1588,21,1,1500.0,600.0,0,0,1,0,10,8,NORMAL,0
4392.64,0.88,0,14,0.1135,12,3,5000.0,2000.0,0,0,0,0,4,12,NORMAL,0
31433.75,6.29,1,0,1.198,11,5,5000.0,2000.0,1,1,1,1,83,83,EXTREME,1
2089.5,1.39,0,36,0.0833,22,4,1500.0,600.0,0,0,0,0,9,6,NORMAL,0
9138.88,0.76,0,10,0.0708,7,4,12000.0,4800.0,0,0,0,0,1,4,NORMAL,0
39444.61,3.29,1,0,0.4951,2,2,12000.0,4800.0,1,0,1,0,71,45,SUSPICIOUS,1
6529.58,0.82,0,7,0.2132,12,6,8000.0,3200.0,0,0,0,0,1,11,NORMAL,0
54827.74,10.97,1,0,1.1185,4,4,5000.0,2000.0,1,1,0,0,88,87,EXTREME,1
1221.4,0.81,0,28,0.1546,11,4,1500.0,600.0,0,0,0,0,1,9,NORMAL,0
2028.42,0.41,0,38,0.2436,7,4,5000.0,2000.0,0,0,0,0,0,8,NORMAL,0
2907.01,0.97,0,7,0.2067,16,6,3000.0,1200.0,0,0,0,0,13,3,NORMAL,0
4800.31,0.96,0,2,0.1821,16,2,5000.0,2000.0,0,0,0,0,9,0,NORMAL,0
1932.49,0.64,0,25,0.1191,10,6,3000.0,1200.0,0,0,0,0,6,2,NORMAL,0
4906.39,0.98,1,0,0.2218,13,2,5000.0,2000.0,0,0,0,0,11,3,NORMAL,0
1665.72,1.11,0,13,0.0542,19,0,1500.0,600.0,0,0,0,1,15,12,NORMAL,0
3754.27,1.25,0,12,0.1219,11,5,3000.0,1200.0,0,0,0,0,2,11,NORMAL,0
12150.33,4.05,1,0,0.5413,14,2,3000.0,1200.0,0,1,1,0,7,63,SUSPICIOUS,1
3155.85,0.63,0,43,0.2318,11,3,5000.0,2000.0,0,0,0,0,7,3,NORMAL,0
92591.29,11.57,1,0,0.9617,20,0,8000.0,3200.0,1,1,1,1,98,71,EXTREME,1
92548.4,11.57,1,0,0.6956,15,3,8000.0,3200.0,1,1,0,1,96,72,EXTREME,1
4470.6,0.89,0,14,0.0864,19,1,5000.0,2000.0,0,0,0,1,10,14,NORMAL,0
14123.17,1.18,0,38,0.0947,16,4,12000.0,4800.0,0,0,0,0,4,4,NORMAL,0
8580.67,1.07,0,7,0.0532,21,3,8000.0,3200.0,0,0,0,0,5,7,NORMAL,0
15027.23,5.01,1,0,0.5826,0,6,3000.0,1200.0,0,1,1,1,41,76,SUSPICIOUS,1
11583.05,3.86,0,3,0.209,23,4,3000.0,1200.0,1,0,0,0,55,46,SUSPICIOUS,1
7128.84,0.89,0,42,0.0795,17,2,8000.0,3200.0,0,0,0,0,2,14,NORMAL,0
1989.16,0.66,0,30,0.197,12,3,3000.0,1200.0,0,0,0,0,10,11,NORMAL,0
6948.7,0.58,0,25,0.2374,11,6,12000.0,4800.0,0,0,0,1,7,12,NORMAL,0
1135.48,0.38,0,38,0.0467,19,6,3000.0,1200.0,0,0,0,0,7,6,NORMAL,0
6576.83,1.32,0,8,0.1008,12,0,5000.0,2000.0,0,0,0,0,10,7,NORMAL,0
5655.32,0.47,0,27,0.2191,13,4,12000.0,4800.0,0,0,0,0,7,6,NORMAL,0
11353.7,0.95,0,15,0.1081,18,5,12000.0,4800.0,0,0,1,1,10,11,NORMAL,0
2354.33,0.78,0,42,0.2395,22,1,3000.0,1200.0,0,0,0,0,8,13,NORMAL,0
36769.56,4.6,1,0,0.9512,12,5,8000.0,3200.0,1,1,1,0,88,77,EXTREME,1
1297.91,0.87,0,25,0.0456,14,2,1500.0,600.0,0,0,0,0,7,3,NORMAL,0
71706.98,5.98,1,0,0.2474,23,4,12000.0,4800.0,0,1,1,0,16,56,SUSPICIOUS,1
1932.06,0.64,0,42,0.218,10,0,3000.0,1200.0,0,0,0,0,13,6,NORMAL,0
24192.71,4.84,0,2,0.4051,19,3,5000.0,2000.0,0,0,1,0,12,20,SUSPICIOUS,1
6957.53,0.87,0,29,0.2083,21,6,8000.0,3200.0,0,0,0,0,9,14,NORMAL,0
2668.91,0.89,0,39,0.2396,8,0,3000.0,1200.0,0,0,0,0,8,6,NORMAL,0
91534.51,11.44,1,0,0.6002,18,5,8000.0,3200.0,1,1,1,1,94,76,EXTREME,1
15000.0,10.0,1,0,1.1754,23,4,1500.0,600.0,1,1,1,0,81,76,EXTREME,1
61450.06,7.68,1,0,0.6029,9,3,8000.0,3200.0,1,1,0,1,88,94,EXTREME,1
13726.36,1.14,0,16,0.1325,22,2,12000.0,4800.0,0,0,0,0,12,9,NORMAL,0
1272.01,0.85,0,20,0.2417,8,2,1500.0,600.0,0,0,1,0,12,13,NORMAL,0
4641.77,0.93,0,9,0.0954,10,2,5000.0,2000.0,0,0,0,0,9,13,NORMAL,0
45449.51,5.68,0,2,0.4779,2,3,8000.0,3200.0,0,0,0,0,18,11,SUSPICIOUS,1
5192.39,1.04,0,13,0.2051,11,4,5000.0,2000.0,0,0,0,0,12,2,NORMAL,0
17605.79,5.87,1,0,0.5111,3,6,3000.0,1200.0,1,1,0,0,60,52,SUSPICIOUS,1
1465.45,0.98,0,15,0.2242,22,0,1500.0,600.0,0,0,0,0,15,9,NORMAL,0
2351.57,0.78,0,43,0.1527,9,0,3000.0,1200.0,0,0,0,0,10,11,NORMAL,0
2310.39,0.19,0,14,0.2212,9,6,12000.0,4800.0,0,0,0,0,2,15,NORMAL,0
8141.56,1.63,0,3,0.1068,11,4,5000.0,2000.0,0,0,0,0,3,11,NORMAL,0
8239.94,2.75,1,0,0.4112,0,2,3000.0,1200.0,1,1,0,1,54,73,SUSPICIOUS,1
5573.37,1.11,0,18,0.2468,22,6,5000.0,2000.0,0,0,0,0,4,9,NORMAL,0
1684.7,1.12,0,6,0.1374,9,1,1500.0,600.0,0,0,0,0,11,8,NORMAL,0
11998.32,1.0,0,18,0.0408,19,2,12000.0,4800.0,0,0,0,0,11,1,NORMAL,0
3732.49,0.75,0,6,0.2403,13,2,5000.0,2000.0,0,0,0,0,11,13,NORMAL,0
27090.24,5.42,1,0,0.5285,5,3,5000.0,2000.0,1,1,1,1,82,94,EXTREME,1
64753.22,8.09,1,0,0.6698,13,5,8000.0,3200.0,1,1,0,1,100,76,EXTREME,1
4950.62,0.62,0,10,0.1404,12,6,8000.0,3200.0,0,0,0,0,5,12,NORMAL,0
24325.33,3.04,1,0,0.2956,1,6,8000.0,3200.0,0,0,1,0,41,7,SUSPICIOUS,1
26927.47,3.37,1,0,0.2697,2,4,8000.0,3200.0,0,1,1,0,17,52,SUSPICIOUS,1
20169.96,4.03,1,0,0.7676,21,0,5000.0,2000.0,1,1,0,1,83,87,EXTREME,1
1723.08,0.34,0,8,0.116,11,5,5000.0,2000.0,0,0,0,0,13,13,NORMAL,0
14626.74,1.22,1,0,0.1928,7,1,12000.0,4800.0,0,0,0,0,7,15,NORMAL,0
7998.93,1.0,0,2,0.2269,8,6,8000.0,3200.0,0,0,0,0,2,5,NORMAL,0
59671.27,4.97,1,0,0.3535,3,4,12000.0,4800.0,1,1,0,0,67,74,SUSPICIOUS,1
2978.57,0.99,0,35,0.2153,14,3,3000.0,1200.0,0,0,0,0,1,3,NORMAL,0
1223.52,0.82,0,42,0.1859,9,0,1500.0,600.0,0,0,0,0,3,10,NORMAL,0
49970.03,9.99,1,0,0.432,10,6,5000.0,2000.0,1,1,0,0,90,86,EXTREME,1
1207.46,0.8,0,19,0.128,19,2,1500.0,600.0,0,0,0,0,3,2,NORMAL,0
30901.32,3.86,1,0,0.3882,4,6,8000.0,3200.0,0,1,1,0,0,67,SUSPICIOUS,1
3870.47,1.29,0,2,0.0759,20,6,3000.0,1200.0,0,0,0,0,3,0,NORMAL,0
3199.46,0.64,0,18,0.1588,19,4,5000.0,2000.0,0,0,0,0,13,11,NORMAL,0
1345.16,0.9,1,0,0.2219,11,1,1500.0,600.0,0,0,0,0,11,6,NORMAL,0
35208.7,11.74,1,0,0.4774,9,1,3000.0,1200.0,1,1,1,0,98,75,EXTREME,1
17771.93,5.92,1,0,0.3425,19,3,3000.0,1200.0,0,1,1,0,40,73,SUSPICIOUS,1
15000.0,10.0,1,0,0.664,22,6,1500.0,600.0,1,1,1,1,95,76,EXTREME,1
4386.19,2.92,1,0,0.3036,19,2,1500.0,600.0,1,1,0,0,68,79,SUSPICIOUS,1
8957.53,5.97,0,3,0.5787,0,4,1500.0,600.0,0,1,1,0,14,73,SUSPICIOUS,1
2146.24,0.72,0,20,0.1925,14,3,3000.0,1200.0,0,0,0,0,11,2,NORMAL,0
5786.64,1.16,0,29,0.1392,21,2,5000.0,2000.0,0,0,0,0,9,3,NORMAL,0
9113.13,0.76,0,23,0.1552,8,2,12000.0,4800.0,0,0,0,0,15,9,NORMAL,0
3461.63,1.15,0,36,0.2121,15,6,3000.0,1200.0,0,0,0,0,9,11,NORMAL,0
16175.0,3.23,0,3,0.4047,3,0,5000.0,2000.0,0,1,1,0,13,50,SUSPICIOUS,0
2932.76,0.59,0,18,0.0671,18,5,5000.0,2000.0,0,0,0,0,6,9,NORMAL,0
18558.64,3.71,0,2,0.5513,14,1,5000.0,2000.0,1,0,0,0,56,44,SUSPICIOUS,1
12453.49,4.15,1,0,0.2696,4,3,3000.0,1200.0,0,0,0,1,41,10,SUSPICIOUS,1
1974.2,0.66,0,20,0.1134,11,4,3000.0,1200.0,0,0,0,1,7,15,NORMAL,0
22587.07,4.52,1,0,0.2551,23,2,5000.0,2000.0,0,0,0,0,8,43,SUSPICIOUS,1
6057.04,1.21,0,42,0.197,10,4,5000.0,2000.0,0,0,0,1,4,0,NORMAL,0
12825.99,1.07,0,7,0.2463,13,0,12000.0,4800.0,0,0,0,0,8,6,NORMAL,0
1395.89,0.93,0,2,0.219,19,5,1500.0,600.0,0,0,0,0,5,11,NORMAL,0
5997.65,0.75,0,24,0.1492,7,3,8000.0,3200.0,0,0,0,0,6,15,NORMAL,0
1565.98,1.04,0,36,0.0866,7,2,1500.0,600.0,0,0,0,0,10,12,NORMAL,0
6411.31,1.28,0,7,0.0595,9,1,5000.0,2000.0,0,0,0,0,5,11,NORMAL,0
15000.0,10.0,1,0,0.5057,7,0,1500.0,600.0,1,1,0,1,91,76,EXTREME,1
14915.9,1.24,0,41,0.2441,7,6,12000.0,4800.0,0,0,0,0,8,11,NORMAL,0
525.52,0.35,0,19,0.0585,21,4,1500.0,600.0,0,0,0,0,0,10,NORMAL,0
6203.44,4.14,1,0,0.2103,23,4,1500.0,600.0,0,0,0,1,48,19,SUSPICIOUS,1
963.25,0.64,1,0,0.2141,7,6,1500.0,600.0,0,0,0,0,7,12,NORMAL,0
3912.55,2.61,0,1,0.5031,4,0,1500.0,600.0,1,1,0,0,62,62,SUSPICIOUS,1
14202.51,4.73,1,0,0.5914,2,1,3000.0,1200.0,0,0,1,0,15,17,SUSPICIOUS,1
78382.41,9.8,1,0,0.7941,11,0,8000.0,3200.0,1,1,1,0,99,74,EXTREME,1
7372.56,0.92,0,13,0.0839,18,0,8000.0,3200.0,0,0,0,0,13,9,NORMAL,0
57413.47,4.78,0,1,0.3539,19,1,12000.0,4800.0,1,0,0,0,72,7,SUSPICIOUS,1
10408.9,1.3,0,35,0.2421,17,2,8000.0,3200.0,0,0,0,0,15,1,NORMAL,0
13380.35,4.46,0,1,0.2034,3,2,3000.0,1200.0,0,0,0,0,48,15,SUSPICIOUS,1
16339.9,10.89,1,0,0.7932,23,0,1500.0,600.0,1,1,1,0,100,88,EXTREME,1
9917.86,3.31,1,0,0.3832,19,2,3000.0,1200.0,0,0,0,1,15,7,SUSPICIOUS,1
43600.16,5.45,0,2,0.361,4,4,8000.0,3200.0,0,1,0,0,0,70,SUSPICIOUS,1
1491.0,0.99,0,14,0.2433,14,3,1500.0,600.0,0,0,0,0,0,9,NORMAL,0
1954.08,1.3,0,45,0.0695,21,5,1500.0,600.0,0,0,0,0,9,9,NORMAL,0
6761.53,0.85,0,40,0.2255,16,5,8000.0,3200.0,0,0,0,0,0,10,NORMAL,0
406.71,0.27,0,22,0.1945,17,0,1500.0,600.0,0,0,0,0,2,9,NORMAL,0
7547.63,1.51,1,0,0.0812,18,5,5000.0,2000.0,0,0,0,0,5,9,NORMAL,0
4573.09,0.91,1,0,0.0546,10,4,5000.0,2000.0,0,0,0,0,10,15,NORMAL,0
10011.82,0.83,0,7,0.2344,10,1,12000.0,4800.0,0,0,0,0,3,7,NORMAL,0
12402.26,4.13,1,0,0.2527,3,5,3000.0,1200.0,0,0,0,0,3,7,SUSPICIOUS,1
35241.45,11.75,1,0,0.6264,13,6,3000.0,1200.0,1,1,1,0,98,93,EXTREME,1
8672.2,1.08,0,15,0.0464,8,5,8000.0,3200.0,0,0,0,0,1,8,NORMAL,0
7395.81,1.48,0,32,0.2472,10,0,5000.0,2000.0,0,0,0,0,1,3,NORMAL,0
8147.11,0.68,0,24,0.0619,17,1,12000.0,4800.0,0,0,0,0,15,15,NORMAL,0
1971.51,0.66,0,21,0.1577,15,3,3000.0,1200.0,0,0,0,0,15,5,NORMAL,0
16995.06,11.33,1,0,0.4317,5,1,1500.0,600.0,1,1,0,1,81,89,EXTREME,1
7914.07,0.66,0,30,0.0767,11,2,12000.0,4800.0,0,0,0,0,13,5,NORMAL,0
11343.81,0.95,0,21,0.1929,21,2,12000.0,4800.0,0,0,0,0,11,12,NORMAL,0
1581.82,1.05,0,7,0.2024,7,2,1500.0,600.0,0,0,0,0,10,9,NORMAL,0
53277.74,10.66,1,0,0.4767,22,6,5000.0,2000.0,1,1,1,1,91,86,EXTREME,1
23660.82,2.96,1,0,0.2638,0,2,8000.0,3200.0,1,1,1,0,57,63,SUSPICIOUS,1
4829.31,0.97,0,27,0.1437,11,6,5000.0,2000.0,0,0,0,0,13,6,NORMAL,0
87481.0,10.94,1,0,0.898,15,0,8000.0,3200.0,1,1,0,1,82,92,EXTREME,1
4340.86,0.87,0,29,0.2242,11,3,5000.0,2000.0,0,0,0,0,6,3,NORMAL,0
30956.98,2.58,1,0,0.5669,1,4,12000.0,4800.0,1,0,0,0,58,18,SUSPICIOUS,1
871.55,0.58,0,42,0.1381,18,4,1500.0,600.0,0,0,0,0,7,14,NORMAL,0
8965.63,0.75,0,43,0.2192,10,0,12000.0,4800.0,0,0,0,0,15,0,NORMAL,0
685.12,0.46,0,21,0.1634,18,5,1500.0,600.0,0,0,0,0,11,1,NORMAL,0
4328.85,0.87,0,41,0.0924,17,4,5000.0,2000.0,0,0,0,0,14,3,NORMAL,0
8313.19,1.04,0,27,0.1368,8,1,8000.0,3200.0,0,0,0,0,14,13,NORMAL,0
6390.43,0.8,0,19,0.0777,18,0,8000.0,3200.0,0,0,0,0,13,13,NORMAL,0
1239.77,0.83,0,27,0.1191,10,6,1500.0,600.0,0,0,0,0,0,9,NORMAL,0
2849.69,0.95,0,45,0.0958,8,6,3000.0,1200.0,0,0,0,0,14,12,NORMAL,0
2933.01,0.98,0,15,0.1759,13,6,3000.0,1200.0,0,0,0,0,8,3,NORMAL,0
58478.42,7.31,1,0,0.9326,2,4,8000.0,3200.0,1,1,1,1,100,75,EXTREME,1
2238.39,0.45,1,0,0.2336,9,4,5000.0,2000.0,0,0,0,0,3,9,NORMAL,0
122573.5,10.21,1,0,1.0635,9,2,12000.0,4800.0,1,1,0,0,96,81,EXTREME,1
88708.63,7.39,1,0,0.7201,6,0,12000.0,4800.0,1,1,0,1,87,84,EXTREME,1
15289.37,1.27,0,17,0.0729,13,5,12000.0,4800.0,0,0,0,0,15,2,NORMAL,0
6713.13,0.56,0,30,0.2321,9,3,12000.0,4800.0,0,0,0,0,6,1,NORMAL,0
10864.95,1.36,0,38,0.1611,17,2,8000.0,3200.0,0,0,0,0,11,8,NORMAL,0
873.13,0.58,1,0,0.1305,10,3,1500.0,600.0,0,0,0,0,15,12,NORMAL,0
2848.63,0.95,0,17,0.1585,16,4,3000.0,1200.0,0,0,0,0,9,10,NORMAL,0
4007.21,0.33,0,35,0.2459,16,3,12000.0,4800.0,0,0,0,0,10,8,NORMAL,0
2556.99,0.85,0,43,0.1293,15,6,3000.0,1200.0,0,0,0,0,6,4,NORMAL,0
7963.97,0.66,0,45,0.123,15,6,12000.0,4800.0,0,0,0,0,0,10,NORMAL,0
1257.82,0.84,0,9,0.2285,10,6,1500.0,600.0,0,0,0,0,6,5,NORMAL,0
10010.11,0.83,0,13,0.1151,12,2,12000.0,4800.0,0,0,0,0,2,15,NORMAL,0
1772.5,0.59,0,36,0.2098,15,1,3000.0,1200.0,0,0,0,0,9,14,NORMAL,0
8346.52,5.56,1,0,0.5034,1,3,1500.0,600.0,1,1,1,1,70,70,SUSPICIOUS,1
7335.38,0.61,0,22,0.125,19,1,12000.0,4800.0,0,0,0,0,13,10,NORMAL,0
10598.79,0.88,0,39,0.1462,10,1,12000.0,4800.0,0,0,0,0,13,10,NORMAL,0
23555.92,4.71,1,0,0.5504,19,4,5000.0,2000.0,1,0,0,0,57,49,SUSPICIOUS,1
11644.49,0.97,1,0,0.2182,21,1,12000.0,4800.0,0,0,0,0,9,13,NORMAL,0
5867.36,1.17,0,21,0.2094,16,3,5000.0,2000.0,0,0,0,0,5,12,NORMAL,0
14499.64,1.21,0,44,0.0668,12,0,12000.0,4800.0,0,0,0,0,3,6,NORMAL,0
3897.41,0.32,0,36,0.2426,17,3,12000.0,4800.0,0,0,0,0,3,1,NORMAL,0
24222.57,3.03,1,0,0.2657,19,4,8000.0,3200.0,0,0,0,0,47,15,SUSPICIOUS,1
42254.26,3.52,1,0,0.337,0,5,12000.0,4800.0,1,1,1,1,64,67,SUSPICIOUS,1
49383.13,4.12,0,2,0.2367,0,5,12000.0,4800.0,0,0,1,0,41,15,SUSPICIOUS,1
2597.79,0.32,0,26,0.2106,14,4,8000.0,3200.0,0,0,0,0,10,9,NORMAL,0
14203.45,1.18,0,5,0.1097,19,4,12000.0,4800.0,0,0,0,0,9,6,NORMAL,0
31534.62,3.94,1,0,0.5786,19,0,8000.0,3200.0,1,0,1,0,70,12,SUSPICIOUS,1
75469.4,9.43,1,0,0.7048,13,4,8000.0,3200.0,1,1,0,1,93,79,EXTREME,1
856.05,0.57,1,0,0.2166,15,6,1500.0,600.0,0,0,0,0,4,7,NORMAL,0
4440.97,0.56,0,24,0.0923,22,0,8000.0,3200.0,0,0,0,0,10,7,NORMAL,0
10596.93,0.88,1,0,0.2218,21,1,12000.0,4800.0,0,0,0,0,0,11,NORMAL,0
9776.95,0.81,0,39,0.1832,11,6,12000.0,4800.0,0,0,0,0,14,14,NORMAL,0
31299.37,10.43,1,0,0.6193,13,3,3000.0,1200.0,1,1,1,1,88,70,EXTREME,1
2907.2,0.97,0,33,0.2359,12,2,3000.0,1200.0,0,0,0,0,11,14,NORMAL,0
2280.63,0.76,1,0,0.1806,19,0,3000.0,1200.0,0,0,0,0,9,8,NORMAL,0
3863.66,0.77,1,0,0.1852,8,1,5000.0,2000.0,0,0,0,0,13,11,NORMAL,0
1372.67,0.92,0,33,0.1881,8,5,1500.0,600.0,0,0,0,0,8,13,NORMAL,0
4213.37,0.84,0,17,0.1685,22,4,5000.0,2000.0,0,0,0,0,15,15,NORMAL,0
35169.46,2.93,1,0,0.4622,3,5,12000.0,4800.0,1,1,0,1,60,67,SUSPICIOUS,1
4738.02,0.39,0,33,0.2346,20,0,12000.0,4800.0,0,0,0,0,10,1,NORMAL,0
6543.31,4.36,1,0,0.2347,2,4,1500.0,600.0,1,0,0,0,57,46,SUSPICIOUS,1
9512.73,0.79,0,43,0.1999,21,1,12000.0,4800.0,0,0,0,0,14,3,NORMAL,0
4766.96,0.95,0,45,0.1225,22,3,5000.0,2000.0,0,0,0,0,15,0,NORMAL,0
8089.92,2.7,1,0,0.496,1,6,3000.0,1200.0,0,1,1,0,44,57,SUSPICIOUS,0
11986.77,1.5,0,32,0.1529,13,3,8000.0,3200.0,0,0,0,0,0,5,NORMAL,0
7079.36,0.88,1,0,0.1749,19,5,8000.0,3200.0,0,0,0,0,5,0,NORMAL,0
9706.79,1.21,0,31,0.2136,10,6,8000.0,3200.0,0,0,1,0,12,11,NORMAL,0
5512.96,1.1,1,0,0.235,19,4,5000.0,2000.0,0,0,1,0,9,2,NORMAL,0
11222.61,0.94,0,4,0.0586,8,0,12000.0,4800.0,0,0,0,0,9,15,NORMAL,0
6140.29,1.23,0,12,0.0464,21,2,5000.0,2000.0,0,0,0,0,4,6,NORMAL,0
1261.15,0.84,0,38,0.1376,19,2,1500.0,600.0,0,0,0,1,15,4,NORMAL,0
90792.03,11.35,1,0,0.7533,18,5,8000.0,3200.0,1,1,1,0,81,89,EXTREME,1
641.39,0.43,0,36,0.0482,14,3,1500.0,600.0,0,0,0,0,0,8,NORMAL,0
8469.04,0.71,0,16,0.1267,22,2,12000.0,4800.0,0,0,0,0,2,14,NORMAL,0
18335.24,3.67,0,1,0.5652,19,4,5000.0,2000.0,0,1,1,0,6,80,SUSPICIOUS,1
3441.58,0.43,0,5,0.2111,12,4,8000.0,3200.0,0,0,0,0,15,4,NORMAL,0
13125.32,1.09,0,5,0.0587,12,4,12000.0,4800.0,0,0,0,0,14,12,NORMAL,0
4205.45,0.84,0,17,0.0991,8,1,5000.0,2000.0,0,0,0,0,8,5,NORMAL,0
8267.39,0.69,0,12,0.1945,7,3,12000.0,4800.0,0,0,0,0,3,7,NORMAL,0
44600.72,5.58,1,0,0.3462,14,4,8000.0,3200.0,0,0,0,0,41,13,SUSPICIOUS,1
1353.08,0.9,0,4,0.1693,20,5,1500.0,600.0,0,0,0,0,8,12,NORMAL,0
77510.57,9.69,1,0,0.8157,11,6,8000.0,3200.0,1,1,1,0,83,87,EXTREME,1
6013.46,0.5,0,32,0.2418,7,0,12000.0,4800.0,0,0,1,0,6,12,NORMAL,0
5163.8,1.03,0,32,0.1282,11,3,5000.0,2000.0,0,0,0,0,13,14,NORMAL,0
28832.31,3.6,1,0,0.5682,23,4,8000.0,3200.0,1,1,0,1,59,59,SUSPICIOUS,1
3189.33,1.06,0,5,0.0943,15,2,3000.0,1200.0,0,0,0,0,11,8,NORMAL,0
7699.55,5.13,1,0,0.5537,3,6,1500.0,600.0,1,0,1,0,69,20,SUSPICIOUS,1
2467.2,0.82,0,37,0.0659,19,2,3000.0,1200.0,0,0,0,0,7,10,NORMAL,0
18201.59,6.07,1,0,1.0115,8,3,3000.0,1200.0,1,1,0,1,93,76,EXTREME,1
16625.38,11.08,1,0,0.8324,13,5,1500.0,600.0,1,1,0,0,96,75,EXTREME,1
4527.97,0.91,0,40,0.194,7,5,5000.0,2000.0,0,0,0,0,13,4,NORMAL,0
15000.0,10.0,1,0,0.8295,21,6,1500.0,600.0,1,1,0,1,83,71,EXTREME,1
3887.45,0.78,0,15,0.0739,22,2,5000.0,2000.0,0,0,0,0,6,3,NORMAL,0
129447.93,10.79,1,0,0.8193,10,6,12000.0,4800.0,1,1,0,1,94,72,EXTREME,1
5813.9,0.48,0,38,0.1903,13,2,12000.0,4800.0,0,0,0,0,13,5,NORMAL,0
8172.87,0.68,1,0,0.054,15,1,12000.0,4800.0,0,0,0,0,10,3,NORMAL,0
3070.57,1.02,0,12,0.2188,16,3,3000.0,1200.0,0,0,0,0,4,11,NORMAL,0
1735.19,0.58,0,44,0.155,7,0,3000.0,1200.0,0,0,1,0,0,9,NORMAL,0
1459.33,0.97,0,39,0.1737,14,6,1500.0,600.0,0,0,0,0,0,9,NORMAL,0
14848.24,4.95,1,0,0.5742,23,1,3000.0,1200.0,0,1,0,0,12,74,SUSPICIOUS,1
1057.62,0.35,0,34,0.2314,14,6,3000.0,1200.0,0,0,0,0,10,12,NORMAL,0
5868.31,1.17,1,0,0.195,9,3,5000.0,2000.0,0,0,0,0,5,10,NORMAL,0
12863.28,1.07,0,45,0.0594,18,5,12000.0,4800.0,0,0,0,0,1,8,NORMAL,0
6387.5,0.8,0,20,0.0475,13,0,8000.0,3200.0,0,0,0,0,2,2,NORMAL,0
3071.58,1.02,0,20,0.192,10,5,3000.0,1200.0,0,0,0,0,3,9,NORMAL,0
37526.82,3.13,1,0,0.5104,23,4,12000.0,4800.0,0,1,0,0,9,61,SUSPICIOUS,1
17651.34,11.77,1,0,1.1874,17,2,1500.0,600.0,1,1,1,0,82,83,EXTREME,1
16698.3,5.57,1,0,0.3408,1,5,3000.0,1200.0,1,1,0,0,62,73,SUSPICIOUS,1
8319.47,1.04,0,11,0.2083,7,4,8000.0,3200.0,0,0,0,0,3,11,NORMAL,0
28370.41,3.55,0,1,0.5082,2,0,8000.0,3200.0,0,0,0,0,19,12,SUSPICIOUS,1
7327.9,0.61,0,9,0.0662,17,0,12000.0,4800.0,0,0,0,0,8,0,NORMAL,0
1740.15,0.58,0,19,0.19,15,5,3000.0,1200.0,0,0,0,0,5,7,NORMAL,0
1706.66,1.14,0,18,0.1851,12,2,1500.0,600.0,0,0,0,0,6,0,NORMAL,0
4616.68,0.92,0,37,0.0983,15,6,5000.0,2000.0,0,0,0,0,2,11,NORMAL,0
133397.37,11.12,1,0,0.558,0,1,12000.0,4800.0,1,1,1,0,83,81,EXTREME,1
1204.28,0.8,0,2,0.2076,20,0,1500.0,600.0,0,0,0,0,5,8,NORMAL,0
6642.15,0.83,0,21,0.1751,13,0,8000.0,3200.0,0,0,0,0,11,13,NORMAL,0
1962.38,0.65,0,41,0.059,19,4,3000.0,1200.0,0,0,0,0,1,3,NORMAL,0
48678.38,6.08,1,0,0.9495,8,0,8000.0,3200.0,1,1,0,0,94,83,EXTREME,1
944.03,0.63,0,20,0.0409,21,3,1500.0,600.0,0,0,0,0,2,10,NORMAL,0
3160.95,1.05,0,2,0.0803,12,1,3000.0,1200.0,0,0,0,0,4,2,NORMAL,0
7646.83,0.96,0,20,0.2113,8,3,8000.0,3200.0,0,0,0,0,1,2,NORMAL,0
20266.0,2.53,0,3,0.3409,4,4,8000.0,3200.0,1,1,0,0,62,68,SUSPICIOUS,1
2106.72,0.7,0,3,0.2267,16,6,3000.0,1200.0,0,0,1,0,8,12,NORMAL,0
1761.63,0.59,0,12,0.1168,8,5,3000.0,1200.0,0,0,0,0,10,15,NORMAL,0
6789.39,0.57,0,33,0.0673,12,4,12000.0,4800.0,0,0,0,0,11,0,NORMAL,0
44272.87,3.69,0,3,0.22,4,6,12000.0,4800.0,1,0,1,0,63,10,SUSPICIOUS,1
5183.98,1.04,0,30,0.1927,17,5,5000.0,2000.0,0,0,0,0,2,15,NORMAL,0
1970.17,1.31,0,3,0.0647,8,1,1500.0,600.0,0,0,0,0,14,13,NORMAL,0
11924.49,0.99,0,41,0.2114,16,3,12000.0,4800.0,0,0,0,0,13,8,NORMAL,0
63695.84,5.31,1,0,0.2807,0,6,12000.0,4800.0,0,1,0,1,2,73,SUSPICIOUS,1
28662.55,5.73,1,0,0.3504,0,1,5000.0,2000.0,0,0,0,0,43,11,SUSPICIOUS,1
6590.63,0.55,0,39,0.0597,14,1,12000.0,4800.0,0,0,0,0,15,15,NORMAL,0
2424.65,0.81,0,40,0.1371,10,6,3000.0,1200.0,0,0,0,0,14,3,NORMAL,0
2966.17,0.37,0,7,0.192,13,6,8000.0,3200.0,0,0,0,0,0,9,NORMAL,0
47718.71,5.96,0,2,0.3669,2,2,8000.0,3200.0,1,0,1,0,50,6,SUSPICIOUS,1
2399.28,0.48,0,24,0.2405,11,2,5000.0,2000.0,0,0,0,0,10,14,NORMAL,0
40415.61,3.37,1,0,0.2565,4,0,12000.0,4800.0,1,1,0,1,70,62,SUSPICIOUS,1
6125.87,1.23,0,16,0.0889,14,0,5000.0,2000.0,0,0,1,0,2,2,NORMAL,0
6182.71,0.77,0,15,0.2227,8,0,8000.0,3200.0,0,0,0,0,1,3,NORMAL,0
3716.87,0.46,0,11,0.1091,7,2,8000.0,3200.0,0,0,1,0,3,4,NORMAL,0
7490.21,0.62,0,3,0.2442,22,3,12000.0,4800.0,0,0,0,0,12,1,NORMAL,0
4965.11,0.99,0,24,0.1786,8,4,5000.0,2000.0,0,0,0,0,2,12,NORMAL,0
15054.86,1.25,0,20,0.1295,22,3,12000.0,4800.0,0,0,0,0,12,14,NORMAL,0
1078.2,0.72,0,18,0.0461,18,3,1500.0,600.0,0,0,0,0,4,6,NORMAL,0
1550.42,0.52,0,6,0.2473,7,5,3000.0,1200.0,0,0,0,0,0,6,NORMAL,0
2007.14,0.67,0,14,0.1498,13,0,3000.0,1200.0,0,0,0,0,15,15,NORMAL,0
81275.05,10.16,1,0,1.0149,19,6,8000.0,3200.0,1,1,1,0,96,73,EXTREME,1
4990.87,1.0,0,12,0.184,13,4,5000.0,2000.0,0,0,1,0,8,13,NORMAL,0
3293.73,1.1,0,28,0.0499,8,1,3000.0,1200.0,0,0,0,0,0,8,NORMAL,0
8002.11,1.0,0,39,0.0639,14,3,8000.0,3200.0,0,0,0,0,0,12,NORMAL,0
18355.37,3.67,1,0,0.5937,1,2,5000.0,2000.0,0,1,0,0,35,51,SUSPICIOUS,1
5632.37,3.75,1,0,0.2145,0,2,1500.0,600.0,1,1,0,0,54,50,SUSPICIOUS,1
60724.33,5.06,1,0,0.2726,14,1,12000.0,4800.0,0,0,1,0,7,0,SUSPICIOUS,1
2932.26,0.98,0,21,0.2263,10,0,3000.0,1200.0,0,0,0,0,5,15,NORMAL,0
8015.78,1.0,0,16,0.1558,17,4,8000.0,3200.0,0,0,0,0,3,3,NORMAL,0
8928.17,5.95,1,0,0.2098,4,3,1500.0,600.0,0,1,0,1,13,79,SUSPICIOUS,1
109885.18,9.16,1,0,0.5988,1,2,12000.0,4800.0,1,1,1,0,98,84,EXTREME,1
4165.71,0.83,0,3,0.0806,12,0,5000.0,2000.0,0,0,0,0,13,4,NORMAL,0
7961.57,0.66,0,22,0.1613,13,5,12000.0,4800.0,0,0,0,0,6,0,NORMAL,0
5105.72,0.43,0,3,0.1701,12,3,12000.0,4800.0,0,0,0,1,8,15,NORMAL,0
5218.67,1.04,0,25,0.1258,8,5,5000.0,2000.0,0,0,0,0,12,9,NORMAL,0
33193.07,4.15,1,0,0.4115,1,4,8000.0,3200.0,0,1,0,1,44,51,SUSPICIOUS,1
4660.01,0.93,0,18,0.1133,11,2,5000.0,2000.0,0,0,0,0,8,9,NORMAL,0
11218.59,0.93,0,43,0.1235,20,2,12000.0,4800.0,0,0,0,0,14,8,NORMAL,0
1627.97,1.09,0,3,0.062,10,2,1500.0,600.0,0,0,0,0,7,0,NORMAL,0
7976.64,5.32,1,0,0.3776,1,0,1500.0,600.0,1,1,0,0,58,51,SUSPICIOUS,1
2108.14,0.7,0,30,0.1838,15,6,3000.0,1200.0,0,0,0,0,7,5,NORMAL,0
2476.69,0.83,0,31,0.0622,9,2,3000.0,1200.0,0,0,0,0,6,14,NORMAL,0
93041.31,11.63,1,0,0.6279,15,0,8000.0,3200.0,1,1,1,1,100,82,EXTREME,1
851.11,0.57,0,27,0.1848,16,3,1500.0,600.0,0,0,0,0,2,11,NORMAL,0
79689.99,6.64,1,0,0.5202,8,4,12000.0,4800.0,1,1,1,1,87,93,EXTREME,1
6298.18,4.2,1,0,0.5394,4,4,1500.0,600.0,0,1,0,1,4,58,SUSPICIOUS,1
15000.0,10.0,1,0,0.906,13,3,1500.0,600.0,1,1,0,0,85,71,EXTREME,1
12765.88,1.06,0,35,0.0504,10,4,12000.0,4800.0,0,0,0,0,6,7,NORMAL,0
9467.5,1.18,0,33,0.1269,21,2,8000.0,3200.0,0,0,0,0,4,2,NORMAL,0
8000.84,2.67,1,0,0.5592,1,3,3000.0,1200.0,0,1,1,0,44,64,SUSPICIOUS,1
2381.58,0.79,0,8,0.2063,9,1,3000.0,1200.0,0,0,0,0,15,13,NORMAL,0
4683.1,0.59,0,14,0.1874,16,6,8000.0,3200.0,0,0,0,0,10,1,NORMAL,0
5511.38,1.1,0,37,0.1091,7,0,5000.0,2000.0,0,0,0,0,8,9,NORMAL,0
32096.4,4.01,1,0,0.4887,2,1,8000.0,3200.0,1,1,0,0,61,71,SUSPICIOUS,1
2273.25,0.76,0,5,0.1306,16,0,3000.0,1200.0,0,0,0,0,6,2,NORMAL,0
7845.25,2.62,0,2,0.5371,1,3,3000.0,1200.0,0,0,1,0,36,42,SUSPICIOUS,0
9318.09,1.16,0,16,0.147,14,4,8000.0,3200.0,0,0,0,0,7,6,NORMAL,0
7538.51,0.63,0,25,0.0437,16,1,12000.0,4800.0,0,0,0,0,11,15,NORMAL,0
1849.8,1.23,0,9,0.2243,7,6,1500.0,600.0,0,0,1,0,14,6,NORMAL,0
1645.54,1.1,0,29,0.1669,11,5,1500.0,600.0,0,0,0,0,4,8,NORMAL,0
5805.77,3.87,1,0,0.5713,1,1,1500.0,600.0,1,0,0,1,52,17,SUSPICIOUS,1
2303.97,0.77,0,10,0.1103,22,2,3000.0,1200.0,0,0,0,0,7,5,NORMAL,0
3148.83,1.05,0,22,0.1379,21,2,3000.0,1200.0,0,0,0,0,4,3,NORMAL,0
1710.13,1.14,0,44,0.1284,20,6,1500.0,600.0,0,0,0,0,12,15,NORMAL,0
3679.87,0.74,0,2,0.1235,13,4,5000.0,2000.0,0,0,0,0,7,15,NORMAL,0
2994.44,0.6,0,21,0.2023,11,0,5000.0,2000.0,0,0,0,0,5,7,NORMAL,0
5474.26,0.68,1,0,0.1686,21,0,8000.0,3200.0,0,0,0,0,6,9,NORMAL,0
3234.8,1.08,0,9,0.2013,19,6,3000.0,1200.0,0,0,0,0,10,9,NORMAL,0
78400.69,9.8,1,0,0.4397,6,1,8000.0,3200.0,1,1,0,0,92,72,EXTREME,1
6540.45,1.31,0,39,0.1018,17,4,5000.0,2000.0,0,0,0,0,10,10,NORMAL,0
15000.0,10.0,1,0,1.1796,3,4,1500.0,600.0,1,1,0,1,82,70,EXTREME,1
1211.48,0.81,0,9,0.0784,19,0,1500.0,600.0,0,0,0,0,15,6,NORMAL,0
2255.19,0.75,0,42,0.2078,11,0,3000.0,1200.0,0,0,0,0,2,10,NORMAL,0
18144.79,1.51,0,16,0.1571,17,4,12000.0,4800.0,0,0,0,0,0,2,NORMAL,0
20355.73,2.54,1,0,0.2032,19,3,8000.0,3200.0,0,0,0,0,7,9,SUSPICIOUS,0
36111.08,7.22,1,0,0.9364,15,0,5000.0,2000.0,1,1,1,0,89,81,EXTREME,1
17075.18,3.42,0,2,0.4131,19,3,5000.0,2000.0,0,1,1,0,17,65,SUSPICIOUS,1
3052.36,1.02,1,0,0.1206,15,0,3000.0,1200.0,0,0,0,0,14,7,NORMAL,0
1000.39,0.67,0,24,0.16,12,4,1500.0,600.0,0,0,0,0,10,14,NORMAL,0
8540.2,0.71,0,15,0.0944,18,5,12000.0,4800.0,0,0,0,0,8,5,NORMAL,0
3109.71,1.04,0,33,0.1381,7,1,3000.0,1200.0,0,0,0,0,1,1,NORMAL,0
15869.09,5.29,0,3,0.2787,23,1,3000.0,1200.0,1,1,0,0,58,80,SUSPICIOUS,1
3049.23,0.61,0,45,0.0712,16,1,5000.0,2000.0,0,0,0,0,5,10,NORMAL,0
2588.75,0.86,0,29,0.216,15,0,3000.0,1200.0,0,0,0,0,13,1,NORMAL,0
5490.16,1.1,0,36,0.227,7,6,5000.0,2000.0,0,0,0,0,12,4,NORMAL,0
3777.79,0.76,0,8,0.2343,12,0,5000.0,2000.0,0,0,0,0,13,1,NORMAL,0
46340.17,5.79,1,0,0.4247,3,2,8000.0,3200.0,0,1,1,0,36,55,SUSPICIOUS,1
9473.28,0.79,0,24,0.1342,10,1,12000.0,4800.0,0,0,0,0,15,0,NORMAL,0
10097.23,0.84,0,6,0.1991,11,0,12000.0,4800.0,0,0,0,0,10,3,NORMAL,0
6635.34,0.83,0,3,0.0593,8,6,8000.0,3200.0,0,0,0,0,5,7,NORMAL,0
906.23,0.6,1,0,0.1338,22,1,1500.0,600.0,0,0,0,0,5,14,NORMAL,0
52745.21,4.4,0,1,0.5534,1,6,12000.0,4800.0,1,1,1,0,65,69,SUSPICIOUS,1
42534.61,8.51,1,0,1.1945,21,6,5000.0,2000.0,1,1,1,0,85,95,EXTREME,1
1835.7,0.61,0,40,0.2317,11,1,3000.0,1200.0,0,0,0,0,9,12,NORMAL,0
1822.12,1.21,0,36,0.2348,19,0,1500.0,600.0,0,0,0,0,8,5,NORMAL,0
11008.27,0.92,0,8,0.1934,16,3,12000.0,4800.0,0,0,0,0,12,0,NORMAL,0
35772.31,11.92,1,0,0.5926,5,2,3000.0,1200.0,1,1,1,0,86,75,EXTREME,1
43393.58,3.62,1,0,0.3274,19,6,12000.0,4800.0,1,1,0,0,58,54,SUSPICIOUS,1
68054.06,5.67,1,0,0.3989,19,5,12000.0,4800.0,0,1,0,0,3,51,SUSPICIOUS,1
1301.85,0.87,0,10,0.1028,22,2,1500.0,600.0,0,0,0,0,7,0,NORMAL,0
541.75,0.36,0,30,0.0662,18,4,1500.0,600.0,0,0,0,0,9,7,NORMAL,0
4912.22,0.98,0,39,0.2472,7,0,5000.0,2000.0,0,0,0,0,13,2,NORMAL,0
874.27,0.58,0,22,0.0673,13,2,1500.0,600.0,0,0,0,0,0,15,NORMAL,0
9044.26,0.75,0,44,0.2318,8,1,12000.0,4800.0,0,0,1,0,2,3,NORMAL,0
5612.72,0.47,0,17,0.1684,11,6,12000.0,4800.0,0,0,0,1,9,12,NORMAL,0
8143.05,5.43,1,0,0.3535,4,6,1500.0,600.0,1,0,1,0,61,4,SUSPICIOUS,1
6968.5,0.58,1,0,0.0972,11,1,12000.0,4800.0,0,0,0,0,15,6,NORMAL,0
91198.28,11.4,1,0,0.7728,5,3,8000.0,3200.0,1,1,1,0,81,90,EXTREME,1
5079.23,1.02,0,29,0.1483,22,0,5000.0,2000.0,0,0,1,0,8,14,NORMAL,0
6397.08,0.53,0,18,0.0712,15,0,12000.0,4800.0,0,0,0,0,9,1,NORMAL,0
4952.89,3.3,1,0,0.4965,0,2,1500.0,600.0,0,0,1,1,14,20,SUSPICIOUS,1
8578.43,1.07,0,31,0.1293,12,3,8000.0,3200.0,0,0,0,0,7,11,NORMAL,0
84484.8,10.56,1,0,0.4735,17,6,8000.0,3200.0,1,1,0,0,88,71,EXTREME,1
3507.22,1.17,0,41,0.0463,12,6,3000.0,1200.0,0,0,0,0,8,8,NORMAL,0
969.28,0.65,0,21,0.1944,18,5,1500.0,600.0,0,0,0,0,5,3,NORMAL,0
6257.85,0.52,0,44,0.2003,17,5,12000.0,4800.0,0,0,0,0,14,6,NORMAL,0
5202.44,0.65,0,39,0.1964,19,1,8000.0,3200.0,0,0,0,0,6,12,NORMAL,0
1797.99,0.6,0,37,0.2101,14,1,3000.0,1200.0,0,0,0,0,14,8,NORMAL,0
2059.29,0.69,0,28,0.1139,22,0,3000.0,1200.0,0,0,0,0,7,1,NORMAL,0
4071.32,0.81,0,42,0.0726,20,2,5000.0,2000.0,0,0,1,0,11,13,NORMAL,0
5282.47,1.06,0,26,0.0936,20,2,5000.0,2000.0,0,0,0,0,3,9,NORMAL,0
14468.22,1.21,0,12,0.1974,16,4,12000.0,4800.0,0,0,0,0,10,3,NORMAL,0
5551.32,1.11,0,35,0.1298,8,1,5000.0,2000.0,0,0,0,0,0,15,NORMAL,0
2013.01,1.34,0,38,0.0825,10,1,1500.0,600.0,0,0,0,0,8,11,NORMAL,0
827.26,0.55,0,32,0.0999,7,4,1500.0,600.0,0,0,0,0,7,13,NORMAL,0
9949.87,0.83,0,24,0.146,7,2,12000.0,4800.0,0,0,0,0,12,8,NORMAL,0
47437.83,3.95,1,0,0.2051,4,6,12000.0,4800.0,1,0,1,0,61,11,SUSPICIOUS,1
7793.41,0.65,0,42,0.2197,11,3,12000.0,4800.0,0,0,0,0,4,14,NORMAL,0
2343.88,0.78,0,41,0.1368,19,3,3000.0,1200.0,0,0,0,0,8,3,NORMAL,0
7541.0,0.94,0,13,0.2363,19,0,8000.0,3200.0,0,0,0,0,6,15,NORMAL,0
7303.15,4.87,1,0,0.3241,1,4,1500.0,600.0,1,1,0,0,51,55,SUSPICIOUS,1
8782.4,0.73,0,16,0.1736,20,4,12000.0,4800.0,0,0,0,0,6,7,NORMAL,0
827.66,0.55,0,38,0.1485,9,3,1500.0,600.0,0,0,0,0,2,9,NORMAL,0
8819.44,5.88,0,3,0.5194,4,3,1500.0,600.0,0,0,1,1,16,49,SUSPICIOUS,1
8542.09,1.07,0,45,0.0749,16,2,8000.0,3200.0,0,0,0,0,5,14,NORMAL,0
71703.76,8.96,1,0,0.7547,22,6,8000.0,3200.0,1,1,1,1,97,72,EXTREME,1
381.75,0.25,0,18,0.176,12,2,1500.0,600.0,0,0,0,0,10,3,NORMAL,0
6198.52,0.77,0,13,0.139,15,1,8000.0,3200.0,0,0,0,0,4,12,NORMAL,0
9379.28,0.78,0,27,0.2328,16,6,12000.0,4800.0,0,0,0,0,8,10,NORMAL,0
8371.57,0.7,0,3,0.1318,7,3,12000.0,4800.0,0,0,0,0,9,12,NORMAL,0
1358.8,0.91,0,43,0.2411,21,5,1500.0,600.0,0,0,0,0,5,2,NORMAL,0
1242.44,0.83,0,3,0.1322,9,0,1500.0,600.0,0,0,0,0,9,11,NORMAL,0
11828.82,0.99,1,0,0.0496,16,5,12000.0,4800.0,0,0,0,0,0,13,NORMAL,0
65553.54,8.19,1,0,0.7804,22,5,8000.0,3200.0,1,1,0,0,86,82,EXTREME,1
747.87,0.5,0,23,0.201,10,2,1500.0,600.0,0,0,0,0,7,7,NORMAL,0
1397.66,0.47,0,32,0.0846,20,4,3000.0,1200.0,0,0,0,0,5,4,NORMAL,0
2164.21,0.43,0,26,0.2375,22,5,5000.0,2000.0,0,0,0,0,14,5,NORMAL,0
2216.14,0.74,0,15,0.2291,17,4,3000.0,1200.0,0,0,0,0,3,6,NORMAL,0
1011.1,0.67,0,30,0.0441,7,6,1500.0,600.0,0,0,0,0,10,2,NORMAL,0
1280.19,0.85,0,35,0.2007,21,4,1500.0,600.0,0,0,0,0,10,1,NORMAL,0
132484.33,11.04,1,0,0.8294,4,6,12000.0,4800.0,1,1,0,1,99,85,EXTREME,1
2680.65,0.89,1,0,0.1894,14,1,3000.0,1200.0,0,0,0,0,8,0,NORMAL,0
3757.69,0.75,0,20,0.0535,9,1,5000.0,2000.0,0,0,0,0,6,0,NORMAL,0
45863.65,5.73,1,0,0.3745,14,5,8000.0,3200.0,0,0,0,0,6,18,SUSPICIOUS,1
8203.91,5.47,0,1,0.5515,3,0,1500.0,600.0,0,0,0,0,2,45,SUSPICIOUS,1
3736.46,0.75,0,17,0.146,12,3,5000.0,2000.0,0,0,0,0,8,4,NORMAL,0
7809.85,2.6,1,0,0.3129,3,4,3000.0,1200.0,0,0,0,1,5,10,SUSPICIOUS,0
2723.65,0.91,0,25,0.1298,20,1,3000.0,1200.0,0,0,0,0,6,15,NORMAL,0
6809.06,0.85,0,31,0.2441,7,6,8000.0,3200.0,0,0,0,0,12,13,NORMAL,0
18774.75,6.26,1,0,0.6126,17,0,3000.0,1200.0,1,1,0,1,87,86,EXTREME,1
8194.77,1.02,0,5,0.0445,20,4,8000.0,3200.0,0,0,0,0,0,13,NORMAL,0
10715.89,0.89,0,31,0.0606,19,3,12000.0,4800.0,0,0,0,0,5,15,NORMAL,0
8466.25,0.71,0,8,0.1235,12,1,12000.0,4800.0,0,0,0,0,9,14,NORMAL,0
1601.13,1.07,0,44,0.1513,18,1,1500.0,600.0,0,0,1,0,9,5,NORMAL,0
7670.4,0.64,0,11,0.0696,19,6,12000.0,4800.0,0,0,0,0,15,2,NORMAL,0
4901.15,3.27,1,0,0.5903,19,4,1500.0,600.0,1,1,0,1,75,76,SUSPICIOUS,1
6606.5,0.83,0,36,0.0783,18,4,8000.0,3200.0,0,0,0,0,9,6,NORMAL,0
85451.28,7.12,1,0,1.1156,19,6,12000.0,4800.0,1,1,0,1,98,76,EXTREME,1
1114.34,0.74,0,12,0.1367,12,0,1500.0,600.0,0,0,0,0,11,9,NORMAL,0
1936.5,0.65,0,19,0.1402,13,2,3000.0,1200.0,0,0,0,0,9,10,NORMAL,0
54715.4,4.56,0,3,0.2568,1,1,12000.0,4800.0,1,1,1,1,61,70,SUSPICIOUS,1
1685.17,1.12,0,22,0.1196,11,1,1500.0,600.0,0,0,0,0,7,3,NORMAL,0
2289.84,0.76,0,20,0.1132,10,1,3000.0,1200.0,0,0,1,0,6,1,NORMAL,0
6450.82,4.3,1,0,0.2808,3,6,1500.0,600.0,1,1,0,1,69,74,SUSPICIOUS,1
14979.55,4.99,1,0,0.452,3,2,3000.0,1200.0,0,0,0,0,47,2,SUSPICIOUS,1
1290.27,0.43,0,13,0.0963,8,5,3000.0,1200.0,0,0,0,0,3,0,NORMAL,0
46844.3,9.37,1,0,0.7431,8,3,5000.0,2000.0,1,1,1,0,91,72,EXTREME,1
8009.28,1.0,0,37,0.2202,17,3,8000.0,3200.0,0,0,0,0,6,4,NORMAL,0
2525.38,0.51,0,37,0.0988,17,5,5000.0,2000.0,0,0,0,0,6,3,NORMAL,0
676.55,0.45,0,42,0.2493,7,5,1500.0,600.0,0,0,0,0,0,12,NORMAL,0
14731.13,4.91,1,0,0.205,1,0,3000.0,1200.0,1,0,0,0,68,40,SUSPICIOUS,1
18393.26,3.68,1,0,0.3016,4,5,5000.0,2000.0,1,0,1,0,69,49,SUSPICIOUS,1
5962.26,1.19,0,44,0.235,16,2,5000.0,2000.0,0,0,0,0,0,14,NORMAL,0
5900.0,1.18,0,35,0.2408,10,5,5000.0,2000.0,0,0,1,0,7,15,NORMAL,0
1546.22,1.03,0,19,0.1764,12,0,1500.0,600.0,0,0,0,0,3,3,NORMAL,0
1019.55,0.68,0,44,0.0461,15,4,1500.0,600.0,0,0,0,0,12,7,NORMAL,0
1030.41,0.69,0,39,0.187,17,0,1500.0,600.0,0,0,0,0,9,12,NORMAL,0
33483.25,11.16,1,0,0.9609,15,3,3000.0,1200.0,1,1,0,0,90,90,EXTREME,1
5481.53,1.1,0,42,0.2395,19,1,5000.0,2000.0,0,0,0,0,2,1,NORMAL,0
6004.93,0.5,0,16,0.1509,22,4,12000.0,4800.0,0,0,0,0,2,12,NORMAL,0
7620.3,0.95,0,43,0.059,16,4,8000.0,3200.0,0,0,0,0,7,13,NORMAL,0
7085.85,0.59,0,28,0.1334,14,5,12000.0,4800.0,0,0,0,0,11,12,NORMAL,0
4588.08,0.92,0,8,0.0661,22,5,5000.0,2000.0,0,0,0,0,7,8,NORMAL,0
1283.24,0.86,0,24,0.047,13,0,1500.0,600.0,0,0,0,0,0,14,NORMAL,0
30234.47,10.08,1,0,1.1324,12,0,3000.0,1200.0,1,1,1,1,85,82,EXTREME,1
3557.23,0.71,0,14,0.0669,12,0,5000.0,2000.0,0,0,0,0,12,7,NORMAL,0
4667.54,0.93,0,32,0.2403,11,1,5000.0,2000.0,0,0,0,0,13,12,NORMAL,0
5996.08,1.2,0,12,0.2322,22,0,5000.0,2000.0,0,0,0,0,2,5,NORMAL,0
4838.64,0.97,0,22,0.1899,13,6,5000.0,2000.0,0,0,0,0,12,3,NORMAL,0
6601.17,0.83,0,14,0.0885,22,4,8000.0,3200.0,0,0,0,0,11,1,NORMAL,0
12770.72,1.06,0,10,0.087,11,3,12000.0,4800.0,0,0,0,0,0,8,NORMAL,0
14917.14,1.24,0,31,0.1714,16,5,12000.0,4800.0,0,0,0,0,12,13,NORMAL,0
3326.12,0.67,0,16,0.1009,8,1,5000.0,2000.0,0,0,0,0,7,6,NORMAL,0
1348.68,0.9,0,11,0.1205,22,1,1500.0,600.0,0,0,0,0,12,11,NORMAL,0
1869.18,0.62,0,45,0.231,17,6,3000.0,1200.0,0,0,0,0,9,15,NORMAL,0
6058.93,1.21,0,20,0.0756,17,3,5000.0,2000.0,0,0,0,0,14,10,NORMAL,0
2935.33,0.98,0,6,0.0807,15,6,3000.0,1200.0,0,0,0,0,4,11,NORMAL,0
1287.99,0.86,1,0,0.0451,14,0,1500.0,600.0,0,0,0,0,0,1,NORMAL,0
9052.52,0.75,0,22,0.2459,11,0,12000.0,4800.0,0,0,0,0,3,4,NORMAL,0
43795.75,5.47,1,0,0.3355,4,4,8000.0,3200.0,0,1,0,0,11,66,SUSPICIOUS,1
15980.12,5.33,0,3,0.5157,23,5,3000.0,1200.0,0,0,1,1,9,42,SUSPICIOUS,1
21496.61,7.17,1,0,0.76,2,3,3000.0,1200.0,1,1,1,0,94,92,EXTREME,1
4193.83,1.4,0,26,0.114,10,4,3000.0,1200.0,0,0,0,0,5,7,NORMAL,0
4470.97,1.49,0,41,0.1731,22,2,3000.0,1200.0,0,0,0,0,3,1,NORMAL,0
11986.49,1.0,1,0,0.0708,13,4,12000.0,4800.0,0,0,0,0,8,13,NORMAL,0
4482.82,0.9,0,27,0.055,12,2,5000.0,2000.0,0,0,0,0,6,3,NORMAL,0
42732.44,5.34,1,0,0.2109,14,1,8000.0,3200.0,1,0,0,0,62,3,SUSPICIOUS,1
17937.93,5.98,1,0,0.2157,4,0,3000.0,1200.0,0,1,0,0,39,59,SUSPICIOUS,1
1750.79,1.17,0,41,0.139,13,3,1500.0,600.0,0,0,0,0,0,13,NORMAL,0
1510.08,0.5,0,32,0.0642,7,6,3000.0,1200.0,0,0,0,0,11,5,NORMAL,0
1311.91,0.87,1,0,0.1388,11,3,1500.0,600.0,0,0,0,0,10,7,NORMAL,0
9140.54,3.05,1,0,0.4644,14,3,3000.0,1200.0,0,0,1,0,14,47,SUSPICIOUS,1
2380.51,0.79,0,41,0.2229,9,2,3000.0,1200.0,0,0,0,0,12,13,NORMAL,0
2111.09,0.7,0,29,0.2441,8,6,3000.0,1200.0,0,0,1,0,11,7,NORMAL,0
15357.11,1.28,0,13,0.1894,10,2,12000.0,4800.0,0,0,0,0,9,2,NORMAL,0
44210.4,8.84,1,0,0.8167,23,2,5000.0,2000.0,1,1,0,0,98,86,EXTREME,1
11364.5,0.95,0,38,0.095,22,0,12000.0,4800.0,0,0,0,1,12,0,NORMAL,0
16351.19,1.36,0,43,0.0818,9,2,12000.0,4800.0,0,0,0,0,6,7,NORMAL,0
93573.26,11.7,1,0,0.5842,15,3,8000.0,3200.0,1,1,1,0,100,88,EXTREME,1
18448.05,3.69,1,0,0.2153,14,6,5000.0,2000.0,1,0,0,0,60,19,SUSPICIOUS,1
11509.42,1.44,1,0,0.0738,7,3,8000.0,3200.0,0,0,0,0,7,14,NORMAL,0
5629.59,0.7,0,20,0.045,22,2,8000.0,3200.0,0,0,0,0,1,13,NORMAL,0
10446.26,0.87,0,38,0.2395,14,6,12000.0,4800.0,0,0,0,0,5,7,NORMAL,0
1964.84,0.65,0,42,0.1351,8,0,3000.0,1200.0,0,0,0,0,10,15,NORMAL,0
11483.59,3.83,1,0,0.2008,2,2,3000.0,1200.0,0,0,0,0,9,44,SUSPICIOUS,1
4250.15,2.83,0,1,0.2555,0,0,1500.0,600.0,0,0,0,0,6,15,SUSPICIOUS,0
4474.58,0.89,0,31,0.225,14,5,5000.0,2000.0,0,0,0,0,15,13,NORMAL,0
8705.64,1.09,0,25,0.2309,9,2,8000.0,3200.0,0,0,0,0,5,10,NORMAL,0
1565.0,1.04,0,15,0.0511,8,0,1500.0,600.0,0,0,0,0,8,8,NORMAL,0
2232.47,0.74,0,19,0.0654,16,6,3000.0,1200.0,0,0,0,0,7,10,NORMAL,0
5785.14,1.16,0,6,0.1409,16,6,5000.0,2000.0,0,0,0,0,11,5,NORMAL,0
3394.45,1.13,0,18,0.0659,16,3,3000.0,1200.0,0,0,0,0,8,7,NORMAL,0
1114.34,0.74,1,0,0.2234,19,5,1500.0,600.0,0,0,0,0,7,0,NORMAL,0
793.84,0.53,0,11,0.2169,22,5,1500.0,600.0,0,0,0,0,8,6,NORMAL,0
1442.42,0.96,0,33,0.2016,15,3,1500.0,600.0,0,0,0,0,5,3,NORMAL,0
5919.94,3.95,1,0,0.2395,4,3,1500.0,600.0,1,1,0,0,55,52,SUSPICIOUS,1
9885.0,0.82,0,13,0.1472,9,0,12000.0,4800.0,0,0,0,0,7,13,NORMAL,0
27491.27,9.16,1,0,1.0755,23,5,3000.0,1200.0,1,1,1,0,97,94,EXTREME,1
3350.03,0.42,0,32,0.1591,18,4,8000.0,3200.0,0,0,0,0,6,15,NORMAL,0
731.8,0.24,0,15,0.1036,12,6,3000.0,1200.0,0,0,1,0,1,11,NORMAL,0
4970.45,0.99,0,29,0.0518,21,6,5000.0,2000.0,0,0,0,0,13,4,NORMAL,0
1322.19,0.26,0,3,0.1808,15,1,5000.0,2000.0,0,0,0,0,0,0,NORMAL,0
9116.67,3.04,1,0,0.3291,3,4,3000.0,1200.0,0,1,0,1,11,59,SUSPICIOUS,1
2997.41,1.0,0,31,0.1241,15,3,3000.0,1200.0,0,0,0,0,3,12,NORMAL,0
15000.0,10.0,1,0,0.5726,9,1,1500.0,600.0,1,1,1,0,93,95,EXTREME,1
3792.09,1.26,0,17,0.155,15,0,3000.0,1200.0,0,0,0,0,13,7,NORMAL,0
30844.04,6.17,1,0,0.5337,22,0,5000.0,2000.0,1,1,1,0,98,75,EXTREME,1
8699.57,2.9,0,2,0.4748,19,0,3000.0,1200.0,1,1,0,0,67,67,SUSPICIOUS,1
2061.62,0.69,0,35,0.0602,10,2,3000.0,1200.0,0,0,0,0,15,6,NORMAL,0
30363.98,6.07,1,0,1.1821,16,6,5000.0,2000.0,1,1,1,0,83,87,EXTREME,1
7284.49,0.91,0,26,0.1666,22,6,8000.0,3200.0,0,0,0,0,12,14,NORMAL,0
988.74,0.66,0,24,0.197,9,3,1500.0,600.0,0,0,0,0,3,13,NORMAL,0
4652.45,0.39,0,22,0.0818,19,6,12000.0,4800.0,0,0,0,0,15,14,NORMAL,0
58108.47,11.62,1,0,0.4017,3,1,5000.0,2000.0,1,1,0,1,93,79,EXTREME,1
6862.83,0.86,0,28,0.2467,18,6,8000.0,3200.0,0,0,0,0,0,5,NORMAL,0
10695.3,0.89,0,28,0.0541,13,0,12000.0,4800.0,0,0,0,0,1,8,NORMAL,0
4141.63,0.83,0,27,0.0532,10,2,5000.0,2000.0,0,0,0,0,0,7,NORMAL,0
10325.01,0.86,0,26,0.2242,15,5,12000.0,4800.0,0,0,0,0,7,3,NORMAL,0
1863.2,1.24,0,25,0.085,18,6,1500.0,600.0,0,0,0,0,3,3,NORMAL,0
5961.73,0.75,0,29,0.133,18,6,8000.0,3200.0,0,0,0,0,14,15,NORMAL,0
3356.73,0.67,0,24,0.2264,14,0,5000.0,2000.0,0,0,0,0,13,4,NORMAL,0
4123.32,0.52,0,12,0.1334,16,1,8000.0,3200.0,0,0,0,0,1,10,NORMAL,0
3469.11,0.69,0,14,0.1496,20,5,5000.0,2000.0,0,0,0,0,3,3,NORMAL,0
2665.07,0.89,0,29,0.2189,13,0,3000.0,1200.0,0,0,0,0,4,11,NORMAL,0
12212.62,1.02,0,16,0.0585,20,3,12000.0,4800.0,0,0,0,0,7,11,NORMAL,0
4407.5,0.37,0,32,0.0748,18,4,12000.0,4800.0,0,0,0,0,5,8,NORMAL,0
5827.73,0.73,1,0,0.1259,20,5,8000.0,3200.0,0,0,0,0,5,5,NORMAL,0
2871.04,0.96,0,7,0.0675,10,6,3000.0,1200.0,0,0,0,0,11,12,NORMAL,0
13460.75,1.12,0,19,0.2147,14,0,12000.0,4800.0,0,0,0,0,0,13,NORMAL,0
7406.53,0.62,0,14,0.1298,8,2,12000.0,4800.0,0,0,0,0,10,5,NORMAL,0
13387.72,1.12,0,10,0.2367,20,1,12000.0,4800.0,0,0,0,0,14,9,NORMAL,0
91007.35,7.58,1,0,0.9688,12,1,12000.0,4800.0,1,1,1,0,99,79,EXTREME,1
1496.01,1.0,0,41,0.229,8,5,1500.0,600.0,0,0,0,0,9,1,NORMAL,0
45211.57,5.65,0,2,0.2611,1,0,8000.0,3200.0,0,0,0,0,45,15,SUSPICIOUS,1
1438.45,0.48,0,17,0.1363,8,0,3000.0,1200.0,0,0,0,0,7,14,NORMAL,0
2667.78,0.89,0,13,0.1255,17,3,3000.0,1200.0,0,0,0,0,2,3,NORMAL,0
1073.05,0.72,0,22,0.1699,21,5,1500.0,600.0,0,0,0,0,2,11,NORMAL,0
9830.35,1.23,0,19,0.2016,21,6,8000.0,3200.0,0,0,0,0,14,9,NORMAL,0
3318.64,0.41,0,36,0.0568,13,1,8000.0,3200.0,0,0,0,0,15,10,NORMAL,0
2158.4,0.72,0,31,0.1586,20,4,3000.0,1200.0,0,0,0,0,10,9,NORMAL,0
7715.38,0.64,0,7,0.0689,10,6,12000.0,4800.0,0,0,1,0,14,11,NORMAL,0
1393.24,0.93,1,0,0.2321,11,2,1500.0,600.0,0,0,0,0,4,1,NORMAL,0
2344.4,0.29,0,31,0.2306,20,2,8000.0,3200.0,0,0,0,0,1,7,NORMAL,0
14633.08,1.22,0,38,0.1961,16,4,12000.0,4800.0,0,0,0,0,7,15,NORMAL,0
4593.66,0.92,0,7,0.0907,21,1,5000.0,2000.0,0,0,0,0,10,1,NORMAL,0
4930.61,3.29,0,2,0.579,19,5,1500.0,600.0,0,0,0,1,37,5,SUSPICIOUS,1
2703.33,0.9,0,20,0.1807,17,5,3000.0,1200.0,0,0,0,0,7,13,NORMAL,0
1964.34,0.65,0,29,0.0825,18,5,3000.0,1200.0,0,0,0,0,4,7,NORMAL,0
4610.44,0.58,0,24,0.1509,15,6,8000.0,3200.0,0,0,0,0,5,9,NORMAL,0
50902.27,4.24,1,0,0.4721,23,6,12000.0,4800.0,1,1,1,0,56,80,SUSPICIOUS,1
1869.67,1.25,0,14,0.0866,17,6,1500.0,600.0,0,0,0,0,0,2,NORMAL,0
8911.6,1.11,1,0,0.1186,8,2,8000.0,3200.0,0,0,0,0,7,10,NORMAL,0
14415.17,1.2,0,28,0.1457,21,5,12000.0,4800.0,0,0,0,0,5,15,NORMAL,0
70632.46,5.89,1,0,0.3996,14,6,12000.0,4800.0,0,1,0,0,2,76,SUSPICIOUS,1
3578.02,1.19,0,25,0.1057,16,2,3000.0,1200.0,0,0,0,0,0,9,NORMAL,0
10565.65,3.52,1,0,0.403,1,6,3000.0,1200.0,0,1,0,0,13,71,SUSPICIOUS,1
2163.85,0.72,0,8,0.1291,9,6,3000.0,1200.0,0,0,0,0,6,2,NORMAL,0
16313.83,10.88,1,0,0.4718,10,5,1500.0,600.0,1,1,1,0,90,92,EXTREME,1
4033.99,1.34,0,8,0.0983,19,1,3000.0,1200.0,0,0,0,0,12,4,NORMAL,0
2715.8,0.54,0,44,0.1409,12,6,5000.0,2000.0,0,0,0,0,12,5,NORMAL,0
11061.09,0.92,0,38,0.1282,14,0,12000.0,4800.0,0,0,0,0,10,13,NORMAL,0
50233.89,4.19,0,2,0.4327,2,2,12000.0,4800.0,0,1,0,0,12,55,SUSPICIOUS,1
3038.4,0.61,0,5,0.1518,18,5,5000.0,2000.0,0,0,0,0,13,15,NORMAL,0
12731.97,1.06,0,13,0.1217,16,1,12000.0,4800.0,0,0,0,0,2,8,NORMAL,0
1455.76,0.97,0,25,0.2487,15,2,1500.0,600.0,0,0,0,0,8,7,NORMAL,0
22656.83,4.53,1,0,0.3885,1,1,5000.0,2000.0,0,0,0,0,36,16,SUSPICIOUS,1
1546.54,1.03,0,17,0.2006,15,4,1500.0,600.0,0,0,0,0,6,5,NORMAL,0
9129.38,1.14,1,0,0.041,9,4,8000.0,3200.0,0,0,0,0,13,9,NORMAL,0
7345.83,0.92,0,17,0.2046,12,1,8000.0,3200.0,0,0,0,0,3,7,NORMAL,0
11286.41,0.94,0,36,0.2201,8,0,12000.0,4800.0,0,0,0,0,9,3,NORMAL,0
56137.05,4.68,1,0,0.3922,19,5,12000.0,4800.0,0,0,0,1,37,18,SUSPICIOUS,1
7160.46,0.9,0,6,0.0908,22,4,8000.0,3200.0,0,0,1,0,3,10,NORMAL,0
2947.82,0.98,0,9,0.0993,9,5,3000.0,1200.0,0,0,0,0,0,14,NORMAL,0
9004.98,0.75,0,32,0.1959,21,2,12000.0,4800.0,0,0,0,0,14,11,NORMAL,0
12553.1,1.05,0,24,0.1918,12,1,12000.0,4800.0,0,0,0,0,14,14,NORMAL,0
1542.3,1.03,0,15,0.1549,11,4,1500.0,600.0,0,0,0,0,13,2,NORMAL,0
81408.74,10.18,1,0,0.6673,11,0,8000.0,3200.0,1,1,0,0,83,83,EXTREME,1
52029.01,4.34,1,0,1.1526,18,5,12000.0,4800.0,1,1,1,1,90,82,EXTREME,1
26000.19,5.2,1,0,1.1082,20,1,5000.0,2000.0,1,1,1,1,83,95,EXTREME,1
63362.75,5.28,1,0,0.2409,3,5,12000.0,4800.0,0,0,1,0,45,43,SUSPICIOUS,1
6338.26,4.23,1,0,0.5122,4,0,1500.0,600.0,1,0,1,0,65,4,SUSPICIOUS,1
6203.83,0.78,0,33,0.1013,16,3,8000.0,3200.0,0,0,0,0,11,2,NORMAL,0
5766.23,0.72,0,12,0.1767,11,2,8000.0,3200.0,0,0,0,0,4,3,NORMAL,0
1697.87,0.57,0,5,0.0442,17,6,3000.0,1200.0,0,0,0,0,2,12,NORMAL,0
22607.0,7.54,1,0,0.5552,6,2,3000.0,1200.0,1,1,0,1,92,87,EXTREME,1
14425.67,4.81,1,0,0.2652,2,4,3000.0,1200.0,1,1,0,1,58,80,SUSPICIOUS,1
6409.32,0.8,0,29,0.2202,9,2,8000.0,3200.0,0,0,0,0,9,6,NORMAL,0
7784.46,0.97,0,37,0.1962,19,4,8000.0,3200.0,0,0,0,0,9,1,NORMAL,0
48693.63,6.09,1,0,0.4276,23,2,8000.0,3200.0,1,1,1,1,85,89,EXTREME,1
34274.8,11.42,1,0,0.4406,13,2,3000.0,1200.0,1,1,1,1,82,92,EXTREME,1
41060.57,5.13,1,0,0.5707,13,5,8000.0,3200.0,1,1,0,0,98,78,EXTREME,1
7836.52,0.98,0,23,0.2453,12,2,8000.0,3200.0,0,0,0,0,0,7,NORMAL,0
1950.83,0.65,0,36,0.0884,19,4,3000.0,1200.0,0,0,0,1,7,15,NORMAL,0
14689.07,2.94,1,0,0.4009,0,5,5000.0,2000.0,0,1,0,0,18,60,SUSPICIOUS,0
1660.68,1.11,0,31,0.1822,16,3,1500.0,600.0,0,0,0,0,8,3,NORMAL,0
4957.65,3.31,1,0,0.505,3,2,1500.0,600.0,1,0,0,0,69,8,SUSPICIOUS,1
4679.72,1.56,1,0,0.1712,8,5,3000.0,1200.0,0,0,0,1,5,5,NORMAL,0
15000.0,10.0,1,0,1.1939,18,3,1500.0,600.0,1,1,1,0,92,79,EXTREME,1
2817.02,0.94,0,12,0.1148,7,3,3000.0,1200.0,0,0,0,0,10,10,NORMAL,0
54940.81,6.87,1,0,0.7261,14,4,8000.0,3200.0,1,1,0,0,100,84,EXTREME,1
55501.29,4.63,1,0,0.3124,1,6,12000.0,4800.0,1,0,1,0,69,4,SUSPICIOUS,1
4579.55,3.05,1,0,0.3892,0,2,1500.0,600.0,0,0,0,1,3,44,SUSPICIOUS,1
13792.97,4.6,0,2,0.5232,3,1,3000.0,1200.0,0,0,0,1,14,8,SUSPICIOUS,1
3350.88,0.67,0,18,0.2243,9,6,5000.0,2000.0,0,0,0,0,12,7,NORMAL,0
7766.42,5.18,1,0,0.3394,4,2,1500.0,600.0,1,0,1,1,66,1,SUSPICIOUS,1
48780.06,4.07,0,2,0.2164,3,6,12000.0,4800.0,1,0,0,1,60,48,SUSPICIOUS,1
1052.68,0.7,1,0,0.1354,19,2,1500.0,600.0,0,0,0,0,0,3,NORMAL,0
4394.98,0.55,0,4,0.041,15,1,8000.0,3200.0,0,0,0,0,7,3,NORMAL,0
1205.7,0.8,0,28,0.2179,10,4,1500.0,600.0,0,0,0,0,3,11,NORMAL,0
9975.49,0.83,0,13,0.1582,17,4,12000.0,4800.0,0,0,0,0,14,11,NORMAL,0
3106.92,0.62,0,26,0.0508,22,2,5000.0,2000.0,0,0,0,0,0,10,NORMAL,0
2383.1,0.48,0,14,0.091,10,5,5000.0,2000.0,0,0,0,0,13,0,NORMAL,0
5593.2,0.7,0,44,0.1979,17,5,8000.0,3200.0,0,0,0,1,1,1,NORMAL,0
3920.76,0.78,0,23,0.1034,14,1,5000.0,2000.0,0,0,0,1,15,10,NORMAL,0
7011.11,4.67,0,2,0.3907,0,4,1500.0,600.0,0,0,1,0,40,16,SUSPICIOUS,1
3875.25,0.78,0,27,0.1348,17,6,5000.0,2000.0,0,0,0,0,12,10,NORMAL,0
6201.21,0.78,0,2,0.0555,12,5,8000.0,3200.0,0,0,0,0,2,14,NORMAL,0
12131.6,4.04,0,2,0.4442,0,5,3000.0,1200.0,0,1,1,0,12,74,SUSPICIOUS,1
5615.51,0.7,0,42,0.2417,11,4,8000.0,3200.0,0,0,0,0,8,13,NORMAL,0
13881.48,1.16,0,44,0.0751,20,3,12000.0,4800.0,0,0,0,0,13,4,NORMAL,0
2545.38,0.32,0,33,0.1346,12,3,8000.0,3200.0,0,0,0,0,11,3,NORMAL,0
5747.96,1.15,0,31,0.111,8,1,5000.0,2000.0,0,0,0,0,9,9,NORMAL,0
1642.93,1.1,0,7,0.2397,14,0,1500.0,600.0,0,0,0,0,14,10,NORMAL,0
799.68,0.27,0,41,0.1906,16,3,3000.0,1200.0,0,0,0,1,10,12,NORMAL,0
9891.11,3.3,1,0,0.4689,23,0,3000.0,1200.0,1,0,0,0,56,14,SUSPICIOUS,0
1504.6,1.0,0,11,0.1159,19,2,1500.0,600.0,0,0,1,0,5,0,NORMAL,0
14334.69,1.19,0,13,0.164,9,3,12000.0,4800.0,0,0,0,0,12,4,NORMAL,0
1669.98,1.11,0,25,0.1395,7,5,1500.0,600.0,0,0,0,0,5,8,NORMAL,0
39788.75,4.97,0,3,0.3684,2,6,8000.0,3200.0,0,0,1,0,14,8,SUSPICIOUS,1
31619.96,3.95,1,0,0.3087,14,0,8000.0,3200.0,1,1,0,0,74,56,SUSPICIOUS,1
4087.41,0.82,1,0,0.2133,10,0,5000.0,2000.0,0,0,0,0,10,1,NORMAL,0
8993.3,6.0,0,2,0.4493,19,4,1500.0,600.0,0,0,0,0,35,3,SUSPICIOUS,1
20712.58,4.14,1,0,0.4708,3,1,5000.0,2000.0,0,0,1,0,12,13,SUSPICIOUS,1
8578.64,1.07,1,0,0.1648,7,3,8000.0,3200.0,0,0,0,0,13,13,NORMAL,0
6582.29,0.82,0,5,0.1602,10,3,8000.0,3200.0,0,0,0,0,5,10,NORMAL,0
10704.08,0.89,0,45,0.1375,15,5,12000.0,4800.0,0,0,0,0,8,14,NORMAL,0
2897.35,0.97,0,4,0.207,16,2,3000.0,1200.0,0,0,0,0,10,11,NORMAL,0
3804.62,0.76,0,11,0.1968,17,2,5000.0,2000.0,0,0,1,0,12,15,NORMAL,0
32210.14,4.03,1,0,0.7492,17,4,8000.0,3200.0,1,1,0,0,85,89,EXTREME,1
3844.96,0.77,0,26,0.2433,15,5,5000.0,2000.0,0,0,0,0,9,0,NORMAL,0
25804.02,3.23,0,3,0.3572,14,0,8000.0,3200.0,0,0,1,0,6,6,SUSPICIOUS,0
3792.99,0.76,0,22,0.0483,21,6,5000.0,2000.0,0,0,0,0,3,4,NORMAL,0
28260.82,9.42,1,0,0.7059,13,5,3000.0,1200.0,1,1,1,0,95,76,EXTREME,1
2975.33,0.6,0,38,0.2155,10,6,5000.0,2000.0,0,0,0,0,2,8,NORMAL,0
45859.92,5.73,1,0,0.5892,0,4,8000.0,3200.0,0,1,0,0,36,54,SUSPICIOUS,1
12287.12,1.02,0,32,0.1657,12,1,12000.0,4800.0,0,0,1,0,14,0,NORMAL,0
6095.25,4.06,1,0,0.4475,0,3,1500.0,600.0,1,1,0,1,72,62,SUSPICIOUS,1
91789.04,7.65,1,0,0.6006,22,2,12000.0,4800.0,1,1,1,1,87,85,EXTREME,1
10915.75,0.91,0,17,0.1909,12,6,12000.0,4800.0,0,0,0,0,0,8,NORMAL,0
8885.73,1.11,0,33,0.1077,21,1,8000.0,3200.0,0,0,0,0,7,0,NORMAL,0
2937.02,0.59,0,19,0.2062,10,3,5000.0,2000.0,0,0,0,0,3,3,NORMAL,0
3274.67,0.65,0,11,0.0583,15,1,5000.0,2000.0,0,0,1,0,8,14,NORMAL,0
5000.15,1.0,0,26,0.2191,10,1,5000.0,2000.0,0,0,0,0,11,7,NORMAL,0
13845.1,4.62,1,0,0.3292,3,0,3000.0,1200.0,1,0,1,1,60,42,SUSPICIOUS,1
92021.92,11.5,1,0,0.7321,0,0,8000.0,3200.0,1,1,1,0,84,83,EXTREME,1
50246.28,4.19,1,0,0.4356,4,5,12000.0,4800.0,1,0,0,0,59,12,SUSPICIOUS,1
6757.16,0.84,0,37,0.1374,12,2,8000.0,3200.0,0,0,0,0,9,7,NORMAL,0
24727.46,4.95,1,0,0.3476,1,3,5000.0,2000.0,0,1,0,0,10,72,SUSPICIOUS,1
15000.0,10.0,1,0,1.1478,10,1,1500.0,600.0,1,1,0,0,98,77,EXTREME,1
89115.23,11.14,1,0,1.075,2,0,8000.0,3200.0,1,1,0,1,80,76,EXTREME,1
5692.79,1.14,0,29,0.1133,8,3,5000.0,2000.0,0,0,0,0,1,2,NORMAL,0
4095.95,0.82,0,8,0.0532,8,5,5000.0,2000.0,0,0,0,0,3,14,NORMAL,0
4048.46,1.35,0,38,0.1355,12,2,3000.0,1200.0,0,0,0,0,11,14,NORMAL,0
4850.53,0.61,0,43,0.2337,11,3,8000.0,3200.0,0,0,0,0,3,10,NORMAL,0
6723.93,4.48,1,0,0.2348,1,3,1500.0,600.0,1,1,1,0,70,57,SUSPICIOUS,1
4458.64,0.56,0,24,0.0776,12,3,8000.0,3200.0,0,0,0,0,0,10,NORMAL,0
6810.64,4.54,1,0,0.57,2,4,1500.0,600.0,0,1,1,1,45,57,SUSPICIOUS,1
1656.83,1.1,0,42,0.1536,10,6,1500.0,600.0,0,0,0,0,1,12,NORMAL,0
6163.12,0.51,0,31,0.2463,8,0,12000.0,4800.0,0,0,0,0,13,5,NORMAL,0
1631.83,1.09,0,43,0.1689,21,3,1500.0,600.0,0,0,0,0,5,9,NORMAL,0
9233.28,0.77,0,41,0.244,20,5,12000.0,4800.0,0,0,0,0,6,10,NORMAL,0
12732.02,4.24,1,0,0.5868,3,2,3000.0,1200.0,0,0,1,0,17,15,SUSPICIOUS,1
2609.24,0.52,0,37,0.1133,9,0,5000.0,2000.0,0,0,0,0,3,3,NORMAL,0
9057.61,0.75,0,36,0.2426,13,4,12000.0,4800.0,0,0,0,0,1,9,NORMAL,0
8837.84,2.95,1,0,0.2544,4,5,3000.0,1200.0,1,0,0,1,61,7,SUSPICIOUS,1
29455.5,3.68,1,0,0.2762,0,1,8000.0,3200.0,1,1,0,0,53,56,SUSPICIOUS,1
8288.89,1.04,0,29,0.0695,18,0,8000.0,3200.0,0,0,0,0,9,2,NORMAL,0
1021.09,0.68,1,0,0.1545,14,3,1500.0,600.0,0,0,0,0,5,2,NORMAL,0
706.25,0.47,0,32,0.167,16,0,1500.0,600.0,0,0,0,0,11,6,NORMAL,0
3882.43,0.78,0,3,0.1362,9,2,5000.0,2000.0,0,0,0,1,10,13,NORMAL,0
16275.56,5.43,1,0,0.4786,4,3,3000.0,1200.0,1,0,0,0,69,7,SUSPICIOUS,1
1534.67,1.02,1,0,0.1205,7,4,1500.0,600.0,0,0,0,1,10,11,NORMAL,0
2015.42,0.67,0,41,0.1379,17,0,3000.0,1200.0,0,0,0,0,14,7,NORMAL,0
4258.18,0.85,0,16,0.1853,17,4,5000.0,2000.0,0,0,0,0,15,4,NORMAL,0
10121.82,3.37,1,0,0.4472,2,5,3000.0,1200.0,1,1,1,0,54,53,SUSPICIOUS,1
886.24,0.59,0,29,0.0752,7,4,1500.0,600.0,0,0,1,0,14,12,NORMAL,0
5600.55,1.12,0,30,0.2104,9,4,5000.0,2000.0,0,0,0,0,4,10,NORMAL,0
3855.46,0.77,0,36,0.2461,12,4,5000.0,2000.0,0,0,0,0,3,10,NORMAL,0
3425.59,1.14,1,0,0.1206,12,4,3000.0,1200.0,0,0,0,0,1,15,NORMAL,0
85318.21,7.11,1,0,0.4556,5,2,12000.0,4800.0,1,1,1,1,95,91,EXTREME,1
13529.71,4.51,1,0,0.4746,4,0,3000.0,1200.0,0,0,0,1,40,9,SUSPICIOUS,1
4267.7,0.85,0,19,0.219,17,6,5000.0,2000.0,0,0,0,0,13,1,NORMAL,0
25877.11,5.18,1,0,0.5975,19,4,5000.0,2000.0,1,0,0,0,50,5,SUSPICIOUS,1
10291.34,1.29,0,7,0.1803,7,0,8000.0,3200.0,0,0,0,0,15,8,NORMAL,0
3858.55,0.77,0,34,0.2002,18,6,5000.0,2000.0,0,0,0,0,7,13,NORMAL,0
18549.71,1.55,0,33,0.121,14,1,12000.0,4800.0,0,0,0,0,0,10,NORMAL,0
69933.39,5.83,1,0,0.4993,14,3,12000.0,4800.0,1,1,0,0,50,79,SUSPICIOUS,1
22596.2,4.52,1,0,0.3718,1,0,5000.0,2000.0,0,1,0,0,42,50,SUSPICIOUS,1
3299.15,1.1,0,12,0.0405,9,2,3000.0,1200.0,0,0,0,0,2,14,NORMAL,0
976.9,0.12,0,5,0.1702,16,3,8000.0,3200.0,0,0,0,0,13,13,NORMAL,0
20942.79,4.19,1,0,0.7125,4,2,5000.0,2000.0,1,1,0,1,86,87,EXTREME,1
10952.76,0.91,0,42,0.1541,12,2,12000.0,4800.0,0,0,0,0,6,5,NORMAL,0
3258.69,0.41,0,19,0.1626,8,6,8000.0,3200.0,0,0,0,0,8,8,NORMAL,0
6506.72,0.54,0,22,0.0858,17,2,12000.0,4800.0,0,0,0,0,0,14,NORMAL,0
1397.13,0.93,0,6,0.0542,19,6,1500.0,600.0,0,0,0,0,5,6,NORMAL,0
1020.34,0.68,0,33,0.1527,22,6,1500.0,600.0,0,0,0,0,10,2,NORMAL,0
38385.21,4.8,0,3,0.4461,14,5,8000.0,3200.0,0,0,1,1,10,40,SUSPICIOUS,1
6575.35,0.82,0,26,0.1471,15,6,8000.0,3200.0,0,0,0,0,5,11,NORMAL,0
66276.78,5.52,1,0,0.5963,16,6,12000.0,4800.0,1,1,0,0,88,73,EXTREME,1
2529.27,0.84,0,30,0.0435,19,3,3000.0,1200.0,0,0,0,1,3,2,NORMAL,0
2030.59,0.68,0,15,0.1854,9,2,3000.0,1200.0,0,0,0,1,11,9,NORMAL,0
15000.0,10.0,1,0,1.0068,17,3,1500.0,600.0,1,1,1,0,96,85,EXTREME,1
1547.83,1.03,0,9,0.0545,22,2,1500.0,600.0,0,0,0,0,6,14,NORMAL,0
4063.79,0.81,0,8,0.2022,9,5,5000.0,2000.0,0,0,0,0,0,11,NORMAL,0
6761.05,0.85,0,40,0.2329,9,5,8000.0,3200.0,0,0,0,0,5,13,NORMAL,0
2941.04,0.37,0,13,0.2468,17,1,8000.0,3200.0,0,0,0,0,14,13,NORMAL,0
1522.13,1.01,0,15,0.239,21,4,1500.0,600.0,0,0,0,0,7,5,NORMAL,0
3677.91,0.46,1,0,0.176,12,6,8000.0,3200.0,0,0,0,0,14,10,NORMAL,0
46271.63,5.78,1,0,0.5864,14,5,8000.0,3200.0,1,0,0,0,64,17,SUSPICIOUS,1
27128.62,3.39,1,0,0.5954,19,3,8000.0,3200.0,1,1,1,0,57,51,SUSPICIOUS,1
3167.46,0.63,0,20,0.0605,10,3,5000.0,2000.0,0,0,0,0,9,6,NORMAL,0
4598.43,0.92,0,17,0.1714,16,6,5000.0,2000.0,0,0,0,0,9,11,NORMAL,0
2854.02,0.95,0,32,0.0555,19,0,3000.0,1200.0,0,0,0,0,11,5,NORMAL,0
848.03,0.57,0,39,0.2265,10,0,1500.0,600.0,0,0,0,0,1,13,NORMAL,0
6746.2,0.84,1,0,0.2305,19,2,8000.0,3200.0,0,0,1,0,6,9,NORMAL,0
4460.87,0.89,0,6,0.1422,18,5,5000.0,2000.0,0,0,0,0,11,4,NORMAL,0
1397.86,0.93,0,34,0.0679,12,0,1500.0,600.0,0,0,0,0,0,6,NORMAL,0
2593.03,0.86,0,33,0.2031,18,0,3000.0,1200.0,0,0,0,0,7,9,NORMAL,0
15000.0,10.0,1,0,0.7262,3,3,1500.0,600.0,1,1,0,0,93,86,EXTREME,1
2550.25,0.85,0,28,0.2252,14,1,3000.0,1200.0,0,0,0,0,11,0,NORMAL,0
1602.51,0.13,0,8,0.1191,12,5,12000.0,4800.0,0,0,0,0,2,15,NORMAL,0
11760.85,0.98,0,11,0.1581,11,3,12000.0,4800.0,0,0,0,0,8,7,NORMAL,0
411.62,0.14,0,2,0.1378,7,6,3000.0,1200.0,0,0,0,0,10,5,NORMAL,0
5647.69,0.71,0,12,0.0657,14,5,8000.0,3200.0,0,0,0,0,2,0,NORMAL,0
1395.52,0.17,0,45,0.15,16,1,8000.0,3200.0,0,0,0,1,3,8,NORMAL,0
38600.97,3.22,1,0,0.2415,2,1,12000.0,4800.0,0,0,0,0,46,16,SUSPICIOUS,0
35803.89,2.98,1,0,0.2293,2,2,12000.0,4800.0,1,0,0,0,71,11,SUSPICIOUS,1
5217.18,0.65,0,39,0.0558,14,6,8000.0,3200.0,0,0,0,0,0,11,NORMAL,0
5554.19,0.69,1,0,0.0421,20,5,8000.0,3200.0,0,0,0,0,8,6,NORMAL,0
2859.53,0.95,0,42,0.1245,9,4,3000.0,1200.0,0,0,0,0,14,1,NORMAL,0
26585.19,3.32,1,0,0.3673,4,6,8000.0,3200.0,1,1,0,0,51,78,SUSPICIOUS,1
7840.21,0.98,0,21,0.1012,17,6,8000.0,3200.0,0,0,0,1,6,8,NORMAL,0
8444.13,0.7,0,31,0.1613,7,1,12000.0,4800.0,0,0,0,0,1,4,NORMAL,0
6151.05,0.77,0,37,0.097,21,1,8000.0,3200.0,0,0,0,0,0,12,NORMAL,0
5733.62,1.15,0,30,0.0401,10,0,5000.0,2000.0,0,0,0,0,2,3,NORMAL,0
26519.81,5.3,1,0,0.384,23,3,5000.0,2000.0,1,0,1,0,67,13,SUSPICIOUS,1
3558.89,1.19,0,12,0.1124,19,0,3000.0,1200.0,0,0,0,0,8,15,NORMAL,0
17784.1,5.93,1,0,0.3972,14,2,3000.0,1200.0,1,1,0,0,54,50,SUSPICIOUS,1
142637.01,11.89,1,0,0.8972,19,1,12000.0,4800.0,1,1,0,0,95,70,EXTREME,1
32040.74,4.01,1,0,0.3963,1,1,8000.0,3200.0,1,1,0,0,51,63,SUSPICIOUS,1
71327.57,5.94,1,0,0.4906,19,3,12000.0,4800.0,0,0,0,0,13,0,SUSPICIOUS,1
6258.62,1.25,1,0,0.2438,18,3,5000.0,2000.0,0,0,0,0,5,6,NORMAL,0
11000.31,3.67,1,0,0.4429,19,0,3000.0,1200.0,0,0,0,0,20,4,SUSPICIOUS,1
8564.14,0.71,0,39,0.0822,13,4,12000.0,4800.0,0,0,0,0,3,1,NORMAL,0
15698.23,5.23,1,0,0.2277,14,6,3000.0,1200.0,1,0,0,0,59,13,SUSPICIOUS,1
1334.57,0.89,0,19,0.1598,8,6,1500.0,600.0,0,0,0,0,1,3,NORMAL,0
4762.69,0.6,0,30,0.0846,18,3,8000.0,3200.0,0,0,0,0,15,13,NORMAL,0
1260.41,0.84,0,6,0.099,7,1,1500.0,600.0,0,0,0,0,13,15,NORMAL,0
7843.13,5.23,1,0,0.585,23,2,1500.0,600.0,0,1,0,1,46,68,SUSPICIOUS,1
2429.86,0.81,0,4,0.096,17,0,3000.0,1200.0,0,0,0,0,0,10,NORMAL,0
4680.02,0.39,0,38,0.1201,16,3,12000.0,4800.0,0,0,0,0,3,3,NORMAL,0
1175.23,0.78,1,0,0.0422,7,4,1500.0,600.0,0,0,0,0,15,4,NORMAL,0
3191.39,1.06,0,33,0.1874,14,0,3000.0,1200.0,0,0,0,0,12,12,NORMAL,0
35165.51,7.03,1,0,0.904,11,2,5000.0,2000.0,1,1,0,1,83,93,EXTREME,1
4809.08,0.96,0,37,0.1669,14,5,5000.0,2000.0,0,0,0,1,11,5,NORMAL,0
2549.19,0.85,0,22,0.1185,17,0,3000.0,1200.0,0,0,1,0,4,12,NORMAL,0
5591.94,0.7,0,28,0.233,17,5,8000.0,3200.0,0,0,0,0,7,0,NORMAL,0
15825.49,3.17,1,0,0.5302,4,6,5000.0,2000.0,0,1,0,0,4,54,SUSPICIOUS,1
7912.9,1.58,0,11,0.2,18,4,5000.0,2000.0,0,0,0,0,13,11,NORMAL,0
41178.89,8.24,1,0,0.789,8,1,5000.0,2000.0,1,1,1,0,93,71,EXTREME,1
1967.18,1.31,0,36,0.1648,18,2,1500.0,600.0,0,0,0,0,14,7,NORMAL,0
3607.07,0.72,0,43,0.1283,22,2,5000.0,2000.0,0,0,0,0,15,15,NORMAL,0
23710.95,2.96,1,0,0.5787,3,4,8000.0,3200.0,1,1,0,0,61,76,SUSPICIOUS,1
1140.52,0.76,0,35,0.1207,10,6,1500.0,600.0,0,0,0,0,5,10,NORMAL,0
4665.78,0.93,0,29,0.056,16,3,5000.0,2000.0,0,0,0,0,7,2,NORMAL,0
2626.3,0.88,0,21,0.218,16,1,3000.0,1200.0,0,0,0,0,4,6,NORMAL,0
6768.99,0.56,0,11,0.2131,22,6,12000.0,4800.0,0,0,0,0,8,4,NORMAL,0
57074.95,4.76,1,0,0.5998,2,1,12000.0,4800.0,0,0,1,0,42,8,SUSPICIOUS,1
8828.22,5.89,1,0,0.4167,1,2,1500.0,600.0,0,0,0,1,47,9,SUSPICIOUS,1
8945.97,0.75,0,41,0.2319,22,2,12000.0,4800.0,0,0,0,0,15,15,NORMAL,0
3375.85,0.68,1,0,0.2348,9,1,5000.0,2000.0,0,0,0,0,9,0,NORMAL,0
825.8,0.55,1,0,0.2368,22,5,1500.0,600.0,0,0,0,0,15,3,NORMAL,0
1531.15,1.02,0,21,0.0713,11,0,1500.0,600.0,0,0,0,0,2,4,NORMAL,0
4743.15,0.95,0,26,0.0492,19,2,5000.0,2000.0,0,0,0,0,13,2,NORMAL,0
2756.16,0.55,0,34,0.204,10,2,5000.0,2000.0,0,0,0,0,10,9,NORMAL,0
10360.54,0.86,0,16,0.2003,13,1,12000.0,4800.0,0,0,0,0,8,11,NORMAL,0
3888.15,0.78,1,0,0.0457,20,4,5000.0,2000.0,0,0,0,0,9,9,NORMAL,0
10221.55,1.28,0,42,0.1065,19,6,8000.0,3200.0,0,0,0,0,13,3,NORMAL,0
9337.93,1.17,0,3,0.1487,11,1,8000.0,3200.0,0,0,1,0,0,10,NORMAL,0
10206.54,1.28,0,4,0.2061,20,2,8000.0,3200.0,0,0,0,0,13,4,NORMAL,0
1113.09,0.74,0,22,0.074,9,0,1500.0,600.0,0,0,0,0,10,0,NORMAL,0
1302.46,0.43,0,43,0.1618,16,2,3000.0,1200.0,0,0,0,0,1,9,NORMAL,0
28970.34,3.62,0,1,0.4364,3,1,8000.0,3200.0,0,0,0,0,4,17,SUSPICIOUS,1
5803.75,0.73,0,37,0.0973,21,0,8000.0,3200.0,0,0,0,0,8,9,NORMAL,0
2042.68,0.68,0,13,0.1704,21,6,3000.0,1200.0,0,0,0,0,15,8,NORMAL,0
8194.39,5.46,0,2,0.2826,0,0,1500.0,600.0,1,0,0,0,70,20,SUSPICIOUS,1
8201.05,0.68,0,38,0.1706,15,3,12000.0,4800.0,0,0,1,0,5,6,NORMAL,0
46161.24,3.85,1,0,0.3937,14,6,12000.0,4800.0,1,0,1,0,61,1,SUSPICIOUS,1
20661.2,4.13,1,0,0.7083,0,1,5000.0,2000.0,1,1,1,1,87,94,EXTREME,1
1897.23,1.26,0,14,0.1924,9,6,1500.0,600.0,0,0,0,0,7,15,NORMAL,0
15772.9,3.15,1,0,0.3009,2,3,5000.0,2000.0,1,1,0,0,70,64,SUSPICIOUS,1
10888.05,0.91,1,0,0.2038,20,0,12000.0,4800.0,0,0,0,0,7,2,NORMAL,0
3670.35,1.22,0,20,0.0736,22,6,3000.0,1200.0,0,0,0,0,14,7,NORMAL,0
1238.01,0.41,0,10,0.2383,9,6,3000.0,1200.0,0,0,0,0,5,11,NORMAL,0
5818.71,1.16,0,44,0.1869,12,0,5000.0,2000.0,0,0,0,0,4,14,NORMAL,0
23544.55,2.94,1,0,0.5368,23,6,8000.0,3200.0,0,0,0,0,18,18,SUSPICIOUS,1
7216.77,4.81,1,0,0.4771,0,5,1500.0,600.0,0,0,1,0,18,19,SUSPICIOUS,1
1203.66,0.8,1,0,0.2415,22,2,1500.0,600.0,0,0,0,0,6,0,NORMAL,0
2049.93,0.41,0,17,0.1313,12,1,5000.0,2000.0,0,0,0,0,9,10,NORMAL,0
7004.41,0.88,1,0,0.2343,13,6,8000.0,3200.0,0,0,0,0,4,3,NORMAL,0
7375.13,0.61,0,5,0.1952,19,5,12000.0,4800.0,0,0,0,0,6,9,NORMAL,0
8119.61,0.68,0,28,0.1713,9,1,12000.0,4800.0,0,0,0,0,12,15,NORMAL,0
3157.3,0.39,0,27,0.186,13,6,8000.0,3200.0,0,0,0,0,14,10,NORMAL,0
56855.77,7.11,1,0,1.0255,3,3,8000.0,3200.0,1,1,0,0,88,87,EXTREME,1
6874.03,0.86,0,25,0.1538,11,2,8000.0,3200.0,0,0,0,0,5,1,NORMAL,0
24582.34,4.92,1,0,0.4679,1,0,5000.0,2000.0,0,0,0,1,20,19,SUSPICIOUS,1
14261.7,4.75,1,0,0.3463,0,5,3000.0,1200.0,1,1,0,0,66,79,SUSPICIOUS,1
45586.2,3.8,0,2,0.5468,19,0,12000.0,4800.0,1,1,1,0,73,68,SUSPICIOUS,1
5945.78,0.74,0,27,0.0784,16,2,8000.0,3200.0,0,0,0,0,7,10,NORMAL,0
1426.73,0.95,0,21,0.1045,8,1,1500.0,600.0,0,0,0,0,6,7,NORMAL,0
36855.12,4.61,1,0,0.2797,0,0,8000.0,3200.0,1,1,0,0,63,71,SUSPICIOUS,1
1832.93,1.22,0,21,0.1628,21,0,1500.0,600.0,0,0,0,0,12,10,NORMAL,0
1394.96,0.93,0,22,0.2286,18,6,1500.0,600.0,0,0,0,0,7,1,NORMAL,0
13028.29,1.09,1,0,0.0523,8,5,12000.0,4800.0,0,0,0,0,1,8,NORMAL,0
2319.72,1.55,0,11,0.0515,7,6,1500.0,600.0,0,0,0,0,15,12,NORMAL,0
3286.37,1.1,0,21,0.1083,19,6,3000.0,1200.0,0,0,0,0,11,11,NORMAL,0
11357.03,1.42,0,27,0.0708,10,2,8000.0,3200.0,0,0,0,0,11,14,NORMAL,0
6371.22,0.8,0,34,0.1126,15,0,8000.0,3200.0,0,0,0,0,10,8,NORMAL,0
14895.31,1.24,1,0,0.075,8,2,12000.0,4800.0,0,0,0,0,13,10,NORMAL,0
11701.0,0.98,1,0,0.1421,11,2,12000.0,4800.0,0,0,0,0,1,9,NORMAL,0
11121.61,0.93,0,17,0.1151,9,0,12000.0,4800.0,0,0,1,0,8,12,NORMAL,0
2583.15,0.86,0,33,0.0653,7,4,3000.0,1200.0,0,0,0,0,7,15,NORMAL,0
15616.82,10.41,1,0,0.4467,12,5,1500.0,600.0,1,1,1,1,85,72,EXTREME,1
29520.03,5.9,1,0,0.3347,4,5,5000.0,2000.0,1,0,1,1,63,19,SUSPICIOUS,1
33679.61,4.21,1,0,0.3997,4,1,8000.0,3200.0,0,0,1,0,17,18,SUSPICIOUS,1
6168.24,0.77,0,2,0.1195,7,4,8000.0,3200.0,0,0,0,0,3,6,NORMAL,0
6514.91,0.81,0,9,0.1964,12,3,8000.0,3200.0,0,0,0,0,11,4,NORMAL,0
73566.64,9.2,1,0,0.447,23,4,8000.0,3200.0,1,1,0,0,93,90,EXTREME,1
9809.41,0.82,0,24,0.1442,8,6,12000.0,4800.0,0,0,0,0,14,8,NORMAL,0
15263.54,5.09,1,0,0.3937,14,3,3000.0,1200.0,1,1,1,0,65,54,SUSPICIOUS,1
2562.33,0.85,0,12,0.2204,21,3,3000.0,1200.0,0,0,0,0,7,9,NORMAL,0
1709.99,1.14,0,28,0.0787,22,3,1500.0,600.0,0,0,0,0,2,15,NORMAL,0
3378.13,0.68,0,32,0.228,16,4,5000.0,2000.0,0,0,1,0,8,11,NORMAL,0
3740.53,1.25,0,29,0.155,21,2,3000.0,1200.0,0,0,1,0,2,2,NORMAL,0
12195.5,1.02,1,0,0.1906,19,4,12000.0,4800.0,0,0,0,0,13,4,NORMAL,0
4776.76,0.6,1,0,0.1098,16,5,8000.0,3200.0,0,0,0,0,7,10,NORMAL,0
10981.72,0.92,0,4,0.0427,18,1,12000.0,4800.0,0,0,0,0,3,1,NORMAL,0
2989.73,0.6,0,27,0.2209,22,5,5000.0,2000.0,0,0,0,0,8,10,NORMAL,0
2666.88,0.89,0,12,0.169,18,3,3000.0,1200.0,0,0,0,0,5,5,NORMAL,0
15209.51,5.07,1,0,0.2453,0,6,3000.0,1200.0,0,0,0,0,7,10,SUSPICIOUS,1
17850.36,3.57,1,0,0.5895,19,6,5000.0,2000.0,1,1,0,0,64,62,SUSPICIOUS,1
2487.5,0.83,0,17,0.1378,21,2,3000.0,1200.0,0,0,0,0,3,15,NORMAL,0
5157.64,0.43,0,31,0.0431,9,5,12000.0,4800.0,0,0,0,0,12,10,NORMAL,0
2704.14,0.9,0,22,0.1896,17,5,3000.0,1200.0,0,0,0,0,6,6,NORMAL,0
2209.12,0.74,0,18,0.1831,16,3,3000.0,1200.0,0,0,0,0,0,13,NORMAL,0
11253.0,0.94,0,24,0.0572,20,1,12000.0,4800.0,0,0,1,0,0,8,NORMAL,0
1482.74,0.99,0,42,0.1612,20,4,1500.0,600.0,0,0,0,0,11,5,NORMAL,0
15000.0,10.0,1,0,0.597,12,5,1500.0,600.0,1,1,1,1,82,90,EXTREME,1
10326.75,0.86,0,26,0.0749,17,5,12000.0,4800.0,0,0,0,0,0,13,NORMAL,0
1123.44,0.75,0,17,0.0991,15,4,1500.0,600.0,0,0,0,0,3,6,NORMAL,0
2315.37,0.46,0,27,0.1745,8,5,5000.0,2000.0,0,0,1,1,0,4,NORMAL,0
11248.89,0.94,1,0,0.0597,11,4,12000.0,4800.0,0,0,0,0,0,7,NORMAL,0
46081.2,5.76,1,0,0.2207,0,4,8000.0,3200.0,0,0,1,0,2,3,SUSPICIOUS,1
3905.44,0.49,0,25,0.0696,14,2,8000.0,3200.0,0,0,0,0,13,15,NORMAL,0
27757.13,5.55,1,0,0.5284,0,2,5000.0,2000.0,1,0,0,0,71,45,SUSPICIOUS,1
37861.61,4.73,1,0,0.4762,4,2,8000.0,3200.0,0,1,1,0,18,52,SUSPICIOUS,1
8168.7,2.72,1,0,0.257,14,3,3000.0,1200.0,0,0,0,1,16,4,SUSPICIOUS,1
2004.01,0.67,0,10,0.0537,19,5,3000.0,1200.0,0,0,0,0,7,3,NORMAL,0
1454.36,0.97,1,0,0.0644,11,3,1500.0,600.0,0,0,0,0,1,6,NORMAL,0
6867.2,0.86,0,36,0.2234,13,3,8000.0,3200.0,0,0,0,0,4,1,NORMAL,0
47038.51,9.41,1,0,0.6847,5,1,5000.0,2000.0,1,1,1,1,83,89,EXTREME,1
6623.19,0.83,0,37,0.0432,9,1,8000.0,3200.0,0,0,0,0,6,10,NORMAL,0
552.91,0.37,0,8,0.0636,22,1,1500.0,600.0,0,0,0,0,2,14,NORMAL,0
6944.26,0.87,0,10,0.174,12,3,8000.0,3200.0,0,0,1,0,4,3,NORMAL,0
37064.23,3.09,1,0,0.4106,1,2,12000.0,4800.0,0,1,0,0,2,71,SUSPICIOUS,1
11165.37,0.93,1,0,0.1304,14,2,12000.0,4800.0,0,0,0,0,3,3,NORMAL,0
13192.02,1.1,1,0,0.2043,16,6,12000.0,4800.0,0,0,0,0,8,13,NORMAL,0
2460.52,0.82,1,0,0.2364,8,3,3000.0,1200.0,0,0,0,0,6,5,NORMAL,0
3312.54,0.66,0,19,0.1702,20,5,5000.0,2000.0,0,0,0,0,10,2,NORMAL,0
5105.46,0.64,0,8,0.0848,21,6,8000.0,3200.0,0,0,0,0,2,8,NORMAL,0
10509.65,0.88,0,32,0.0648,14,3,12000.0,4800.0,0,0,0,0,10,2,NORMAL,0
5375.6,0.67,0,41,0.1309,10,4,8000.0,3200.0,0,0,0,0,7,1,NORMAL,0
2144.88,0.43,0,42,0.0607,9,3,5000.0,2000.0,0,0,0,0,10,14,NORMAL,0
4986.54,1.0,0,2,0.1704,11,6,5000.0,2000.0,0,0,0,0,2,13,NORMAL,0
5496.2,1.1,0,23,0.2462,20,4,5000.0,2000.0,0,0,0,0,5,0,NORMAL,0
14804.11,4.93,1,0,0.4342,0,3,3000.0,1200.0,1,0,0,0,65,49,SUSPICIOUS,1
1085.77,0.72,0,26,0.1317,7,4,1500.0,600.0,0,0,0,0,12,10,NORMAL,0
66483.05,5.54,0,2,0.4072,19,3,12000.0,4800.0,1,1,0,1,72,55,SUSPICIOUS,1
50544.67,6.32,1,0,0.8978,14,6,8000.0,3200.0,1,1,0,0,83,78,EXTREME,1
1722.55,1.15,0,19,0.1803,17,6,1500.0,600.0,0,0,0,0,9,13,NORMAL,0
100065.64,8.34,1,0,0.9417,5,5,12000.0,4800.0,1,1,1,1,87,91,EXTREME,1
3116.08,0.62,0,5,0.1958,20,2,5000.0,2000.0,0,0,0,0,11,15,NORMAL,0
31713.28,10.57,1,0,0.7906,4,2,3000.0,1200.0,1,1,0,1,97,85,EXTREME,1
10642.66,0.89,0,3,0.0981,12,1,12000.0,4800.0,0,0,0,0,5,15,NORMAL,0
73508.58,6.13,1,0,0.7736,18,4,12000.0,4800.0,1,1,1,0,99,78,EXTREME,1
5555.91,0.69,0,19,0.2033,17,1,8000.0,3200.0,0,0,0,0,3,8,NORMAL,0
3357.02,0.67,1,0,0.2148,15,4,5000.0,2000.0,0,0,0,0,12,4,NORMAL,0
5239.25,0.65,1,0,0.2314,14,3,8000.0,3200.0,0,0,0,0,10,15,NORMAL,0
2576.42,0.86,0,25,0.1569,12,3,3000.0,1200.0,0,0,0,0,3,13,NORMAL,0
5395.47,1.08,0,39,0.2251,18,5,5000.0,2000.0,0,0,0,0,14,7,NORMAL,0
2638.52,0.88,0,45,0.1918,22,3,3000.0,1200.0,0,0,0,0,9,9,NORMAL,0
22990.11,4.6,0,1,0.5376,1,5,5000.0,2000.0,1,1,1,0,65,79,SUSPICIOUS,1
2093.53,0.7,0,36,0.217,14,2,3000.0,1200.0,0,0,0,0,15,13,NORMAL,0
10918.01,3.64,1,0,0.4226,0,6,3000.0,1200.0,1,1,1,0,65,54,SUSPICIOUS,1
42771.02,5.35,1,0,0.2543,23,4,8000.0,3200.0,0,0,0,1,20,41,SUSPICIOUS,1
1495.17,1.0,0,29,0.206,8,6,1500.0,600.0,0,0,0,0,12,1,NORMAL,0
6871.41,0.57,0,45,0.056,18,3,12000.0,4800.0,0,0,0,0,13,14,NORMAL,0
740.33,0.49,0,13,0.1301,20,3,1500.0,600.0,0,0,0,0,1,3,NORMAL,0
28597.94,9.53,1,0,0.5614,22,6,3000.0,1200.0,1,1,0,0,93,71,EXTREME,1
481.13,0.32,0,20,0.0992,13,1,1500.0,600.0,0,0,0,0,13,12,NORMAL,0
15815.14,1.32,0,25,0.1858,17,2,12000.0,4800.0,0,0,1,0,7,13,NORMAL,0
7509.18,0.94,0,32,0.0668,16,6,8000.0,3200.0,0,0,0,0,3,2,NORMAL,0
46416.96,9.28,1,0,0.5537,2,1,5000.0,2000.0,1,1,0,1,87,73,EXTREME,1
11954.53,3.98,1,0,0.3466,3,5,3000.0,1200.0,0,1,1,1,0,58,SUSPICIOUS,1
3936.43,0.79,0,21,0.1568,9,2,5000.0,2000.0,0,0,0,0,12,15,NORMAL,0
728.65,0.49,0,26,0.1075,21,5,1500.0,600.0,0,0,0,0,3,3,NORMAL,0
37085.95,4.64,1,0,0.3901,3,0,8000.0,3200.0,0,0,0,1,19,20,SUSPICIOUS,1
33363.36,11.12,1,0,1.1611,19,3,3000.0,1200.0,1,1,1,0,84,89,EXTREME,1
1135.97,0.76,0,9,0.1833,18,4,1500.0,600.0,0,0,0,0,6,11,NORMAL,0
10262.08,0.86,0,9,0.1905,10,3,12000.0,4800.0,0,0,0,0,15,4,NORMAL,0
9804.9,0.82,0,42,0.1729,22,1,12000.0,4800.0,0,0,0,0,6,4,NORMAL,0
2106.38,0.7,0,26,0.232,16,6,3000.0,1200.0,0,0,0,0,12,7,NORMAL,0
7201.1,1.44,0,19,0.0829,12,6,5000.0,2000.0,0,0,0,0,13,8,NORMAL,0
8554.72,1.07,0,44,0.2426,13,1,8000.0,3200.0,0,0,0,0,8,15,NORMAL,0
2423.59,0.81,0,15,0.1857,22,6,3000.0,1200.0,0,0,0,0,1,4,NORMAL,0
11375.66,0.95,0,40,0.0861,18,6,12000.0,4800.0,0,0,0,0,11,2,NORMAL,0
4098.6,0.82,0,22,0.1275,10,6,5000.0,2000.0,0,0,0,0,7,4,NORMAL,0
14271.59,2.85,1,0,0.4636,4,5,5000.0,2000.0,1,1,1,0,61,66,SUSPICIOUS,1
1996.79,0.67,0,4,0.1059,16,3,3000.0,1200.0,0,0,0,0,0,6,NORMAL,0
1985.06,0.66,0,23,0.1357,19,4,3000.0,1200.0,0,0,0,0,1,8,NORMAL,0
36216.61,7.24,1,0,1.0132,6,0,5000.0,2000.0,1,1,0,1,98,72,EXTREME,1
11002.11,3.67,1,0,0.2283,19,6,3000.0,1200.0,0,0,1,0,5,20,SUSPICIOUS,1
1427.35,0.48,0,7,0.1688,20,4,3000.0,1200.0,0,0,0,0,8,10,NORMAL,0
4958.47,0.99,0,18,0.2073,21,1,5000.0,2000.0,0,0,0,0,13,11,NORMAL,0
8559.73,0.71,0,16,0.2234,12,6,12000.0,4800.0,0,0,0,0,12,12,NORMAL,0
124727.56,10.39,1,0,0.5011,0,1,12000.0,4800.0,1,1,1,1,89,91,EXTREME,1
14076.88,1.17,0,26,0.0625,16,5,12000.0,4800.0,0,0,0,0,12,9,NORMAL,0
35040.99,11.68,1,0,0.8657,11,1,3000.0,1200.0,1,1,1,0,92,92,EXTREME,1
30382.58,6.08,1,0,0.98,16,5,5000.0,2000.0,1,1,1,1,90,95,EXTREME,1
19674.02,3.93,0,2,0.2648,0,5,5000.0,2000.0,0,1,0,0,1,65,SUSPICIOUS,1
63223.38,5.27,0,3,0.4175,19,0,12000.0,4800.0,0,0,0,1,7,1,SUSPICIOUS,1
1503.08,0.5,0,45,0.0916,16,0,3000.0,1200.0,0,0,0,0,15,12,NORMAL,0
29366.79,5.87,1,0,0.2981,3,5,5000.0,2000.0,1,1,0,0,73,52,SUSPICIOUS,1
27319.99,3.41,1,0,0.2433,19,3,8000.0,3200.0,0,1,1,0,8,60,SUSPICIOUS,0
12296.71,1.02,0,21,0.2406,22,5,12000.0,4800.0,0,0,0,0,12,3,NORMAL,0
2116.84,1.41,0,41,0.1819,11,1,1500.0,600.0,0,0,0,0,10,1,NORMAL,0
4968.24,3.31,1,0,0.5968,14,1,1500.0,600.0,1,1,0,0,58,51,SUSPICIOUS,1
1194.3,0.8,0,19,0.1864,16,3,1500.0,600.0,0,0,1,0,2,8,NORMAL,0
3927.21,0.49,0,45,0.2274,19,3,8000.0,3200.0,0,0,0,0,0,15,NORMAL,0
1362.36,0.91,1,0,0.1026,9,5,1500.0,600.0,0,0,0,0,0,9,NORMAL,0
4832.57,3.22,1,0,0.3559,0,2,1500.0,600.0,1,0,1,1,75,40,SUSPICIOUS,1
5250.6,1.05,0,16,0.1458,18,2,5000.0,2000.0,0,0,0,0,0,15,NORMAL,0
93004.04,7.75,1,0,1.1826,6,6,12000.0,4800.0,1,1,1,0,85,83,EXTREME,1
10468.43,0.87,0,16,0.2394,17,1,12000.0,4800.0,0,0,0,0,0,0,NORMAL,0
88759.76,11.09,1,0,0.5078,15,2,8000.0,3200.0,1,1,1,1,92,74,EXTREME,1
3856.59,0.77,0,3,0.2389,20,3,5000.0,2000.0,0,0,0,0,1,4,NORMAL,0
3708.78,0.74,0,18,0.1949,10,0,5000.0,2000.0,0,0,0,0,1,0,NORMAL,0
4243.85,1.41,0,20,0.0459,12,4,3000.0,1200.0,0,0,0,0,14,10,NORMAL,0
2066.06,0.26,1,0,0.2179,11,2,8000.0,3200.0,0,0,0,0,15,12,NORMAL,0
6952.38,0.87,1,0,0.1445,15,6,8000.0,3200.0,0,0,0,0,1,15,NORMAL,0
20621.35,4.12,0,2,0.5645,14,3,5000.0,2000.0,1,1,0,0,56,72,SUSPICIOUS,1
24263.37,8.09,1,0,0.5683,23,3,3000.0,1200.0,1,1,1,0,93,90,EXTREME,1
4709.1,3.14,1,0,0.23,23,4,1500.0,600.0,1,0,1,1,73,48,SUSPICIOUS,1
3592.71,0.45,1,0,0.19,8,2,8000.0,3200.0,0,0,0,0,6,10,NORMAL,0
1022.96,0.68,0,3,0.1723,7,0,1500.0,600.0,0,0,0,0,3,14,NORMAL,0
2615.54,0.87,1,0,0.2282,20,5,3000.0,1200.0,0,0,0,0,12,3,NORMAL,0
5050.34,1.01,0,14,0.0649,9,0,5000.0,2000.0,0,0,0,0,1,13,NORMAL,0
9856.44,0.82,0,6,0.1162,14,2,12000.0,4800.0,0,0,0,0,10,4,NORMAL,0
15000.0,10.0,1,0,0.8941,13,0,1500.0,600.0,1,1,0,1,87,90,EXTREME,1
844.09,0.56,0,16,0.2411,9,1,1500.0,600.0,0,0,0,0,14,4,NORMAL,0
45267.73,3.77,1,0,0.5137,4,1,12000.0,4800.0,1,0,0,0,53,1,SUSPICIOUS,1
14441.23,1.2,0,12,0.2376,19,2,12000.0,4800.0,0,0,0,0,9,3,NORMAL,0
19447.43,3.89,1,0,0.4146,23,4,5000.0,2000.0,1,0,0,1,71,19,SUSPICIOUS,1
15132.73,1.26,0,13,0.2303,15,5,12000.0,4800.0,0,0,0,0,7,10,NORMAL,0
10765.03,1.35,1,0,0.0811,18,6,8000.0,3200.0,0,0,0,0,3,15,NORMAL,0
16215.16,5.41,1,0,0.2775,23,1,3000.0,1200.0,0,0,0,0,45,40,SUSPICIOUS,1
99196.87,8.27,1,0,0.4292,18,0,12000.0,4800.0,1,1,0,1,83,85,EXTREME,1
4344.22,1.45,0,31,0.1329,10,0,3000.0,1200.0,0,0,0,0,12,0,NORMAL,0
91569.24,11.45,1,0,0.7064,12,0,8000.0,3200.0,1,1,0,0,94,72,EXTREME,1
3864.92,2.58,0,3,0.5357,2,1,1500.0,600.0,0,1,1,0,4,54,SUSPICIOUS,1
2707.71,0.9,0,36,0.1358,9,3,3000.0,1200.0,0,0,0,0,9,11,NORMAL,0
1476.76,0.98,0,35,0.1648,12,6,1500.0,600.0,0,0,1,0,10,6,NORMAL,0
4951.39,0.62,0,21,0.1242,16,1,8000.0,3200.0,0,0,0,0,4,8,NORMAL,0
40365.52,5.05,1,0,0.2445,0,4,8000.0,3200.0,0,0,0,0,14,43,SUSPICIOUS,1
13556.47,2.71,0,3,0.2629,1,6,5000.0,2000.0,0,1,1,0,1,52,SUSPICIOUS,1
42197.36,3.52,0,2,0.3812,4,0,12000.0,4800.0,1,1,0,1,63,71,SUSPICIOUS,1
1186.34,0.79,0,27,0.0893,17,3,1500.0,600.0,0,0,1,0,13,4,NORMAL,0
27576.62,9.19,1,0,0.6874,1,5,3000.0,1200.0,1,1,1,1,98,85,EXTREME,1
824.55,0.55,0,13,0.247,18,1,1500.0,600.0,0,0,0,0,14,12,NORMAL,0
3202.82,0.64,1,0,0.1859,19,4,5000.0,2000.0,0,0,0,0,7,12,NORMAL,0
12869.58,1.07,0,13,0.1417,16,5,12000.0,4800.0,0,0,0,0,8,6,NORMAL,0
15661.8,5.22,1,0,0.4939,6,4,3000.0,1200.0,1,1,1,1,80,91,EXTREME,1
29679.48,3.71,1,0,0.5331,14,0,8000.0,3200.0,0,0,1,0,43,19,SUSPICIOUS,1
2764.78,0.92,0,16,0.1456,10,3,3000.0,1200.0,0,0,0,0,6,14,NORMAL,0
15758.26,5.25,1,0,0.5846,0,2,3000.0,1200.0,1,1,0,1,63,57,SUSPICIOUS,1
20853.19,2.61,1,0,0.5103,2,0,8000.0,3200.0,1,1,0,0,72,50,SUSPICIOUS,1
4136.35,0.83,0,33,0.218,15,4,5000.0,2000.0,0,0,1,0,0,9,NORMAL,0
6117.51,1.22,0,41,0.2161,9,3,5000.0,2000.0,0,0,0,0,4,1,NORMAL,0
13732.71,1.14,0,13,0.202,12,6,12000.0,4800.0,0,0,0,0,15,11,NORMAL,0
12938.18,1.08,0,28,0.129,15,5,12000.0,4800.0,0,0,0,0,13,13,NORMAL,0
1026.38,0.68,0,41,0.23,9,0,1500.0,600.0,0,0,0,0,6,7,NORMAL,0
8433.89,0.7,0,32,0.1523,9,3,12000.0,4800.0,0,0,0,0,13,15,NORMAL,0
2541.17,0.85,1,0,0.2062,16,3,3000.0,1200.0,0,0,0,0,8,3,NORMAL,0
17191.5,3.44,1,0,0.2327,4,6,5000.0,2000.0,1,1,1,0,50,71,SUSPICIOUS,1
35659.19,2.97,0,2,0.2102,14,2,12000.0,4800.0,0,1,0,0,12,66,SUSPICIOUS,1
6726.88,0.84,0,37,0.1779,11,6,8000.0,3200.0,0,0,0,0,0,8,NORMAL,0
5961.63,0.5,0,27,0.1794,12,4,12000.0,4800.0,0,0,0,0,4,2,NORMAL,0
2850.23,0.95,0,43,0.1877,21,4,3000.0,1200.0,0,0,0,0,13,10,NORMAL,0
495.56,0.33,0,24,0.1884,19,4,1500.0,600.0,0,0,0,0,0,7,NORMAL,0
3862.68,0.77,0,3,0.0474,13,2,5000.0,2000.0,0,0,0,0,13,15,NORMAL,0
12356.59,1.03,0,34,0.1983,9,2,12000.0,4800.0,0,0,0,0,12,11,NORMAL,0
6193.6,0.52,0,31,0.1312,13,5,12000.0,4800.0,0,0,0,0,11,4,NORMAL,0
1747.28,1.16,0,39,0.2322,20,4,1500.0,600.0,0,0,0,0,14,5,NORMAL,0
12372.01,1.03,0,17,0.1007,15,3,12000.0,4800.0,0,0,0,0,10,14,NORMAL,0
3265.2,1.09,0,27,0.115,20,4,3000.0,1200.0,0,0,0,0,5,2,NORMAL,0
3509.79,0.7,0,24,0.0443,15,1,5000.0,2000.0,0,0,0,0,12,4,NORMAL,0
32793.7,4.1,1,0,0.8427,5,5,8000.0,3200.0,1,1,1,0,88,77,EXTREME,1
5147.72,1.03,0,40,0.1169,10,6,5000.0,2000.0,0,0,0,0,2,6,NORMAL,0
3101.83,1.03,0,6,0.1978,18,6,3000.0,1200.0,0,0,0,0,10,9,NORMAL,0
4200.3,2.8,1,0,0.4421,23,5,1500.0,600.0,0,1,0,0,47,71,SUSPICIOUS,1
2401.04,0.8,0,5,0.2378,22,4,3000.0,1200.0,0,0,0,0,14,5,NORMAL,0
80378.78,10.05,1,0,0.9512,5,4,8000.0,3200.0,1,1,1,0,87,92,EXTREME,1
4794.92,0.6,0,29,0.2299,12,4,8000.0,3200.0,0,0,0,0,9,2,NORMAL,0
1833.79,0.61,0,45,0.0798,11,2,3000.0,1200.0,0,0,0,0,11,13,NORMAL,0
2792.03,0.93,0,27,0.1648,10,2,3000.0,1200.0,0,0,0,0,11,9,NORMAL,0
8394.62,5.6,1,0,0.3932,4,4,1500.0,600.0,0,1,1,0,20,51,SUSPICIOUS,1
19411.36,6.47,1,0,0.8795,10,0,3000.0,1200.0,1,1,0,1,81,84,EXTREME,1
3194.22,0.64,0,8,0.2168,11,0,5000.0,2000.0,0,0,0,0,8,11,NORMAL,0
1204.94,0.8,1,0,0.2009,22,6,1500.0,600.0,0,0,0,0,1,4,NORMAL,0
697.19,0.46,0,22,0.2435,16,1,1500.0,600.0,0,0,0,0,6,5,NORMAL,0
7264.86,0.91,0,8,0.2242,19,1,8000.0,3200.0,0,0,0,0,7,2,NORMAL,0
41546.74,3.46,1,0,0.2498,0,1,12000.0,4800.0,0,1,0,1,41,75,SUSPICIOUS,1
131604.17,10.97,1,0,0.7184,0,5,12000.0,4800.0,1,1,0,0,82,95,EXTREME,1
1721.07,0.57,0,26,0.1666,14,4,3000.0,1200.0,0,0,0,0,11,13,NORMAL,0
50933.53,4.24,1,0,1.1679,21,6,12000.0,4800.0,1,1,0,1,100,84,EXTREME,1
3194.15,1.06,1,0,0.195,8,3,3000.0,1200.0,0,0,0,0,15,0,NORMAL,0
17567.11,3.51,1,0,0.2711,3,0,5000.0,2000.0,1,0,0,0,53,1,SUSPICIOUS,1
5099.96,1.02,0,42,0.1142,18,2,5000.0,2000.0,0,0,1,0,14,4,NORMAL,0
4369.32,1.46,1,0,0.0665,16,2,3000.0,1200.0,0,0,0,0,1,14,NORMAL,0
10165.85,1.27,0,10,0.2044,11,4,8000.0,3200.0,0,0,0,0,1,2,NORMAL,0
8104.46,1.01,0,7,0.093,22,2,8000.0,3200.0,0,0,0,0,10,8,NORMAL,0
2376.09,0.79,0,39,0.1407,11,6,3000.0,1200.0,0,0,0,0,1,12,NORMAL,0
1195.32,0.8,1,0,0.1695,19,5,1500.0,600.0,0,0,0,0,14,3,NORMAL,0
521.0,0.35,0,26,0.1823,17,1,1500.0,600.0,0,0,0,0,7,13,NORMAL,0
5101.88,0.64,0,38,0.0994,16,0,8000.0,3200.0,0,0,0,1,4,6,NORMAL,0
2474.4,0.82,0,11,0.0932,22,2,3000.0,1200.0,0,0,0,0,8,12,NORMAL,0
15565.61,5.19,1,0,0.5179,23,5,3000.0,1200.0,1,1,1,0,75,61,SUSPICIOUS,1
11149.39,0.93,0,25,0.0956,17,1,12000.0,4800.0,0,0,0,0,1,8,NORMAL,0
1826.84,0.37,0,41,0.1329,22,2,5000.0,2000.0,0,0,0,0,1,3,NORMAL,0
11989.0,1.0,0,25,0.2267,21,1,12000.0,4800.0,0,0,0,0,3,11,NORMAL,0
13233.89,1.1,1,0,0.0956,18,2,12000.0,4800.0,0,0,0,0,14,4,NORMAL,0
1555.01,1.04,0,38,0.2143,22,0,1500.0,600.0,0,0,0,0,5,11,NORMAL,0
2932.12,0.98,0,29,0.1496,7,2,3000.0,1200.0,0,0,0,0,2,0,NORMAL,0
9484.51,1.19,0,12,0.2027,19,6,8000.0,3200.0,0,0,0,0,1,11,NORMAL,0
3593.87,0.72,0,9,0.1296,7,0,5000.0,2000.0,0,0,0,0,7,11,NORMAL,0
11914.83,0.99,0,37,0.2452,20,1,12000.0,4800.0,0,0,0,0,0,1,NORMAL,0
1426.29,0.48,0,25,0.2477,20,3,3000.0,1200.0,0,0,0,0,5,14,NORMAL,0
17746.84,5.92,1,0,0.447,3,5,3000.0,1200.0,0,0,1,0,14,44,SUSPICIOUS,1
17219.99,1.43,0,32,0.1462,18,3,12000.0,4800.0,0,0,0,0,14,8,NORMAL,0
15992.32,5.33,0,3,0.2508,14,4,3000.0,1200.0,0,1,0,1,41,69,SUSPICIOUS,1
1635.02,1.09,0,12,0.1814,12,3,1500.0,600.0,0,0,0,0,13,14,NORMAL,0
2774.85,0.92,0,18,0.1669,18,4,3000.0,1200.0,0,0,0,0,0,5,NORMAL,0
57627.91,4.8,0,3,0.4097,1,6,12000.0,4800.0,0,1,0,1,48,80,SUSPICIOUS,1
17871.24,5.96,1,0,0.2368,14,0,3000.0,1200.0,0,0,0,0,13,15,SUSPICIOUS,1
7729.92,0.97,0,17,0.1437,17,0,8000.0,3200.0,0,0,0,0,5,7,NORMAL,0
10883.84,0.91,0,22,0.2302,9,4,12000.0,4800.0,0,0,0,1,8,3,NORMAL,0
6051.65,0.76,0,34,0.2239,14,6,8000.0,3200.0,0,0,0,0,5,13,NORMAL,0
5638.05,0.7,0,12,0.1118,14,4,8000.0,3200.0,0,0,0,0,5,10,NORMAL,0
2830.76,0.57,0,9,0.0936,14,0,5000.0,2000.0,0,0,0,0,1,7,NORMAL,0
2353.59,0.2,0,17,0.0591,15,4,12000.0,4800.0,0,0,0,0,12,8,NORMAL,0
50690.52,4.22,0,3,0.5877,14,0,12000.0,4800.0,1,1,0,1,72,64,SUSPICIOUS,1
8595.4,0.72,0,32,0.102,16,2,12000.0,4800.0,0,0,0,0,7,9,NORMAL,0
10008.06,3.34,0,3,0.3364,3,0,3000.0,1200.0,0,0,0,0,40,7,SUSPICIOUS,0
2482.71,0.83,0,26,0.2098,9,4,3000.0,1200.0,0,0,0,0,2,6,NORMAL,0
15000.0,5.0,1,0,0.7146,0,0,3000.0,1200.0,1,1,1,0,97,86,EXTREME,1
3652.42,1.22,0,41,0.1823,16,0,3000.0,1200.0,0,0,0,0,3,2,NORMAL,0
7913.06,2.64,0,1,0.3536,0,3,3000.0,1200.0,0,0,0,0,20,7,SUSPICIOUS,1
9356.31,0.78,1,0,0.1542,17,0,12000.0,4800.0,0,0,0,0,6,0,NORMAL,0
62761.78,7.85,1,0,0.7534,5,0,8000.0,3200.0,1,1,1,0,83,84,EXTREME,1
8804.15,0.73,0,37,0.2248,14,0,12000.0,4800.0,0,0,1,0,12,11,NORMAL,0
30012.6,3.75,0,1,0.4943,4,2,8000.0,3200.0,1,1,1,1,74,54,SUSPICIOUS,1
9194.42,1.15,0,24,0.1663,12,3,8000.0,3200.0,0,0,0,0,10,6,NORMAL,0
7006.51,0.58,1,0,0.1558,19,0,12000.0,4800.0,0,0,0,0,1,14,NORMAL,0
12177.2,1.01,0,16,0.0533,18,6,12000.0,4800.0,0,0,0,0,11,8,NORMAL,0
8227.47,1.03,0,43,0.2282,15,5,8000.0,3200.0,0,0,0,0,10,11,NORMAL,0
1397.99,0.93,0,31,0.1102,21,2,1500.0,600.0,0,0,0,0,2,11,NORMAL,0
32755.91,2.73,0,3,0.4461,2,6,12000.0,4800.0,0,0,0,0,46,40,SUSPICIOUS,0
4426.22,0.37,0,45,0.198,7,5,12000.0,4800.0,0,0,0,0,2,5,NORMAL,0
1502.97,1.0,0,42,0.0651,21,5,1500.0,600.0,0,0,0,0,7,14,NORMAL,0
869.59,0.58,0,45,0.0898,19,5,1500.0,600.0,0,0,0,0,6,11,NORMAL,0
10743.58,3.58,1,0,0.5827,23,3,3000.0,1200.0,0,1,0,0,9,71,SUSPICIOUS,1
36714.75,3.06,0,1,0.241,1,5,12000.0,4800.0,0,1,0,0,42,70,SUSPICIOUS,1
38782.94,3.23,0,3,0.301,2,0,12000.0,4800.0,1,0,0,1,50,5,SUSPICIOUS,1
83046.63,6.92,1,0,0.7409,19,4,12000.0,4800.0,1,1,0,0,98,74,EXTREME,1
1861.91,1.24,0,24,0.2306,18,5,1500.0,600.0,0,0,0,0,8,2,NORMAL,0
4557.16,0.91,0,31,0.0992,19,2,5000.0,2000.0,0,0,0,0,15,3,NORMAL,0
17773.02,5.92,1,0,0.5635,23,6,3000.0,1200.0,1,0,0,0,62,0,SUSPICIOUS,1
1686.91,1.12,0,2,0.1805,13,4,1500.0,600.0,0,0,1,0,13,7,NORMAL,0
1405.61,0.94,0,12,0.1005,22,5,1500.0,600.0,0,0,0,0,11,7,NORMAL,0
2762.49,0.92,0,19,0.1619,18,0,3000.0,1200.0,0,0,0,0,3,3,NORMAL,0
716.22,0.48,0,8,0.0779,14,3,1500.0,600.0,0,0,0,1,3,13,NORMAL,0
5491.63,0.69,0,8,0.1337,10,6,8000.0,3200.0,0,0,0,0,5,3,NORMAL,0
9505.35,0.79,0,19,0.1702,13,4,12000.0,4800.0,0,0,0,0,11,8,NORMAL,0
11133.77,1.39,0,10,0.0859,12,2,8000.0,3200.0,0,0,0,0,15,12,NORMAL,0
18325.64,3.67,1,0,0.3821,14,6,5000.0,2000.0,1,0,0,1,74,15,SUSPICIOUS,1
5402.77,0.68,0,15,0.209,7,0,8000.0,3200.0,0,0,0,0,13,10,NORMAL,0
15000.0,10.0,1,0,0.6965,0,1,1500.0,600.0,1,1,1,0,82,79,EXTREME,1
1135.56,0.38,0,45,0.158,13,4,3000.0,1200.0,0,0,0,0,14,9,NORMAL,0
7323.89,0.61,0,30,0.1373,14,1,12000.0,4800.0,0,0,0,0,4,2,NORMAL,0
31077.82,6.22,1,0,0.4421,6,6,5000.0,2000.0,1,1,0,0,86,71,EXTREME,1
8406.02,5.6,1,0,0.5179,19,0,1500.0,600.0,0,0,0,1,12,44,SUSPICIOUS,1
10441.93,1.31,0,37,0.2376,22,5,8000.0,3200.0,0,0,0,0,1,10,NORMAL,0
2661.71,0.89,0,22,0.14,15,6,3000.0,1200.0,0,0,0,1,15,1,NORMAL,0
13933.33,2.79,1,0,0.5938,4,0,5000.0,2000.0,0,0,0,1,38,17,SUSPICIOUS,0
1148.88,0.77,0,6,0.1093,10,6,1500.0,600.0,0,0,0,0,9,7,NORMAL,0
9768.82,0.81,0,34,0.0713,12,4,12000.0,4800.0,0,0,0,0,3,13,NORMAL,0
5267.42,1.05,0,33,0.1933,22,6,5000.0,2000.0,0,0,0,0,12,0,NORMAL,0
3487.73,1.16,0,13,0.0882,13,1,3000.0,1200.0,0,0,0,0,9,15,NORMAL,0
2296.01,0.77,0,15,0.2381,14,0,3000.0,1200.0,0,0,0,0,5,1,NORMAL,0
2255.44,0.75,0,31,0.1953,8,5,3000.0,1200.0,0,0,0,0,10,2,NORMAL,0
47476.7,9.5,1,0,1.1629,12,6,5000.0,2000.0,1,1,1,1,80,80,EXTREME,1
4069.71,0.51,0,7,0.1862,9,1,8000.0,3200.0,0,0,0,0,6,4,NORMAL,0
94730.22,7.89,1,0,0.531,2,3,12000.0,4800.0,1,1,0,1,81,77,EXTREME,1
58749.51,4.9,1,0,0.6543,2,5,12000.0,4800.0,1,1,0,0,92,87,EXTREME,1
81526.23,10.19,1,0,1.0675,22,6,8000.0,3200.0,1,1,1,0,97,93,EXTREME,1
68421.47,5.7,1,0,0.2984,19,0,12000.0,4800.0,1,0,1,0,52,46,SUSPICIOUS,1
9234.26,1.15,0,12,0.2246,19,6,8000.0,3200.0,0,0,0,0,13,10,NORMAL,0
1408.35,0.47,0,12,0.0891,9,2,3000.0,1200.0,0,0,0,0,14,5,NORMAL,0
909.74,0.18,1,0,0.1339,22,4,5000.0,2000.0,0,0,0,0,8,12,NORMAL,0
17727.7,3.55,1,0,0.386,23,2,5000.0,2000.0,0,0,1,0,0,14,SUSPICIOUS,1
4628.09,0.58,0,44,0.2097,7,4,8000.0,3200.0,0,0,0,0,2,2,NORMAL,0
1907.07,0.64,0,9,0.0934,18,0,3000.0,1200.0,0,0,0,0,2,8,NORMAL,0
7001.92,0.58,0,24,0.1424,12,3,12000.0,4800.0,0,0,0,0,10,14,NORMAL,0
6750.53,0.56,0,26,0.1833,10,2,12000.0,4800.0,0,0,0,0,10,11,NORMAL,0
1430.89,0.48,0,25,0.0468,7,2,3000.0,1200.0,0,0,0,0,11,4,NORMAL,0
15000.0,10.0,1,0,0.7237,6,4,1500.0,600.0,1,1,0,1,82,80,EXTREME,1
4966.79,0.99,0,37,0.1833,17,4,5000.0,2000.0,0,0,0,0,5,7,NORMAL,0
5344.97,1.07,0,26,0.1825,22,5,5000.0,2000.0,0,0,0,0,10,13,NORMAL,0
86088.6,10.76,1,0,1.0914,20,1,8000.0,3200.0,1,1,0,0,99,75,EXTREME,1
7893.31,2.63,1,0,0.2871,19,1,3000.0,1200.0,1,1,0,0,59,59,SUSPICIOUS,1
13923.4,1.16,1,0,0.1208,8,6,12000.0,4800.0,0,0,0,0,8,1,NORMAL,0
2542.82,0.32,0,17,0.0502,8,0,8000.0,3200.0,0,0,0,0,7,6,NORMAL,0
11551.24,0.96,0,22,0.2083,11,2,12000.0,4800.0,0,0,0,0,12,2,NORMAL,0
67513.76,5.63,1,0,0.4671,3,1,12000.0,4800.0,0,0,0,0,15,18,SUSPICIOUS,1
3587.99,0.72,1,0,0.0569,20,3,5000.0,2000.0,0,0,0,0,10,12,NORMAL,0
9799.03,1.22,0,43,0.1324,22,1,8000.0,3200.0,0,0,0,0,8,8,NORMAL,0
60480.37,5.04,0,3,0.5689,19,1,12000.0,4800.0,0,1,1,0,19,63,SUSPICIOUS,1
5908.91,0.74,0,11,0.06,20,2,8000.0,3200.0,0,0,0,0,8,1,NORMAL,0
12431.49,1.04,1,0,0.234,16,2,12000.0,4800.0,0,0,1,0,14,11,NORMAL,0
3060.23,1.02,1,0,0.1621,17,3,3000.0,1200.0,0,0,0,0,12,1,NORMAL,0
8924.25,0.74,0,36,0.1461,10,6,12000.0,4800.0,0,0,0,0,14,7,NORMAL,0
8475.67,1.06,0,10,0.0709,22,3,8000.0,3200.0,0,0,0,0,7,5,NORMAL,0
34951.5,2.91,1,0,0.216,23,0,12000.0,4800.0,0,1,1,0,15,54,SUSPICIOUS,1
3719.68,0.74,0,14,0.1536,16,5,5000.0,2000.0,0,0,1,0,6,15,NORMAL,0
12622.92,1.05,0,38,0.0904,21,6,12000.0,4800.0,0,0,0,0,3,6,NORMAL,0
896.12,0.6,0,11,0.1445,7,4,1500.0,600.0,0,0,1,0,7,15,NORMAL,0
71858.59,5.99,1,0,0.4211,2,0,12000.0,4800.0,1,1,1,0,99,74,EXTREME,1
5101.45,1.02,1,0,0.159,18,0,5000.0,2000.0,0,0,0,0,7,1,NORMAL,0
10389.38,1.3,0,5,0.169,20,3,8000.0,3200.0,0,0,0,0,0,0,NORMAL,0
1045.35,0.7,0,6,0.0612,14,6,1500.0,600.0,0,0,0,0,11,4,NORMAL,0
9637.49,0.8,0,13,0.2413,15,5,12000.0,4800.0,0,0,0,1,11,15,NORMAL,0
5494.4,1.1,1,0,0.1394,16,2,5000.0,2000.0,0,0,0,0,1,3,NORMAL,0
2601.99,0.52,0,38,0.2038,12,1,5000.0,2000.0,0,0,0,0,2,4,NORMAL,0
7087.74,4.73,1,0,0.3505,4,5,1500.0,600.0,0,1,0,0,14,77,SUSPICIOUS,1
5332.04,1.07,1,0,0.2089,17,3,5000.0,2000.0,0,0,0,1,5,1,NORMAL,0
11704.79,0.98,0,20,0.1622,7,2,12000.0,4800.0,0,0,0,0,15,4,NORMAL,0
6628.05,0.83,0,26,0.2461,22,2,8000.0,3200.0,0,0,0,0,5,7,NORMAL,0
5610.79,1.12,0,31,0.0933,21,2,5000.0,2000.0,0,0,0,0,0,14,NORMAL,0
7652.63,0.64,0,6,0.0952,11,2,12000.0,4800.0,0,0,0,0,3,2,NORMAL,0
9364.21,0.78,0,33,0.0958,21,5,12000.0,4800.0,0,0,0,0,3,13,NORMAL,0
14152.66,1.18,1,0,0.1103,8,5,12000.0,4800.0,0,0,0,0,8,2,NORMAL,0
4905.34,0.61,0,28,0.1608,22,6,8000.0,3200.0,0,0,0,0,2,1,NORMAL,0
12120.34,1.01,0,2,0.1829,22,0,12000.0,4800.0,0,0,0,0,6,10,NORMAL,0
15000.0,5.0,1,0,0.7604,21,3,3000.0,1200.0,1,1,0,1,85,75,EXTREME,1
9303.16,1.16,0,27,0.0731,16,2,8000.0,3200.0,0,0,0,0,11,7,NORMAL,0
3679.71,0.74,0,7,0.2434,9,1,5000.0,2000.0,0,0,0,0,7,4,NORMAL,0
8827.71,0.74,0,2,0.0955,11,1,12000.0,4800.0,0,0,0,0,3,8,NORMAL,0
6749.52,4.5,1,0,0.3333,1,2,1500.0,600.0,1,0,0,0,68,7,SUSPICIOUS,1
787.26,0.52,1,0,0.1087,8,4,1500.0,600.0,0,0,0,0,14,13,NORMAL,0
2698.85,0.54,0,24,0.16,7,1,5000.0,2000.0,0,0,0,0,14,1,NORMAL,0
4951.84,0.99,0,11,0.1866,11,3,5000.0,2000.0,0,0,0,0,7,9,NORMAL,0
4480.26,0.9,0,14,0.0966,17,0,5000.0,2000.0,0,0,0,0,0,15,NORMAL,0
5020.69,0.63,0,34,0.1777,8,0,8000.0,3200.0,0,0,0,0,4,10,NORMAL,0
2552.8,0.85,0,18,0.2005,22,4,3000.0,1200.0,0,0,0,0,13,9,NORMAL,0
7094.26,1.42,0,45,0.1281,17,3,5000.0,2000.0,0,0,0,0,1,0,NORMAL,0
13396.22,1.12,0,22,0.1283,7,0,12000.0,4800.0,0,0,0,0,15,0,NORMAL,0
9417.61,1.18,0,24,0.1333,12,6,8000.0,3200.0,0,0,0,0,11,3,NORMAL,0
1019.31,0.68,0,36,0.1076,11,4,1500.0,600.0,0,0,0,0,1,5,NORMAL,0
65088.67,8.14,1,0,1.1748,11,4,8000.0,3200.0,1,1,0,0,97,77,EXTREME,1
15381.64,5.13,0,1,0.5295,3,2,3000.0,1200.0,1,1,1,1,66,80,SUSPICIOUS,1
5154.2,0.64,0,7,0.2383,9,0,8000.0,3200.0,0,0,0,0,2,7,NORMAL,0
2361.79,0.79,0,18,0.2338,15,3,3000.0,1200.0,0,0,0,0,1,5,NORMAL,0
3598.44,1.2,0,12,0.1906,14,6,3000.0,1200.0,0,0,0,0,13,13,NORMAL,0
8555.99,5.7,0,3,0.3418,23,5,1500.0,600.0,1,0,0,0,65,9,SUSPICIOUS,1
4490.76,0.56,0,38,0.088,17,6,8000.0,3200.0,0,0,0,0,13,4,NORMAL,0
6722.15,0.56,1,0,0.1523,16,3,12000.0,4800.0,0,0,1,0,10,2,NORMAL,0
5910.06,0.74,0,12,0.0711,22,1,8000.0,3200.0,0,0,0,0,14,6,NORMAL,0
2079.95,0.42,0,43,0.2032,19,2,5000.0,2000.0,0,0,0,0,3,5,NORMAL,0
31719.51,3.96,1,0,0.3025,19,1,8000.0,3200.0,0,1,0,1,8,58,SUSPICIOUS,1
1688.69,0.56,0,32,0.066,22,0,3000.0,1200.0,0,0,0,0,3,7,NORMAL,0
8019.22,1.0,0,42,0.048,20,4,8000.0,3200.0,0,0,0,0,7,1,NORMAL,0
6180.63,0.77,0,2,0.1266,14,4,8000.0,3200.0,0,0,0,0,1,6,NORMAL,0
2162.85,0.72,0,18,0.1835,17,6,3000.0,1200.0,0,0,0,0,6,8,NORMAL,0
6631.65,0.83,0,27,0.1351,22,6,8000.0,3200.0,0,0,0,0,4,4,NORMAL,0
4338.67,0.87,0,14,0.1939,12,2,5000.0,2000.0,0,0,0,0,8,6,NORMAL,0
3501.82,0.7,0,2,0.1617,10,0,5000.0,2000.0,0,0,0,0,4,14,NORMAL,0
1173.77,0.78,0,19,0.1127,9,6,1500.0,600.0,0,0,0,0,15,5,NORMAL,0
76095.21,9.51,1,0,0.4139,8,6,8000.0,3200.0,1,1,0,1,89,80,EXTREME,1
14210.95,4.74,1,0,0.5784,19,5,3000.0,1200.0,0,0,0,0,20,18,SUSPICIOUS,1
25108.13,5.02,1,0,0.5787,2,6,5000.0,2000.0,0,0,0,1,45,43,SUSPICIOUS,1
4084.44,0.82,0,40,0.2132,10,5,5000.0,2000.0,0,0,0,0,5,5,NORMAL,0
8809.2,1.1,0,28,0.062,17,3,8000.0,3200.0,0,0,0,0,2,10,NORMAL,0
22351.21,4.47,0,3,0.3082,0,6,5000.0,2000.0,0,0,1,0,45,1,SUSPICIOUS,1
14776.41,1.23,0,10,0.1538,14,6,12000.0,4800.0,0,0,0,0,12,0,NORMAL,0
6192.04,1.24,0,34,0.0911,8,2,5000.0,2000.0,0,0,0,0,12,13,NORMAL,0
43207.58,5.4,0,3,0.4237,14,6,8000.0,3200.0,0,1,0,0,7,71,SUSPICIOUS,1
14766.03,2.95,1,0,0.3814,19,4,5000.0,2000.0,1,1,0,0,62,67,SUSPICIOUS,1
17005.38,5.67,1,0,0.6587,8,1,3000.0,1200.0,1,1,0,0,88,92,EXTREME,1
5141.79,1.03,0,16,0.1844,9,4,5000.0,2000.0,0,0,0,0,3,10,NORMAL,0
5234.54,1.05,0,13,0.1664,14,2,5000.0,2000.0,0,0,0,0,15,13,NORMAL,0
1129.29,0.75,1,0,0.098,9,1,1500.0,600.0,0,0,0,0,8,0,NORMAL,0
1268.48,0.85,0,12,0.1265,20,2,1500.0,600.0,0,0,0,0,13,1,NORMAL,0
1920.63,1.28,1,0,0.076,17,3,1500.0,600.0,0,0,0,0,9,14,NORMAL,0
5189.93,3.46,1,0,0.5066,2,3,1500.0,600.0,0,0,1,0,47,10,SUSPICIOUS,1
1172.23,0.78,0,25,0.2312,18,5,1500.0,600.0,0,0,0,0,8,12,NORMAL,0
1639.06,0.55,0,39,0.2304,10,3,3000.0,1200.0,0,0,0,0,12,13,NORMAL,0
3677.82,0.74,0,28,0.0946,22,6,5000.0,2000.0,0,0,0,0,2,0,NORMAL,0
11201.91,3.73,1,0,0.2001,14,1,3000.0,1200.0,1,0,0,1,53,4,SUSPICIOUS,1
5091.82,1.02,0,25,0.2037,9,6,5000.0,2000.0,0,0,1,0,6,2,NORMAL,0
13074.11,1.09,0,33,0.0841,20,1,12000.0,4800.0,0,0,0,0,10,2,NORMAL,0
3960.91,0.33,0,29,0.1192,10,6,12000.0,4800.0,0,0,0,0,4,2,NORMAL,0
701.47,0.47,0,31,0.1278,13,1,1500.0,600.0,0,0,0,0,6,0,NORMAL,0
76440.38,6.37,1,0,1.1832,17,4,12000.0,4800.0,1,1,0,0,94,89,EXTREME,1
20546.83,4.11,1,0,0.4701,0,4,5000.0,2000.0,0,0,0,0,49,3,SUSPICIOUS,1
111745.21,9.31,1,0,0.5271,13,6,12000.0,4800.0,1,1,0,0,92,88,EXTREME,1
5991.99,0.75,0,40,0.172,21,0,8000.0,3200.0,0,0,0,0,4,6,NORMAL,0
3507.64,0.44,0,17,0.1374,11,6,8000.0,3200.0,0,0,0,0,2,9,NORMAL,0
7258.55,0.91,0,20,0.2198,16,1,8000.0,3200.0,0,0,0,0,12,11,NORMAL,0
6362.81,0.8,0,30,0.1711,16,4,8000.0,3200.0,0,0,0,0,12,10,NORMAL,0
6533.96,0.82,0,24,0.1098,10,2,8000.0,3200.0,0,0,0,0,2,13,NORMAL,0
23655.93,4.73,1,0,0.2957,23,1,5000.0,2000.0,0,1,1,0,37,60,SUSPICIOUS,1
6986.32,0.87,0,42,0.1941,14,2,8000.0,3200.0,0,0,0,0,3,15,NORMAL,0
6911.38,4.61,1,0,0.4817,3,6,1500.0,600.0,1,1,0,0,57,62,SUSPICIOUS,1
72649.31,9.08,1,0,0.4987,8,0,8000.0,3200.0,1,1,0,1,81,91,EXTREME,1
5423.98,0.68,0,11,0.1889,10,0,8000.0,3200.0,0,0,0,0,4,13,NORMAL,0
25445.32,3.18,1,0,0.3651,0,2,8000.0,3200.0,0,1,1,0,49,77,SUSPICIOUS,1
1160.21,0.77,0,4,0.2366,10,6,1500.0,600.0,0,0,0,0,10,8,NORMAL,0
61321.83,7.67,1,0,0.8687,13,1,8000.0,3200.0,1,1,0,1,99,82,EXTREME,1
21725.49,4.35,1,0,0.5405,1,6,5000.0,2000.0,0,0,0,0,40,10,SUSPICIOUS,1
626.83,0.21,0,40,0.0826,17,4,3000.0,1200.0,0,0,0,0,8,15,NORMAL,0
3089.86,0.39,0,41,0.1529,13,3,8000.0,3200.0,0,0,0,0,9,11,NORMAL,0
9737.73,1.22,0,17,0.2012,19,6,8000.0,3200.0,0,0,1,1,5,11,NORMAL,0
5462.42,3.64,0,2,0.3885,1,2,1500.0,600.0,1,1,0,1,71,70,SUSPICIOUS,1
2501.51,0.83,0,20,0.0506,20,1,3000.0,1200.0,0,0,0,0,2,6,NORMAL,0
2195.91,0.44,0,9,0.2359,9,2,5000.0,2000.0,0,0,0,0,6,13,NORMAL,0
9106.07,0.76,0,38,0.0727,11,1,12000.0,4800.0,0,0,0,0,3,0,NORMAL,0
5200.24,0.65,0,18,0.0827,7,5,8000.0,3200.0,0,0,1,0,12,14,NORMAL,0
596.95,0.4,0,3,0.1166,21,0,1500.0,600.0,0,0,0,0,15,14,NORMAL,0
6514.17,0.81,0,14,0.0876,19,5,8000.0,3200.0,0,0,0,0,14,15,NORMAL,0
35788.18,4.47,1,0,0.2028,3,5,8000.0,3200.0,1,0,1,0,70,18,SUSPICIOUS,1
8680.79,0.72,0,30,0.0921,16,3,12000.0,4800.0,0,0,0,0,12,8,NORMAL,0
48902.36,4.08,1,0,1.0856,7,2,12000.0,4800.0,1,1,1,1,91,92,EXTREME,1
1915.05,0.64,0,18,0.2366,15,3,3000.0,1200.0,0,0,1,0,3,5,NORMAL,0
2086.03,0.7,1,0,0.0926,20,3,3000.0,1200.0,0,0,1,0,11,1,NORMAL,0
1811.17,1.21,0,18,0.1086,10,3,1500.0,600.0,0,0,0,0,9,5,NORMAL,0
43102.94,5.39,1,0,0.2331,23,6,8000.0,3200.0,0,0,0,0,49,6,SUSPICIOUS,1
1493.56,1.0,0,25,0.0513,8,1,1500.0,600.0,0,0,0,0,9,2,NORMAL,0
19434.82,3.89,1,0,0.2309,1,1,5000.0,2000.0,1,0,0,0,67,49,SUSPICIOUS,1
1573.0,1.05,1,0,0.1267,21,1,1500.0,600.0,0,0,0,0,5,4,NORMAL,0
829.75,0.28,1,0,0.1155,11,6,3000.0,1200.0,0,0,0,0,9,1,NORMAL,0
2016.29,0.4,0,37,0.0998,16,3,5000.0,2000.0,0,0,0,0,6,15,NORMAL,0
5004.82,0.63,0,29,0.0447,20,2,8000.0,3200.0,0,0,0,0,3,3,NORMAL,0
2334.43,0.78,1,0,0.1488,11,1,3000.0,1200.0,0,0,0,0,5,6,NORMAL,0
2333.16,0.78,0,28,0.1454,12,2,3000.0,1200.0,0,0,0,0,10,3,NORMAL,0
16388.35,3.28,1,0,0.591,3,1,5000.0,2000.0,0,0,0,0,15,3,SUSPICIOUS,0
2100.2,0.42,0,16,0.2142,11,0,5000.0,2000.0,0,0,0,0,1,3,NORMAL,0
58412.16,4.87,0,2,0.5118,14,2,12000.0,4800.0,0,1,1,0,0,79,SUSPICIOUS,1
7904.73,0.66,1,0,0.2038,13,2,12000.0,4800.0,0,0,1,0,4,11,NORMAL,0
867.36,0.58,0,25,0.2066,15,2,1500.0,600.0,0,0,1,0,7,12,NORMAL,0
2709.82,0.9,0,44,0.2044,14,1,3000.0,1200.0,0,0,1,0,7,3,NORMAL,0
2743.85,0.91,0,33,0.1949,9,3,3000.0,1200.0,0,0,0,0,9,4,NORMAL,0
3841.9,0.77,0,29,0.0844,13,5,5000.0,2000.0,0,0,0,0,6,12,NORMAL,0
5022.3,1.0,0,15,0.217,15,4,5000.0,2000.0,0,0,0,0,7,12,NORMAL,0
1822.88,0.36,0,26,0.1631,18,3,5000.0,2000.0,0,0,0,0,5,11,NORMAL,0
3057.03,0.61,0,26,0.1215,11,2,5000.0,2000.0,0,0,0,1,2,4,NORMAL,0
2861.65,0.95,0,24,0.1679,21,0,3000.0,1200.0,0,0,0,0,5,1,NORMAL,0
7775.5,2.59,1,0,0.4918,3,0,3000.0,1200.0,1,0,0,0,72,0,SUSPICIOUS,1
3427.74,1.14,0,4,0.1467,20,1,3000.0,1200.0,0,0,0,1,13,13,NORMAL,0
3599.84,0.45,0,13,0.1383,16,4,8000.0,3200.0,0,0,0,0,4,2,NORMAL,0
1541.8,1.03,0,33,0.0613,8,3,1500.0,600.0,0,0,0,0,9,6,NORMAL,0
1309.77,0.87,0,34,0.0456,21,1,1500.0,600.0,0,0,0,0,14,4,NORMAL,0
43628.19,3.64,1,0,0.3719,19,3,12000.0,4800.0,1,0,0,0,61,45,SUSPICIOUS,1
7486.74,0.94,0,28,0.0799,21,2,8000.0,3200.0,0,0,0,0,5,2,NORMAL,0
3116.63,1.04,0,40,0.1886,14,5,3000.0,1200.0,0,0,0,0,8,15,NORMAL,0
11386.41,0.95,0,4,0.2243,19,1,12000.0,4800.0,0,0,0,0,6,15,NORMAL,0
5765.61,1.15,0,5,0.2244,14,0,5000.0,2000.0,0,0,0,0,13,5,NORMAL,0
5803.47,0.73,0,6,0.1306,19,0,8000.0,3200.0,0,0,0,0,0,7,NORMAL,0
1653.8,1.1,1,0,0.1516,19,6,1500.0,600.0,0,0,0,0,4,10,NORMAL,0
40119.91,8.02,1,0,0.8619,8,4,5000.0,2000.0,1,1,0,1,82,79,EXTREME,1
4524.28,0.57,0,19,0.2487,16,1,8000.0,3200.0,0,0,0,0,12,15,NORMAL,0
5183.0,3.46,1,0,0.2579,2,4,1500.0,600.0,0,1,0,0,12,79,SUSPICIOUS,1
5632.79,0.7,0,20,0.2025,15,3,8000.0,3200.0,0,0,1,0,6,13,NORMAL,0
3843.78,0.77,0,36,0.0775,17,6,5000.0,2000.0,0,0,0,0,2,1,NORMAL,0
9190.37,1.15,0,25,0.0893,19,2,8000.0,3200.0,0,0,0,0,8,2,NORMAL,0
2915.73,0.58,0,15,0.0592,17,2,5000.0,2000.0,0,0,0,0,3,5,NORMAL,0
1593.52,1.06,0,38,0.2433,22,1,1500.0,600.0,0,0,0,0,6,6,NORMAL,0
56251.4,11.25,1,0,1.0845,17,6,5000.0,2000.0,1,1,1,0,82,81,EXTREME,1
9014.09,0.75,0,26,0.1496,13,6,12000.0,4800.0,0,0,0,0,3,6,NORMAL,0
4734.03,0.95,0,38,0.248,22,4,5000.0,2000.0,0,0,0,0,7,7,NORMAL,0
14374.82,4.79,1,0,0.5027,0,1,3000.0,1200.0,0,0,0,0,17,12,SUSPICIOUS,1
4241.43,0.85,0,19,0.2201,19,2,5000.0,2000.0,0,0,0,0,1,8,NORMAL,0
13555.41,1.13,1,0,0.0689,14,4,12000.0,4800.0,0,0,0,0,8,15,NORMAL,0
4287.46,0.54,0,41,0.1125,22,1,8000.0,3200.0,0,0,0,0,14,5,NORMAL,0
16030.51,3.21,1,0,0.4726,23,2,5000.0,2000.0,0,1,0,0,7,75,SUSPICIOUS,1
785.7,0.52,0,19,0.0409,16,0,1500.0,600.0,0,0,0,0,14,9,NORMAL,0
1474.65,0.98,0,6,0.2049,14,2,1500.0,600.0,0,0,0,0,6,9,NORMAL,0
1476.14,0.98,0,6,0.1986,16,1,1500.0,600.0,0,0,0,0,15,8,NORMAL,0
2618.53,0.87,0,5,0.1779,10,6,3000.0,1200.0,0,0,0,0,3,7,NORMAL,0
6664.67,1.33,0,6,0.2464,18,3,5000.0,2000.0,0,0,0,0,14,4,NORMAL,0
97043.26,8.09,1,0,0.929,15,3,12000.0,4800.0,1,1,1,1,88,76,EXTREME,1
1625.53,1.08,1,0,0.138,12,3,1500.0,600.0,0,0,0,0,6,2,NORMAL,0
7249.26,0.91,0,40,0.1888,9,4,8000.0,3200.0,0,0,0,0,5,13,NORMAL,0
13822.81,4.61,1,0,0.4918,4,3,3000.0,1200.0,0,0,0,1,2,18,SUSPICIOUS,1
3079.72,1.03,1,0,0.1723,17,1,3000.0,1200.0,0,0,0,0,1,3,NORMAL,0
2206.17,0.74,0,9,0.2319,22,2,3000.0,1200.0,0,0,0,0,0,12,NORMAL,0
64157.06,5.35,1,0,0.4753,1,1,12000.0,4800.0,0,1,0,1,47,78,SUSPICIOUS,1
11111.08,0.93,0,37,0.1863,9,1,12000.0,4800.0,0,0,0,0,8,7,NORMAL,0
6232.75,1.25,0,2,0.0816,8,2,5000.0,2000.0,0,0,0,0,1,7,NORMAL,0
8093.74,1.01,0,2,0.1751,17,0,8000.0,3200.0,0,0,0,0,10,8,NORMAL,0
6922.57,1.38,0,21,0.1564,19,6,5000.0,2000.0,0,0,0,0,2,2,NORMAL,0
6336.74,4.22,1,0,0.3614,14,5,1500.0,600.0,1,0,0,0,62,20,SUSPICIOUS,1
1189.26,0.79,0,14,0.1573,12,0,1500.0,600.0,0,0,0,0,5,11,NORMAL,0
4882.31,0.41,0,37,0.1813,17,2,12000.0,4800.0,0,0,0,0,10,14,NORMAL,0
15000.0,10.0,1,0,1.1408,4,5,1500.0,600.0,1,1,0,0,91,90,EXTREME,1
3421.7,0.68,0,10,0.2066,14,5,5000.0,2000.0,0,0,0,0,1,2,NORMAL,0
24168.82,4.83,1,0,0.5351,23,3,5000.0,2000.0,0,1,0,0,16,74,SUSPICIOUS,1
6483.13,0.81,0,32,0.168,22,6,8000.0,3200.0,0,0,0,0,0,12,NORMAL,0
19751.51,3.95,1,0,0.2459,23,2,5000.0,2000.0,0,1,0,0,11,72,SUSPICIOUS,1
7044.18,0.88,1,0,0.2195,16,6,8000.0,3200.0,0,0,0,1,0,4,NORMAL,0
15658.49,10.44,1,0,0.824,21,6,1500.0,600.0,1,1,0,1,84,88,EXTREME,1
5758.78,1.15,0,33,0.2299,22,5,5000.0,2000.0,0,0,0,0,4,6,NORMAL,0
2946.11,0.98,0,23,0.0897,15,6,3000.0,1200.0,0,0,0,0,12,3,NORMAL,0
14415.37,1.2,1,0,0.2295,22,3,12000.0,4800.0,0,0,0,0,14,14,NORMAL,0
26552.54,5.31,1,0,0.9843,20,1,5000.0,2000.0,1,1,1,1,92,81,EXTREME,1
9915.69,0.83,0,29,0.0925,20,3,12000.0,4800.0,0,0,0,0,15,6,NORMAL,0
2178.79,0.44,0,28,0.1307,20,5,5000.0,2000.0,0,0,0,0,12,4,NORMAL,0
24796.73,4.96,1,0,0.4806,4,6,5000.0,2000.0,0,0,0,1,12,6,SUSPICIOUS,1
14441.48,1.2,0,6,0.1768,17,2,12000.0,4800.0,0,0,0,0,11,3,NORMAL,0
1214.9,0.24,0,30,0.1364,10,3,5000.0,2000.0,0,0,0,0,4,7,NORMAL,0
52836.6,6.6,1,0,0.6782,21,5,8000.0,3200.0,1,1,0,0,93,74,EXTREME,1
57932.01,4.83,1,0,0.3002,3,4,12000.0,4800.0,1,1,0,1,65,61,SUSPICIOUS,1
2288.87,0.76,0,30,0.0694,18,3,3000.0,1200.0,0,0,0,0,4,6,NORMAL,0
8664.15,0.72,0,10,0.2058,21,3,12000.0,4800.0,0,0,1,0,10,1,NORMAL,0
2810.52,0.94,0,5,0.1383,12,3,3000.0,1200.0,0,0,0,0,5,0,NORMAL,0
94253.46,11.78,1,0,0.7747,1,1,8000.0,3200.0,1,1,0,1,81,90,EXTREME,1
14169.99,1.18,0,42,0.1618,9,3,12000.0,4800.0,0,0,0,0,0,13,NORMAL,0
1935.2,0.65,0,34,0.11,22,2,3000.0,1200.0,0,0,0,0,4,13,NORMAL,0
13326.12,4.44,1,0,0.5816,0,5,3000.0,1200.0,1,1,0,0,63,66,SUSPICIOUS,1
12007.61,1.0,0,23,0.1339,9,1,12000.0,4800.0,0,0,0,0,13,2,NORMAL,0
1850.22,1.23,0,4,0.1568,7,5,1500.0,600.0,0,0,0,0,12,12,NORMAL,0
17295.2,5.77,1,0,0.3254,3,2,3000.0,1200.0,0,1,1,0,37,53,SUSPICIOUS,1
14793.24,1.23,0,29,0.057,9,1,12000.0,4800.0,0,0,0,0,11,12,NORMAL,0
6766.65,1.35,0,8,0.1989,22,1,5000.0,2000.0,0,0,0,0,10,5,NORMAL,0
3595.56,0.72,1,0,0.1922,17,5,5000.0,2000.0,0,0,0,0,14,1,NORMAL,0
1193.43,0.8,0,36,0.2048,18,5,1500.0,600.0,0,0,0,0,0,10,NORMAL,0
71458.04,8.93,1,0,0.4072,22,0,8000.0,3200.0,1,1,1,1,94,75,EXTREME,1
898.7,0.6,0,45,0.102,15,2,1500.0,600.0,0,0,0,0,3,2,NORMAL,0
3958.13,0.79,0,28,0.2341,10,4,5000.0,2000.0,0,0,0,0,4,11,NORMAL,0
5065.35,3.38,1,0,0.2019,0,1,1500.0,600.0,0,1,1,0,42,54,SUSPICIOUS,1
5280.2,1.06,0,33,0.1841,10,2,5000.0,2000.0,0,0,0,0,3,2,NORMAL,0
847.43,0.56,0,38,0.0965,18,4,1500.0,600.0,0,0,0,0,13,2,NORMAL,0
39697.46,3.31,1,0,0.3746,1,6,12000.0,4800.0,1,1,1,0,52,56,SUSPICIOUS,0
4181.21,0.52,0,37,0.0913,11,3,8000.0,3200.0,0,0,0,0,2,12,NORMAL,0
10753.47,0.9,0,37,0.1318,11,6,12000.0,4800.0,0,0,1,0,11,3,NORMAL,0
16495.72,5.5,1,0,0.5948,2,4,3000.0,1200.0,0,1,1,0,45,73,SUSPICIOUS,1
3986.95,0.8,0,31,0.0567,17,6,5000.0,2000.0,0,0,0,0,8,12,NORMAL,0
2967.42,0.59,0,24,0.1881,11,5,5000.0,2000.0,0,0,0,0,0,15,NORMAL,0
1425.55,0.95,1,0,0.1192,16,4,1500.0,600.0,0,0,0,0,1,3,NORMAL,0
13104.09,1.09,0,32,0.2179,7,6,12000.0,4800.0,0,0,0,0,13,5,NORMAL,0
15000.0,5.0,1,0,0.5659,3,1,3000.0,1200.0,1,1,1,0,87,76,EXTREME,1
2152.06,1.43,1,0,0.215,11,4,1500.0,600.0,0,0,0,0,15,7,NORMAL,0
1212.05,0.81,1,0,0.2247,16,2,1500.0,600.0,0,0,0,1,6,8,NORMAL,0
1371.99,0.91,0,16,0.1296,8,4,1500.0,600.0,0,0,0,0,12,10,NORMAL,0
2367.07,0.79,0,20,0.0716,13,0,3000.0,1200.0,0,0,0,0,2,8,NORMAL,0
5245.81,0.66,0,28,0.2371,12,5,8000.0,3200.0,0,0,0,0,9,12,NORMAL,0
3058.35,0.61,0,37,0.0966,15,2,5000.0,2000.0,0,0,0,0,9,0,NORMAL,0
3847.41,0.77,1,0,0.1709,9,0,5000.0,2000.0,0,0,0,0,3,5,NORMAL,0
8225.7,2.74,1,0,0.554,19,0,3000.0,1200.0,1,1,0,0,64,63,SUSPICIOUS,1
3038.39,1.01,0,14,0.0903,22,0,3000.0,1200.0,0,0,0,0,1,3,NORMAL,0
761.58,0.51,0,38,0.2223,15,4,1500.0,600.0,0,0,0,0,5,0,NORMAL,0
759.25,0.51,0,17,0.2292,22,5,1500.0,600.0,0,0,0,0,15,9,NORMAL,0
17708.73,11.81,1,0,0.4565,11,3,1500.0,600.0,1,1,1,0,90,76,EXTREME,1
52780.91,4.4,0,3,0.2371,19,5,12000.0,4800.0,0,1,0,1,11,71,SUSPICIOUS,1
15321.82,3.06,0,2,0.3402,14,2,5000.0,2000.0,0,1,1,1,36,50,SUSPICIOUS,1
9498.27,3.17,1,0,0.545,4,0,3000.0,1200.0,0,1,0,0,4,76,SUSPICIOUS,1
19061.5,3.81,1,0,0.2287,0,3,5000.0,2000.0,0,0,1,1,7,45,SUSPICIOUS,1
57288.16,7.16,1,0,0.7521,8,6,8000.0,3200.0,1,1,0,0,84,76,EXTREME,1
1747.84,0.35,0,14,0.1786,7,5,5000.0,2000.0,0,0,0,0,14,10,NORMAL,0
11748.4,0.98,0,35,0.1723,17,3,12000.0,4800.0,0,0,0,0,0,12,NORMAL,0
6162.35,1.23,0,26,0.222,22,1,5000.0,2000.0,0,0,0,0,2,14,NORMAL,0
849.33,0.57,0,14,0.2414,13,3,1500.0,600.0,0,0,0,0,0,14,NORMAL,0
5066.54,0.63,0,26,0.1916,18,0,8000.0,3200.0,0,0,0,0,11,8,NORMAL,0
11517.51,0.96,1,0,0.2423,13,2,12000.0,4800.0,0,0,0,0,8,11,NORMAL,0
19447.41,3.89,0,2,0.5436,0,5,5000.0,2000.0,0,1,1,1,15,74,SUSPICIOUS,1
22131.78,4.43,0,2,0.382,4,2,5000.0,2000.0,0,0,0,0,40,11,SUSPICIOUS,1
12131.74,1.01,0,23,0.2335,21,2,12000.0,4800.0,0,0,1,0,1,3,NORMAL,0
2609.76,0.87,1,0,0.0798,17,0,3000.0,1200.0,0,0,0,0,14,1,NORMAL,0
2442.4,0.81,0,31,0.2487,20,5,3000.0,1200.0,0,0,0,0,9,6,NORMAL,0
15000.0,10.0,1,0,0.5109,22,0,1500.0,600.0,1,1,0,0,89,80,EXTREME,1
2113.9,0.7,0,21,0.1614,13,5,3000.0,1200.0,0,0,0,0,14,3,NORMAL,0
8494.04,1.06,0,31,0.2025,9,3,8000.0,3200.0,0,0,0,0,11,5,NORMAL,0
10212.38,0.85,0,45,0.0904,21,5,12000.0,4800.0,0,0,0,0,8,9,NORMAL,0
17040.91,11.36,1,0,0.5211,16,0,1500.0,600.0,1,1,0,1,96,76,EXTREME,1
4979.59,3.32,1,0,0.5742,3,3,1500.0,600.0,1,1,0,1,70,77,SUSPICIOUS,1
9800.57,3.27,1,0,0.5285,0,1,3000.0,1200.0,0,0,0,0,39,0,SUSPICIOUS,1
10550.7,0.88,0,20,0.2375,21,1,12000.0,4800.0,0,0,0,0,2,4,NORMAL,0
1784.53,0.59,0,21,0.2472,22,6,3000.0,1200.0,0,0,0,0,2,15,NORMAL,0
47699.82,5.96,1,0,0.8273,3,4,8000.0,3200.0,1,1,0,0,82,95,EXTREME,1
5167.87,0.65,0,26,0.1783,7,6,8000.0,3200.0,0,0,0,0,5,9,NORMAL,0
13991.54,4.66,1,0,0.5091,0,3,3000.0,1200.0,0,0,0,0,7,1,SUSPICIOUS,1
5748.1,1.15,0,40,0.1006,13,6,5000.0,2000.0,0,0,1,0,5,11,NORMAL,0
1165.17,0.78,0,35,0.1177,17,2,1500.0,600.0,0,0,0,0,10,7,NORMAL,0
10467.56,0.87,1,0,0.151,8,6,12000.0,4800.0,0,0,0,0,13,8,NORMAL,0
35322.69,2.94,1,0,0.4137,3,5,12000.0,4800.0,0,1,0,1,35,50,SUSPICIOUS,1
44296.08,3.69,0,3,0.5875,1,3,12000.0,4800.0,0,1,0,0,17,54,SUSPICIOUS,1
7205.04,0.9,0,10,0.1175,14,0,8000.0,3200.0,0,0,0,0,9,9,NORMAL,0
3293.65,0.27,0,30,0.0865,9,6,12000.0,4800.0,0,0,0,0,13,2,NORMAL,0
6494.91,0.81,0,30,0.0537,21,6,8000.0,3200.0,0,0,0,0,7,3,NORMAL,0
57793.99,4.82,0,2,0.4009,14,4,12000.0,4800.0,0,0,0,0,17,13,SUSPICIOUS,1
2446.3,0.82,0,27,0.1786,22,5,3000.0,1200.0,0,0,0,0,0,14,NORMAL,0
15738.09,3.15,1,0,0.2289,0,4,5000.0,2000.0,0,0,1,0,45,3,SUSPICIOUS,0
2055.97,0.69,0,20,0.0777,14,4,3000.0,1200.0,0,0,0,0,14,2,NORMAL,0
4601.5,0.58,0,11,0.1119,12,1,8000.0,3200.0,0,0,0,0,14,4,NORMAL,0
5156.86,1.03,1,0,0.0656,7,4,5000.0,2000.0,0,0,0,0,15,5,NORMAL,0
49030.71,9.81,1,0,0.9877,6,5,5000.0,2000.0,1,1,0,1,90,80,EXTREME,1
4738.55,0.95,0,21,0.1238,15,6,5000.0,2000.0,0,0,1,0,10,15,NORMAL,0
882.05,0.59,0,11,0.0482,22,3,1500.0,600.0,0,0,0,0,5,9,NORMAL,0
5983.77,0.75,0,28,0.1845,21,4,8000.0,3200.0,0,0,1,1,5,8,NORMAL,0
1043.59,0.7,0,38,0.0577,14,5,1500.0,600.0,0,0,0,0,10,13,NORMAL,0
4563.93,0.91,0,14,0.1748,18,1,5000.0,2000.0,0,0,0,0,9,3,NORMAL,0
40879.34,3.41,1,0,0.2167,0,6,12000.0,4800.0,1,0,0,0,52,44,SUSPICIOUS,1
12825.35,1.07,0,16,0.1576,9,4,12000.0,4800.0,0,0,0,0,13,14,NORMAL,0
5885.42,1.18,0,34,0.0403,19,5,5000.0,2000.0,0,0,0,0,5,2,NORMAL,0
2438.13,0.81,0,26,0.1358,12,3,3000.0,1200.0,0,0,0,1,2,12,NORMAL,0
886.95,0.59,0,39,0.2081,14,0,1500.0,600.0,0,0,0,0,6,4,NORMAL,0
1358.52,0.45,0,18,0.2301,18,3,3000.0,1200.0,0,0,0,0,5,5,NORMAL,0
5275.0,1.05,1,0,0.1399,20,3,5000.0,2000.0,0,0,0,0,7,6,NORMAL,0
6837.45,0.57,0,3,0.198,16,0,12000.0,4800.0,0,0,1,0,11,7,NORMAL,0
4298.61,1.43,0,12,0.1107,19,0,3000.0,1200.0,0,0,0,0,3,9,NORMAL,0
3844.14,1.28,0,24,0.2101,16,3,3000.0,1200.0,0,0,0,0,12,2,NORMAL,0
4180.72,0.84,0,32,0.1521,7,5,5000.0,2000.0,0,0,0,0,1,5,NORMAL,0
2259.87,0.75,0,39,0.1071,10,6,3000.0,1200.0,0,0,1,0,8,3,NORMAL,0
3220.45,0.64,0,26,0.2354,7,1,5000.0,2000.0,0,0,0,0,3,0,NORMAL,0
1006.91,0.67,0,41,0.0706,20,3,1500.0,600.0,0,0,0,0,5,2,NORMAL,0
10956.31,1.37,0,29,0.0693,19,4,8000.0,3200.0,0,0,0,1,2,11,NORMAL,0
1074.11,0.72,0,18,0.2487,21,3,1500.0,600.0,0,0,0,0,12,14,NORMAL,0
54867.07,4.57,1,0,0.473,0,3,12000.0,4800.0,1,1,0,1,85,83,EXTREME,1
11130.62,3.71,0,3,0.3088,23,0,3000.0,1200.0,0,0,0,0,11,48,SUSPICIOUS,1
26831.52,3.35,0,1,0.4154,0,1,8000.0,3200.0,0,0,0,0,8,46,SUSPICIOUS,1
15000.0,10.0,1,0,0.9815,14,6,1500.0,600.0,1,1,1,0,92,82,EXTREME,1
3211.02,1.07,0,9,0.1902,12,4,3000.0,1200.0,0,0,0,0,15,12,NORMAL,0
4583.06,0.92,0,30,0.1652,11,3,5000.0,2000.0,0,0,0,0,3,12,NORMAL,0
26628.97,8.88,1,0,0.7593,11,6,3000.0,1200.0,1,1,0,0,80,94,EXTREME,1
7576.76,0.95,0,39,0.1702,16,2,8000.0,3200.0,0,0,0,0,2,15,NORMAL,0
10051.92,0.84,0,23,0.122,7,1,12000.0,4800.0,0,0,0,0,6,1,NORMAL,0
16456.83,5.49,1,0,0.436,19,1,3000.0,1200.0,0,0,1,0,15,13,SUSPICIOUS,1
2851.62,0.95,0,34,0.1525,9,2,3000.0,1200.0,0,0,0,0,10,4,NORMAL,0
2685.21,0.9,0,35,0.1733,13,5,3000.0,1200.0,0,0,0,1,10,4,NORMAL,0
1067.38,0.71,0,27,0.1437,10,6,1500.0,600.0,0,0,0,0,12,12,NORMAL,0
1392.46,0.93,0,8,0.069,17,0,1500.0,600.0,0,0,0,0,11,9,NORMAL,0
43290.59,5.41,1,0,0.4815,2,5,8000.0,3200.0,0,0,0,0,16,9,SUSPICIOUS,1
10166.63,3.39,0,3,0.2729,1,5,3000.0,1200.0,1,0,0,0,50,43,SUSPICIOUS,0
8801.61,1.1,1,0,0.1657,19,4,8000.0,3200.0,0,0,0,0,12,15,NORMAL,0
5381.28,0.67,0,6,0.1759,18,2,8000.0,3200.0,0,0,0,0,12,4,NORMAL,0
91703.78,11.46,1,0,0.5373,2,5,8000.0,3200.0,1,1,1,1,94,83,EXTREME,1
7024.87,0.88,0,34,0.0774,10,4,8000.0,3200.0,0,0,0,0,9,15,NORMAL,0
17284.98,11.52,1,0,0.5319,18,0,1500.0,600.0,1,1,0,0,80,70,EXTREME,1
16301.18,1.36,1,0,0.0615,19,3,12000.0,4800.0,0,0,0,0,4,14,NORMAL,0
12841.41,1.07,0,45,0.1715,10,1,12000.0,4800.0,0,0,0,0,8,12,NORMAL,0
3709.13,0.74,0,29,0.1503,12,0,5000.0,2000.0,0,0,0,0,0,10,NORMAL,0
2884.58,0.58,0,26,0.0755,10,1,5000.0,2000.0,0,0,0,0,4,13,NORMAL,0
4414.77,0.88,0,40,0.1391,14,0,5000.0,2000.0,0,0,0,0,7,11,NORMAL,0
9902.29,1.24,0,45,0.1373,13,2,8000.0,3200.0,0,0,0,0,2,15,NORMAL,0
17044.82,5.68,0,2,0.4522,3,0,3000.0,1200.0,0,0,1,0,7,46,SUSPICIOUS,1
15000.0,5.0,1,0,0.9921,4,0,3000.0,1200.0,1,1,1,0,87,89,EXTREME,1
12508.37,1.04,0,45,0.0744,19,1,12000.0,4800.0,0,0,0,0,11,2,NORMAL,0
4868.25,3.25,1,0,0.2439,1,6,1500.0,600.0,0,1,0,0,40,50,SUSPICIOUS,0
735.66,0.49,0,10,0.1096,15,0,1500.0,600.0,0,0,1,0,0,2,NORMAL,0
3929.75,0.79,0,39,0.2355,18,6,5000.0,2000.0,0,0,0,0,1,10,NORMAL,0
3163.97,1.05,0,34,0.1762,22,6,3000.0,1200.0,0,0,0,0,9,4,NORMAL,0
2762.56,0.35,0,25,0.2251,15,4,8000.0,3200.0,0,0,0,0,15,4,NORMAL,0
4441.98,0.89,0,25,0.1896,17,4,5000.0,2000.0,0,0,0,0,6,1,NORMAL,0
8737.32,2.91,1,0,0.4918,2,6,3000.0,1200.0,0,0,0,1,4,17,SUSPICIOUS,0
2120.47,0.71,1,0,0.0783,12,5,3000.0,1200.0,0,0,0,0,5,9,NORMAL,0
1069.35,0.71,0,26,0.2142,14,4,1500.0,600.0,0,0,0,0,5,11,NORMAL,0
3018.84,1.01,0,15,0.0735,16,4,3000.0,1200.0,0,0,0,0,4,12,NORMAL,0
5685.26,1.14,0,14,0.147,10,4,5000.0,2000.0,0,0,0,0,2,2,NORMAL,0
11270.38,3.76,1,0,0.48,4,5,3000.0,1200.0,1,0,1,0,52,11,SUSPICIOUS,1
10168.77,1.27,0,40,0.2233,17,0,8000.0,3200.0,0,0,0,0,0,4,NORMAL,0
12537.57,1.04,0,36,0.0452,8,3,12000.0,4800.0,0,0,0,0,2,5,NORMAL,0
28298.85,5.66,1,0,0.2182,0,0,5000.0,2000.0,1,1,1,0,62,64,SUSPICIOUS,1
1960.4,0.65,0,30,0.1311,9,3,3000.0,1200.0,0,0,0,0,2,5,NORMAL,0
3690.99,0.74,0,32,0.1793,19,3,5000.0,2000.0,0,0,0,0,9,14,NORMAL,0
6243.07,0.78,0,14,0.206,12,6,8000.0,3200.0,0,0,0,0,12,3,NORMAL,0
1247.12,0.83,1,0,0.2468,11,4,1500.0,600.0,0,0,0,0,7,9,NORMAL,0
2812.48,0.94,0,28,0.0617,19,4,3000.0,1200.0,0,0,1,0,7,2,NORMAL,0
5899.21,0.74,0,37,0.1071,16,5,8000.0,3200.0,0,0,0,0,12,13,NORMAL,0
18963.01,3.79,1,0,0.3379,4,4,5000.0,2000.0,0,0,0,0,6,8,SUSPICIOUS,1
5841.9,0.73,0,7,0.0941,15,3,8000.0,3200.0,0,0,0,0,9,10,NORMAL,0
24137.84,8.05,1,0,0.6739,8,1,3000.0,1200.0,1,1,1,1,82,74,EXTREME,1
3898.46,0.32,0,36,0.145,16,5,12000.0,4800.0,0,0,0,0,12,10,NORMAL,0
3039.66,1.01,0,37,0.1759,8,4,3000.0,1200.0,0,0,0,0,14,10,NORMAL,0
2760.44,0.55,0,39,0.1866,18,6,5000.0,2000.0,0,0,0,0,1,3,NORMAL,0
76985.31,9.62,1,0,1.0439,6,2,8000.0,3200.0,1,1,1,0,86,92,EXTREME,1
5065.37,0.63,0,44,0.2011,18,4,8000.0,3200.0,0,0,0,0,4,9,NORMAL,0
1022.95,0.68,0,19,0.1579,8,6,1500.0,600.0,0,0,0,0,7,1,NORMAL,0
3946.15,0.79,0,27,0.2007,14,0,5000.0,2000.0,0,0,0,0,13,3,NORMAL,0
3252.14,0.65,0,21,0.0613,21,0,5000.0,2000.0,0,0,0,0,1,3,NORMAL,0
27641.05,5.53,1,0,0.5839,0,2,5000.0,2000.0,1,1,0,0,70,67,SUSPICIOUS,1
41644.42,3.47,0,2,0.2216,23,1,12000.0,4800.0,0,1,1,1,11,65,SUSPICIOUS,1
3791.14,1.26,0,21,0.1029,22,3,3000.0,1200.0,0,0,0,0,15,13,NORMAL,0
8276.86,1.03,0,9,0.1897,19,6,8000.0,3200.0,0,0,0,0,13,11,NORMAL,0
3561.17,1.19,0,28,0.2246,16,2,3000.0,1200.0,0,0,0,0,10,14,NORMAL,0
26426.85,5.29,1,0,0.421,23,3,5000.0,2000.0,0,0,1,0,0,4,SUSPICIOUS,1
1858.61,0.62,0,38,0.1601,22,3,3000.0,1200.0,0,0,0,1,15,6,NORMAL,0
13015.17,1.08,1,0,0.1351,15,3,12000.0,4800.0,0,0,0,0,9,11,NORMAL,0
6657.36,0.83,0,28,0.0689,9,4,8000.0,3200.0,0,0,0,0,15,5,NORMAL,0
1741.11,1.16,0,28,0.0751,18,0,1500.0,600.0,0,0,0,0,0,12,NORMAL,0
5188.33,3.46,1,0,0.4109,4,2,1500.0,600.0,0,0,1,0,47,0,SUSPICIOUS,1
52622.37,4.39,0,2,0.212,2,1,12000.0,4800.0,1,0,1,1,67,15,SUSPICIOUS,1
7930.53,5.29,1,0,0.4574,1,5,1500.0,600.0,1,1,1,0,51,54,SUSPICIOUS,1
1403.28,0.94,0,24,0.0403,21,6,1500.0,600.0,0,0,0,0,8,8,NORMAL,0
8845.61,1.11,0,36,0.0765,22,0,8000.0,3200.0,0,0,0,0,7,15,NORMAL,0
15000.0,5.0,1,0,0.4556,9,3,3000.0,1200.0,1,1,0,0,80,85,EXTREME,1
6963.31,0.87,0,9,0.2347,8,1,8000.0,3200.0,0,0,0,0,1,6,NORMAL,0
9302.42,3.1,1,0,0.4202,1,1,3000.0,1200.0,0,1,1,0,20,53,SUSPICIOUS,0
1341.23,0.45,0,31,0.2239,7,0,3000.0,1200.0,0,0,0,0,3,10,NORMAL,0
11187.62,1.4,0,13,0.1733,15,3,8000.0,3200.0,0,0,0,0,7,0,NORMAL,0
16876.93,5.63,0,1,0.5738,2,3,3000.0,1200.0,0,0,0,0,40,0,SUSPICIOUS,1
4912.97,0.61,0,17,0.221,10,3,8000.0,3200.0,0,0,0,1,11,12,NORMAL,0
9404.31,0.78,0,39,0.0824,7,1,12000.0,4800.0,0,0,0,0,15,8,NORMAL,0
3631.05,1.21,0,45,0.1521,10,4,3000.0,1200.0,0,0,0,0,9,7,NORMAL,0
2089.1,0.7,0,42,0.238,10,6,3000.0,1200.0,0,0,0,0,15,12,NORMAL,0
13383.4,1.12,0,16,0.2052,20,6,12000.0,4800.0,0,0,0,0,9,10,NORMAL,0
10602.77,1.33,0,8,0.2381,13,2,8000.0,3200.0,0,0,0,0,14,5,NORMAL,0
22456.13,4.49,1,0,0.2222,4,2,5000.0,2000.0,0,0,0,0,6,1,SUSPICIOUS,1
10164.49,0.85,0,16,0.1036,22,1,12000.0,4800.0,0,0,1,0,9,3,NORMAL,0
1823.82,0.61,0,26,0.1145,12,1,3000.0,1200.0,0,0,0,0,4,8,NORMAL,0
1669.56,1.11,0,41,0.1044,7,0,1500.0,600.0,0,0,0,0,1,5,NORMAL,0
20959.45,4.19,1,0,0.4824,3,1,5000.0,2000.0,1,1,0,0,56,60,SUSPICIOUS,1
8674.55,0.72,0,39,0.0705,16,5,12000.0,4800.0,0,0,0,0,8,13,NORMAL,0
35954.67,3.0,1,0,0.3758,14,6,12000.0,4800.0,0,0,0,0,10,40,SUSPICIOUS,1
10712.21,0.89,0,23,0.0759,12,0,12000.0,4800.0,0,0,0,0,11,14,NORMAL,0
15119.65,5.04,0,1,0.4737,19,2,3000.0,1200.0,0,0,1,0,35,18,SUSPICIOUS,1
15000.0,10.0,1,0,0.4347,20,1,1500.0,600.0,1,1,1,1,81,85,EXTREME,1
29294.4,9.76,1,0,0.9726,17,3,3000.0,1200.0,1,1,0,1,84,80,EXTREME,1
41206.06,5.15,0,1,0.2684,23,4,8000.0,3200.0,1,1,1,0,57,52,SUSPICIOUS,1
1102.48,0.73,0,28,0.165,11,1,1500.0,600.0,0,0,0,0,1,10,NORMAL,0
3101.25,1.03,0,15,0.0726,11,1,3000.0,1200.0,0,0,0,0,2,2,NORMAL,0
3772.77,0.75,0,45,0.0859,14,0,5000.0,2000.0,0,0,0,0,15,4,NORMAL,0
7333.27,0.92,0,34,0.2335,10,6,8000.0,3200.0,0,0,1,0,14,4,NORMAL,0
5453.58,3.64,0,1,0.3754,1,2,1500.0,600.0,0,1,0,1,17,69,SUSPICIOUS,1
1313.08,0.88,0,10,0.1138,10,0,1500.0,600.0,0,0,0,0,5,3,NORMAL,0
16281.82,10.85,1,0,1.047,8,4,1500.0,600.0,1,1,0,1,85,82,EXTREME,1
3914.84,0.78,0,25,0.1987,16,4,5000.0,2000.0,0,0,0,0,10,12,NORMAL,0
7033.04,0.88,0,37,0.1283,8,5,8000.0,3200.0,0,0,0,0,10,5,NORMAL,0
6729.22,0.84,0,35,0.1971,22,6,8000.0,3200.0,0,0,0,0,13,3,NORMAL,0
1800.24,1.2,0,17,0.0724,10,3,1500.0,600.0,0,0,0,0,2,5,NORMAL,0
27294.52,5.46,0,1,0.4354,23,6,5000.0,2000.0,0,0,0,0,44,3,SUSPICIOUS,1
5760.7,0.72,0,10,0.157,7,2,8000.0,3200.0,0,0,0,1,9,0,NORMAL,0
3328.74,0.42,0,23,0.244,10,2,8000.0,3200.0,0,0,0,0,0,1,NORMAL,0
7568.46,0.95,0,16,0.0668,7,6,8000.0,3200.0,0,0,0,0,9,15,NORMAL,0
11278.56,0.94,0,13,0.2482,19,3,12000.0,4800.0,0,0,0,0,6,0,NORMAL,0
8999.33,0.75,0,32,0.1903,11,0,12000.0,4800.0,0,0,0,0,2,0,NORMAL,0
7778.74,0.65,0,3,0.1639,8,4,12000.0,4800.0,0,0,0,0,3,6,NORMAL,0
6133.15,0.77,0,24,0.0787,7,0,8000.0,3200.0,0,0,0,0,11,12,NORMAL,0
2021.78,0.67,0,2,0.1653,18,6,3000.0,1200.0,0,0,0,0,0,11,NORMAL,0
138067.42,11.51,1,0,0.8536,5,5,12000.0,4800.0,1,1,0,1,87,94,EXTREME,1
1483.91,0.99,0,3,0.1543,15,4,1500.0,600.0,0,0,0,0,8,8,NORMAL,0
1315.86,0.44,1,0,0.1391,17,0,3000.0,1200.0,0,0,0,0,13,5,NORMAL,0
26893.7,3.36,1,0,0.4429,0,6,8000.0,3200.0,0,0,0,1,9,4,SUSPICIOUS,1
1054.48,0.7,0,14,0.0493,16,3,1500.0,600.0,0,0,0,0,15,6,NORMAL,0
1549.17,1.03,0,45,0.1965,15,4,1500.0,600.0,0,0,0,0,6,3,NORMAL,0
67190.17,5.6,0,1,0.5569,2,2,12000.0,4800.0,0,1,1,0,17,69,SUSPICIOUS,1
8282.58,0.69,0,41,0.0776,22,2,12000.0,4800.0,0,0,0,0,10,6,NORMAL,0
2955.92,0.99,0,13,0.111,8,0,3000.0,1200.0,0,0,0,0,5,4,NORMAL,0
15495.48,1.29,1,0,0.2339,19,4,12000.0,4800.0,0,0,0,0,3,13,NORMAL,0
1365.38,0.91,0,31,0.0819,15,4,1500.0,600.0,0,0,0,0,10,5,NORMAL,0
1053.06,0.7,0,30,0.1601,16,6,1500.0,600.0,0,0,0,0,4,5,NORMAL,0
3593.25,0.72,0,27,0.1936,8,2,5000.0,2000.0,0,0,0,0,5,15,NORMAL,0
2291.16,0.76,0,39,0.1954,11,4,3000.0,1200.0,0,0,0,0,1,6,NORMAL,0
7824.74,0.65,0,4,0.0926,12,1,12000.0,4800.0,0,0,0,0,6,5,NORMAL,0
4674.46,0.93,0,7,0.1871,11,6,5000.0,2000.0,0,0,0,0,14,6,NORMAL,0
15358.71,10.24,1,0,0.9209,12,6,1500.0,600.0,1,1,0,1,100,73,EXTREME,1
2139.26,0.43,0,10,0.2061,19,0,5000.0,2000.0,0,0,0,0,7,5,NORMAL,0
5230.67,1.05,0,2,0.1167,10,4,5000.0,2000.0,0,0,0,0,8,15,NORMAL,0
9220.13,3.07,0,3,0.2514,1,3,3000.0,1200.0,1,0,1,0,53,19,SUSPICIOUS,0
1110.99,0.37,0,15,0.1972,16,0,3000.0,1200.0,0,0,0,0,6,15,NORMAL,0
5792.25,0.72,0,40,0.225,21,4,8000.0,3200.0,0,0,0,0,2,2,NORMAL,0
6878.33,4.59,1,0,0.5113,1,2,1500.0,600.0,0,1,0,0,49,55,SUSPICIOUS,1
5575.51,1.12,0,19,0.1026,20,1,5000.0,2000.0,0,0,0,0,0,8,NORMAL,0
656.79,0.44,0,20,0.0924,8,1,1500.0,600.0,0,0,0,0,14,11,NORMAL,0
651.31,0.22,0,44,0.1452,12,5,3000.0,1200.0,0,0,0,0,4,3,NORMAL,0
1487.3,0.99,0,22,0.1688,14,6,1500.0,600.0,0,0,0,0,15,8,NORMAL,0
3559.4,1.19,0,45,0.1903,15,6,3000.0,1200.0,0,0,0,0,1,11,NORMAL,0
22656.49,4.53,1,0,0.345,1,6,5000.0,2000.0,0,0,0,0,3,46,SUSPICIOUS,1
6976.62,0.87,0,18,0.2111,12,6,8000.0,3200.0,0,0,0,0,9,7,NORMAL,0
3905.23,0.78,0,38,0.1187,8,1,5000.0,2000.0,0,0,0,0,6,6,NORMAL,0
15000.0,10.0,1,0,0.7556,20,6,1500.0,600.0,1,1,1,1,82,92,EXTREME,1
41606.29,5.2,1,0,0.5596,16,4,8000.0,3200.0,1,1,0,0,82,82,EXTREME,1
5594.29,1.12,0,19,0.104,17,5,5000.0,2000.0,0,0,0,0,7,13,NORMAL,0
8735.02,0.73,0,5,0.1469,10,0,12000.0,4800.0,0,0,0,0,2,9,NORMAL,0
19577.6,6.53,1,0,0.6521,2,4,3000.0,1200.0,1,1,0,1,96,82,EXTREME,1
78158.48,6.51,1,0,1.168,21,6,12000.0,4800.0,1,1,1,0,89,84,EXTREME,1
1082.47,0.72,0,32,0.181,21,5,1500.0,600.0,0,0,0,0,1,14,NORMAL,0
517.57,0.35,0,36,0.1528,19,0,1500.0,600.0,0,0,0,0,13,2,NORMAL,0
3438.99,1.15,1,0,0.1823,16,0,3000.0,1200.0,0,0,0,1,7,15,NORMAL,0
25140.52,5.03,1,0,1.1183,6,4,5000.0,2000.0,1,1,1,1,87,80,EXTREME,1
1485.11,0.5,0,26,0.0788,15,0,3000.0,1200.0,0,0,0,0,3,4,NORMAL,0
2761.61,0.55,0,25,0.0806,12,2,5000.0,2000.0,0,0,0,0,3,2,NORMAL,0
8433.6,0.7,1,0,0.2096,17,6,12000.0,4800.0,0,0,0,0,10,2,NORMAL,0
3605.32,1.2,0,11,0.2334,21,1,3000.0,1200.0,0,0,0,0,7,7,NORMAL,0
25771.68,3.22,1,0,0.3097,1,3,8000.0,3200.0,0,0,0,0,37,2,SUSPICIOUS,1
18436.95,3.69,1,0,0.5394,2,5,5000.0,2000.0,1,1,0,0,56,72,SUSPICIOUS,1
13005.81,1.08,0,38,0.181,7,0,12000.0,4800.0,0,0,0,0,15,6,NORMAL,0
2150.15,0.72,0,17,0.1446,8,1,3000.0,1200.0,0,0,0,0,0,9,NORMAL,0
775.74,0.52,0,9,0.1875,20,3,1500.0,600.0,0,0,0,0,11,7,NORMAL,0
3975.32,0.8,1,0,0.0774,9,4,5000.0,2000.0,0,0,0,0,11,10,NORMAL,0
5057.6,1.01,0,2,0.1564,9,3,5000.0,2000.0,0,0,0,0,1,12,NORMAL,0
64481.55,8.06,1,0,0.7109,10,3,8000.0,3200.0,1,1,1,0,94,72,EXTREME,1
2912.49,0.97,1,0,0.2441,12,0,3000.0,1200.0,0,0,0,0,1,15,NORMAL,0
10958.54,0.91,0,43,0.0544,8,6,12000.0,4800.0,0,0,0,0,12,15,NORMAL,0
14994.86,1.25,0,30,0.222,16,6,12000.0,4800.0,0,0,0,0,8,1,NORMAL,0
3575.74,0.72,0,19,0.0999,13,0,5000.0,2000.0,0,0,0,0,14,5,NORMAL,0
1294.06,0.43,0,31,0.1767,15,3,3000.0,1200.0,0,0,0,0,1,11,NORMAL,0
15000.0,5.0,1,0,1.183,22,4,3000.0,1200.0,1,1,0,0,89,84,EXTREME,1
14931.98,1.24,0,41,0.2037,22,3,12000.0,4800.0,0,0,0,0,14,7,NORMAL,0
1085.46,0.72,0,32,0.1761,10,2,1500.0,600.0,0,0,0,0,12,13,NORMAL,0
7145.62,0.89,0,28,0.0642,22,2,8000.0,3200.0,0,0,0,0,9,9,NORMAL,0
960.52,0.32,0,43,0.1812,13,3,3000.0,1200.0,0,0,0,0,13,7,NORMAL,0
2398.39,0.2,0,20,0.2427,14,2,12000.0,4800.0,0,0,0,0,10,2,NORMAL,0
4328.59,0.54,0,44,0.2053,12,3,8000.0,3200.0,0,0,0,0,7,1,NORMAL,0
5487.98,1.1,0,5,0.0666,14,4,5000.0,2000.0,0,0,0,0,5,2,NORMAL,0
4381.88,0.88,0,27,0.2159,21,3,5000.0,2000.0,0,0,0,0,8,15,NORMAL,0
13145.78,4.38,0,1,0.2632,2,6,3000.0,1200.0,0,0,1,0,8,16,SUSPICIOUS,1
8834.25,1.1,0,40,0.2226,12,5,8000.0,3200.0,0,0,0,0,6,2,NORMAL,0
3942.48,1.31,0,44,0.1817,10,2,3000.0,1200.0,0,0,0,0,2,11,NORMAL,0
15000.0,10.0,1,0,1.1193,17,4,1500.0,600.0,1,1,0,0,100,70,EXTREME,1
949.25,0.63,0,28,0.0549,17,6,1500.0,600.0,0,0,0,0,13,5,NORMAL,0
9508.03,0.79,0,40,0.1129,20,1,12000.0,4800.0,0,0,1,0,6,11,NORMAL,0
5497.69,3.67,1,0,0.5237,3,6,1500.0,600.0,1,0,1,0,68,0,SUSPICIOUS,1
2070.47,0.69,0,12,0.1886,9,5,3000.0,1200.0,0,0,0,0,5,13,NORMAL,0
12742.21,1.06,0,7,0.1625,8,4,12000.0,4800.0,0,0,0,0,10,1,NORMAL,0
5730.36,1.15,0,28,0.1138,22,3,5000.0,2000.0,0,0,0,0,5,9,NORMAL,0
7673.33,0.96,0,15,0.2242,20,6,8000.0,3200.0,0,0,0,0,10,0,NORMAL,0
621.86,0.21,1,0,0.2106,7,1,3000.0,1200.0,0,0,0,0,3,0,NORMAL,0
2268.35,0.76,0,44,0.0806,14,6,3000.0,1200.0,0,0,0,0,13,13,NORMAL,0
5758.12,1.15,0,2,0.2163,18,6,5000.0,2000.0,0,0,0,0,11,6,NORMAL,0
2859.79,0.95,0,41,0.1364,21,6,3000.0,1200.0,0,0,0,0,4,0,NORMAL,0
7905.05,0.99,0,5,0.22,15,2,8000.0,3200.0,0,0,0,0,7,13,NORMAL,0
7343.99,0.92,0,8,0.2247,19,2,8000.0,3200.0,0,0,0,0,5,8,NORMAL,0
9495.05,0.79,0,42,0.236,19,4,12000.0,4800.0,0,0,0,0,2,6,NORMAL,0
15000.0,10.0,1,0,0.6771,7,4,1500.0,600.0,1,1,1,0,88,83,EXTREME,1
6421.84,0.8,0,21,0.208,19,3,8000.0,3200.0,0,0,0,0,8,7,NORMAL,0
5213.99,1.04,1,0,0.1674,11,6,5000.0,2000.0,0,0,0,0,7,11,NORMAL,0
6016.72,1.2,0,28,0.1154,13,6,5000.0,2000.0,0,0,0,0,13,3,NORMAL,0
2790.35,0.93,0,10,0.1003,15,2,3000.0,1200.0,0,0,0,0,6,11,NORMAL,0
872.42,0.58,0,24,0.1957,8,2,1500.0,600.0,0,0,0,0,8,0,NORMAL,0
6744.03,0.84,0,24,0.1606,12,4,8000.0,3200.0,0,0,0,0,14,8,NORMAL,0
4360.63,0.87,0,36,0.2168,17,5,5000.0,2000.0,0,0,0,0,7,3,NORMAL,0
994.83,0.66,0,36,0.2026,18,0,1500.0,600.0,0,0,0,0,10,8,NORMAL,0
40614.22,5.08,1,0,0.2087,23,0,8000.0,3200.0,1,0,1,0,72,2,SUSPICIOUS,1
5339.72,0.44,0,15,0.1485,17,3,12000.0,4800.0,0,0,0,0,4,5,NORMAL,0
7327.28,0.92,0,28,0.1546,19,0,8000.0,3200.0,0,0,0,0,3,8,NORMAL,0
4775.65,0.96,0,2,0.2303,11,4,5000.0,2000.0,0,0,0,0,1,15,NORMAL,0
1272.42,0.85,1,0,0.209,10,6,1500.0,600.0,0,0,0,0,1,15,NORMAL,0
16322.36,5.44,1,0,0.3778,4,2,3000.0,1200.0,0,0,0,0,20,44,SUSPICIOUS,1
74190.0,9.27,1,0,0.6761,10,2,8000.0,3200.0,1,1,0,1,83,81,EXTREME,1
8442.5,1.06,0,31,0.1285,20,5,8000.0,3200.0,0,0,0,0,3,4,NORMAL,0
7887.04,0.99,0,28,0.0405,22,6,8000.0,3200.0,0,0,0,0,13,8,NORMAL,0
2425.05,0.49,0,5,0.1733,12,2,5000.0,2000.0,0,0,0,0,9,0,NORMAL,0
94452.06,7.87,1,0,1.0015,16,6,12000.0,4800.0,1,1,0,0,94,73,EXTREME,1
1965.7,1.31,1,0,0.1775,15,6,1500.0,600.0,0,0,0,0,6,7,NORMAL,0
1128.47,0.75,0,33,0.1294,8,1,1500.0,600.0,0,0,0,0,5,6,NORMAL,0
10700.58,0.89,0,35,0.1068,14,6,12000.0,4800.0,0,0,0,0,9,7,NORMAL,0
15335.68,5.11,1,0,0.416,14,1,3000.0,1200.0,0,1,0,0,40,52,SUSPICIOUS,1
2000.66,0.67,0,21,0.1139,21,2,3000.0,1200.0,0,0,0,0,15,14,NORMAL,0
4496.66,0.9,1,0,0.1241,21,0,5000.0,2000.0,0,0,0,0,15,2,NORMAL,0
22608.01,7.54,1,0,1.1693,3,4,3000.0,1200.0,1,1,0,1,94,73,EXTREME,1
1187.92,0.79,0,24,0.0965,13,0,1500.0,600.0,0,0,0,0,5,4,NORMAL,0
35629.85,4.45,1,0,0.3494,0,4,8000.0,3200.0,0,0,0,0,49,20,SUSPICIOUS,1
13975.9,1.16,0,38,0.1931,14,6,12000.0,4800.0,0,0,0,0,7,11,NORMAL,0
1278.18,0.85,0,18,0.0407,20,5,1500.0,600.0,0,0,0,0,2,0,NORMAL,0
3453.33,0.69,0,14,0.2041,21,6,5000.0,2000.0,0,0,0,0,6,0,NORMAL,0
1698.45,0.57,0,15,0.2189,14,1,3000.0,1200.0,0,0,0,0,0,5,NORMAL,0
3619.84,0.45,0,27,0.2114,19,6,8000.0,3200.0,0,0,0,0,9,8,NORMAL,0
1533.34,1.02,0,9,0.2068,20,1,1500.0,600.0,0,0,0,0,14,11,NORMAL,0
3155.44,1.05,0,2,0.1511,16,0,3000.0,1200.0,0,0,0,0,6,7,NORMAL,0
33952.91,4.24,1,0,1.145,22,2,8000.0,3200.0,1,1,1,0,97,83,EXTREME,1
88314.98,11.04,1,0,0.6168,7,2,8000.0,3200.0,1,1,1,1,87,75,EXTREME,1
3530.29,1.18,0,45,0.1904,7,1,3000.0,1200.0,0,0,0,0,11,2,NORMAL,0
3372.79,1.12,0,25,0.0773,15,0,3000.0,1200.0,0,0,0,0,5,1,NORMAL,0
3792.48,1.26,0,20,0.1824,7,6,3000.0,1200.0,0,0,0,0,9,8,NORMAL,0
5269.36,1.05,0,23,0.2263,11,1,5000.0,2000.0,0,0,0,0,5,15,NORMAL,0
15000.0,10.0,1,0,1.0652,17,6,1500.0,600.0,1,1,0,1,91,81,EXTREME,1
1337.9,0.89,0,12,0.24,13,2,1500.0,600.0,0,0,0,0,7,2,NORMAL,0
1260.06,0.84,0,27,0.0908,21,6,1500.0,600.0,0,0,0,0,0,6,NORMAL,0
36723.76,4.59,1,0,0.5909,4,4,8000.0,3200.0,0,1,1,0,18,68,SUSPICIOUS,1
8934.6,5.96,1,0,0.2231,23,1,1500.0,600.0,0,1,0,1,6,61,SUSPICIOUS,1
5615.34,0.7,0,44,0.0626,7,3,8000.0,3200.0,0,0,0,0,5,0,NORMAL,0
12115.55,1.01,0,9,0.1711,22,5,12000.0,4800.0,0,0,0,0,9,12,NORMAL,0
6449.38,0.81,0,43,0.1635,19,3,8000.0,3200.0,0,0,0,0,1,14,NORMAL,0
5317.83,1.06,0,5,0.1179,12,5,5000.0,2000.0,0,0,0,0,8,8,NORMAL,0
69386.0,8.67,1,0,0.8331,4,2,8000.0,3200.0,1,1,1,1,86,70,EXTREME,1
8605.43,1.08,0,37,0.1827,14,0,8000.0,3200.0,0,0,0,0,6,8,NORMAL,0
12541.4,1.05,0,24,0.11,16,4,12000.0,4800.0,0,0,0,0,3,11,NORMAL,0
24605.43,4.92,1,0,0.4738,4,5,5000.0,2000.0,0,1,0,1,36,73,SUSPICIOUS,1
28411.98,5.68,1,0,0.2056,3,0,5000.0,2000.0,1,0,0,0,75,9,SUSPICIOUS,1
2505.38,0.84,0,42,0.1044,12,4,3000.0,1200.0,0,0,0,0,7,2,NORMAL,0
5926.43,3.95,1,0,0.5696,0,6,1500.0,600.0,0,0,0,0,37,2,SUSPICIOUS,1
2924.09,0.58,0,24,0.0466,13,4,5000.0,2000.0,0,0,0,0,11,12,NORMAL,0
35658.16,2.97,0,3,0.3065,3,0,12000.0,4800.0,0,0,0,0,8,46,SUSPICIOUS,1
30885.47,3.86,1,0,0.4775,14,0,8000.0,3200.0,0,1,0,0,36,53,SUSPICIOUS,1
1827.92,1.22,0,40,0.1461,7,2,1500.0,600.0,0,0,0,0,5,4,NORMAL,0
9212.39,0.77,0,19,0.1892,11,2,12000.0,4800.0,0,0,0,0,10,4,NORMAL,0
1568.84,0.52,0,33,0.0624,19,3,3000.0,1200.0,0,0,0,0,10,14,NORMAL,0
39170.53,3.26,1,0,0.367,19,1,12000.0,4800.0,0,0,0,1,5,14,SUSPICIOUS,1
11909.52,0.99,0,30,0.2019,16,5,12000.0,4800.0,0,0,0,0,1,0,NORMAL,0
1507.97,1.01,0,30,0.1518,10,0,1500.0,600.0,0,0,0,1,11,6,NORMAL,0
4572.32,0.91,0,40,0.2273,13,5,5000.0,2000.0,0,0,0,0,3,11,NORMAL,0
7546.97,0.94,0,38,0.2233,20,2,8000.0,3200.0,0,0,0,0,1,4,NORMAL,0
25056.89,8.35,1,0,0.7972,12,1,3000.0,1200.0,1,1,0,0,98,92,EXTREME,1
2359.48,0.79,0,34,0.2407,12,0,3000.0,1200.0,0,0,0,0,12,6,NORMAL,0
20705.46,4.14,0,1,0.2834,3,3,5000.0,2000.0,0,0,0,1,2,46,SUSPICIOUS,1
1499.72,1.0,0,12,0.0965,11,0,1500.0,600.0,0,0,0,0,0,2,NORMAL,0
24718.46,4.94,1,0,0.4305,14,2,5000.0,2000.0,0,1,0,0,1,75,SUSPICIOUS,1
8733.89,0.73,0,10,0.1985,18,0,12000.0,4800.0,0,0,1,0,4,10,NORMAL,0
45899.71,5.74,1,0,0.5742,2,0,8000.0,3200.0,1,0,1,0,63,12,SUSPICIOUS,1
2338.87,0.78,1,0,0.0874,20,0,3000.0,1200.0,0,0,0,0,0,15,NORMAL,0
8063.85,1.01,0,23,0.0867,9,4,8000.0,3200.0,0,0,0,0,1,10,NORMAL,0
16091.24,5.36,1,0,0.4096,23,5,3000.0,1200.0,0,0,1,0,8,4,SUSPICIOUS,1
1944.33,0.65,0,34,0.1337,18,5,3000.0,1200.0,0,0,0,0,11,4,NORMAL,0
1419.45,0.18,0,18,0.0734,18,1,8000.0,3200.0,0,0,0,0,7,2,NORMAL,0
26814.72,5.36,1,0,0.7102,1,4,5000.0,2000.0,1,1,1,0,80,87,EXTREME,1
1172.92,0.78,0,30,0.22,22,1,1500.0,600.0,0,0,0,0,10,5,NORMAL,0
72485.52,6.04,1,0,1.0074,7,1,12000.0,4800.0,1,1,1,1,83,85,EXTREME,1
1741.0,0.58,0,13,0.1124,22,1,3000.0,1200.0,0,0,0,0,12,0,NORMAL,0
7320.11,0.92,0,12,0.1077,19,2,8000.0,3200.0,0,0,0,0,11,15,NORMAL,0
11827.29,1.48,0,9,0.1575,21,5,8000.0,3200.0,0,0,0,1,9,5,NORMAL,0
5738.61,1.15,1,0,0.1056,18,1,5000.0,2000.0,0,0,0,0,10,13,NORMAL,0
9674.74,0.81,0,4,0.1028,16,4,12000.0,4800.0,0,0,0,0,10,10,NORMAL,0
17520.15,5.84,1,0,0.3653,4,2,3000.0,1200.0,0,1,1,0,45,59,SUSPICIOUS,1
4354.75,0.87,0,40,0.0644,10,2,5000.0,2000.0,0,0,0,1,14,0,NORMAL,0
17124.32,5.71,0,2,0.4354,3,3,3000.0,1200.0,0,0,1,0,8,11,SUSPICIOUS,1
4215.14,0.53,0,42,0.0791,7,4,8000.0,3200.0,0,0,0,1,8,4,NORMAL,0
8539.81,5.69,0,2,0.4815,14,3,1500.0,600.0,0,0,1,1,44,19,SUSPICIOUS,1
12500.6,4.17,1,0,0.5721,0,2,3000.0,1200.0,0,1,0,0,35,63,SUSPICIOUS,1
2239.8,0.75,0,35,0.0467,7,3,3000.0,1200.0,0,0,0,0,3,15,NORMAL,0
3308.46,0.66,1,0,0.0482,19,0,5000.0,2000.0,0,0,0,0,14,2,NORMAL,0
3699.01,0.74,0,35,0.2373,21,1,5000.0,2000.0,0,0,0,0,15,7,NORMAL,0
4510.57,0.9,0,45,0.137,13,4,5000.0,2000.0,0,0,0,0,0,12,NORMAL,0
3490.06,0.29,0,18,0.1079,9,5,12000.0,4800.0,0,0,0,0,11,2,NORMAL,0
9262.3,0.77,0,35,0.0908,8,5,12000.0,4800.0,0,0,0,0,12,6,NORMAL,0
28363.4,5.67,1,0,0.5504,1,5,5000.0,2000.0,1,1,0,0,70,70,SUSPICIOUS,1
13566.41,4.52,0,3,0.5301,2,6,3000.0,1200.0,0,1,0,0,4,53,SUSPICIOUS,1
2158.23,0.72,0,41,0.1607,16,3,3000.0,1200.0,0,0,0,0,14,7,NORMAL,0
5382.32,3.59,0,1,0.2895,4,3,1500.0,600.0,0,0,0,1,3,14,SUSPICIOUS,1
1481.12,0.49,0,14,0.1664,17,3,3000.0,1200.0,0,0,0,0,0,10,NORMAL,0
45003.46,5.63,1,0,0.4899,2,1,8000.0,3200.0,1,1,0,0,53,60,SUSPICIOUS,1
1227.6,0.82,0,22,0.0588,9,2,1500.0,600.0,0,0,0,0,10,13,NORMAL,0
1661.63,1.11,0,17,0.0674,11,6,1500.0,600.0,0,0,0,0,14,10,NORMAL,0
23847.2,2.98,0,3,0.4603,2,6,8000.0,3200.0,0,1,0,1,6,71,SUSPICIOUS,1
5343.23,1.07,0,7,0.0629,16,5,5000.0,2000.0,0,0,0,0,4,10,NORMAL,0
109585.54,9.13,1,0,0.7276,0,0,12000.0,4800.0,1,1,1,0,85,84,EXTREME,1
1901.87,1.27,0,40,0.0412,19,4,1500.0,600.0,0,0,0,0,6,10,NORMAL,0
8941.76,1.12,0,16,0.1726,20,4,8000.0,3200.0,0,0,0,0,8,12,NORMAL,0
1386.29,0.92,0,8,0.0674,21,4,1500.0,600.0,0,0,0,0,11,7,NORMAL,0
1574.46,1.05,0,6,0.0996,14,0,1500.0,600.0,0,0,0,0,3,6,NORMAL,0
1176.11,0.78,1,0,0.2096,14,2,1500.0,600.0,0,0,0,0,15,0,NORMAL,0
44840.89,5.61,1,0,0.4503,3,0,8000.0,3200.0,0,0,0,0,19,16,SUSPICIOUS,1
7008.57,0.88,0,37,0.163,7,6,8000.0,3200.0,0,0,0,0,0,14,NORMAL,0
643.93,0.43,0,45,0.1332,20,3,1500.0,600.0,0,0,1,0,1,13,NORMAL,0
4900.99,0.98,0,14,0.2115,7,3,5000.0,2000.0,0,0,0,0,10,6,NORMAL,0
1011.58,0.67,0,30,0.1084,8,0,1500.0,600.0,0,0,0,0,9,4,NORMAL,0
63506.56,5.29,0,2,0.4888,1,6,12000.0,4800.0,0,0,0,0,13,18,SUSPICIOUS,1
3315.94,0.28,0,15,0.051,9,4,12000.0,4800.0,0,0,0,0,12,10,NORMAL,0
2486.67,0.83,0,33,0.1483,11,4,3000.0,1200.0,0,0,0,0,7,12,NORMAL,0
3434.08,0.69,0,36,0.1016,18,4,5000.0,2000.0,0,0,0,0,13,12,NORMAL,0
6689.99,0.56,0,41,0.0627,20,2,12000.0,4800.0,0,0,0,0,4,14,NORMAL,0
8155.93,1.02,0,7,0.1394,7,4,8000.0,3200.0,0,0,0,0,7,2,NORMAL,0
2862.06,0.57,0,25,0.1058,19,3,5000.0,2000.0,0,0,0,0,15,11,NORMAL,0
2799.53,0.56,0,38,0.2264,9,6,5000.0,2000.0,0,0,0,0,0,7,NORMAL,0
12031.59,1.0,0,17,0.2432,11,2,12000.0,4800.0,0,0,0,0,1,15,NORMAL,0
2671.98,0.89,0,35,0.1899,20,0,3000.0,1200.0,0,0,0,0,14,2,NORMAL,0
3063.06,1.02,0,44,0.1384,17,0,3000.0,1200.0,0,0,0,0,5,14,NORMAL,0
1974.25,0.66,0,15,0.13,19,5,3000.0,1200.0,0,0,0,0,10,12,NORMAL,0
15678.66,1.31,0,44,0.1593,10,3,12000.0,4800.0,0,0,0,0,10,15,NORMAL,0
15000.0,10.0,1,0,1.1723,18,4,1500.0,600.0,1,1,1,1,95,75,EXTREME,1
15000.0,10.0,1,0,0.6098,22,1,1500.0,600.0,1,1,0,0,93,95,EXTREME,1
3115.43,0.62,0,37,0.2489,13,0,5000.0,2000.0,0,0,0,0,0,10,NORMAL,0
10441.14,0.87,0,28,0.1155,10,4,12000.0,4800.0,0,0,0,0,7,14,NORMAL,0
1788.87,1.19,0,41,0.2181,8,5,1500.0,600.0,0,0,0,0,0,3,NORMAL,0
37767.59,3.15,1,0,0.4087,14,4,12000.0,4800.0,1,0,1,0,67,12,SUSPICIOUS,1
4342.82,0.87,0,29,0.0985,12,1,5000.0,2000.0,0,0,0,0,8,10,NORMAL,0
7632.48,0.95,1,0,0.0542,10,4,8000.0,3200.0,0,0,0,0,12,10,NORMAL,0
11534.11,0.96,0,38,0.1265,11,6,12000.0,4800.0,0,0,0,0,14,14,NORMAL,0
5772.17,1.15,0,41,0.1981,12,3,5000.0,2000.0,0,0,0,0,14,3,NORMAL,0
15764.36,10.51,1,0,1.0907,10,4,1500.0,600.0,1,1,1,1,89,89,EXTREME,1
14736.38,1.23,0,2,0.1221,14,0,12000.0,4800.0,0,0,0,0,3,13,NORMAL,0
1840.38,0.61,0,42,0.2494,18,2,3000.0,1200.0,0,0,0,0,13,4,NORMAL,0
15221.07,1.27,0,28,0.1972,16,0,12000.0,4800.0,0,0,0,0,14,14,NORMAL,0
2381.17,0.79,0,10,0.1185,14,1,3000.0,1200.0,0,0,0,0,15,6,NORMAL,0
9309.94,3.1,1,0,0.2523,19,3,3000.0,1200.0,1,1,0,0,63,59,SUSPICIOUS,1
6505.8,0.81,0,8,0.2171,17,1,8000.0,3200.0,0,0,0,0,5,7,NORMAL,0
3178.43,0.64,0,9,0.1779,18,6,5000.0,2000.0,0,0,0,0,9,6,NORMAL,0
3126.09,1.04,1,0,0.1367,12,2,3000.0,1200.0,0,0,0,0,8,11,NORMAL,0
6748.4,0.56,0,15,0.0643,11,4,12000.0,4800.0,0,0,0,0,5,8,NORMAL,0
1540.66,1.03,0,15,0.2094,13,6,1500.0,600.0,0,0,0,0,5,9,NORMAL,0
1559.06,1.04,0,38,0.1011,15,5,1500.0,600.0,0,0,1,0,2,14,NORMAL,0
3350.15,1.12,0,27,0.0592,9,5,3000.0,1200.0,0,0,1,0,15,7,NORMAL,0
7376.23,4.92,0,1,0.2438,3,0,1500.0,600.0,0,0,1,1,20,7,SUSPICIOUS,1
9765.47,0.81,0,7,0.2193,16,6,12000.0,4800.0,0,0,0,0,2,14,NORMAL,0
2227.99,0.74,0,22,0.2279,8,6,3000.0,1200.0,0,0,0,0,8,6,NORMAL,0
1745.17,0.58,0,17,0.1473,9,0,3000.0,1200.0,0,0,0,0,3,1,NORMAL,0
13846.41,1.15,0,13,0.0841,20,5,12000.0,4800.0,0,0,0,0,7,9,NORMAL,0
33314.13,4.16,1,0,1.0471,10,3,8000.0,3200.0,1,1,0,0,80,75,EXTREME,1
1632.25,0.54,0,37,0.1307,17,5,3000.0,1200.0,0,0,0,0,8,5,NORMAL,0
3464.2,1.15,0,16,0.2469,10,1,3000.0,1200.0,0,0,0,0,0,10,NORMAL,0
47836.72,5.98,1,0,0.201,14,4,8000.0,3200.0,1,0,1,0,67,47,SUSPICIOUS,1
17153.8,1.43,0,22,0.1536,21,0,12000.0,4800.0,0,0,0,0,13,2,NORMAL,0
8013.33,1.0,0,35,0.0731,7,1,8000.0,3200.0,0,0,0,0,13,12,NORMAL,0
16662.12,3.33,1,0,0.5039,3,1,5000.0,2000.0,0,0,0,0,2,5,SUSPICIOUS,1
4387.84,1.46,0,12,0.1511,21,2,3000.0,1200.0,0,0,0,0,10,10,NORMAL,0
3795.13,0.76,1,0,0.1502,11,3,5000.0,2000.0,0,0,0,0,15,12,NORMAL,0
7964.96,0.66,0,25,0.2296,22,4,12000.0,4800.0,0,0,0,0,8,13,NORMAL,0
5640.86,1.13,0,2,0.1833,14,0,5000.0,2000.0,0,0,0,0,9,15,NORMAL,0
2940.32,0.59,0,37,0.1779,12,1,5000.0,2000.0,0,0,0,0,4,5,NORMAL,0
857.06,0.57,1,0,0.1065,13,3,1500.0,600.0,0,0,0,0,3,10,NORMAL,0
1366.55,0.91,0,4,0.2136,7,1,1500.0,600.0,0,0,0,0,8,0,NORMAL,0
7743.26,0.97,0,41,0.0478,11,6,8000.0,3200.0,0,0,0,0,0,5,NORMAL,0
6143.66,4.1,0,1,0.4899,0,5,1500.0,600.0,0,0,1,0,5,14,SUSPICIOUS,1
83945.42,7.0,1,0,1.0583,10,6,12000.0,4800.0,1,1,1,0,84,90,EXTREME,1
3548.73,0.71,0,5,0.1531,9,6,5000.0,2000.0,0,0,0,0,2,0,NORMAL,0
29756.66,5.95,0,3,0.5897,14,2,5000.0,2000.0,0,0,0,1,3,19,SUSPICIOUS,1
118705.28,9.89,1,0,0.8898,20,6,12000.0,4800.0,1,1,1,0,100,72,EXTREME,1
8066.07,0.67,0,44,0.2105,22,3,12000.0,4800.0,0,0,1,1,1,8,NORMAL,0
10100.27,0.84,0,17,0.1274,8,1,12000.0,4800.0,0,0,0,0,10,13,NORMAL,0
2994.8,1.0,0,20,0.0868,12,3,3000.0,1200.0,0,0,0,0,0,3,NORMAL,0
1054.11,0.7,0,37,0.127,20,3,1500.0,600.0,0,0,0,0,4,9,NORMAL,0
21026.09,4.21,1,0,0.5333,4,6,5000.0,2000.0,0,1,0,0,9,79,SUSPICIOUS,1
5576.54,0.7,0,9,0.0964,12,6,8000.0,3200.0,0,0,0,0,2,1,NORMAL,0
2720.82,0.91,0,11,0.1183,10,4,3000.0,1200.0,0,0,0,0,5,3,NORMAL,0
8703.47,5.8,1,0,0.3671,0,6,1500.0,600.0,1,0,1,0,53,13,SUSPICIOUS,1
8521.56,1.07,0,38,0.2413,19,3,8000.0,3200.0,0,0,0,0,0,8,NORMAL,0
4278.95,0.86,0,24,0.1494,17,4,5000.0,2000.0,0,0,0,0,2,2,NORMAL,0
8120.17,5.41,0,3,0.4201,2,0,1500.0,600.0,0,1,0,0,2,70,SUSPICIOUS,1
3699.4,1.23,0,36,0.0786,7,5,3000.0,1200.0,0,0,0,0,1,8,NORMAL,0
8006.93,5.34,1,0,0.2864,3,3,1500.0,600.0,1,0,0,1,62,46,SUSPICIOUS,1
2551.17,0.51,1,0,0.2104,20,0,5000.0,2000.0,0,0,0,0,11,11,NORMAL,0
14641.11,1.22,1,0,0.1137,9,5,12000.0,4800.0,0,0,0,0,11,5,NORMAL,0
3965.05,2.64,1,0,0.2185,19,6,1500.0,600.0,0,1,0,0,46,50,SUSPICIOUS,0
3799.19,0.76,0,29,0.107,9,5,5000.0,2000.0,0,0,1,0,8,0,NORMAL,0
5929.18,0.74,0,2,0.1098,10,2,8000.0,3200.0,0,0,0,1,13,3,NORMAL,0
3991.22,0.8,0,42,0.1879,22,5,5000.0,2000.0,0,0,0,0,13,10,NORMAL,0
3887.94,1.3,0,39,0.1992,18,0,3000.0,1200.0,0,0,0,0,0,0,NORMAL,0
1878.02,0.63,0,11,0.0536,18,1,3000.0,1200.0,0,0,1,0,6,0,NORMAL,0
3009.12,1.0,0,34,0.2143,12,6,3000.0,1200.0,0,0,0,0,0,15,NORMAL,0
1726.2,1.15,0,42,0.1618,22,5,1500.0,600.0,0,0,0,0,14,13,NORMAL,0
7799.58,0.97,0,11,0.1237,13,6,8000.0,3200.0,0,0,0,0,0,14,NORMAL,0
6042.19,1.21,0,11,0.0657,21,6,5000.0,2000.0,0,0,0,0,7,10,NORMAL,0
7819.33,0.98,0,16,0.1056,10,1,8000.0,3200.0,0,0,0,0,3,12,NORMAL,0
11635.23,0.97,0,5,0.1773,22,1,12000.0,4800.0,0,0,0,0,1,8,NORMAL,0
9272.64,1.16,0,34,0.2273,21,5,8000.0,3200.0,0,0,0,0,11,15,NORMAL,0
4660.26,0.93,0,6,0.0588,22,5,5000.0,2000.0,0,0,0,0,5,0,NORMAL,0
9218.56,1.15,1,0,0.1147,13,3,8000.0,3200.0,0,0,0,0,14,10,NORMAL,0
1396.78,0.93,0,41,0.2002,7,2,1500.0,600.0,0,0,0,0,7,9,NORMAL,0
13765.8,1.15,0,12,0.0601,22,3,12000.0,4800.0,0,0,0,0,3,5,NORMAL,0
3796.81,1.27,0,38,0.2228,15,2,3000.0,1200.0,0,0,0,0,9,6,NORMAL,0
6082.59,0.76,0,28,0.145,22,2,8000.0,3200.0,0,0,0,0,2,8,NORMAL,0
8699.49,0.72,0,34,0.1642,10,4,12000.0,4800.0,0,0,0,0,14,12,NORMAL,0
1811.63,1.21,1,0,0.1096,15,4,1500.0,600.0,0,0,1,0,8,14,NORMAL,0
1712.21,1.14,0,39,0.2381,13,3,1500.0,600.0,0,0,0,0,8,8,NORMAL,0
1283.98,0.43,0,45,0.044,7,2,3000.0,1200.0,0,0,0,0,9,7,NORMAL,0
2730.35,0.91,0,24,0.2158,19,3,3000.0,1200.0,0,0,0,0,1,4,NORMAL,0
15755.03,10.5,1,0,1.0012,15,1,1500.0,600.0,1,1,1,0,86,78,EXTREME,1
9107.7,0.76,0,14,0.0855,21,6,12000.0,4800.0,0,0,0,0,3,9,NORMAL,0
10505.24,0.88,0,24,0.0528,21,0,12000.0,4800.0,0,0,0,0,7,2,NORMAL,0
1034.21,0.69,0,4,0.0456,9,0,1500.0,600.0,0,0,0,0,9,13,NORMAL,0
5741.37,1.15,0,37,0.2139,21,0,5000.0,2000.0,0,0,0,0,13,15,NORMAL,0
15860.91,5.29,0,2,0.388,3,1,3000.0,1200.0,1,1,0,1,75,69,SUSPICIOUS,1
1116.86,0.74,1,0,0.2419,22,6,1500.0,600.0,0,0,0,0,14,14,NORMAL,0
2315.2,0.46,0,26,0.0977,21,1,5000.0,2000.0,0,0,0,0,12,13,NORMAL,0
2910.98,0.58,0,41,0.1726,18,3,5000.0,2000.0,0,0,0,0,2,3,NORMAL,0
24310.91,4.86,1,0,0.2739,19,0,5000.0,2000.0,0,0,0,0,9,40,SUSPICIOUS,1
34177.54,2.85,1,0,0.4715,14,1,12000.0,4800.0,0,1,0,0,36,54,SUSPICIOUS,1
70725.93,5.89,1,0,0.499,19,4,12000.0,4800.0,0,0,0,0,17,49,SUSPICIOUS,1
21956.15,4.39,1,0,0.4894,1,2,5000.0,2000.0,0,0,0,0,1,5,SUSPICIOUS,1
1332.97,0.44,0,21,0.1676,20,6,3000.0,1200.0,0,0,0,0,3,14,NORMAL,0
14524.94,1.21,0,41,0.2018,21,3,12000.0,4800.0,0,0,0,0,8,1,NORMAL,0
11065.83,0.92,0,33,0.2475,12,1,12000.0,4800.0,0,0,0,0,2,0,NORMAL,0
4990.53,1.0,0,36,0.1989,15,1,5000.0,2000.0,0,0,0,0,0,11,NORMAL,0
23319.47,4.66,0,1,0.3656,19,5,5000.0,2000.0,0,0,1,0,41,49,SUSPICIOUS,1
5129.76,1.03,0,45,0.0451,18,4,5000.0,2000.0,0,0,0,0,8,4,NORMAL,0
1303.04,0.87,0,24,0.0741,17,3,1500.0,600.0,0,0,0,0,13,10,NORMAL,0
566.22,0.38,0,4,0.1851,22,4,1500.0,600.0,0,0,0,0,14,12,NORMAL,0
5647.31,0.71,0,13,0.143,13,1,8000.0,3200.0,0,0,0,0,5,11,NORMAL,0
32581.37,4.07,1,0,0.5672,3,0,8000.0,3200.0,1,0,0,0,61,42,SUSPICIOUS,1
47591.61,3.97,1,0,0.3437,14,6,12000.0,4800.0,0,1,0,0,4,59,SUSPICIOUS,1
982.98,0.66,1,0,0.0759,8,4,1500.0,600.0,0,0,0,0,4,1,NORMAL,0
8869.4,1.11,0,17,0.2024,12,1,8000.0,3200.0,0,0,0,0,3,2,NORMAL,0
58344.04,4.86,1,0,0.3244,23,3,12000.0,4800.0,0,1,1,0,19,78,SUSPICIOUS,1
5375.81,1.08,0,10,0.105,14,2,5000.0,2000.0,0,0,1,0,11,0,NORMAL,0
19526.06,3.91,0,3,0.4133,1,6,5000.0,2000.0,1,0,0,0,68,16,SUSPICIOUS,1
8477.34,0.71,0,11,0.1614,20,5,12000.0,4800.0,0,0,1,0,15,4,NORMAL,0
47655.4,5.96,1,0,0.5291,19,0,8000.0,3200.0,0,0,0,0,47,43,SUSPICIOUS,1
3758.49,0.75,0,5,0.1911,15,2,5000.0,2000.0,0,0,0,0,5,5,NORMAL,0
8148.93,0.68,0,14,0.0851,16,0,12000.0,4800.0,0,0,0,0,3,0,NORMAL,0
2699.27,0.9,0,19,0.1246,20,4,3000.0,1200.0,0,0,0,0,12,13,NORMAL,0
1490.56,0.5,0,34,0.1775,18,6,3000.0,1200.0,0,0,0,0,13,8,NORMAL,0
11109.05,0.93,0,21,0.0717,13,6,12000.0,4800.0,0,0,0,0,0,13,NORMAL,0
65870.92,5.49,1,0,0.2993,23,1,12000.0,4800.0,0,1,1,0,42,71,SUSPICIOUS,1
2221.27,0.74,0,41,0.2439,22,2,3000.0,1200.0,0,0,0,0,5,13,NORMAL,0
10483.7,1.31,0,37,0.1247,22,1,8000.0,3200.0,0,0,0,0,4,0,NORMAL,0
52926.54,10.59,1,0,0.5195,22,1,5000.0,2000.0,1,1,0,1,98,82,EXTREME,1
2356.93,0.79,0,31,0.1713,16,5,3000.0,1200.0,0,0,0,0,3,13,NORMAL,0
4776.86,0.6,0,15,0.1436,20,2,8000.0,3200.0,0,0,0,0,7,5,NORMAL,0
1065.83,0.71,0,45,0.2012,18,4,1500.0,600.0,0,0,0,0,10,5,NORMAL,0
19941.54,3.99,1,0,0.4995,14,0,5000.0,2000.0,0,0,1,1,4,48,SUSPICIOUS,1
1698.77,0.57,0,20,0.1789,15,1,3000.0,1200.0,0,0,0,0,4,1,NORMAL,0
3307.39,1.1,0,23,0.1242,15,2,3000.0,1200.0,0,0,0,0,5,1,NORMAL,0
60533.08,5.04,1,0,0.5895,2,1,12000.0,4800.0,1,1,0,1,64,57,SUSPICIOUS,1
39395.71,4.92,1,0,0.4675,1,6,8000.0,3200.0,0,0,0,0,19,20,SUSPICIOUS,1
44672.68,8.93,1,0,0.7101,23,3,5000.0,2000.0,1,1,0,0,87,91,EXTREME,1
3532.79,1.18,1,0,0.1909,19,4,3000.0,1200.0,0,0,0,0,3,2,NORMAL,0
16195.36,5.4,1,0,0.5498,14,2,3000.0,1200.0,0,1,0,0,3,52,SUSPICIOUS,1
9909.06,0.83,1,0,0.0909,8,0,12000.0,4800.0,0,0,0,0,15,6,NORMAL,0
4193.11,0.84,0,16,0.1021,8,5,5000.0,2000.0,0,0,0,0,15,8,NORMAL,0
1431.68,0.95,0,23,0.1088,8,0,1500.0,600.0,0,0,0,0,5,0,NORMAL,0
8770.6,1.1,1,0,0.237,15,5,8000.0,3200.0,0,0,0,1,13,8,NORMAL,0
64502.66,5.38,1,0,0.3634,3,0,12000.0,4800.0,1,0,0,1,63,5,SUSPICIOUS,1
12750.1,2.55,1,0,0.3076,14,2,5000.0,2000.0,0,1,1,1,39,70,SUSPICIOUS,1
1991.79,0.66,0,35,0.1789,11,1,3000.0,1200.0,0,0,0,0,4,13,NORMAL,0
9646.88,1.21,0,3,0.0851,13,6,8000.0,3200.0,0,0,0,0,10,3,NORMAL,0
3763.14,0.75,0,9,0.2195,7,6,5000.0,2000.0,0,0,0,0,10,9,NORMAL,0
11930.04,0.99,0,42,0.1413,10,4,12000.0,4800.0,0,0,0,0,2,14,NORMAL,0
52792.58,4.4,1,0,0.5393,14,0,12000.0,4800.0,1,1,0,0,75,77,SUSPICIOUS,1
2352.22,0.78,0,31,0.069,15,1,3000.0,1200.0,0,0,0,0,15,2,NORMAL,0
4947.42,0.99,0,44,0.1553,10,2,5000.0,2000.0,0,0,0,0,14,4,NORMAL,0
7292.24,0.91,0,43,0.2119,13,3,8000.0,3200.0,0,0,0,0,5,6,NORMAL,0
123736.08,10.31,1,0,0.783,19,4,12000.0,4800.0,1,1,1,0,97,80,EXTREME,1
1423.6,0.95,0,34,0.1223,10,5,1500.0,600.0,0,0,1,0,7,14,NORMAL,0
1224.81,0.82,0,2,0.2422,18,2,1500.0,600.0,0,0,0,0,10,7,NORMAL,0
1086.69,0.36,0,39,0.2175,19,4,3000.0,1200.0,0,0,0,0,0,12,NORMAL,0
32751.2,10.92,1,0,0.893,1,0,3000.0,1200.0,1,1,0,0,85,84,EXTREME,1
6245.11,1.25,0,36,0.1782,15,5,5000.0,2000.0,0,0,0,0,15,4,NORMAL,0
5710.94,0.71,0,30,0.0475,18,6,8000.0,3200.0,0,0,0,0,14,7,NORMAL,0
6241.38,1.25,0,30,0.1704,7,1,5000.0,2000.0,0,0,0,0,11,0,NORMAL,0
4723.79,0.59,0,42,0.2146,9,0,8000.0,3200.0,0,0,0,0,14,0,NORMAL,0
5854.93,0.49,0,23,0.2495,13,1,12000.0,4800.0,0,0,1,0,2,9,NORMAL,0
6215.25,0.78,0,40,0.2323,21,4,8000.0,3200.0,0,0,0,0,11,6,NORMAL,0
35339.46,7.07,1,0,0.6373,17,3,5000.0,2000.0,1,1,0,0,91,80,EXTREME,1
4482.14,0.9,0,21,0.2095,19,6,5000.0,2000.0,0,0,0,0,1,14,NORMAL,0
2412.76,0.48,0,44,0.217,12,0,5000.0,2000.0,0,0,0,0,6,14,NORMAL,0
23211.99,4.64,1,0,0.5693,0,1,5000.0,2000.0,0,0,1,0,13,2,SUSPICIOUS,1
57098.11,4.76,1,0,0.3376,23,6,12000.0,4800.0,1,0,1,0,52,15,SUSPICIOUS,1
9519.1,1.19,0,3,0.0514,21,3,8000.0,3200.0,0,0,0,0,6,0,NORMAL,0
15000.0,10.0,1,0,0.9396,8,2,1500.0,600.0,1,1,1,0,81,74,EXTREME,1
8618.32,0.72,0,13,0.1689,20,0,12000.0,4800.0,0,0,1,0,8,8,NORMAL,0
8081.01,0.67,0,24,0.136,22,5,12000.0,4800.0,0,0,0,0,12,5,NORMAL,0
61864.01,5.16,1,0,0.4723,3,2,12000.0,4800.0,0,1,1,0,44,61,SUSPICIOUS,1
2421.41,0.81,0,17,0.1731,14,0,3000.0,1200.0,0,0,0,0,12,15,NORMAL,0
1746.99,0.58,0,44,0.1468,22,2,3000.0,1200.0,0,0,0,0,12,1,NORMAL,0
3058.86,0.25,0,2,0.0727,21,6,12000.0,4800.0,0,0,0,0,6,9,NORMAL,0
3162.51,0.63,0,35,0.1249,16,4,5000.0,2000.0,0,0,0,0,11,6,NORMAL,0
6023.83,1.2,0,31,0.1021,22,5,5000.0,2000.0,0,0,0,0,8,7,NORMAL,0
5778.36,1.16,0,12,0.1048,19,6,5000.0,2000.0,0,0,0,0,14,1,NORMAL,0
685.25,0.46,0,10,0.071,22,0,1500.0,600.0,0,0,0,0,2,8,NORMAL,0
46523.31,3.88,1,0,0.4187,0,5,12000.0,4800.0,0,1,0,0,12,61,SUSPICIOUS,1
2359.17,0.79,0,10,0.2275,18,0,3000.0,1200.0,0,0,0,0,10,12,NORMAL,0
3573.65,1.19,0,28,0.1098,12,2,3000.0,1200.0,0,0,0,0,5,14,NORMAL,0
2145.55,0.72,0,31,0.2005,16,3,3000.0,1200.0,0,0,0,0,7,2,NORMAL,0
6246.57,0.52,0,2,0.0807,9,2,12000.0,4800.0,0,0,0,0,11,10,NORMAL,0
10861.91,1.36,0,19,0.2195,7,2,8000.0,3200.0,0,0,0,0,12,0,NORMAL,0
93655.62,11.71,1,0,1.0657,9,1,8000.0,3200.0,1,1,0,0,93,72,EXTREME,1
14589.05,2.92,1,0,0.5075,23,2,5000.0,2000.0,1,0,0,0,50,17,SUSPICIOUS,1
1578.77,0.53,0,5,0.0488,8,0,3000.0,1200.0,0,0,0,0,14,3,NORMAL,0
8919.71,0.74,0,19,0.1504,8,1,12000.0,4800.0,0,0,0,0,11,3,NORMAL,0
11134.19,0.93,0,15,0.194,22,6,12000.0,4800.0,0,0,0,0,3,6,NORMAL,0
117374.53,9.78,1,0,1.0619,13,2,12000.0,4800.0,1,1,1,0,96,75,EXTREME,1
23382.85,2.92,1,0,0.4249,1,0,8000.0,3200.0,1,1,0,1,71,62,SUSPICIOUS,1
43731.57,5.47,1,0,0.3555,1,1,8000.0,3200.0,1,1,1,0,74,56,SUSPICIOUS,1
64351.03,5.36,0,2,0.5761,0,6,12000.0,4800.0,1,0,0,1,60,17,SUSPICIOUS,1
17892.17,3.58,0,3,0.3252,1,2,5000.0,2000.0,0,0,1,0,49,9,SUSPICIOUS,1
440.95,0.15,0,2,0.1262,20,2,3000.0,1200.0,0,0,0,0,3,12,NORMAL,0
5294.09,1.06,0,18,0.1179,17,6,5000.0,2000.0,0,0,0,0,7,13,NORMAL,0
26324.48,5.26,1,0,0.2837,4,3,5000.0,2000.0,1,0,1,0,64,7,SUSPICIOUS,1
4124.25,0.82,0,40,0.1113,18,0,5000.0,2000.0,0,0,0,0,3,9,NORMAL,0
6406.86,0.8,0,23,0.203,15,1,8000.0,3200.0,0,0,0,0,2,7,NORMAL,0
15797.39,5.27,1,0,0.57,2,1,3000.0,1200.0,0,0,0,0,7,15,SUSPICIOUS,1
4647.34,0.93,0,6,0.088,10,3,5000.0,2000.0,0,0,0,0,5,6,NORMAL,0
4714.75,1.57,0,25,0.1267,12,3,3000.0,1200.0,0,0,0,0,5,3,NORMAL,0
9893.39,3.3,1,0,0.5333,0,5,3000.0,1200.0,0,1,0,0,16,54,SUSPICIOUS,1
9750.11,0.81,0,25,0.2073,20,0,12000.0,4800.0,0,0,0,0,2,2,NORMAL,0
8257.03,2.75,1,0,0.5744,3,0,3000.0,1200.0,0,1,0,0,6,79,SUSPICIOUS,1
43683.76,8.74,1,0,0.9465,18,0,5000.0,2000.0,1,1,0,1,88,80,EXTREME,1
23096.68,4.62,1,0,0.8169,19,2,5000.0,2000.0,1,1,1,0,81,92,EXTREME,1
7206.56,4.8,1,0,0.2324,4,0,1500.0,600.0,0,0,0,0,48,20,SUSPICIOUS,1
3059.39,1.02,1,0,0.2354,13,6,3000.0,1200.0,0,0,0,0,7,10,NORMAL,0
13668.34,1.14,0,7,0.1512,13,3,12000.0,4800.0,0,0,0,0,5,2,NORMAL,0
1005.68,0.67,0,31,0.162,15,4,1500.0,600.0,0,0,1,0,1,14,NORMAL,0
16217.3,1.35,0,13,0.0671,13,3,12000.0,4800.0,0,0,0,0,13,1,NORMAL,0
86242.19,10.78,1,0,1.0142,21,1,8000.0,3200.0,1,1,1,1,80,90,EXTREME,1
9326.06,1.17,0,26,0.081,13,2,8000.0,3200.0,0,0,0,0,3,0,NORMAL,0
20498.17,4.1,1,0,0.5385,2,0,5000.0,2000.0,1,1,1,0,65,70,SUSPICIOUS,1
5762.4,0.72,0,5,0.1407,18,0,8000.0,3200.0,0,0,0,0,12,9,NORMAL,0
8264.54,1.03,0,29,0.1251,16,3,8000.0,3200.0,0,0,0,0,14,8,NORMAL,0
15000.0,10.0,1,0,0.7265,4,1,1500.0,600.0,1,1,0,0,96,87,EXTREME,1
1130.92,0.75,0,29,0.1737,10,3,1500.0,600.0,0,0,0,0,9,3,NORMAL,0
2030.65,1.35,0,43,0.1149,17,3,1500.0,600.0,0,0,0,0,2,10,NORMAL,0
1228.91,0.82,1,0,0.1494,9,6,1500.0,600.0,0,0,0,0,11,11,NORMAL,0
7110.85,0.59,0,45,0.1126,9,3,12000.0,4800.0,0,0,0,0,7,14,NORMAL,0
2864.06,0.95,0,10,0.1443,11,0,3000.0,1200.0,0,0,0,0,14,15,NORMAL,0
7046.65,0.88,0,28,0.1729,16,6,8000.0,3200.0,0,0,0,0,13,10,NORMAL,0
47525.84,5.94,1,0,0.4248,0,4,8000.0,3200.0,0,1,0,0,47,69,SUSPICIOUS,1
2075.67,0.69,1,0,0.0521,22,1,3000.0,1200.0,0,0,0,0,1,6,NORMAL,0
10759.84,0.9,0,14,0.1914,21,4,12000.0,4800.0,0,0,0,0,12,13,NORMAL,0
1753.87,1.17,0,23,0.2186,14,2,1500.0,600.0,0,0,0,0,10,9,NORMAL,0
8862.97,0.74,0,38,0.2095,7,3,12000.0,4800.0,0,0,0,0,5,1,NORMAL,0
8519.26,5.68,1,0,0.4358,14,2,1500.0,600.0,0,1,0,0,10,71,SUSPICIOUS,1
31375.71,10.46,1,0,0.5236,13,0,3000.0,1200.0,1,1,0,1,98,85,EXTREME,1
1887.59,1.26,0,39,0.1704,14,0,1500.0,600.0,0,0,0,0,7,5,NORMAL,0
2948.28,0.59,0,2,0.1909,7,2,5000.0,2000.0,0,0,0,0,7,4,NORMAL,0
1324.99,0.88,0,20,0.2298,18,4,1500.0,600.0,0,0,0,0,4,6,NORMAL,0
1853.05,1.24,0,43,0.0699,15,3,1500.0,600.0,0,0,0,0,5,2,NORMAL,0
10949.12,0.91,0,37,0.1262,17,6,12000.0,4800.0,0,0,0,0,14,6,NORMAL,0
70.14,0.05,0,42,0.2133,14,1,1500.0,600.0,0,0,0,0,10,12,NORMAL,0
89577.97,7.46,1,0,0.5283,8,2,12000.0,4800.0,1,1,0,1,89,78,EXTREME,1
45333.58,3.78,0,2,0.3942,23,2,12000.0,4800.0,1,0,1,1,60,46,SUSPICIOUS,1
4199.69,0.84,0,22,0.1956,12,6,5000.0,2000.0,0,0,0,0,2,10,NORMAL,0
2612.99,0.87,0,37,0.1642,13,1,3000.0,1200.0,0,0,0,0,3,15,NORMAL,0
8968.06,5.98,0,3,0.2049,14,5,1500.0,600.0,0,1,0,0,6,61,SUSPICIOUS,1
24816.33,8.27,1,0,1.1187,3,5,3000.0,1200.0,1,1,1,1,80,91,EXTREME,1
4342.05,0.87,0,8,0.1358,10,2,5000.0,2000.0,0,0,0,0,14,8,NORMAL,0
5231.12,0.65,0,37,0.0444,9,5,8000.0,3200.0,0,0,0,0,7,15,NORMAL,0
45190.61,9.04,1,0,1.0079,22,4,5000.0,2000.0,1,1,1,0,82,77,EXTREME,1
6192.67,0.77,0,13,0.1901,16,5,8000.0,3200.0,0,0,0,0,13,0,NORMAL,0
1500.84,1.0,0,30,0.1438,21,5,1500.0,600.0,0,0,0,0,15,5,NORMAL,0
22772.19,7.59,1,0,0.4642,4,4,3000.0,1200.0,1,1,1,0,100,88,EXTREME,1
1919.92,0.38,0,14,0.1723,17,5,5000.0,2000.0,0,0,0,0,3,9,NORMAL,0
23577.61,2.95,1,0,0.5102,1,0,8000.0,3200.0,0,1,0,0,16,64,SUSPICIOUS,1
9425.02,1.18,0,22,0.1426,7,0,8000.0,3200.0,0,0,0,0,13,5,NORMAL,0
7895.36,0.66,0,25,0.2038,19,4,12000.0,4800.0,0,0,0,0,3,5,NORMAL,0
1891.33,1.26,1,0,0.072,15,6,1500.0,600.0,0,0,0,0,9,13,NORMAL,0
57033.27,4.75,1,0,0.3075,3,0,12000.0,4800.0,1,0,0,0,58,12,SUSPICIOUS,1
6207.28,1.24,0,13,0.2149,20,5,5000.0,2000.0,0,0,1,0,3,3,NORMAL,0
3015.66,1.01,0,6,0.1207,9,6,3000.0,1200.0,0,0,0,0,9,9,NORMAL,0
6061.77,1.21,0,7,0.1442,12,0,5000.0,2000.0,0,0,0,0,12,2,NORMAL,0
9665.34,0.81,0,40,0.0924,20,3,12000.0,4800.0,0,0,0,0,9,14,NORMAL,0
62859.2,5.24,1,0,0.2101,2,1,12000.0,4800.0,0,0,0,0,40,19,SUSPICIOUS,1
2696.84,0.9,0,31,0.0579,19,0,3000.0,1200.0,0,0,0,0,6,3,NORMAL,0
21846.74,7.28,1,0,0.8433,6,4,3000.0,1200.0,1,1,0,0,97,78,EXTREME,1
3971.36,0.33,0,39,0.0644,12,2,12000.0,4800.0,0,0,0,0,6,5,NORMAL,0
7267.57,0.61,0,23,0.1546,20,0,12000.0,4800.0,0,0,1,0,9,1,NORMAL,0
7472.31,0.93,0,9,0.1067,14,1,8000.0,3200.0,0,0,0,0,9,6,NORMAL,0
1076.58,0.72,0,35,0.1817,9,2,1500.0,600.0,0,0,0,0,14,4,NORMAL,0
13863.26,4.62,1,0,0.2974,14,2,3000.0,1200.0,1,0,1,0,63,18,SUSPICIOUS,1
40902.27,8.18,1,0,0.4235,12,4,5000.0,2000.0,1,1,0,0,95,88,EXTREME,1
6364.57,0.8,0,31,0.1996,15,6,8000.0,3200.0,0,0,0,0,10,10,NORMAL,0
3040.1,0.61,0,32,0.1793,10,2,5000.0,2000.0,0,0,0,0,5,14,NORMAL,0
41175.01,5.15,1,0,1.0204,5,4,8000.0,3200.0,1,1,1,0,89,74,EXTREME,1
5362.93,0.45,0,23,0.0837,21,5,12000.0,4800.0,0,0,0,0,12,2,NORMAL,0
6347.02,0.79,0,23,0.1815,12,5,8000.0,3200.0,0,0,0,0,6,9,NORMAL,0
46401.74,5.8,0,1,0.5579,2,3,8000.0,3200.0,1,0,1,0,72,11,SUSPICIOUS,1
871.27,0.58,1,0,0.228,10,3,1500.0,600.0,0,0,0,0,1,3,NORMAL,0
4123.43,0.82,0,37,0.2366,13,4,5000.0,2000.0,0,0,0,0,2,1,NORMAL,0
9716.19,0.81,0,22,0.2226,11,1,12000.0,4800.0,0,0,1,0,2,3,NORMAL,0
47440.27,9.49,1,0,0.5389,3,2,5000.0,2000.0,1,1,1,0,94,83,EXTREME,1
6993.15,0.87,0,41,0.1834,22,6,8000.0,3200.0,0,0,0,0,10,10,NORMAL,0
2170.11,0.72,0,41,0.068,11,3,3000.0,1200.0,0,0,0,0,7,12,NORMAL,0
4670.72,0.93,0,8,0.0914,21,5,5000.0,2000.0,0,0,0,0,14,12,NORMAL,0
1081.31,0.72,0,43,0.0767,9,4,1500.0,600.0,0,0,0,0,10,2,NORMAL,0
11214.08,0.93,1,0,0.0763,8,5,12000.0,4800.0,0,0,0,0,0,11,NORMAL,0
12068.64,4.02,1,0,0.3896,4,5,3000.0,1200.0,0,1,1,0,19,78,SUSPICIOUS,1
6636.15,0.55,0,29,0.0791,14,2,12000.0,4800.0,0,0,0,0,7,4,NORMAL,0
5088.96,1.02,0,41,0.121,18,2,5000.0,2000.0,0,0,0,0,12,15,NORMAL,0
67175.26,8.4,1,0,1.1693,6,2,8000.0,3200.0,1,1,0,0,91,71,EXTREME,1
4697.74,0.59,0,16,0.1202,21,3,8000.0,3200.0,0,0,0,0,12,6,NORMAL,0
4030.71,0.81,0,13,0.2103,7,3,5000.0,2000.0,0,0,1,0,4,13,NORMAL,0
2236.22,0.75,0,39,0.1469,10,1,3000.0,1200.0,0,0,0,0,8,0,NORMAL,0
15000.0,5.0,1,0,0.4613,9,3,3000.0,1200.0,1,1,1,0,82,76,EXTREME,1
5779.0,0.72,0,8,0.2383,18,0,8000.0,3200.0,0,0,1,0,13,8,NORMAL,0
26651.77,5.33,1,0,0.339,19,5,5000.0,2000.0,0,0,0,0,11,10,SUSPICIOUS,1
1782.86,1.19,1,0,0.0534,21,5,1500.0,600.0,0,0,0,0,3,0,NORMAL,0
5455.85,1.09,0,43,0.0579,20,5,5000.0,2000.0,0,0,0,0,1,2,NORMAL,0
4561.89,0.91,0,13,0.1364,20,6,5000.0,2000.0,0,0,0,0,8,1,NORMAL,0
4891.37,0.61,0,2,0.1069,18,3,8000.0,3200.0,0,0,0,0,12,2,NORMAL,0
3274.33,1.09,0,24,0.2176,21,4,3000.0,1200.0,0,0,0,0,13,1,NORMAL,0
26523.81,3.32,0,1,0.4515,3,5,8000.0,3200.0,1,0,0,0,53,8,SUSPICIOUS,0
2767.33,0.92,0,14,0.1564,18,4,3000.0,1200.0,0,0,0,0,1,13,NORMAL,0
70536.28,5.88,1,0,1.1942,6,6,12000.0,4800.0,1,1,1,0,89,79,EXTREME,1
3241.35,0.65,1,0,0.0653,18,6,5000.0,2000.0,0,0,0,0,11,5,NORMAL,0
33586.59,11.2,1,0,0.7302,4,0,3000.0,1200.0,1,1,0,0,97,89,EXTREME,1
15751.22,10.5,1,0,0.9758,8,1,1500.0,600.0,1,1,1,0,89,80,EXTREME,1
55932.09,11.19,1,0,0.859,5,2,5000.0,2000.0,1,1,1,1,89,87,EXTREME,1
39056.06,4.88,1,0,0.8093,0,4,8000.0,3200.0,1,1,0,0,89,88,EXTREME,1
17613.04,5.87,1,0,0.2248,14,5,3000.0,1200.0,1,1,0,0,73,59,SUSPICIOUS,1
25400.23,3.18,1,0,0.4062,19,2,8000.0,3200.0,1,1,0,0,65,75,SUSPICIOUS,1
1606.68,0.54,0,43,0.1031,16,5,3000.0,1200.0,0,0,0,0,8,12,NORMAL,0
8675.08,5.78,1,0,0.3676,14,0,1500.0,600.0,1,1,0,0,66,66,SUSPICIOUS,1
8992.63,1.12,0,11,0.0787,15,1,8000.0,3200.0,0,0,0,0,7,11,NORMAL,0
3837.82,0.77,0,30,0.2389,19,2,5000.0,2000.0,0,0,0,0,4,2,NORMAL,0
1569.69,1.05,0,17,0.1087,13,3,1500.0,600.0,0,0,0,0,10,14,NORMAL,0
1782.6,1.19,0,41,0.1868,20,0,1500.0,600.0,0,0,0,0,10,13,NORMAL,0
4250.38,0.85,0,24,0.0615,21,4,5000.0,2000.0,0,0,0,0,2,11,NORMAL,0
116912.34,9.74,1,0,0.961,17,6,12000.0,4800.0,1,1,0,1,90,76,EXTREME,1
3185.22,1.06,0,31,0.1909,11,0,3000.0,1200.0,0,0,0,0,10,14,NORMAL,0
129977.7,10.83,1,0,1.1766,0,4,12000.0,4800.0,1,1,0,0,89,90,EXTREME,1
10407.71,0.87,0,34,0.138,18,6,12000.0,4800.0,0,0,0,0,4,12,NORMAL,0
6053.68,1.21,0,26,0.1657,9,3,5000.0,2000.0,0,0,0,0,5,10,NORMAL,0
4160.16,0.83,0,42,0.0427,14,3,5000.0,2000.0,0,0,0,0,3,6,NORMAL,0
5282.86,1.06,0,4,0.2357,20,4,5000.0,2000.0,0,0,0,0,8,6,NORMAL,0
10123.77,0.84,0,2,0.1423,22,6,12000.0,4800.0,0,0,0,0,4,11,NORMAL,0
9157.24,3.05,1,0,0.389,23,0,3000.0,1200.0,0,1,0,0,42,66,SUSPICIOUS,1
5607.32,0.7,0,33,0.0501,7,1,8000.0,3200.0,0,0,0,0,0,12,NORMAL,0
989.91,0.66,0,11,0.0577,12,6,1500.0,600.0,0,0,0,0,1,10,NORMAL,0
10431.98,1.3,0,3,0.2393,15,1,8000.0,3200.0,0,0,0,0,12,13,NORMAL,0
11686.23,3.9,0,1,0.4246,1,0,3000.0,1200.0,0,1,0,0,8,55,SUSPICIOUS,1
2825.06,0.94,0,18,0.169,8,4,3000.0,1200.0,0,0,0,0,8,7,NORMAL,0
26781.94,3.35,1,0,0.2011,4,6,8000.0,3200.0,0,1,0,1,40,66,SUSPICIOUS,1
2706.28,0.54,0,20,0.1975,15,4,5000.0,2000.0,0,0,0,0,3,4,NORMAL,0
9906.12,1.24,0,26,0.0978,19,1,8000.0,3200.0,0,0,0,0,10,13,NORMAL,0
4516.81,0.9,0,13,0.1381,19,2,5000.0,2000.0,0,0,0,0,7,14,NORMAL,0
15000.0,10.0,1,0,0.8704,11,2,1500.0,600.0,1,1,0,0,97,86,EXTREME,1
1932.45,1.29,0,44,0.0475,11,6,1500.0,600.0,0,0,0,0,14,10,NORMAL,0
13484.64,4.49,0,3,0.3794,23,1,3000.0,1200.0,0,1,0,0,39,65,SUSPICIOUS,1
1742.32,0.58,0,9,0.0485,18,6,3000.0,1200.0,0,0,0,0,2,7,NORMAL,0
7337.56,0.92,1,0,0.0993,21,2,8000.0,3200.0,0,0,0,0,4,6,NORMAL,0
5606.53,1.12,0,39,0.0568,10,1,5000.0,2000.0,0,0,0,0,2,0,NORMAL,0
1141.87,0.76,0,32,0.1109,12,5,1500.0,600.0,0,0,0,0,11,7,NORMAL,0
26389.07,3.3,1,0,0.4503,23,3,8000.0,3200.0,1,0,1,1,55,16,SUSPICIOUS,1
5397.95,0.45,1,0,0.106,7,6,12000.0,4800.0,0,0,0,0,9,3,NORMAL,0
15000.0,10.0,1,0,0.592,3,6,1500.0,600.0,1,1,1,0,82,81,EXTREME,1
10373.92,0.86,0,15,0.2226,13,1,12000.0,4800.0,0,0,0,0,0,15,NORMAL,0
1798.98,0.6,0,6,0.1322,19,5,3000.0,1200.0,0,0,0,0,12,15,NORMAL,0
2047.18,1.36,0,18,0.2324,16,0,1500.0,600.0,0,0,0,0,13,3,NORMAL,0
9733.78,0.81,0,40,0.2376,14,0,12000.0,4800.0,0,0,0,0,1,4,NORMAL,0
4696.09,0.94,0,28,0.1196,21,6,5000.0,2000.0,0,0,0,0,12,6,NORMAL,0
2427.07,0.81,0,24,0.1878,16,2,3000.0,1200.0,0,0,0,0,2,8,NORMAL,0
1434.58,0.96,0,27,0.103,20,0,1500.0,600.0,0,0,1,0,12,11,NORMAL,0
72891.83,6.07,1,0,0.4366,16,6,12000.0,4800.0,1,1,0,0,86,86,EXTREME,1
802.13,0.53,0,44,0.162,17,6,1500.0,600.0,0,0,0,0,13,2,NORMAL,0
7315.46,0.91,0,36,0.2376,14,1,8000.0,3200.0,0,0,0,0,1,7,NORMAL,0
16508.52,11.01,1,0,0.6499,12,6,1500.0,600.0,1,1,1,1,84,89,EXTREME,1
5276.94,1.06,0,11,0.1209,12,4,5000.0,2000.0,0,0,0,0,2,12,NORMAL,0
3094.68,0.39,0,3,0.0751,16,3,8000.0,3200.0,0,0,0,0,12,14,NORMAL,0
1836.45,1.22,1,0,0.2169,10,4,1500.0,600.0,0,0,0,0,2,14,NORMAL,0
2642.76,0.88,0,2,0.2034,9,5,3000.0,1200.0,0,0,1,0,11,14,NORMAL,0
41612.91,5.2,1,0,0.2696,2,1,8000.0,3200.0,0,0,0,1,7,4,SUSPICIOUS,1
4697.19,0.94,0,39,0.133,20,5,5000.0,2000.0,0,0,0,0,2,0,NORMAL,0
4125.59,0.83,0,43,0.1281,14,5,5000.0,2000.0,0,0,0,0,9,1,NORMAL,0
7411.72,0.93,0,33,0.1947,21,6,8000.0,3200.0,0,0,0,0,6,6,NORMAL,0
527.98,0.35,0,7,0.1159,16,1,1500.0,600.0,0,0,0,0,7,12,NORMAL,0
9187.96,1.15,0,42,0.1104,9,4,8000.0,3200.0,0,0,0,0,10,11,NORMAL,0
29790.61,3.72,1,0,0.5401,3,2,8000.0,3200.0,0,0,1,0,18,12,SUSPICIOUS,1
14491.87,1.21,0,31,0.157,22,1,12000.0,4800.0,0,0,0,1,4,13,NORMAL,0
4986.52,0.62,0,40,0.204,19,1,8000.0,3200.0,0,0,0,0,8,9,NORMAL,0
1415.51,0.94,0,13,0.2166,15,4,1500.0,600.0,0,0,0,0,5,8,NORMAL,0
3245.83,1.08,0,11,0.1492,18,6,3000.0,1200.0,0,0,0,0,11,6,NORMAL,0
20134.68,4.03,0,1,0.5738,23,3,5000.0,2000.0,0,0,0,1,45,1,SUSPICIOUS,1
2218.72,0.74,0,19,0.2343,17,5,3000.0,1200.0,0,0,0,0,2,7,NORMAL,0
71853.65,5.99,1,0,0.5526,3,5,12000.0,4800.0,0,0,0,0,4,6,SUSPICIOUS,1
27267.62,5.45,1,0,0.2472,23,1,5000.0,2000.0,1,0,0,0,69,45,SUSPICIOUS,1
1406.73,0.47,0,38,0.2118,19,2,3000.0,1200.0,0,0,0,0,5,3,NORMAL,0
31575.97,6.32,1,0,0.8106,23,5,5000.0,2000.0,1,1,0,0,84,93,EXTREME,1
3821.71,1.27,0,42,0.2103,13,1,3000.0,1200.0,0,0,0,0,15,12,NORMAL,0
9697.61,0.81,0,10,0.0442,7,1,12000.0,4800.0,0,0,0,0,14,6,NORMAL,0
4087.43,0.82,0,27,0.1787,9,0,5000.0,2000.0,0,0,0,0,11,6,NORMAL,0
27407.11,5.48,1,0,0.4925,0,6,5000.0,2000.0,1,0,1,1,66,42,SUSPICIOUS,1
2904.76,0.97,0,3,0.1466,7,6,3000.0,1200.0,0,0,0,0,5,15,NORMAL,0
3572.36,0.71,0,27,0.1107,10,1,5000.0,2000.0,0,0,0,0,12,14,NORMAL,0
8666.68,1.08,0,23,0.1953,9,1,8000.0,3200.0,0,0,0,0,1,13,NORMAL,0
1142.64,0.76,0,43,0.077,19,4,1500.0,600.0,0,0,0,0,6,11,NORMAL,0
1680.53,1.12,0,4,0.1998,20,1,1500.0,600.0,0,0,0,0,15,2,NORMAL,0
4818.79,0.6,0,34,0.242,12,0,8000.0,3200.0,0,0,0,0,6,0,NORMAL,0
1394.7,0.93,0,32,0.201,14,5,1500.0,600.0,0,0,0,0,14,0,NORMAL,0
7889.06,0.66,0,21,0.0793,9,0,12000.0,4800.0,0,0,0,0,2,15,NORMAL,0
1408.88,0.94,0,29,0.2022,22,2,1500.0,600.0,0,0,0,0,1,8,NORMAL,0
4072.93,0.51,0,20,0.1277,11,2,8000.0,3200.0,0,0,0,0,7,8,NORMAL,0
8481.17,5.65,1,0,0.5479,14,1,1500.0,600.0,1,0,0,0,51,0,SUSPICIOUS,1
1503.64,1.0,1,0,0.228,17,4,1500.0,600.0,0,0,0,0,5,1,NORMAL,0
6117.38,4.08,1,0,0.3264,23,4,1500.0,600.0,1,0,1,1,64,15,SUSPICIOUS,1
1993.89,0.66,0,43,0.2063,10,3,3000.0,1200.0,0,0,0,0,14,12,NORMAL,0
1699.38,1.13,0,38,0.1336,16,0,1500.0,600.0,0,0,0,0,9,13,NORMAL,0
24199.94,4.84,1,0,0.4639,23,5,5000.0,2000.0,1,0,0,0,65,13,SUSPICIOUS,1
5728.95,0.48,0,8,0.1118,18,4,12000.0,4800.0,0,0,0,0,11,14,NORMAL,0
1326.12,0.88,0,44,0.1401,12,3,1500.0,600.0,0,0,0,0,2,9,NORMAL,0
14451.32,1.2,0,43,0.156,10,4,12000.0,4800.0,0,0,0,0,5,14,NORMAL,0
1156.9,0.77,0,14,0.1197,11,0,1500.0,600.0,0,0,0,0,5,11,NORMAL,0
11559.13,0.96,0,41,0.1306,21,0,12000.0,4800.0,0,0,0,0,11,2,NORMAL,0
2293.95,0.76,0,45,0.1892,22,5,3000.0,1200.0,0,0,0,0,5,0,NORMAL,0
5795.3,1.16,0,39,0.2153,7,5,5000.0,2000.0,0,0,0,0,0,5,NORMAL,0
119753.95,9.98,1,0,0.4977,19,2,12000.0,4800.0,1,1,1,0,95,84,EXTREME,1
89744.69,7.48,1,0,0.6127,18,6,12000.0,4800.0,1,1,1,1,86,75,EXTREME,1
15000.0,10.0,1,0,1.0227,20,3,1500.0,600.0,1,1,0,0,95,78,EXTREME,1
2311.2,0.77,1,0,0.2102,7,4,3000.0,1200.0,0,0,0,0,15,3,NORMAL,0
1547.73,1.03,0,16,0.1608,19,4,1500.0,600.0,0,0,0,0,3,12,NORMAL,0
3016.36,0.6,1,0,0.0748,18,1,5000.0,2000.0,0,0,0,0,8,13,NORMAL,0
2567.37,0.86,0,12,0.0908,20,1,3000.0,1200.0,0,0,0,0,11,14,NORMAL,0
17885.12,5.96,0,1,0.4137,0,1,3000.0,1200.0,1,1,0,0,63,73,SUSPICIOUS,1
771.2,0.51,0,45,0.092,13,5,1500.0,600.0,0,0,1,0,14,12,NORMAL,0
20124.91,4.02,1,0,0.645,13,4,5000.0,2000.0,1,1,0,0,83,71,EXTREME,1
6515.54,0.54,0,34,0.1829,9,1,12000.0,4800.0,0,0,0,0,2,2,NORMAL,0
2927.56,0.98,1,0,0.0939,11,0,3000.0,1200.0,0,0,0,0,1,1,NORMAL,0
3873.85,0.77,0,17,0.1349,14,1,5000.0,2000.0,0,0,0,0,13,4,NORMAL,0
12965.07,1.08,0,3,0.2052,11,5,12000.0,4800.0,0,0,0,0,13,13,NORMAL,0
2384.15,0.79,0,39,0.1947,19,1,3000.0,1200.0,0,0,0,0,6,11,NORMAL,0
6417.35,1.28,0,42,0.1027,9,1,5000.0,2000.0,0,0,0,0,9,7,NORMAL,0
1754.02,1.17,0,26,0.239,21,2,1500.0,600.0,0,0,0,0,5,14,NORMAL,0
7755.27,0.97,0,32,0.0713,13,2,8000.0,3200.0,0,0,0,0,11,9,NORMAL,0
19922.02,6.64,1,0,0.5714,0,4,3000.0,1200.0,1,1,1,1,80,95,EXTREME,1
2600.34,0.52,0,4,0.0848,17,2,5000.0,2000.0,0,0,0,0,0,12,NORMAL,0
57613.5,4.8,1,0,0.2436,1,1,12000.0,4800.0,0,0,0,0,2,42,SUSPICIOUS,1
6430.55,0.8,0,37,0.2017,22,1,8000.0,3200.0,0,0,0,0,15,6,NORMAL,0
1477.06,0.98,0,29,0.1716,16,2,1500.0,600.0,0,0,0,0,15,0,NORMAL,0
5477.64,1.1,0,39,0.096,16,1,5000.0,2000.0,0,0,0,0,12,6,NORMAL,0
13127.44,1.09,0,7,0.165,15,4,12000.0,4800.0,0,0,0,0,5,15,NORMAL,0
8301.66,1.04,0,23,0.1624,9,2,8000.0,3200.0,0,0,0,0,2,6,NORMAL,0
1789.15,0.36,0,39,0.1463,14,5,5000.0,2000.0,0,0,0,0,14,4,NORMAL,0
26869.09,5.37,1,0,0.5656,14,2,5000.0,2000.0,1,0,1,0,73,46,SUSPICIOUS,1
6992.39,4.66,1,0,0.2204,4,6,1500.0,600.0,0,1,0,0,20,72,SUSPICIOUS,1
8540.86,0.71,0,44,0.2025,11,6,12000.0,4800.0,0,0,0,0,0,4,NORMAL,0
25084.2,5.02,1,0,0.2731,4,6,5000.0,2000.0,0,1,0,1,1,80,SUSPICIOUS,1
1387.66,0.93,0,12,0.1134,16,1,1500.0,600.0,0,0,0,0,3,4,NORMAL,0
7909.3,0.99,0,2,0.0878,21,4,8000.0,3200.0,0,0,0,0,3,15,NORMAL,0
21678.62,4.34,0,2,0.2556,3,2,5000.0,2000.0,1,0,1,1,72,17,SUSPICIOUS,1
1562.09,0.52,0,45,0.1958,7,5,3000.0,1200.0,0,0,0,0,0,9,NORMAL,0
4302.11,1.43,0,42,0.1384,16,3,3000.0,1200.0,0,0,0,0,11,14,NORMAL,0
11273.56,0.94,0,45,0.2071,15,5,12000.0,4800.0,0,0,1,0,3,0,NORMAL,0
15159.8,3.03,0,3,0.2101,3,1,5000.0,2000.0,0,0,0,0,14,48,SUSPICIOUS,1
10476.68,1.31,0,30,0.2203,20,2,8000.0,3200.0,0,0,0,0,5,14,NORMAL,0
5882.29,0.74,0,20,0.0853,21,4,8000.0,3200.0,0,0,0,0,10,7,NORMAL,0
70417.1,8.8,1,0,0.8651,10,4,8000.0,3200.0,1,1,0,0,80,91,EXTREME,1
9057.93,0.75,0,20,0.1349,22,3,12000.0,4800.0,0,0,0,0,11,1,NORMAL,0
71001.63,5.92,1,0,0.4246,19,0,12000.0,4800.0,0,1,1,0,18,73,SUSPICIOUS,1
13996.48,2.8,0,3,0.3113,1,4,5000.0,2000.0,0,1,1,0,9,70,SUSPICIOUS,1
2569.28,0.86,0,18,0.1577,13,5,3000.0,1200.0,0,0,0,0,0,2,NORMAL,0
51202.74,10.24,1,0,1.1919,0,1,5000.0,2000.0,1,1,0,1,84,84,EXTREME,1
5412.35,1.08,1,0,0.1454,7,1,5000.0,2000.0,0,0,1,0,2,9,NORMAL,0
38217.1,4.78,1,0,0.31,23,3,8000.0,3200.0,1,0,0,0,56,2,SUSPICIOUS,1
29705.84,9.9,1,0,0.8332,14,5,3000.0,1200.0,1,1,1,1,86,84,EXTREME,1
12749.94,4.25,1,0,0.3428,23,3,3000.0,1200.0,1,1,1,1,63,68,SUSPICIOUS,1
31322.55,6.26,1,0,0.8286,9,2,5000.0,2000.0,1,1,0,0,93,88,EXTREME,1
2970.19,0.99,0,3,0.2284,12,0,3000.0,1200.0,0,0,0,0,6,3,NORMAL,0
9511.23,1.19,0,45,0.2252,16,1,8000.0,3200.0,0,0,0,0,15,4,NORMAL,0
3144.31,1.05,0,16,0.2176,18,5,3000.0,1200.0,0,0,0,0,10,13,NORMAL,0
2510.13,0.5,0,3,0.1088,8,6,5000.0,2000.0,0,0,0,0,9,10,NORMAL,0
3652.63,0.73,0,41,0.0767,18,1,5000.0,2000.0,0,0,0,0,15,11,NORMAL,0
4919.63,0.98,0,14,0.1932,7,1,5000.0,2000.0,0,0,0,0,14,6,NORMAL,0
10980.61,0.92,0,3,0.0414,14,6,12000.0,4800.0,0,0,0,0,5,15,NORMAL,0
1735.16,0.58,1,0,0.1569,7,4,3000.0,1200.0,0,0,0,0,1,0,NORMAL,0
1631.24,1.09,0,40,0.1099,11,6,1500.0,600.0,0,0,0,0,4,15,NORMAL,0
64671.73,5.39,1,0,0.2148,23,5,12000.0,4800.0,1,0,1,0,72,18,SUSPICIOUS,1
10050.82,3.35,0,1,0.2241,23,2,3000.0,1200.0,0,0,1,0,7,14,SUSPICIOUS,1
5115.68,0.64,0,3,0.08,15,0,8000.0,3200.0,0,0,0,0,2,4,NORMAL,0
8906.12,1.11,0,13,0.2268,20,3,8000.0,3200.0,0,0,0,0,14,6,NORMAL,0
6134.42,0.77,0,10,0.064,22,4,8000.0,3200.0,0,0,0,0,15,4,NORMAL,0
1237.05,0.82,0,13,0.246,10,0,1500.0,600.0,0,0,0,0,2,6,NORMAL,0
8386.76,0.7,0,25,0.0671,10,1,12000.0,4800.0,0,0,0,0,7,13,NORMAL,0
10828.95,0.9,0,25,0.124,11,5,12000.0,4800.0,0,0,0,0,14,7,NORMAL,0
7828.8,0.65,0,11,0.1686,18,1,12000.0,4800.0,0,0,0,0,3,2,NORMAL,0
4214.31,2.81,1,0,0.5511,23,5,1500.0,600.0,0,1,1,1,35,57,SUSPICIOUS,0
3302.55,0.41,0,2,0.052,14,0,8000.0,3200.0,0,0,0,0,15,10,NORMAL,0
2462.41,0.82,1,0,0.1632,18,3,3000.0,1200.0,0,0,0,0,9,9,NORMAL,0
11502.87,0.96,0,3,0.1708,7,1,12000.0,4800.0,0,0,0,0,7,5,NORMAL,0
31759.35,3.97,0,1,0.4901,19,4,8000.0,3200.0,1,1,0,0,53,72,SUSPICIOUS,1
8106.54,1.01,0,22,0.2049,8,6,8000.0,3200.0,0,0,0,0,4,7,NORMAL,0
7081.47,4.72,0,3,0.325,19,4,1500.0,600.0,1,0,1,0,59,40,SUSPICIOUS,1
2167.98,0.72,1,0,0.1691,19,6,3000.0,1200.0,0,0,0,0,9,9,NORMAL,0
3240.01,0.65,0,5,0.0801,7,1,5000.0,2000.0,0,0,0,0,3,6,NORMAL,0
3309.67,1.1,0,15,0.1342,16,6,3000.0,1200.0,0,0,0,0,0,1,NORMAL,0
2139.62,0.71,1,0,0.1742,20,2,3000.0,1200.0,0,0,0,0,15,0,NORMAL,0
4077.93,0.82,1,0,0.0723,10,6,5000.0,2000.0,0,0,0,0,13,2,NORMAL,0
4178.52,2.79,1,0,0.4336,2,0,1500.0,600.0,1,1,0,0,60,72,SUSPICIOUS,1
2470.76,0.82,0,44,0.1003,8,6,3000.0,1200.0,0,0,0,0,15,3,NORMAL,0
68953.74,5.75,1,0,0.3733,23,0,12000.0,4800.0,0,1,0,0,6,55,SUSPICIOUS,1
5288.59,0.66,0,13,0.0981,14,4,8000.0,3200.0,0,0,0,0,13,15,NORMAL,0
6656.98,0.55,0,35,0.1544,13,1,12000.0,4800.0,0,0,0,0,12,8,NORMAL,0
59556.0,7.44,1,0,1.1295,7,4,8000.0,3200.0,1,1,1,0,96,71,EXTREME,1
8697.03,0.72,0,14,0.0525,14,3,12000.0,4800.0,0,0,0,0,9,10,NORMAL,0
3133.46,0.63,0,3,0.1903,22,0,5000.0,2000.0,0,0,1,0,0,3,NORMAL,0
1823.43,1.22,0,8,0.0477,17,5,1500.0,600.0,0,0,0,0,10,1,NORMAL,0
2196.38,0.73,0,27,0.2119,15,3,3000.0,1200.0,0,0,0,0,6,5,NORMAL,0
7100.38,0.89,0,45,0.1597,10,2,8000.0,3200.0,0,0,0,0,7,13,NORMAL,0
3016.77,1.01,0,6,0.2319,13,6,3000.0,1200.0,0,0,0,0,2,6,NORMAL,0
62874.35,5.24,1,0,0.5497,0,2,12000.0,4800.0,0,1,0,0,15,60,SUSPICIOUS,1
52131.07,4.34,1,0,0.3978,2,6,12000.0,4800.0,0,1,0,1,39,55,SUSPICIOUS,1
1786.71,0.6,0,10,0.1961,12,1,3000.0,1200.0,0,0,0,0,4,13,NORMAL,0
55488.84,6.94,1,0,1.1053,16,1,8000.0,3200.0,1,1,1,0,92,78,EXTREME,1
2320.76,0.77,0,21,0.074,9,6,3000.0,1200.0,0,0,0,0,0,2,NORMAL,0
6637.78,0.55,0,4,0.0988,9,2,12000.0,4800.0,0,0,0,0,8,15,NORMAL,0
1102.96,0.74,0,42,0.1479,13,6,1500.0,600.0,0,0,0,0,9,0,NORMAL,0
2261.83,0.75,0,7,0.2295,21,5,3000.0,1200.0,0,0,0,0,4,11,NORMAL,0
111261.91,9.27,1,0,0.4471,13,5,12000.0,4800.0,1,1,1,0,93,87,EXTREME,1
3001.59,0.6,0,22,0.0922,9,6,5000.0,2000.0,0,0,0,0,11,9,NORMAL,0
7744.63,0.65,0,25,0.1795,20,0,12000.0,4800.0,0,0,0,0,1,14,NORMAL,0
9536.66,3.18,1,0,0.2418,0,4,3000.0,1200.0,0,1,1,0,35,58,SUSPICIOUS,0
7614.83,2.54,1,0,0.4948,1,6,3000.0,1200.0,0,0,0,0,0,17,SUSPICIOUS,1
2773.13,0.55,0,31,0.216,14,3,5000.0,2000.0,0,0,0,0,6,7,NORMAL,0
1719.99,0.57,0,34,0.1572,10,0,3000.0,1200.0,0,0,0,0,3,7,NORMAL,0
131680.83,10.97,1,0,0.6453,11,2,12000.0,4800.0,1,1,1,0,98,78,EXTREME,1
2884.11,0.96,0,6,0.114,16,4,3000.0,1200.0,0,0,0,0,1,1,NORMAL,0
22368.99,2.8,0,1,0.5994,2,1,8000.0,3200.0,0,1,0,0,8,54,SUSPICIOUS,0
6700.36,0.84,0,6,0.1332,12,3,8000.0,3200.0,0,0,0,0,9,9,NORMAL,0
6791.61,4.53,1,0,0.3672,2,6,1500.0,600.0,1,1,0,0,64,54,SUSPICIOUS,1
2989.81,1.0,1,0,0.1467,15,2,3000.0,1200.0,0,0,1,0,10,11,NORMAL,0
3095.73,0.62,0,22,0.0584,13,3,5000.0,2000.0,0,0,1,0,0,3,NORMAL,0
14098.29,1.17,0,27,0.1242,17,2,12000.0,4800.0,0,0,0,1,9,10,NORMAL,0
6013.88,1.2,1,0,0.1652,19,6,5000.0,2000.0,0,0,0,0,11,2,NORMAL,0
2923.13,0.58,0,25,0.2173,11,6,5000.0,2000.0,0,0,0,0,6,0,NORMAL,0
30428.05,2.54,1,0,0.2634,4,6,12000.0,4800.0,0,0,1,0,0,12,SUSPICIOUS,0
7304.86,0.91,0,4,0.1219,19,5,8000.0,3200.0,0,0,1,0,3,3,NORMAL,0
2606.02,0.87,0,18,0.1987,11,0,3000.0,1200.0,0,0,0,0,8,5,NORMAL,0
1784.89,0.59,1,0,0.2134,18,4,3000.0,1200.0,0,0,0,0,3,11,NORMAL,0
3215.47,1.07,0,10,0.0678,9,2,3000.0,1200.0,0,0,0,0,7,4,NORMAL,0
2095.33,0.7,0,22,0.1525,10,4,3000.0,1200.0,0,0,0,0,8,11,NORMAL,0
1705.78,0.57,0,6,0.0968,12,1,3000.0,1200.0,0,0,0,0,13,7,NORMAL,0
1072.2,0.71,0,2,0.2071,7,4,1500.0,600.0,0,0,0,0,14,3,NORMAL,0
7865.82,5.24,0,1,0.2403,2,6,1500.0,600.0,1,0,0,0,55,3,SUSPICIOUS,1
3061.49,1.02,1,0,0.2149,10,6,3000.0,1200.0,0,0,0,0,7,2,NORMAL,0
13475.29,1.12,1,0,0.2462,7,5,12000.0,4800.0,0,0,0,0,6,15,NORMAL,0
2928.37,0.59,0,6,0.0589,18,0,5000.0,2000.0,0,0,0,0,4,5,NORMAL,0
15000.0,10.0,1,0,0.5157,8,2,1500.0,600.0,1,1,0,0,93,80,EXTREME,1
9725.72,0.81,1,0,0.0517,12,6,12000.0,4800.0,0,0,0,0,4,1,NORMAL,0
50250.88,4.19,1,0,0.5533,1,4,12000.0,4800.0,1,1,0,0,59,56,SUSPICIOUS,1
40722.23,5.09,1,0,0.3883,23,2,8000.0,3200.0,0,0,0,0,38,9,SUSPICIOUS,1
3692.65,0.74,0,33,0.1987,16,0,5000.0,2000.0,0,0,0,0,13,3,NORMAL,0
34344.81,2.86,1,0,0.599,19,0,12000.0,4800.0,0,0,0,0,16,9,SUSPICIOUS,1
8335.51,2.78,0,3,0.4521,1,4,3000.0,1200.0,0,1,0,0,49,65,SUSPICIOUS,1
3790.08,0.76,0,12,0.1557,20,2,5000.0,2000.0,0,0,0,0,11,15,NORMAL,0
4573.39,0.91,0,11,0.2299,9,4,5000.0,2000.0,0,0,0,0,0,4,NORMAL,0
52473.25,4.37,1,0,0.6347,1,5,12000.0,4800.0,1,1,0,1,91,84,EXTREME,1
2324.51,0.77,0,41,0.2082,15,1,3000.0,1200.0,0,0,0,0,11,1,NORMAL,0
1243.53,0.83,0,3,0.2098,21,3,1500.0,600.0,0,0,0,0,12,6,NORMAL,0
5846.1,3.9,1,0,0.472,3,5,1500.0,600.0,0,0,1,1,12,44,SUSPICIOUS,1
1263.67,0.84,0,18,0.2302,12,5,1500.0,600.0,0,0,0,0,15,10,NORMAL,0
1227.49,0.41,0,2,0.0464,13,4,3000.0,1200.0,0,0,0,0,13,6,NORMAL,0
7169.11,0.6,0,27,0.0788,17,5,12000.0,4800.0,0,0,0,0,7,11,NORMAL,0
14205.82,4.74,1,0,0.5117,14,1,3000.0,1200.0,1,0,1,1,52,11,SUSPICIOUS,1
5989.5,0.5,0,19,0.1011,11,2,12000.0,4800.0,0,0,0,0,5,5,NORMAL,0
4614.6,0.58,0,18,0.2199,9,6,8000.0,3200.0,0,0,0,0,2,2,NORMAL,0
1379.19,0.92,0,33,0.1816,15,5,1500.0,600.0,0,0,0,0,1,15,NORMAL,0
11488.84,1.44,1,0,0.2435,14,3,8000.0,3200.0,0,0,0,0,10,13,NORMAL,0
24016.53,4.8,1,0,0.2761,23,1,5000.0,2000.0,0,0,1,0,19,19,SUSPICIOUS,1
864.52,0.58,0,42,0.1921,10,6,1500.0,600.0,0,0,0,0,5,2,NORMAL,0
20937.24,4.19,0,2,0.4839,2,3,5000.0,2000.0,1,1,0,0,66,72,SUSPICIOUS,1
3783.45,0.76,0,10,0.1983,7,5,5000.0,2000.0,0,0,0,1,12,3,NORMAL,0
1843.3,0.61,0,37,0.1619,9,6,3000.0,1200.0,0,0,0,0,9,12,NORMAL,0
4730.66,3.15,1,0,0.4114,0,2,1500.0,600.0,1,1,0,1,71,71,SUSPICIOUS,1
18942.69,6.31,1,0,0.6529,20,5,3000.0,1200.0,1,1,1,0,92,95,EXTREME,1
10544.9,1.32,0,3,0.0989,17,1,8000.0,3200.0,0,0,0,0,7,13,NORMAL,0
9138.61,3.05,1,0,0.379,3,2,3000.0,1200.0,0,1,0,0,9,57,SUSPICIOUS,1
3722.4,1.24,0,14,0.2235,20,1,3000.0,1200.0,0,0,0,0,14,3,NORMAL,0
11306.66,0.94,0,4,0.0678,10,1,12000.0,4800.0,0,0,0,0,8,9,NORMAL,0
7387.13,0.92,0,36,0.2355,15,1,8000.0,3200.0,0,0,0,0,15,15,NORMAL,0
7958.2,2.65,1,0,0.4787,1,2,3000.0,1200.0,0,0,1,0,20,11,SUSPICIOUS,0
55415.88,4.62,1,0,0.2212,14,5,12000.0,4800.0,0,0,0,0,46,48,SUSPICIOUS,1
1043.01,0.7,0,16,0.1192,14,3,1500.0,600.0,0,0,0,0,6,10,NORMAL,0
41078.7,5.13,1,0,0.309,4,4,8000.0,3200.0,1,0,1,0,52,13,SUSPICIOUS,1
45997.94,3.83,1,0,0.52,3,5,12000.0,4800.0,0,0,0,0,5,10,SUSPICIOUS,1
8182.89,0.68,0,28,0.162,22,5,12000.0,4800.0,0,0,0,0,9,14,NORMAL,0
4936.87,0.99,0,3,0.1382,22,1,5000.0,2000.0,0,0,0,0,15,12,NORMAL,0
6809.68,0.57,0,10,0.1855,17,1,12000.0,4800.0,0,0,0,0,9,3,NORMAL,0
6675.01,0.56,0,18,0.0759,22,6,12000.0,4800.0,0,0,0,0,11,15,NORMAL,0
10133.68,0.84,0,43,0.0465,15,4,12000.0,4800.0,0,0,0,0,15,3,NORMAL,0
17532.8,3.51,1,0,0.4557,23,4,5000.0,2000.0,0,0,0,0,35,11,SUSPICIOUS,1
4394.52,2.93,1,0,0.4613,0,0,1500.0,600.0,0,0,1,0,5,12,SUSPICIOUS,1
16425.87,5.48,1,0,0.3249,2,6,3000.0,1200.0,0,0,1,0,10,12,SUSPICIOUS,1
6016.07,0.75,0,12,0.0956,14,3,8000.0,3200.0,0,0,0,0,14,3,NORMAL,0
37786.26,3.15,1,0,0.3111,2,3,12000.0,4800.0,1,0,1,0,72,3,SUSPICIOUS,1
4445.2,0.89,0,21,0.1624,22,3,5000.0,2000.0,0,0,1,0,15,11,NORMAL,0
3757.01,0.75,0,45,0.1874,14,0,5000.0,2000.0,0,0,0,0,1,5,NORMAL,0
37849.0,4.73,1,0,0.3712,2,4,8000.0,3200.0,1,0,1,0,69,14,SUSPICIOUS,1
1341.62,0.89,0,6,0.1699,17,6,1500.0,600.0,0,0,0,0,12,4,NORMAL,0
9682.19,0.81,0,18,0.0809,21,3,12000.0,4800.0,0,0,0,0,11,0,NORMAL,0
41255.4,3.44,1,0,0.3044,2,6,12000.0,4800.0,0,1,1,1,5,69,SUSPICIOUS,1
5146.26,3.43,1,0,0.4887,23,5,1500.0,600.0,0,0,1,0,10,18,SUSPICIOUS,1
2393.63,0.8,0,6,0.1994,22,0,3000.0,1200.0,0,0,0,0,6,13,NORMAL,0
6138.35,0.77,0,37,0.111,21,3,8000.0,3200.0,0,0,0,0,15,11,NORMAL,0
34640.43,11.55,1,0,0.6605,22,3,3000.0,1200.0,1,1,0,0,81,74,EXTREME,1
12911.11,4.3,1,0,0.528,1,2,3000.0,1200.0,1,1,1,0,73,65,SUSPICIOUS,1
12929.41,2.59,1,0,0.5874,23,0,5000.0,2000.0,0,1,0,1,5,63,SUSPICIOUS,1
5858.32,1.17,0,7,0.1672,11,4,5000.0,2000.0,0,0,0,0,8,5,NORMAL,0
2851.05,0.57,0,20,0.1661,21,2,5000.0,2000.0,0,0,0,0,10,1,NORMAL,0
29580.27,5.92,1,0,0.5434,19,1,5000.0,2000.0,0,0,0,0,46,15,SUSPICIOUS,1
132304.82,11.03,1,0,0.9964,15,5,12000.0,4800.0,1,1,1,0,93,82,EXTREME,1
5239.37,0.65,0,13,0.2287,16,4,8000.0,3200.0,0,0,0,0,5,11,NORMAL,0
7713.16,0.96,0,43,0.0612,12,1,8000.0,3200.0,0,0,0,0,7,5,NORMAL,0
11598.36,0.97,0,32,0.1849,17,3,12000.0,4800.0,0,0,0,0,3,13,NORMAL,0
48325.92,4.03,0,2,0.5894,23,1,12000.0,4800.0,1,0,0,0,51,48,SUSPICIOUS,1
1968.3,0.66,0,22,0.2429,13,3,3000.0,1200.0,0,0,0,0,10,9,NORMAL,0
5633.28,1.13,0,17,0.0989,9,3,5000.0,2000.0,0,0,0,0,13,8,NORMAL,0
15000.0,10.0,1,0,0.5091,0,5,1500.0,600.0,1,1,0,1,80,71,EXTREME,1
5221.24,3.48,1,0,0.4222,19,5,1500.0,600.0,0,0,0,0,15,5,SUSPICIOUS,0
6066.81,4.04,1,0,0.2782,14,6,1500.0,600.0,0,0,0,0,13,9,SUSPICIOUS,1
12320.79,1.03,0,11,0.041,22,2,12000.0,4800.0,0,0,0,0,9,15,NORMAL,0
11660.48,0.97,0,20,0.1293,17,4,12000.0,4800.0,0,0,0,0,7,3,NORMAL,0
1467.77,0.98,0,11,0.0798,16,1,1500.0,600.0,0,0,0,0,2,6,NORMAL,0
2193.49,0.73,0,19,0.1914,22,6,3000.0,1200.0,0,0,0,0,7,12,NORMAL,0
79792.71,9.97,1,0,0.533,4,4,8000.0,3200.0,1,1,0,0,97,73,EXTREME,1
1480.75,0.19,0,4,0.0916,21,4,8000.0,3200.0,0,0,0,0,14,9,NORMAL,0
9643.49,0.8,0,43,0.2123,21,0,12000.0,4800.0,0,0,0,0,8,6,NORMAL,0
42980.39,8.6,1,0,0.9497,0,3,5000.0,2000.0,1,1,0,0,87,89,EXTREME,1
5620.74,1.12,0,3,0.1283,11,6,5000.0,2000.0,0,0,0,0,10,3,NORMAL,0
5715.76,0.48,0,26,0.2279,20,3,12000.0,4800.0,0,0,0,0,12,10,NORMAL,0
1389.39,0.93,0,17,0.049,8,4,1500.0,600.0,0,0,0,0,10,12,NORMAL,0
31249.74,6.25,1,0,1.119,15,4,5000.0,2000.0,1,1,1,0,84,77,EXTREME,1
4145.88,2.76,0,2,0.4425,19,1,1500.0,600.0,1,1,0,0,50,78,SUSPICIOUS,1
2250.48,0.75,0,24,0.183,17,2,3000.0,1200.0,0,0,1,0,8,12,NORMAL,0
1204.37,0.8,0,21,0.0914,16,1,1500.0,600.0,0,0,0,0,6,1,NORMAL,0
10542.5,1.32,0,13,0.2041,7,6,8000.0,3200.0,0,0,0,0,5,10,NORMAL,0
8309.2,2.77,1,0,0.2675,0,0,3000.0,1200.0,0,0,0,0,40,11,SUSPICIOUS,1
1273.14,0.85,0,21,0.1426,8,2,1500.0,600.0,0,0,0,0,5,13,NORMAL,0
1057.74,0.71,0,12,0.1539,7,5,1500.0,600.0,0,0,0,0,10,3,NORMAL,0
1158.7,0.77,0,16,0.2074,13,3,1500.0,600.0,0,0,0,0,10,3,NORMAL,0
3195.09,1.07,0,45,0.1235,12,4,3000.0,1200.0,0,0,0,0,3,3,NORMAL,0
4627.27,0.93,0,2,0.2049,11,2,5000.0,2000.0,0,0,0,0,2,15,NORMAL,0
63770.08,5.31,1,0,0.4352,19,0,12000.0,4800.0,1,0,1,0,61,42,SUSPICIOUS,1
4199.59,0.84,0,27,0.1747,22,2,5000.0,2000.0,0,0,0,0,15,12,NORMAL,0
6736.89,0.84,0,45,0.2147,18,2,8000.0,3200.0,0,0,0,0,0,12,NORMAL,0
3452.52,1.15,1,0,0.2479,11,6,3000.0,1200.0,0,0,0,0,15,7,NORMAL,0
3006.03,0.38,0,41,0.19,8,4,8000.0,3200.0,0,0,0,0,3,0,NORMAL,0
12879.71,4.29,1,0,0.5569,1,6,3000.0,1200.0,1,0,0,0,50,12,SUSPICIOUS,1
57285.77,4.77,1,0,0.5192,23,5,12000.0,4800.0,0,0,0,0,19,7,SUSPICIOUS,1
1718.79,1.15,0,7,0.1084,12,0,1500.0,600.0,0,0,0,0,0,0,NORMAL,0
8428.35,1.05,0,6,0.0914,16,2,8000.0,3200.0,0,0,0,0,1,1,NORMAL,0
3181.11,1.06,1,0,0.1979,11,4,3000.0,1200.0,0,0,0,0,5,9,NORMAL,0
7705.69,0.96,0,40,0.0413,15,5,8000.0,3200.0,0,0,0,0,1,10,NORMAL,0
16233.38,10.82,1,0,0.8684,14,6,1500.0,600.0,1,1,1,1,86,94,EXTREME,1
3153.01,0.39,0,21,0.1539,13,6,8000.0,3200.0,0,0,0,0,15,3,NORMAL,0
15000.0,5.0,1,0,0.6541,0,5,3000.0,1200.0,1,1,0,0,86,81,EXTREME,1
2686.96,0.54,0,35,0.1754,13,2,5000.0,2000.0,0,0,0,0,4,1,NORMAL,0
1309.76,0.87,0,19,0.2263,7,1,1500.0,600.0,0,0,0,0,2,0,NORMAL,0
11971.38,3.99,1,0,0.356,2,5,3000.0,1200.0,0,1,0,0,45,58,SUSPICIOUS,1
4073.25,0.51,0,44,0.1387,9,5,8000.0,3200.0,0,0,0,0,15,3,NORMAL,0
51559.06,4.3,1,0,0.3378,19,3,12000.0,4800.0,0,1,1,0,38,70,SUSPICIOUS,1
39799.17,7.96,1,0,0.4612,21,1,5000.0,2000.0,1,1,1,0,81,87,EXTREME,1
1942.56,0.65,0,3,0.1599,13,3,3000.0,1200.0,0,0,0,0,0,14,NORMAL,0
3186.66,1.06,0,27,0.1535,7,4,3000.0,1200.0,0,0,0,0,5,11,NORMAL,0
5198.32,0.65,0,24,0.1813,9,6,8000.0,3200.0,0,0,0,0,0,6,NORMAL,0
14893.74,1.24,0,3,0.2171,17,6,12000.0,4800.0,0,0,0,0,13,14,NORMAL,0
15000.0,10.0,1,0,0.8355,3,2,1500.0,600.0,1,1,0,0,99,87,EXTREME,1
8550.89,5.7,0,3,0.4508,14,2,1500.0,600.0,1,1,0,0,74,64,SUSPICIOUS,1
2191.36,0.73,0,11,0.239,9,2,3000.0,1200.0,0,0,0,0,10,12,NORMAL,0
2547.62,0.85,0,11,0.0759,7,3,3000.0,1200.0,0,0,0,0,8,2,NORMAL,0
3874.57,0.48,0,5,0.058,12,5,8000.0,3200.0,0,0,0,0,2,10,NORMAL,0
26662.47,5.33,1,0,0.5745,3,4,5000.0,2000.0,0,0,0,0,35,11,SUSPICIOUS,1
1307.37,0.87,0,32,0.0593,19,3,1500.0,600.0,0,0,0,0,7,4,NORMAL,0
3584.15,0.72,0,36,0.1889,21,4,5000.0,2000.0,0,0,0,0,3,6,NORMAL,0
3547.23,0.44,0,45,0.1711,9,5,8000.0,3200.0,0,0,0,0,1,4,NORMAL,0
9339.03,0.78,0,40,0.2185,17,0,12000.0,4800.0,0,0,0,0,13,14,NORMAL,0
1258.45,0.84,0,12,0.1289,21,0,1500.0,600.0,0,0,0,0,8,12,NORMAL,0
4670.9,0.93,0,43,0.2382,11,5,5000.0,2000.0,0,0,0,0,0,12,NORMAL,0
1609.32,0.54,0,8,0.1197,21,6,3000.0,1200.0,0,0,0,0,5,2,NORMAL,0
6879.4,0.86,0,5,0.1731,21,3,8000.0,3200.0,0,0,0,0,15,1,NORMAL,0
37818.08,4.73,0,3,0.3969,14,4,8000.0,3200.0,1,0,0,0,55,20,SUSPICIOUS,1
8740.17,5.83,1,0,0.5373,19,4,1500.0,600.0,0,0,0,0,42,7,SUSPICIOUS,1
91706.16,11.46,1,0,0.5608,1,3,8000.0,3200.0,1,1,1,0,100,72,EXTREME,1
3018.72,1.01,0,20,0.0751,8,4,3000.0,1200.0,0,0,0,0,0,15,NORMAL,0
29129.29,5.83,1,0,0.2542,2,4,5000.0,2000.0,0,0,1,0,42,42,SUSPICIOUS,1
112773.48,9.4,1,0,0.7297,17,5,12000.0,4800.0,1,1,1,0,96,72,EXTREME,1
1379.01,0.92,1,0,0.2277,7,3,1500.0,600.0,0,0,0,0,6,3,NORMAL,0
6571.51,0.82,0,35,0.2121,18,2,8000.0,3200.0,0,0,0,0,14,13,NORMAL,0
3423.18,0.68,0,24,0.0441,21,4,5000.0,2000.0,0,0,0,0,15,5,NORMAL,0
13161.71,1.1,0,40,0.1376,16,5,12000.0,4800.0,0,0,0,0,14,10,NORMAL,0
3489.21,1.16,0,17,0.1686,21,3,3000.0,1200.0,0,0,0,0,12,11,NORMAL,0
2740.91,0.91,0,35,0.1422,20,2,3000.0,1200.0,0,0,0,0,8,11,NORMAL,0
22928.99,2.87,1,0,0.4213,2,2,8000.0,3200.0,0,0,0,0,37,5,SUSPICIOUS,1
6063.24,0.51,0,5,0.1834,11,5,12000.0,4800.0,0,0,0,0,10,9,NORMAL,0
11269.47,0.94,0,11,0.1127,11,2,12000.0,4800.0,0,0,0,0,1,7,NORMAL,0
47373.44,3.95,0,1,0.3165,14,1,12000.0,4800.0,1,0,0,0,55,1,SUSPICIOUS,1
8386.26,0.7,0,6,0.089,19,2,12000.0,4800.0,0,0,0,0,7,2,NORMAL,0
12791.53,1.07,1,0,0.1676,9,5,12000.0,4800.0,0,0,0,0,10,4,NORMAL,0
1907.54,0.64,0,44,0.1694,16,6,3000.0,1200.0,0,0,0,0,6,14,NORMAL,0
3213.93,1.07,0,43,0.0758,18,0,3000.0,1200.0,0,0,1,0,2,1,NORMAL,0
9167.43,0.76,0,33,0.2103,13,0,12000.0,4800.0,0,0,0,0,3,6,NORMAL,0
3823.64,0.32,0,43,0.0824,19,3,12000.0,4800.0,0,0,0,0,1,1,NORMAL,0
65318.62,5.44,1,0,0.7338,21,5,12000.0,4800.0,1,1,0,0,97,94,EXTREME,1
3652.74,0.73,0,28,0.0469,13,3,5000.0,2000.0,0,0,0,0,0,10,NORMAL,0
1705.68,0.57,0,14,0.1608,10,6,3000.0,1200.0,0,0,0,0,8,15,NORMAL,0
9062.13,0.76,1,0,0.2126,17,2,12000.0,4800.0,0,0,0,0,8,8,NORMAL,0
6784.25,4.52,1,0,0.2364,0,4,1500.0,600.0,0,0,0,0,39,6,SUSPICIOUS,1
58480.86,4.87,1,0,0.4097,1,5,12000.0,4800.0,1,1,1,1,82,91,EXTREME,1
4827.99,0.4,0,8,0.1512,14,4,12000.0,4800.0,0,0,0,1,3,5,NORMAL,0
1173.17,0.78,0,41,0.1538,20,2,1500.0,600.0,0,0,0,0,6,5,NORMAL,0
5208.19,1.04,0,40,0.2004,10,1,5000.0,2000.0,0,0,0,0,9,2,NORMAL,0
42233.34,8.45,1,0,1.0762,16,4,5000.0,2000.0,1,1,0,0,98,87,EXTREME,1
17022.33,5.67,1,0,0.2991,14,2,3000.0,1200.0,1,0,0,0,51,0,SUSPICIOUS,1
848.62,0.57,0,19,0.1668,18,2,1500.0,600.0,0,0,0,0,14,3,NORMAL,0
38845.06,4.86,1,0,0.7804,17,6,8000.0,3200.0,1,1,0,0,96,87,EXTREME,1
106273.65,8.86,1,0,0.4294,22,3,12000.0,4800.0,1,1,0,1,91,70,EXTREME,1
15038.3,5.01,1,0,0.3761,2,5,3000.0,1200.0,0,0,0,0,4,13,SUSPICIOUS,1
6135.63,0.51,0,23,0.246,7,5,12000.0,4800.0,0,0,0,0,10,8,NORMAL,0
5059.65,0.63,0,10,0.1921,16,6,8000.0,3200.0,0,0,0,0,11,12,NORMAL,0
3714.94,1.24,0,6,0.0624,10,3,3000.0,1200.0,0,0,0,0,13,8,NORMAL,0
5104.27,1.02,0,34,0.204,13,6,5000.0,2000.0,0,0,0,0,6,14,NORMAL,0
2527.89,0.84,0,11,0.1977,8,1,3000.0,1200.0,0,0,0,0,0,0,NORMAL,0
27375.92,3.42,0,1,0.4513,4,4,8000.0,3200.0,1,1,0,0,67,70,SUSPICIOUS,1
8752.02,1.09,0,24,0.2462,10,2,8000.0,3200.0,0,0,0,0,6,13,NORMAL,0
5738.57,1.15,0,18,0.0928,17,6,5000.0,2000.0,0,0,0,0,11,4,NORMAL,0
2215.61,0.74,0,20,0.1934,21,5,3000.0,1200.0,0,0,0,0,4,12,NORMAL,0
28027.73,3.5,0,3,0.3254,0,2,8000.0,3200.0,0,1,0,0,40,60,SUSPICIOUS,1
8951.22,0.75,0,9,0.0622,21,6,12000.0,4800.0,0,0,0,0,9,1,NORMAL,0
1455.41,0.97,0,40,0.1758,20,6,1500.0,600.0,0,0,0,0,7,10,NORMAL,0
11435.5,3.81,1,0,0.5055,1,6,3000.0,1200.0,1,1,0,0,70,66,SUSPICIOUS,1
2353.62,0.47,0,17,0.109,15,6,5000.0,2000.0,0,0,0,1,11,7,NORMAL,0
902.22,0.6,0,16,0.126,14,6,1500.0,600.0,0,0,0,0,3,13,NORMAL,0
9168.31,1.15,0,2,0.1351,13,3,8000.0,3200.0,0,0,0,0,12,12,NORMAL,0
1509.89,1.01,0,39,0.0745,12,1,1500.0,600.0,0,0,0,0,2,11,NORMAL,0
8599.32,0.72,0,35,0.2314,14,2,12000.0,4800.0,0,0,0,0,4,3,NORMAL,0
4453.17,1.48,0,14,0.099,17,0,3000.0,1200.0,0,0,0,0,14,2,NORMAL,0
16635.62,3.33,1,0,0.489,4,1,5000.0,2000.0,1,0,0,0,60,11,SUSPICIOUS,0
7998.06,1.0,0,23,0.2201,7,5,8000.0,3200.0,0,0,1,0,1,2,NORMAL,0
46825.3,3.9,1,0,0.4409,0,6,12000.0,4800.0,0,0,0,0,13,9,SUSPICIOUS,1
20070.24,4.01,1,0,0.6458,8,0,5000.0,2000.0,1,1,1,1,81,91,EXTREME,1
4440.98,0.89,0,44,0.0781,21,3,5000.0,2000.0,0,0,0,0,3,12,NORMAL,0
15005.7,1.25,0,31,0.2226,19,0,12000.0,4800.0,0,0,0,0,8,13,NORMAL,0
1512.84,1.01,0,11,0.0742,16,0,1500.0,600.0,0,0,1,0,5,6,NORMAL,0
4270.71,0.53,0,26,0.0418,19,3,8000.0,3200.0,0,0,0,0,13,10,NORMAL,0
5048.23,1.01,0,17,0.1047,11,4,5000.0,2000.0,0,0,0,0,0,0,NORMAL,0
1031.9,0.69,0,29,0.2465,17,3,1500.0,600.0,0,0,0,1,10,3,NORMAL,0
12646.41,4.22,1,0,0.263,4,2,3000.0,1200.0,0,0,1,0,12,16,SUSPICIOUS,1
38409.5,4.8,0,2,0.3821,1,0,8000.0,3200.0,1,0,0,0,68,42,SUSPICIOUS,1
7106.84,0.89,1,0,0.0682,10,4,8000.0,3200.0,0,0,0,0,3,15,NORMAL,0
6601.14,0.55,0,5,0.0438,14,5,12000.0,4800.0,0,0,0,0,3,6,NORMAL,0
1881.24,0.38,0,27,0.1861,12,1,5000.0,2000.0,0,0,0,0,2,13,NORMAL,0
5659.35,1.13,0,17,0.1876,22,3,5000.0,2000.0,0,0,0,1,1,9,NORMAL,0
9711.35,1.21,0,10,0.082,11,3,8000.0,3200.0,0,0,0,0,10,7,NORMAL,0
8096.02,0.67,0,25,0.1501,13,2,12000.0,4800.0,0,0,0,0,2,11,NORMAL,0
518.15,0.35,0,5,0.1025,15,4,1500.0,600.0,0,0,1,0,7,4,NORMAL,0
4071.12,0.51,0,4,0.2117,13,6,8000.0,3200.0,0,0,1,0,6,11,NORMAL,0
2213.63,0.74,0,43,0.2203,11,2,3000.0,1200.0,0,0,0,0,11,5,NORMAL,0
5372.87,1.07,0,21,0.2074,7,6,5000.0,2000.0,0,0,0,0,10,12,NORMAL,0
76127.57,9.52,1,0,0.6483,13,6,8000.0,3200.0,1,1,1,0,90,73,EXTREME,1
1420.15,0.47,0,45,0.1543,20,4,3000.0,1200.0,0,0,0,0,12,14,NORMAL,0
15000.0,10.0,1,0,0.7089,11,3,1500.0,600.0,1,1,0,1,85,77,EXTREME,1
1024.25,0.68,0,13,0.2281,17,0,1500.0,600.0,0,0,0,0,4,1,NORMAL,0
5693.24,1.14,0,30,0.1508,7,1,5000.0,2000.0,0,0,0,0,14,2,NORMAL,0
42370.45,5.3,1,0,0.2826,14,1,8000.0,3200.0,0,1,0,0,45,66,SUSPICIOUS,1
9458.74,0.79,0,10,0.0734,21,6,12000.0,4800.0,0,0,0,0,14,15,NORMAL,0
4106.54,0.82,0,32,0.1421,19,2,5000.0,2000.0,0,0,0,0,0,8,NORMAL,0
64262.06,5.36,0,3,0.4459,19,0,12000.0,4800.0,0,1,1,0,48,75,SUSPICIOUS,1
1268.91,0.85,0,24,0.2365,7,3,1500.0,600.0,0,0,0,0,6,2,NORMAL,0
6504.39,0.54,0,23,0.1305,12,2,12000.0,4800.0,0,0,0,0,4,2,NORMAL,0
4244.79,0.53,0,21,0.06,19,2,8000.0,3200.0,0,0,0,0,12,0,NORMAL,0
51043.07,10.21,1,0,0.4973,9,4,5000.0,2000.0,1,1,1,1,82,77,EXTREME,1
7644.85,0.96,0,6,0.1978,12,4,8000.0,3200.0,0,0,0,0,15,11,NORMAL,0
1664.1,0.55,0,2,0.0872,19,5,3000.0,1200.0,0,0,0,0,6,11,NORMAL,0
1942.26,0.39,0,11,0.0683,15,4,5000.0,2000.0,0,0,1,0,1,10,NORMAL,0
624.62,0.42,0,11,0.123,18,0,1500.0,600.0,0,0,0,0,4,3,NORMAL,0
7914.85,2.64,0,3,0.5115,1,4,3000.0,1200.0,1,0,1,0,67,2,SUSPICIOUS,1
7134.04,0.89,0,22,0.1724,11,4,8000.0,3200.0,0,0,0,0,7,14,NORMAL,0
12576.18,1.05,0,44,0.1874,22,0,12000.0,4800.0,0,0,0,0,4,14,NORMAL,0
127966.1,10.66,1,0,0.9525,4,4,12000.0,4800.0,1,1,1,0,92,95,EXTREME,1
1231.34,0.41,0,31,0.1009,11,6,3000.0,1200.0,0,0,0,0,3,15,NORMAL,0
43096.47,5.39,1,0,0.5886,1,3,8000.0,3200.0,0,0,0,0,41,6,SUSPICIOUS,1
5984.59,0.75,0,32,0.1879,8,0,8000.0,3200.0,0,0,0,0,13,15,NORMAL,0
7404.54,0.93,1,0,0.2054,18,2,8000.0,3200.0,0,0,0,0,6,5,NORMAL,0
3586.45,0.72,0,8,0.2269,12,5,5000.0,2000.0,0,0,0,0,14,1,NORMAL,0
9633.08,1.2,0,30,0.2097,13,2,8000.0,3200.0,0,0,0,0,12,11,NORMAL,0
2547.99,0.85,0,7,0.2476,10,2,3000.0,1200.0,0,0,0,0,15,8,NORMAL,0
9447.35,0.79,0,20,0.122,11,6,12000.0,4800.0,0,0,0,0,9,14,NORMAL,0
4547.32,0.91,0,44,0.0791,14,4,5000.0,2000.0,0,0,0,0,4,5,NORMAL,0
67356.24,5.61,1,0,1.0016,12,5,12000.0,4800.0,1,1,0,0,80,89,EXTREME,1
11726.91,3.91,1,0,0.3233,23,0,3000.0,1200.0,1,1,0,1,52,53,SUSPICIOUS,1
3197.66,0.64,0,38,0.0902,20,2,5000.0,2000.0,0,0,0,0,10,14,NORMAL,0
35736.47,11.91,1,0,1.0991,1,4,3000.0,1200.0,1,1,0,1,90,87,EXTREME,1
32646.01,10.88,1,0,0.7259,4,5,3000.0,1200.0,1,1,0,1,80,71,EXTREME,1
5952.12,0.74,0,38,0.0648,17,6,8000.0,3200.0,0,0,0,0,13,4,NORMAL,0
5868.49,0.73,1,0,0.1493,8,1,8000.0,3200.0,0,0,0,0,5,2,NORMAL,0
4996.83,1.0,0,45,0.1591,10,3,5000.0,2000.0,0,0,0,0,8,8,NORMAL,0
5344.1,1.07,1,0,0.0954,8,6,5000.0,2000.0,0,0,0,0,6,11,NORMAL,0
74271.02,6.19,1,0,0.4143,21,3,12000.0,4800.0,1,1,1,0,82,89,EXTREME,1
9621.25,0.8,0,33,0.0987,22,5,12000.0,4800.0,0,0,0,0,11,10,NORMAL,0
9558.37,1.19,0,36,0.1235,17,3,8000.0,3200.0,0,0,0,0,7,8,NORMAL,0
3685.1,0.74,0,32,0.0596,8,2,5000.0,2000.0,0,0,0,0,6,8,NORMAL,0
957.57,0.64,0,3,0.0721,16,2,1500.0,600.0,0,0,0,0,12,3,NORMAL,0
7185.43,0.9,0,4,0.074,20,1,8000.0,3200.0,0,0,0,0,8,7,NORMAL,0
75704.71,6.31,1,0,0.7527,4,6,12000.0,4800.0,1,1,0,0,82,81,EXTREME,1
570.43,0.38,0,25,0.2246,17,2,1500.0,600.0,0,0,0,0,11,6,NORMAL,0
4471.2,0.89,0,24,0.16,20,3,5000.0,2000.0,0,0,0,0,10,8,NORMAL,0
13549.69,1.13,0,34,0.1783,14,1,12000.0,4800.0,0,0,0,0,7,8,NORMAL,0
10936.81,0.91,0,22,0.0801,20,1,12000.0,4800.0,0,0,0,0,10,4,NORMAL,0
12487.53,1.04,0,37,0.1651,17,2,12000.0,4800.0,0,0,0,0,13,10,NORMAL,0
2115.49,0.71,0,4,0.2429,17,0,3000.0,1200.0,0,0,0,0,7,15,NORMAL,0
3372.84,0.67,0,34,0.229,21,5,5000.0,2000.0,0,0,0,0,3,10,NORMAL,0
2307.56,0.77,0,15,0.1935,15,3,3000.0,1200.0,0,0,0,0,8,0,NORMAL,0
2560.4,0.85,1,0,0.0959,19,2,3000.0,1200.0,0,0,0,0,14,5,NORMAL,0
1065.65,0.71,0,27,0.0574,15,0,1500.0,600.0,0,0,0,0,1,10,NORMAL,0
2389.46,0.8,0,7,0.1913,21,4,3000.0,1200.0,0,0,0,0,8,7,NORMAL,0
1727.78,0.58,0,9,0.0921,17,4,3000.0,1200.0,0,0,0,0,14,9,NORMAL,0
3592.0,0.45,0,17,0.178,21,6,8000.0,3200.0,0,0,0,0,14,5,NORMAL,0
3221.99,0.64,0,15,0.0574,11,1,5000.0,2000.0,0,0,0,0,13,14,NORMAL,0
15533.6,1.29,0,8,0.1166,8,4,12000.0,4800.0,0,0,0,0,9,1,NORMAL,0
3453.31,1.15,0,36,0.1516,20,0,3000.0,1200.0,0,0,0,0,6,4,NORMAL,0
4502.42,0.9,0,30,0.2335,17,2,5000.0,2000.0,0,0,0,0,7,8,NORMAL,0
732.2,0.49,0,27,0.2016,17,1,1500.0,600.0,0,0,0,0,3,0,NORMAL,0
6531.9,0.82,0,30,0.0843,10,6,8000.0,3200.0,0,0,0,0,4,0,NORMAL,0
25211.02,8.4,1,0,0.7785,8,5,3000.0,1200.0,1,1,0,1,93,70,EXTREME,1
10483.28,0.87,0,45,0.1912,10,3,12000.0,4800.0,0,0,0,0,10,0,NORMAL,0
28015.14,5.6,1,0,0.5706,0,5,5000.0,2000.0,0,0,0,0,15,8,SUSPICIOUS,1
5714.58,0.48,0,28,0.2403,12,0,12000.0,4800.0,0,0,0,0,0,6,NORMAL,0
56761.98,7.1,1,0,1.0087,21,4,8000.0,3200.0,1,1,0,0,96,90,EXTREME,1
118082.18,9.84,1,0,0.609,20,6,12000.0,4800.0,1,1,1,0,93,81,EXTREME,1
6785.21,0.57,0,3,0.1804,15,5,12000.0,4800.0,0,0,0,0,15,10,NORMAL,0
1649.76,0.55,0,32,0.1721,21,6,3000.0,1200.0,0,0,0,0,15,10,NORMAL,0
4404.19,0.88,0,23,0.1725,21,3,5000.0,2000.0,0,0,0,0,7,13,NORMAL,0
15000.0,10.0,1,0,0.4811,1,1,1500.0,600.0,1,1,0,1,89,74,EXTREME,1
1162.88,0.78,0,40,0.0966,8,2,1500.0,600.0,0,0,0,0,13,2,NORMAL,0
2255.8,0.75,0,15,0.1715,21,2,3000.0,1200.0,0,0,0,0,15,1,NORMAL,0
3565.75,0.71,1,0,0.2418,12,3,5000.0,2000.0,0,0,0,0,13,12,NORMAL,0
524.63,0.35,0,30,0.1945,21,6,1500.0,600.0,0,0,0,0,12,12,NORMAL,0
1510.12,1.01,0,41,0.1895,16,6,1500.0,600.0,0,0,0,0,4,4,NORMAL,0
999.29,0.67,0,22,0.0711,9,3,1500.0,600.0,0,0,0,0,4,2,NORMAL,0
1658.4,1.11,0,17,0.0434,17,5,1500.0,600.0,0,0,0,0,8,13,NORMAL,0
45392.97,5.67,0,1,0.5684,0,3,8000.0,3200.0,1,0,0,0,51,3,SUSPICIOUS,1
2892.0,0.58,0,44,0.1487,16,5,5000.0,2000.0,0,0,0,0,14,10,NORMAL,0
7179.62,0.6,1,0,0.2401,20,5,12000.0,4800.0,0,0,0,0,5,4,NORMAL,0
7998.46,1.0,0,16,0.0935,14,3,8000.0,3200.0,0,0,0,0,2,2,NORMAL,0
10992.9,0.92,0,18,0.1791,19,1,12000.0,4800.0,0,0,0,0,2,7,NORMAL,0
11536.79,1.44,0,30,0.096,21,0,8000.0,3200.0,0,0,0,0,4,12,NORMAL,0
3879.7,0.48,0,12,0.185,19,1,8000.0,3200.0,0,0,0,0,8,3,NORMAL,0
3905.18,0.78,0,30,0.1306,11,5,5000.0,2000.0,0,0,0,0,7,6,NORMAL,0
5372.29,0.67,1,0,0.0956,22,3,8000.0,3200.0,0,0,0,0,4,9,NORMAL,0
6699.87,4.47,0,2,0.4304,23,6,1500.0,600.0,1,0,1,1,62,10,SUSPICIOUS,1
4621.69,0.92,0,41,0.0684,18,2,5000.0,2000.0,0,0,0,0,5,13,NORMAL,0
13071.49,1.09,0,37,0.0561,12,3,12000.0,4800.0,0,0,0,0,11,8,NORMAL,0
21987.38,2.75,1,0,0.5836,3,4,8000.0,3200.0,0,0,0,0,35,10,SUSPICIOUS,1
1864.57,0.62,0,45,0.2427,13,3,3000.0,1200.0,0,0,0,0,6,13,NORMAL,0
8193.74,0.68,1,0,0.1569,18,4,12000.0,4800.0,0,0,0,0,7,6,NORMAL,0
3987.72,0.5,0,15,0.1368,17,4,8000.0,3200.0,0,0,0,0,12,1,NORMAL,0
12962.25,1.08,0,30,0.0982,22,3,12000.0,4800.0,0,0,0,0,5,1,NORMAL,0
4891.33,0.98,0,12,0.175,22,6,5000.0,2000.0,0,0,0,0,4,1,NORMAL,0
3774.13,0.75,0,7,0.2263,7,0,5000.0,2000.0,0,0,0,0,0,6,NORMAL,0
6655.19,0.83,0,12,0.1508,22,3,8000.0,3200.0,0,0,0,0,2,11,NORMAL,0
12796.96,4.27,1,0,0.4734,19,1,3000.0,1200.0,0,1,1,0,16,53,SUSPICIOUS,1
9963.53,1.25,0,12,0.1266,7,1,8000.0,3200.0,0,0,0,1,7,8,NORMAL,0
3825.76,1.28,0,45,0.1118,14,4,3000.0,1200.0,0,0,0,0,11,5,NORMAL,0
45741.29,5.72,1,0,0.5629,4,4,8000.0,3200.0,0,0,0,0,1,49,SUSPICIOUS,1
4495.14,0.9,0,20,0.1932,20,1,5000.0,2000.0,0,0,0,0,7,11,NORMAL,0
2034.48,1.36,0,24,0.184,17,3,1500.0,600.0,0,0,1,0,3,9,NORMAL,0
3481.98,0.7,0,20,0.0885,15,0,5000.0,2000.0,0,0,0,0,14,3,NORMAL,0
15007.78,5.0,1,0,0.6955,7,6,3000.0,1200.0,1,1,0,0,90,80,EXTREME,1
4038.58,0.81,0,27,0.1894,20,3,5000.0,2000.0,0,0,0,0,15,6,NORMAL,0
19812.14,6.6,1,0,1.0573,15,0,3000.0,1200.0,1,1,0,0,93,72,EXTREME,1
5052.43,0.63,0,21,0.2174,12,3,8000.0,3200.0,0,0,0,0,12,5,NORMAL,0
37146.18,3.1,1,0,0.2911,14,6,12000.0,4800.0,1,1,1,1,64,58,SUSPICIOUS,1
24264.95,4.85,1,0,0.2133,14,6,5000.0,2000.0,0,0,0,0,20,0,SUSPICIOUS,1
1133.6,0.76,0,23,0.2014,16,4,1500.0,600.0,0,0,0,0,1,13,NORMAL,0
1364.03,0.91,0,30,0.077,14,0,1500.0,600.0,0,0,0,0,2,12,NORMAL,0
898.46,0.6,0,38,0.1632,11,0,1500.0,600.0,0,0,0,0,4,9,NORMAL,0
5166.52,0.65,0,11,0.248,21,6,8000.0,3200.0,0,0,0,0,9,1,NORMAL,0
2213.08,0.44,1,0,0.1506,21,3,5000.0,2000.0,0,0,0,0,8,8,NORMAL,0
12549.12,1.05,0,33,0.0824,16,0,12000.0,4800.0,0,0,0,0,5,4,NORMAL,0
2442.47,0.81,0,35,0.1658,11,5,3000.0,1200.0,0,0,0,0,15,6,NORMAL,0
2876.72,0.96,0,35,0.1357,14,0,3000.0,1200.0,0,0,0,0,12,10,NORMAL,0
